area,bbox_xyxy,mean_score,peak_score,component_score,scene,camera,image_name,frame_idx,depth_source,mask_source,flow_source,local_component_rank,depth_edge_mean,temporal_depth_mean,confidence_edge_mean,low_confidence_mean,occlusion_gate_mean,mask_boundary_mean,flow_valid_boundary_mean,flow_mag_boundary_mean,dynamic_boundary_mean,static_delta_boundary_mean,flicker_boundary_mean,component_id
32,"[384, 160, 480, 256]",0.9957611560821533,1.0,0.9966089248657226,cut_roasted_beef,cam00,cam00_0062,62,/leonardo_work/EUHPC_D21_034/proj_adags/repo/adags/refine-logs/depth_occlusion_support/r031_da3_depth_full/depth_npz/cut_roasted_beef/cam00_0062.npz,/leonardo_work/EUHPC_D21_034/proj_adags/data/n3v/cut_roasted_beef/motion_priors/masks/cam00_0062.png,/leonardo_work/EUHPC_D21_034/proj_adags/data/n3v/cut_roasted_beef/flow/cam00_0062.npz,0,0.18464840948581696,0.5087292790412903,0.33076995611190796,0.46884748339653015,0.3689141869544983,0.02890305034816265,0.03311041742563248,0.8268384337425232,0.6567376255989075,0.7320705652236938,0.047319769859313965,cut_roasted_beef_depth_001_cam00_0062
12,"[416, 144, 512, 240]",0.9935685992240906,1.0,0.9948548793792724,cut_roasted_beef,cam00,cam00_0293,293,/leonardo_work/EUHPC_D21_034/proj_adags/repo/adags/refine-logs/depth_occlusion_support/r031_da3_depth_full/depth_npz/cut_roasted_beef/cam00_0293.npz,/leonardo_work/EUHPC_D21_034/proj_adags/data/n3v/cut_roasted_beef/motion_priors/masks/cam00_0293.png,/leonardo_work/EUHPC_D21_034/proj_adags/data/n3v/cut_roasted_beef/flow/cam00_0293.npz,0,0.1819639503955841,0.4353122413158417,0.2823939621448517,0.4734727144241333,0.385798841714859,0.04550785943865776,0.05165844038128853,0.6687382459640503,0.6660393476486206,0.7425568699836731,0.055401887744665146,cut_roasted_beef_depth_002_cam00_0293
12,"[400, 160, 496, 256]",0.9925675988197327,1.0,0.9940540790557861,cut_roasted_beef,cam00,cam00_0044,44,/leonardo_work/EUHPC_D21_034/proj_adags/repo/adags/refine-logs/depth_occlusion_support/r031_da3_depth_full/depth_npz/cut_roasted_beef/cam00_0044.npz,/leonardo_work/EUHPC_D21_034/proj_adags/data/n3v/cut_roasted_beef/motion_priors/masks/cam00_0044.png,/leonardo_work/EUHPC_D21_034/proj_adags/data/n3v/cut_roasted_beef/flow/cam00_0044.npz,0,0.1817951798439026,0.41899728775024414,0.2980322241783142,0.447371244430542,0.37410181760787964,0.0317799337208271,0.05454699322581291,0.8353815674781799,0.6529796123504639,0.7288931012153625,0.04734311252832413,cut_roasted_beef_depth_003_cam00_0044
80,"[368, 160, 464, 256]",0.9858545064926147,1.0,0.9886836051940919,cut_roasted_beef,cam00,cam00_0062,62,/leonardo_work/EUHPC_D21_034/proj_adags/repo/adags/refine-logs/depth_occlusion_support/r031_da3_depth_full/depth_npz/cut_roasted_beef/cam00_0062.npz,/leonardo_work/EUHPC_D21_034/proj_adags/data/n3v/cut_roasted_beef/motion_priors/masks/cam00_0062.png,/leonardo_work/EUHPC_D21_034/proj_adags/data/n3v/cut_roasted_beef/flow/cam00_0062.npz,1,0.18464840948581696,0.5087292790412903,0.33076995611190796,0.46884748339653015,0.3689141869544983,0.02890305034816265,0.03311041742563248,0.8268384337425232,0.6567376255989075,0.7320705652236938,0.047319769859313965,cut_roasted_beef_depth_004_cam00_0062
19,"[288, 128, 384, 224]",0.9854730367660522,1.0,0.9883784294128419,cut_roasted_beef,cam00,cam00_0258,258,/leonardo_work/EUHPC_D21_034/proj_adags/repo/adags/refine-logs/depth_occlusion_support/r031_da3_depth_full/depth_npz/cut_roasted_beef/cam00_0258.npz,/leonardo_work/EUHPC_D21_034/proj_adags/data/n3v/cut_roasted_beef/motion_priors/masks/cam00_0258.png,/leonardo_work/EUHPC_D21_034/proj_adags/data/n3v/cut_roasted_beef/flow/cam00_0258.npz,0,0.1879161149263382,0.30346664786338806,0.2971084713935852,0.4858786463737488,0.39661023020744324,0.06646300852298737,0.06987383961677551,0.41701096296310425,0.6629232168197632,0.745357871055603,0.06711074709892273,cut_roasted_beef_depth_005_cam00_0258
38,"[288, 144, 384, 240]",0.9822943806648254,1.0,0.9858355045318603,cut_roasted_beef,cam00,cam00_0098,98,/leonardo_work/EUHPC_D21_034/proj_adags/repo/adags/refine-logs/depth_occlusion_support/r031_da3_depth_full/depth_npz/cut_roasted_beef/cam00_0098.npz,/leonardo_work/EUHPC_D21_034/proj_adags/data/n3v/cut_roasted_beef/motion_priors/masks/cam00_0098.png,/leonardo_work/EUHPC_D21_034/proj_adags/data/n3v/cut_roasted_beef/flow/cam00_0098.npz,0,0.15652143955230713,0.40434056520462036,0.3083626329898834,0.4578188955783844,0.3847945034503937,0.04372512549161911,0.0628158450126648,0.610844612121582,0.6637256145477295,0.7415823340415955,0.06086679920554161,cut_roasted_beef_depth_006_cam00_0098
42,"[368, 144, 464, 240]",0.9789232611656189,1.0,0.9831386089324952,cut_roasted_beef,cam00,cam00_0098,98,/leonardo_work/EUHPC_D21_034/proj_adags/repo/adags/refine-logs/depth_occlusion_support/r031_da3_depth_full/depth_npz/cut_roasted_beef/cam00_0098.npz,/leonardo_work/EUHPC_D21_034/proj_adags/data/n3v/cut_roasted_beef/motion_priors/masks/cam00_0098.png,/leonardo_work/EUHPC_D21_034/proj_adags/data/n3v/cut_roasted_beef/flow/cam00_0098.npz,1,0.15652143955230713,0.40434056520462036,0.3083626329898834,0.4578188955783844,0.3847945034503937,0.04372512549161911,0.0628158450126648,0.610844612121582,0.6637256145477295,0.7415823340415955,0.06086679920554161,cut_roasted_beef_depth_007_cam00_0098
9,"[272, 160, 368, 256]",0.9788769483566284,1.0,0.9831015586853027,cut_roasted_beef,cam00,cam00_0202,202,/leonardo_work/EUHPC_D21_034/proj_adags/repo/adags/refine-logs/depth_occlusion_support/r031_da3_depth_full/depth_npz/cut_roasted_beef/cam00_0202.npz,/leonardo_work/EUHPC_D21_034/proj_adags/data/n3v/cut_roasted_beef/motion_priors/masks/cam00_0202.png,/leonardo_work/EUHPC_D21_034/proj_adags/data/n3v/cut_roasted_beef/flow/cam00_0202.npz,0,0.18214727938175201,0.4668397605419159,0.2555481195449829,0.48503395915031433,0.37309253215789795,0.02464899607002735,0.036045655608177185,0.6773660182952881,0.6658992767333984,0.7544378638267517,0.05265338346362114,cut_roasted_beef_depth_008_cam00_0202
69,"[304, 160, 400, 256]",0.9788588285446167,1.0,0.9830870628356934,cut_roasted_beef,cam00,cam00_0050,50,/leonardo_work/EUHPC_D21_034/proj_adags/repo/adags/refine-logs/depth_occlusion_support/r031_da3_depth_full/depth_npz/cut_roasted_beef/cam00_0050.npz,/leonardo_work/EUHPC_D21_034/proj_adags/data/n3v/cut_roasted_beef/motion_priors/masks/cam00_0050.png,/leonardo_work/EUHPC_D21_034/proj_adags/data/n3v/cut_roasted_beef/flow/cam00_0050.npz,0,0.1799466460943222,0.30506789684295654,0.31038182973861694,0.46917542815208435,0.379940003156662,0.04615851491689682,0.05421729013323784,0.8304214477539062,0.6529445648193359,0.7279303073883057,0.05887690559029579,cut_roasted_beef_depth_009_cam00_0050
31,"[288, 144, 384, 240]",0.9771663546562195,1.0,0.9817330837249756,cut_roasted_beef,cam00,cam00_0135,135,/leonardo_work/EUHPC_D21_034/proj_adags/repo/adags/refine-logs/depth_occlusion_support/r031_da3_depth_full/depth_npz/cut_roasted_beef/cam00_0135.npz,/leonardo_work/EUHPC_D21_034/proj_adags/data/n3v/cut_roasted_beef/motion_priors/masks/cam00_0135.png,/leonardo_work/EUHPC_D21_034/proj_adags/data/n3v/cut_roasted_beef/flow/cam00_0135.npz,0,0.18254435062408447,0.3773435056209564,0.2833506762981415,0.4952137768268585,0.3824135363101959,0.05328945070505142,0.03208046033978462,0.7261242270469666,0.6648664474487305,0.7430353760719299,0.06192301958799362,cut_roasted_beef_depth_010_cam00_0135
83,"[304, 160, 400, 256]",0.976912260055542,1.0,0.9815298080444337,cut_roasted_beef,cam00,cam00_0062,62,/leonardo_work/EUHPC_D21_034/proj_adags/repo/adags/refine-logs/depth_occlusion_support/r031_da3_depth_full/depth_npz/cut_roasted_beef/cam00_0062.npz,/leonardo_work/EUHPC_D21_034/proj_adags/data/n3v/cut_roasted_beef/motion_priors/masks/cam00_0062.png,/leonardo_work/EUHPC_D21_034/proj_adags/data/n3v/cut_roasted_beef/flow/cam00_0062.npz,2,0.18464840948581696,0.5087292790412903,0.33076995611190796,0.46884748339653015,0.3689141869544983,0.02890305034816265,0.03311041742563248,0.8268384337425232,0.6567376255989075,0.7320705652236938,0.047319769859313965,cut_roasted_beef_depth_011_cam00_0062
83,"[320, 160, 416, 256]",0.976912260055542,1.0,0.9815298080444337,cut_roasted_beef,cam00,cam00_0062,62,/leonardo_work/EUHPC_D21_034/proj_adags/repo/adags/refine-logs/depth_occlusion_support/r031_da3_depth_full/depth_npz/cut_roasted_beef/cam00_0062.npz,/leonardo_work/EUHPC_D21_034/proj_adags/data/n3v/cut_roasted_beef/motion_priors/masks/cam00_0062.png,/leonardo_work/EUHPC_D21_034/proj_adags/data/n3v/cut_roasted_beef/flow/cam00_0062.npz,3,0.18464840948581696,0.5087292790412903,0.33076995611190796,0.46884748339653015,0.3689141869544983,0.02890305034816265,0.03311041742563248,0.8268384337425232,0.6567376255989075,0.7320705652236938,0.047319769859313965,cut_roasted_beef_depth_012_cam00_0062
23,"[272, 128, 368, 224]",0.9767139554023743,1.0,0.9813711643218994,cut_roasted_beef,cam00,cam00_0251,251,/leonardo_work/EUHPC_D21_034/proj_adags/repo/adags/refine-logs/depth_occlusion_support/r031_da3_depth_full/depth_npz/cut_roasted_beef/cam00_0251.npz,/leonardo_work/EUHPC_D21_034/proj_adags/data/n3v/cut_roasted_beef/motion_priors/masks/cam00_0251.png,/leonardo_work/EUHPC_D21_034/proj_adags/data/n3v/cut_roasted_beef/flow/cam00_0251.npz,0,0.15576259791851044,0.27938976883888245,0.3114094138145447,0.47815394401550293,0.3912028968334198,0.06096016615629196,0.07192499935626984,0.349605530500412,0.661636471748352,0.7436801791191101,0.06521421670913696,cut_roasted_beef_depth_013_cam00_0251
22,"[384, 128, 480, 224]",0.9765641689300537,1.0,0.9812513351440431,cut_roasted_beef,cam00,cam00_0251,251,/leonardo_work/EUHPC_D21_034/proj_adags/repo/adags/refine-logs/depth_occlusion_support/r031_da3_depth_full/depth_npz/cut_roasted_beef/cam00_0251.npz,/leonardo_work/EUHPC_D21_034/proj_adags/data/n3v/cut_roasted_beef/motion_priors/masks/cam00_0251.png,/leonardo_work/EUHPC_D21_034/proj_adags/data/n3v/cut_roasted_beef/flow/cam00_0251.npz,1,0.15576259791851044,0.27938976883888245,0.3114094138145447,0.47815394401550293,0.3912028968334198,0.06096016615629196,0.07192499935626984,0.349605530500412,0.661636471748352,0.7436801791191101,0.06521421670913696,cut_roasted_beef_depth_014_cam00_0251
41,"[384, 160, 480, 256]",0.9761695861816406,1.0,0.9809356689453126,cut_roasted_beef,cam00,cam00_0050,50,/leonardo_work/EUHPC_D21_034/proj_adags/repo/adags/refine-logs/depth_occlusion_support/r031_da3_depth_full/depth_npz/cut_roasted_beef/cam00_0050.npz,/leonardo_work/EUHPC_D21_034/proj_adags/data/n3v/cut_roasted_beef/motion_priors/masks/cam00_0050.png,/leonardo_work/EUHPC_D21_034/proj_adags/data/n3v/cut_roasted_beef/flow/cam00_0050.npz,1,0.1799466460943222,0.30506789684295654,0.31038182973861694,0.46917542815208435,0.379940003156662,0.04615851491689682,0.05421729013323784,0.8304214477539062,0.6529445648193359,0.7279303073883057,0.05887690559029579,cut_roasted_beef_depth_015_cam00_0050
11,"[416, 160, 512, 256]",0.9757742285728455,1.0,0.9806193828582763,cut_roasted_beef,cam00,cam00_0009,9,/leonardo_work/EUHPC_D21_034/proj_adags/repo/adags/refine-logs/depth_occlusion_support/r031_da3_depth_full/depth_npz/cut_roasted_beef/cam00_0009.npz,/leonardo_work/EUHPC_D21_034/proj_adags/data/n3v/cut_roasted_beef/motion_priors/masks/cam00_0009.png,/leonardo_work/EUHPC_D21_034/proj_adags/data/n3v/cut_roasted_beef/flow/cam00_0009.npz,0,0.18843203783035278,0.3637225925922394,0.3105657398700714,0.46271923184394836,0.36203810572624207,0.016143810003995895,0.02786433696746826,0.8909439444541931,0.6594306826591492,0.733844518661499,0.054876696318387985,cut_roasted_beef_depth_016_cam00_0009
50,"[288, 144, 384, 240]",0.975598931312561,1.0,0.980479145050049,cut_roasted_beef,cam00,cam00_0221,221,/leonardo_work/EUHPC_D21_034/proj_adags/repo/adags/refine-logs/depth_occlusion_support/r031_da3_depth_full/depth_npz/cut_roasted_beef/cam00_0221.npz,/leonardo_work/EUHPC_D21_034/proj_adags/data/n3v/cut_roasted_beef/motion_priors/masks/cam00_0221.png,/leonardo_work/EUHPC_D21_034/proj_adags/data/n3v/cut_roasted_beef/flow/cam00_0221.npz,0,0.1808856725692749,0.36138296127319336,0.2855304181575775,0.4067383110523224,0.38089558482170105,0.04162435978651047,0.043296221643686295,0.6715859770774841,0.663320004940033,0.7561097145080566,0.059183269739151,cut_roasted_beef_depth_017_cam00_0221
38,"[288, 160, 384, 256]",0.9755489826202393,1.0,0.9804391860961914,cut_roasted_beef,cam00,cam00_0052,52,/leonardo_work/EUHPC_D21_034/proj_adags/repo/adags/refine-logs/depth_occlusion_support/r031_da3_depth_full/depth_npz/cut_roasted_beef/cam00_0052.npz,/leonardo_work/EUHPC_D21_034/proj_adags/data/n3v/cut_roasted_beef/motion_priors/masks/cam00_0052.png,/leonardo_work/EUHPC_D21_034/proj_adags/data/n3v/cut_roasted_beef/flow/cam00_0052.npz,0,0.17410947382450104,0.37893038988113403,0.28957992792129517,0.4637349247932434,0.3748793601989746,0.0384148545563221,0.05446529760956764,0.658867597579956,0.6543946862220764,0.7300077080726624,0.0510515496134758,cut_roasted_beef_depth_018_cam00_0052
70,"[320, 160, 416, 256]",0.9753866791725159,1.0,0.9803093433380128,cut_roasted_beef,cam00,cam00_0050,50,/leonardo_work/EUHPC_D21_034/proj_adags/repo/adags/refine-logs/depth_occlusion_support/r031_da3_depth_full/depth_npz/cut_roasted_beef/cam00_0050.npz,/leonardo_work/EUHPC_D21_034/proj_adags/data/n3v/cut_roasted_beef/motion_priors/masks/cam00_0050.png,/leonardo_work/EUHPC_D21_034/proj_adags/data/n3v/cut_roasted_beef/flow/cam00_0050.npz,2,0.1799466460943222,0.30506789684295654,0.31038182973861694,0.46917542815208435,0.379940003156662,0.04615851491689682,0.05421729013323784,0.8304214477539062,0.6529445648193359,0.7279303073883057,0.05887690559029579,cut_roasted_beef_depth_019_cam00_0050
70,"[336, 160, 432, 256]",0.9753866791725159,1.0,0.9803093433380128,cut_roasted_beef,cam00,cam00_0050,50,/leonardo_work/EUHPC_D21_034/proj_adags/repo/adags/refine-logs/depth_occlusion_support/r031_da3_depth_full/depth_npz/cut_roasted_beef/cam00_0050.npz,/leonardo_work/EUHPC_D21_034/proj_adags/data/n3v/cut_roasted_beef/motion_priors/masks/cam00_0050.png,/leonardo_work/EUHPC_D21_034/proj_adags/data/n3v/cut_roasted_beef/flow/cam00_0050.npz,3,0.1799466460943222,0.30506789684295654,0.31038182973861694,0.46917542815208435,0.379940003156662,0.04615851491689682,0.05421729013323784,0.8304214477539062,0.6529445648193359,0.7279303073883057,0.05887690559029579,cut_roasted_beef_depth_020_cam00_0050
64,"[400, 160, 496, 256]",0.9752479791641235,1.0,0.9801983833312988,cut_roasted_beef,cam00,cam00_0251,251,/leonardo_work/EUHPC_D21_034/proj_adags/repo/adags/refine-logs/depth_occlusion_support/r031_da3_depth_full/depth_npz/cut_roasted_beef/cam00_0251.npz,/leonardo_work/EUHPC_D21_034/proj_adags/data/n3v/cut_roasted_beef/motion_priors/masks/cam00_0251.png,/leonardo_work/EUHPC_D21_034/proj_adags/data/n3v/cut_roasted_beef/flow/cam00_0251.npz,2,0.15576259791851044,0.27938976883888245,0.3114094138145447,0.47815394401550293,0.3912028968334198,0.06096016615629196,0.07192499935626984,0.349605530500412,0.661636471748352,0.7436801791191101,0.06521421670913696,cut_roasted_beef_depth_021_cam00_0251
14,"[368, 128, 464, 224]",0.9751782417297363,1.0,0.9801425933837891,cut_roasted_beef,cam00,cam00_0244,244,/leonardo_work/EUHPC_D21_034/proj_adags/repo/adags/refine-logs/depth_occlusion_support/r031_da3_depth_full/depth_npz/cut_roasted_beef/cam00_0244.npz,/leonardo_work/EUHPC_D21_034/proj_adags/data/n3v/cut_roasted_beef/motion_priors/masks/cam00_0244.png,/leonardo_work/EUHPC_D21_034/proj_adags/data/n3v/cut_roasted_beef/flow/cam00_0244.npz,0,0.1825493425130844,0.5490965843200684,0.2900136709213257,0.4067942500114441,0.3816573917865753,0.048101723194122314,0.05424646660685539,0.4009459316730499,0.6609945893287659,0.7460960745811462,0.06045248359441757,cut_roasted_beef_depth_022_cam00_0244
52,"[112, 384, 208, 480]",0.9749443531036377,1.0,0.9799554824829102,cut_roasted_beef,cam00,cam00_0157,157,/leonardo_work/EUHPC_D21_034/proj_adags/repo/adags/refine-logs/depth_occlusion_support/r031_da3_depth_full/depth_npz/cut_roasted_beef/cam00_0157.npz,/leonardo_work/EUHPC_D21_034/proj_adags/data/n3v/cut_roasted_beef/motion_priors/masks/cam00_0157.png,/leonardo_work/EUHPC_D21_034/proj_adags/data/n3v/cut_roasted_beef/flow/cam00_0157.npz,0,0.15291285514831543,0.3839440643787384,0.2592258155345917,0.5040874481201172,0.39824870228767395,0.06895475089550018,0.07529789954423904,0.38030296564102173,0.6628969311714172,0.7463353276252747,0.06901602447032928,cut_roasted_beef_depth_023_cam00_0157
15,"[272, 144, 368, 240]",0.97478848695755,1.0,0.9798307895660401,cut_roasted_beef,cam00,cam00_0296,296,/leonardo_work/EUHPC_D21_034/proj_adags/repo/adags/refine-logs/depth_occlusion_support/r031_da3_depth_full/depth_npz/cut_roasted_beef/cam00_0296.npz,/leonardo_work/EUHPC_D21_034/proj_adags/data/n3v/cut_roasted_beef/motion_priors/masks/cam00_0296.png,/leonardo_work/EUHPC_D21_034/proj_adags/data/n3v/cut_roasted_beef/flow/cam00_0296.npz,0,0.17736493051052094,0.40231072902679443,0.2892516851425171,0.39574959874153137,0.38859736919403076,0.04553411900997162,0.061765462160110474,0.49546000361442566,0.6697186231613159,0.7420375347137451,0.062071822583675385,cut_roasted_beef_depth_024_cam00_0296
39,"[112, 304, 208, 400]",0.9745252728462219,1.0,0.9796202182769775,cut_roasted_beef,cam00,cam00_0157,157,/leonardo_work/EUHPC_D21_034/proj_adags/repo/adags/refine-logs/depth_occlusion_support/r031_da3_depth_full/depth_npz/cut_roasted_beef/cam00_0157.npz,/leonardo_work/EUHPC_D21_034/proj_adags/data/n3v/cut_roasted_beef/motion_priors/masks/cam00_0157.png,/leonardo_work/EUHPC_D21_034/proj_adags/data/n3v/cut_roasted_beef/flow/cam00_0157.npz,1,0.15291285514831543,0.3839440643787384,0.2592258155345917,0.5040874481201172,0.39824870228767395,0.06895475089550018,0.07529789954423904,0.38030296564102173,0.6628969311714172,0.7463353276252747,0.06901602447032928,cut_roasted_beef_depth_025_cam00_0157
43,"[400, 128, 496, 224]",0.9742141366004944,1.0,0.9793713092803955,cut_roasted_beef,cam00,cam00_0258,258,/leonardo_work/EUHPC_D21_034/proj_adags/repo/adags/refine-logs/depth_occlusion_support/r031_da3_depth_full/depth_npz/cut_roasted_beef/cam00_0258.npz,/leonardo_work/EUHPC_D21_034/proj_adags/data/n3v/cut_roasted_beef/motion_priors/masks/cam00_0258.png,/leonardo_work/EUHPC_D21_034/proj_adags/data/n3v/cut_roasted_beef/flow/cam00_0258.npz,1,0.1879161149263382,0.30346664786338806,0.2971084713935852,0.4858786463737488,0.39661023020744324,0.06646300852298737,0.06987383961677551,0.41701096296310425,0.6629232168197632,0.745357871055603,0.06711074709892273,cut_roasted_beef_depth_026_cam00_0258
10,"[256, 192, 352, 288]",0.9740495681762695,1.0,0.9792396545410156,cut_roasted_beef,cam00,cam00_0268,268,/leonardo_work/EUHPC_D21_034/proj_adags/repo/adags/refine-logs/depth_occlusion_support/r031_da3_depth_full/depth_npz/cut_roasted_beef/cam00_0268.npz,/leonardo_work/EUHPC_D21_034/proj_adags/data/n3v/cut_roasted_beef/motion_priors/masks/cam00_0268.png,/leonardo_work/EUHPC_D21_034/proj_adags/data/n3v/cut_roasted_beef/flow/cam00_0268.npz,0,0.1859503537416458,0.38833311200141907,0.31008052825927734,0.49714577198028564,0.38779494166374207,0.048632752150297165,0.0564931184053421,0.4457651972770691,0.6672443747520447,0.7482901811599731,0.05683741346001625,cut_roasted_beef_depth_027_cam00_0268
82,"[368, 144, 464, 240]",0.9739466309547424,1.0,0.979157304763794,cut_roasted_beef,cam00,cam00_0221,221,/leonardo_work/EUHPC_D21_034/proj_adags/repo/adags/refine-logs/depth_occlusion_support/r031_da3_depth_full/depth_npz/cut_roasted_beef/cam00_0221.npz,/leonardo_work/EUHPC_D21_034/proj_adags/data/n3v/cut_roasted_beef/motion_priors/masks/cam00_0221.png,/leonardo_work/EUHPC_D21_034/proj_adags/data/n3v/cut_roasted_beef/flow/cam00_0221.npz,1,0.1808856725692749,0.36138296127319336,0.2855304181575775,0.4067383110523224,0.38089558482170105,0.04162435978651047,0.043296221643686295,0.6715859770774841,0.663320004940033,0.7561097145080566,0.059183269739151,cut_roasted_beef_depth_028_cam00_0221
48,"[304, 144, 400, 240]",0.973789393901825,1.0,0.9790315151214599,cut_roasted_beef,cam00,cam00_0098,98,/leonardo_work/EUHPC_D21_034/proj_adags/repo/adags/refine-logs/depth_occlusion_support/r031_da3_depth_full/depth_npz/cut_roasted_beef/cam00_0098.npz,/leonardo_work/EUHPC_D21_034/proj_adags/data/n3v/cut_roasted_beef/motion_priors/masks/cam00_0098.png,/leonardo_work/EUHPC_D21_034/proj_adags/data/n3v/cut_roasted_beef/flow/cam00_0098.npz,2,0.15652143955230713,0.40434056520462036,0.3083626329898834,0.4578188955783844,0.3847945034503937,0.04372512549161911,0.0628158450126648,0.610844612121582,0.6637256145477295,0.7415823340415955,0.06086679920554161,cut_roasted_beef_depth_029_cam00_0098
48,"[320, 144, 416, 240]",0.973789393901825,1.0,0.9790315151214599,cut_roasted_beef,cam00,cam00_0098,98,/leonardo_work/EUHPC_D21_034/proj_adags/repo/adags/refine-logs/depth_occlusion_support/r031_da3_depth_full/depth_npz/cut_roasted_beef/cam00_0098.npz,/leonardo_work/EUHPC_D21_034/proj_adags/data/n3v/cut_roasted_beef/motion_priors/masks/cam00_0098.png,/leonardo_work/EUHPC_D21_034/proj_adags/data/n3v/cut_roasted_beef/flow/cam00_0098.npz,3,0.15652143955230713,0.40434056520462036,0.3083626329898834,0.4578188955783844,0.3847945034503937,0.04372512549161911,0.0628158450126648,0.610844612121582,0.6637256145477295,0.7415823340415955,0.06086679920554161,cut_roasted_beef_depth_030_cam00_0098
23,"[288, 128, 384, 224]",0.973244845867157,1.0,0.9785958766937257,cut_roasted_beef,cam00,cam00_0244,244,/leonardo_work/EUHPC_D21_034/proj_adags/repo/adags/refine-logs/depth_occlusion_support/r031_da3_depth_full/depth_npz/cut_roasted_beef/cam00_0244.npz,/leonardo_work/EUHPC_D21_034/proj_adags/data/n3v/cut_roasted_beef/motion_priors/masks/cam00_0244.png,/leonardo_work/EUHPC_D21_034/proj_adags/data/n3v/cut_roasted_beef/flow/cam00_0244.npz,1,0.1825493425130844,0.5490965843200684,0.2900136709213257,0.4067942500114441,0.3816573917865753,0.048101723194122314,0.05424646660685539,0.4009459316730499,0.6609945893287659,0.7460960745811462,0.06045248359441757,cut_roasted_beef_depth_031_cam00_0244
23,"[304, 128, 400, 224]",0.973244845867157,1.0,0.9785958766937257,cut_roasted_beef,cam00,cam00_0244,244,/leonardo_work/EUHPC_D21_034/proj_adags/repo/adags/refine-logs/depth_occlusion_support/r031_da3_depth_full/depth_npz/cut_roasted_beef/cam00_0244.npz,/leonardo_work/EUHPC_D21_034/proj_adags/data/n3v/cut_roasted_beef/motion_priors/masks/cam00_0244.png,/leonardo_work/EUHPC_D21_034/proj_adags/data/n3v/cut_roasted_beef/flow/cam00_0244.npz,2,0.1825493425130844,0.5490965843200684,0.2900136709213257,0.4067942500114441,0.3816573917865753,0.048101723194122314,0.05424646660685539,0.4009459316730499,0.6609945893287659,0.7460960745811462,0.06045248359441757,cut_roasted_beef_depth_032_cam00_0244
23,"[320, 128, 416, 224]",0.973244845867157,1.0,0.9785958766937257,cut_roasted_beef,cam00,cam00_0244,244,/leonardo_work/EUHPC_D21_034/proj_adags/repo/adags/refine-logs/depth_occlusion_support/r031_da3_depth_full/depth_npz/cut_roasted_beef/cam00_0244.npz,/leonardo_work/EUHPC_D21_034/proj_adags/data/n3v/cut_roasted_beef/motion_priors/masks/cam00_0244.png,/leonardo_work/EUHPC_D21_034/proj_adags/data/n3v/cut_roasted_beef/flow/cam00_0244.npz,3,0.1825493425130844,0.5490965843200684,0.2900136709213257,0.4067942500114441,0.3816573917865753,0.048101723194122314,0.05424646660685539,0.4009459316730499,0.6609945893287659,0.7460960745811462,0.06045248359441757,cut_roasted_beef_depth_033_cam00_0244
84,"[304, 144, 400, 240]",0.9731490612030029,1.0,0.9785192489624024,cut_roasted_beef,cam00,cam00_0221,221,/leonardo_work/EUHPC_D21_034/proj_adags/repo/adags/refine-logs/depth_occlusion_support/r031_da3_depth_full/depth_npz/cut_roasted_beef/cam00_0221.npz,/leonardo_work/EUHPC_D21_034/proj_adags/data/n3v/cut_roasted_beef/motion_priors/masks/cam00_0221.png,/leonardo_work/EUHPC_D21_034/proj_adags/data/n3v/cut_roasted_beef/flow/cam00_0221.npz,2,0.1808856725692749,0.36138296127319336,0.2855304181575775,0.4067383110523224,0.38089558482170105,0.04162435978651047,0.043296221643686295,0.6715859770774841,0.663320004940033,0.7561097145080566,0.059183269739151,cut_roasted_beef_depth_034_cam00_0221
17,"[400, 144, 496, 240]",0.9723963737487793,1.0,0.9779170989990236,cut_roasted_beef,cam00,cam00_0251,251,/leonardo_work/EUHPC_D21_034/proj_adags/repo/adags/refine-logs/depth_occlusion_support/r031_da3_depth_full/depth_npz/cut_roasted_beef/cam00_0251.npz,/leonardo_work/EUHPC_D21_034/proj_adags/data/n3v/cut_roasted_beef/motion_priors/masks/cam00_0251.png,/leonardo_work/EUHPC_D21_034/proj_adags/data/n3v/cut_roasted_beef/flow/cam00_0251.npz,3,0.15576259791851044,0.27938976883888245,0.3114094138145447,0.47815394401550293,0.3912028968334198,0.06096016615629196,0.07192499935626984,0.349605530500412,0.661636471748352,0.7436801791191101,0.06521421670913696,cut_roasted_beef_depth_035_cam00_0251
18,"[272, 144, 368, 240]",0.971520721912384,1.0,0.9772165775299073,cut_roasted_beef,cam00,cam00_0100,100,/leonardo_work/EUHPC_D21_034/proj_adags/repo/adags/refine-logs/depth_occlusion_support/r031_da3_depth_full/depth_npz/cut_roasted_beef/cam00_0100.npz,/leonardo_work/EUHPC_D21_034/proj_adags/data/n3v/cut_roasted_beef/motion_priors/masks/cam00_0100.png,/leonardo_work/EUHPC_D21_034/proj_adags/data/n3v/cut_roasted_beef/flow/cam00_0100.npz,0,0.15502427518367767,0.42285653948783875,0.291276752948761,0.500511646270752,0.3837152123451233,0.047369372099637985,0.05109531804919243,0.7371444702148438,0.6660189032554626,0.7429828643798828,0.06259409338235855,cut_roasted_beef_depth_036_cam00_0100
8,"[400, 144, 496, 240]",0.9705020189285278,1.0,0.9764016151428223,cut_roasted_beef,cam00,cam00_0122,122,/leonardo_work/EUHPC_D21_034/proj_adags/repo/adags/refine-logs/depth_occlusion_support/r031_da3_depth_full/depth_npz/cut_roasted_beef/cam00_0122.npz,/leonardo_work/EUHPC_D21_034/proj_adags/data/n3v/cut_roasted_beef/motion_priors/masks/cam00_0122.png,/leonardo_work/EUHPC_D21_034/proj_adags/data/n3v/cut_roasted_beef/flow/cam00_0122.npz,0,0.1810644418001175,0.5343310236930847,0.26920944452285767,0.4107239246368408,0.3901147246360779,0.0559941865503788,0.061339471489191055,0.469970703125,0.6692634224891663,0.7451244592666626,0.0672537162899971,cut_roasted_beef_depth_037_cam00_0122
86,"[320, 144, 416, 240]",0.9699249863624573,1.0,0.9759399890899658,cut_roasted_beef,cam00,cam00_0221,221,/leonardo_work/EUHPC_D21_034/proj_adags/repo/adags/refine-logs/depth_occlusion_support/r031_da3_depth_full/depth_npz/cut_roasted_beef/cam00_0221.npz,/leonardo_work/EUHPC_D21_034/proj_adags/data/n3v/cut_roasted_beef/motion_priors/masks/cam00_0221.png,/leonardo_work/EUHPC_D21_034/proj_adags/data/n3v/cut_roasted_beef/flow/cam00_0221.npz,3,0.1808856725692749,0.36138296127319336,0.2855304181575775,0.4067383110523224,0.38089558482170105,0.04162435978651047,0.043296221643686295,0.6715859770774841,0.663320004940033,0.7561097145080566,0.059183269739151,cut_roasted_beef_depth_038_cam00_0221
52,"[384, 160, 480, 256]",0.9696372747421265,1.0,0.9757098197937013,cut_roasted_beef,cam00,cam00_0047,47,/leonardo_work/EUHPC_D21_034/proj_adags/repo/adags/refine-logs/depth_occlusion_support/r031_da3_depth_full/depth_npz/cut_roasted_beef/cam00_0047.npz,/leonardo_work/EUHPC_D21_034/proj_adags/data/n3v/cut_roasted_beef/motion_priors/masks/cam00_0047.png,/leonardo_work/EUHPC_D21_034/proj_adags/data/n3v/cut_roasted_beef/flow/cam00_0047.npz,0,0.1768738031387329,0.6458752751350403,0.31113767623901367,0.4162147343158722,0.3730490505695343,0.03806472569704056,0.05156215280294418,0.6504732370376587,0.6517307758331299,0.7275509834289551,0.051956046372652054,cut_roasted_beef_depth_039_cam00_0047
22,"[272, 128, 368, 224]",0.9694584012031555,1.0,0.9755667209625245,cut_roasted_beef,cam00,cam00_0246,246,/leonardo_work/EUHPC_D21_034/proj_adags/repo/adags/refine-logs/depth_occlusion_support/r031_da3_depth_full/depth_npz/cut_roasted_beef/cam00_0246.npz,/leonardo_work/EUHPC_D21_034/proj_adags/data/n3v/cut_roasted_beef/motion_priors/masks/cam00_0246.png,/leonardo_work/EUHPC_D21_034/proj_adags/data/n3v/cut_roasted_beef/flow/cam00_0246.npz,0,0.1585690677165985,0.5581226348876953,0.2582542896270752,0.4717525243759155,0.38268837332725525,0.049152106046676636,0.05611089617013931,0.3017576336860657,0.6583832502365112,0.7437881231307983,0.057648543268442154,cut_roasted_beef_depth_040_cam00_0246
34,"[272, 144, 368, 240]",0.9685050845146179,1.0,0.9748040676116945,cut_roasted_beef,cam00,cam00_0128,128,/leonardo_work/EUHPC_D21_034/proj_adags/repo/adags/refine-logs/depth_occlusion_support/r031_da3_depth_full/depth_npz/cut_roasted_beef/cam00_0128.npz,/leonardo_work/EUHPC_D21_034/proj_adags/data/n3v/cut_roasted_beef/motion_priors/masks/cam00_0128.png,/leonardo_work/EUHPC_D21_034/proj_adags/data/n3v/cut_roasted_beef/flow/cam00_0128.npz,0,0.180617555975914,0.5273521542549133,0.2655121684074402,0.4387720823287964,0.3952083885669708,0.06545347720384598,0.06452855467796326,0.610255241394043,0.6675478219985962,0.7445204854011536,0.06966376304626465,cut_roasted_beef_depth_041_cam00_0128
51,"[400, 160, 496, 256]",0.9681860208511353,1.0,0.9745488166809082,cut_roasted_beef,cam00,cam00_0186,186,/leonardo_work/EUHPC_D21_034/proj_adags/repo/adags/refine-logs/depth_occlusion_support/r031_da3_depth_full/depth_npz/cut_roasted_beef/cam00_0186.npz,/leonardo_work/EUHPC_D21_034/proj_adags/data/n3v/cut_roasted_beef/motion_priors/masks/cam00_0186.png,/leonardo_work/EUHPC_D21_034/proj_adags/data/n3v/cut_roasted_beef/flow/cam00_0186.npz,0,0.18636852502822876,0.3360885977745056,0.311852365732193,0.4930834174156189,0.40088701248168945,0.06597282737493515,0.08507813513278961,0.29550784826278687,0.6678600311279297,0.7479546666145325,0.06368240714073181,cut_roasted_beef_depth_042_cam00_0186
10,"[400, 160, 496, 256]",0.9674637913703918,1.0,0.9739710330963136,cut_roasted_beef,cam00,cam00_0094,94,/leonardo_work/EUHPC_D21_034/proj_adags/repo/adags/refine-logs/depth_occlusion_support/r031_da3_depth_full/depth_npz/cut_roasted_beef/cam00_0094.npz,/leonardo_work/EUHPC_D21_034/proj_adags/data/n3v/cut_roasted_beef/motion_priors/masks/cam00_0094.png,/leonardo_work/EUHPC_D21_034/proj_adags/data/n3v/cut_roasted_beef/flow/cam00_0094.npz,0,0.1587078720331192,0.358974426984787,0.30741772055625916,0.46025726199150085,0.37969765067100525,0.04085991531610489,0.04878155514597893,0.5932273864746094,0.6663720011711121,0.7420520782470703,0.06369408220052719,cut_roasted_beef_depth_043_cam00_0094
96,"[64, 272, 160, 368]",0.967202365398407,1.0,0.9737618923187257,cut_roasted_beef,cam00,cam00_0261,261,/leonardo_work/EUHPC_D21_034/proj_adags/repo/adags/refine-logs/depth_occlusion_support/r031_da3_depth_full/depth_npz/cut_roasted_beef/cam00_0261.npz,/leonardo_work/EUHPC_D21_034/proj_adags/data/n3v/cut_roasted_beef/motion_priors/masks/cam00_0261.png,/leonardo_work/EUHPC_D21_034/proj_adags/data/n3v/cut_roasted_beef/flow/cam00_0261.npz,0,0.18435876071453094,0.47410568594932556,0.25472351908683777,0.4864341914653778,0.40022438764572144,0.07052449136972427,0.07507031410932541,0.4268028736114502,0.6630136370658875,0.7479634284973145,0.06713992357254028,cut_roasted_beef_depth_044_cam00_0261
38,"[384, 144, 480, 240]",0.9669089317321777,1.0,0.9735271453857421,cut_roasted_beef,cam00,cam00_0222,222,/leonardo_work/EUHPC_D21_034/proj_adags/repo/adags/refine-logs/depth_occlusion_support/r031_da3_depth_full/depth_npz/cut_roasted_beef/cam00_0222.npz,/leonardo_work/EUHPC_D21_034/proj_adags/data/n3v/cut_roasted_beef/motion_priors/masks/cam00_0222.png,/leonardo_work/EUHPC_D21_034/proj_adags/data/n3v/cut_roasted_beef/flow/cam00_0222.npz,0,0.1536758840084076,0.36763525009155273,0.256385862827301,0.459877073764801,0.3820187449455261,0.04187820106744766,0.05057012662291527,0.5221222639083862,0.6632383465766907,0.7547967433929443,0.05688117817044258,cut_roasted_beef_depth_045_cam00_0222
143,"[96, 304, 192, 400]",0.9657567143440247,1.0,0.9726053714752199,cut_roasted_beef,cam00,cam00_0137,137,/leonardo_work/EUHPC_D21_034/proj_adags/repo/adags/refine-logs/depth_occlusion_support/r031_da3_depth_full/depth_npz/cut_roasted_beef/cam00_0137.npz,/leonardo_work/EUHPC_D21_034/proj_adags/data/n3v/cut_roasted_beef/motion_priors/masks/cam00_0137.png,/leonardo_work/EUHPC_D21_034/proj_adags/data/n3v/cut_roasted_beef/flow/cam00_0137.npz,0,0.18728846311569214,0.5575823783874512,0.29424986243247986,0.4881846010684967,0.3843074142932892,0.05046800523996353,0.04340709373354912,0.4223737418651581,0.6631770730018616,0.743633508682251,0.06111188977956772,cut_roasted_beef_depth_046_cam00_0137
143,"[112, 304, 208, 400]",0.9657567143440247,1.0,0.9726053714752199,cut_roasted_beef,cam00,cam00_0137,137,/leonardo_work/EUHPC_D21_034/proj_adags/repo/adags/refine-logs/depth_occlusion_support/r031_da3_depth_full/depth_npz/cut_roasted_beef/cam00_0137.npz,/leonardo_work/EUHPC_D21_034/proj_adags/data/n3v/cut_roasted_beef/motion_priors/masks/cam00_0137.png,/leonardo_work/EUHPC_D21_034/proj_adags/data/n3v/cut_roasted_beef/flow/cam00_0137.npz,1,0.18728846311569214,0.5575823783874512,0.29424986243247986,0.4881846010684967,0.3843074142932892,0.05046800523996353,0.04340709373354912,0.4223737418651581,0.6631770730018616,0.743633508682251,0.06111188977956772,cut_roasted_beef_depth_047_cam00_0137
111,"[64, 272, 160, 368]",0.9654200673103333,1.0,0.9723360538482666,cut_roasted_beef,cam00,cam00_0260,260,/leonardo_work/EUHPC_D21_034/proj_adags/repo/adags/refine-logs/depth_occlusion_support/r031_da3_depth_full/depth_npz/cut_roasted_beef/cam00_0260.npz,/leonardo_work/EUHPC_D21_034/proj_adags/data/n3v/cut_roasted_beef/motion_priors/masks/cam00_0260.png,/leonardo_work/EUHPC_D21_034/proj_adags/data/n3v/cut_roasted_beef/flow/cam00_0260.npz,0,0.18442748486995697,0.3589223027229309,0.25495028495788574,0.4874206483364105,0.3980913758277893,0.06973962485790253,0.07439340651035309,0.48775720596313477,0.6635301113128662,0.7457576394081116,0.06470070034265518,cut_roasted_beef_depth_048_cam00_0260
21,"[320, 128, 416, 224]",0.9652840495109558,1.0,0.9722272396087648,cut_roasted_beef,cam00,cam00_0279,279,/leonardo_work/EUHPC_D21_034/proj_adags/repo/adags/refine-logs/depth_occlusion_support/r031_da3_depth_full/depth_npz/cut_roasted_beef/cam00_0279.npz,/leonardo_work/EUHPC_D21_034/proj_adags/data/n3v/cut_roasted_beef/motion_priors/masks/cam00_0279.png,/leonardo_work/EUHPC_D21_034/proj_adags/data/n3v/cut_roasted_beef/flow/cam00_0279.npz,0,0.18080078065395355,0.37106063961982727,0.2517089545726776,0.44021496176719666,0.37998858094215393,0.03655625879764557,0.049528494477272034,0.5458871722221375,0.6643762588500977,0.7509774565696716,0.04532695934176445,cut_roasted_beef_depth_049_cam00_0279
34,"[416, 208, 512, 304]",0.9650619626045227,1.0,0.9720495700836183,cut_roasted_beef,cam00,cam00_0132,132,/leonardo_work/EUHPC_D21_034/proj_adags/repo/adags/refine-logs/depth_occlusion_support/r031_da3_depth_full/depth_npz/cut_roasted_beef/cam00_0132.npz,/leonardo_work/EUHPC_D21_034/proj_adags/data/n3v/cut_roasted_beef/motion_priors/masks/cam00_0132.png,/leonardo_work/EUHPC_D21_034/proj_adags/data/n3v/cut_roasted_beef/flow/cam00_0132.npz,0,0.18188096582889557,0.329327791929245,0.2512442469596863,0.5207067728042603,0.3913330137729645,0.06285377591848373,0.05716419965028763,0.548521876335144,0.6648284792900085,0.7419324517250061,0.07134437561035156,cut_roasted_beef_depth_050_cam00_0132
26,"[304, 128, 400, 224]",0.9649436473846436,1.0,0.9719549179077149,cut_roasted_beef,cam00,cam00_0263,263,/leonardo_work/EUHPC_D21_034/proj_adags/repo/adags/refine-logs/depth_occlusion_support/r031_da3_depth_full/depth_npz/cut_roasted_beef/cam00_0263.npz,/leonardo_work/EUHPC_D21_034/proj_adags/data/n3v/cut_roasted_beef/motion_priors/masks/cam00_0263.png,/leonardo_work/EUHPC_D21_034/proj_adags/data/n3v/cut_roasted_beef/flow/cam00_0263.npz,0,0.18436956405639648,0.4328606128692627,0.2767837345600128,0.4959595799446106,0.39346280694007874,0.06792187690734863,0.06762426346540451,0.42652568221092224,0.6630982756614685,0.7459180951118469,0.06227606534957886,cut_roasted_beef_depth_051_cam00_0263
55,"[112, 320, 208, 416]",0.9648013114929199,1.0,0.9718410491943359,cut_roasted_beef,cam00,cam00_0157,157,/leonardo_work/EUHPC_D21_034/proj_adags/repo/adags/refine-logs/depth_occlusion_support/r031_da3_depth_full/depth_npz/cut_roasted_beef/cam00_0157.npz,/leonardo_work/EUHPC_D21_034/proj_adags/data/n3v/cut_roasted_beef/motion_priors/masks/cam00_0157.png,/leonardo_work/EUHPC_D21_034/proj_adags/data/n3v/cut_roasted_beef/flow/cam00_0157.npz,2,0.15291285514831543,0.3839440643787384,0.2592258155345917,0.5040874481201172,0.39824870228767395,0.06895475089550018,0.07529789954423904,0.38030296564102173,0.6628969311714172,0.7463353276252747,0.06901602447032928,cut_roasted_beef_depth_052_cam00_0157
55,"[112, 336, 208, 432]",0.9648013114929199,1.0,0.9718410491943359,cut_roasted_beef,cam00,cam00_0157,157,/leonardo_work/EUHPC_D21_034/proj_adags/repo/adags/refine-logs/depth_occlusion_support/r031_da3_depth_full/depth_npz/cut_roasted_beef/cam00_0157.npz,/leonardo_work/EUHPC_D21_034/proj_adags/data/n3v/cut_roasted_beef/motion_priors/masks/cam00_0157.png,/leonardo_work/EUHPC_D21_034/proj_adags/data/n3v/cut_roasted_beef/flow/cam00_0157.npz,3,0.15291285514831543,0.3839440643787384,0.2592258155345917,0.5040874481201172,0.39824870228767395,0.06895475089550018,0.07529789954423904,0.38030296564102173,0.6628969311714172,0.7463353276252747,0.06901602447032928,cut_roasted_beef_depth_053_cam00_0157
46,"[288, 160, 384, 256]",0.9628480076789856,1.0,0.9702784061431886,cut_roasted_beef,cam00,cam00_0278,278,/leonardo_work/EUHPC_D21_034/proj_adags/repo/adags/refine-logs/depth_occlusion_support/r031_da3_depth_full/depth_npz/cut_roasted_beef/cam00_0278.npz,/leonardo_work/EUHPC_D21_034/proj_adags/data/n3v/cut_roasted_beef/motion_priors/masks/cam00_0278.png,/leonardo_work/EUHPC_D21_034/proj_adags/data/n3v/cut_roasted_beef/flow/cam00_0278.npz,0,0.18125835061073303,0.33801960945129395,0.2564683258533478,0.46154147386550903,0.38005757331848145,0.037577465176582336,0.050190821290016174,0.6674544811248779,0.6635972261428833,0.7478846311569214,0.04903831705451012,cut_roasted_beef_depth_054_cam00_0278
73,"[384, 144, 480, 240]",0.9627061486244202,1.0,0.9701649188995363,cut_roasted_beef,cam00,cam00_0130,130,/leonardo_work/EUHPC_D21_034/proj_adags/repo/adags/refine-logs/depth_occlusion_support/r031_da3_depth_full/depth_npz/cut_roasted_beef/cam00_0130.npz,/leonardo_work/EUHPC_D21_034/proj_adags/data/n3v/cut_roasted_beef/motion_priors/masks/cam00_0130.png,/leonardo_work/EUHPC_D21_034/proj_adags/data/n3v/cut_roasted_beef/flow/cam00_0130.npz,0,0.1810305267572403,0.5504045486450195,0.27695387601852417,0.48706358671188354,0.3934377431869507,0.06387206166982651,0.06398585438728333,0.4157796800136566,0.6652486324310303,0.7431520819664001,0.0699467808008194,cut_roasted_beef_depth_055_cam00_0130
72,"[400, 128, 496, 224]",0.9617598056793213,1.0,0.9694078445434571,cut_roasted_beef,cam00,cam00_0260,260,/leonardo_work/EUHPC_D21_034/proj_adags/repo/adags/refine-logs/depth_occlusion_support/r031_da3_depth_full/depth_npz/cut_roasted_beef/cam00_0260.npz,/leonardo_work/EUHPC_D21_034/proj_adags/data/n3v/cut_roasted_beef/motion_priors/masks/cam00_0260.png,/leonardo_work/EUHPC_D21_034/proj_adags/data/n3v/cut_roasted_beef/flow/cam00_0260.npz,1,0.18442748486995697,0.3589223027229309,0.25495028495788574,0.4874206483364105,0.3980913758277893,0.06973962485790253,0.07439340651035309,0.48775720596313477,0.6635301113128662,0.7457576394081116,0.06470070034265518,cut_roasted_beef_depth_056_cam00_0260
61,"[384, 128, 480, 224]",0.9617404341697693,1.0,0.9693923473358155,cut_roasted_beef,cam00,cam00_0254,254,/leonardo_work/EUHPC_D21_034/proj_adags/repo/adags/refine-logs/depth_occlusion_support/r031_da3_depth_full/depth_npz/cut_roasted_beef/cam00_0254.npz,/leonardo_work/EUHPC_D21_034/proj_adags/data/n3v/cut_roasted_beef/motion_priors/masks/cam00_0254.png,/leonardo_work/EUHPC_D21_034/proj_adags/data/n3v/cut_roasted_beef/flow/cam00_0254.npz,0,0.18443907797336578,0.40903010964393616,0.30569157004356384,0.4955759346485138,0.3906933069229126,0.06527257710695267,0.06357736885547638,0.2894594073295593,0.6612046957015991,0.7439194321632385,0.06186757981777191,cut_roasted_beef_depth_057_cam00_0254
24,"[80, 272, 176, 368]",0.9616429209709167,1.0,0.9693143367767334,cut_roasted_beef,cam00,cam00_0260,260,/leonardo_work/EUHPC_D21_034/proj_adags/repo/adags/refine-logs/depth_occlusion_support/r031_da3_depth_full/depth_npz/cut_roasted_beef/cam00_0260.npz,/leonardo_work/EUHPC_D21_034/proj_adags/data/n3v/cut_roasted_beef/motion_priors/masks/cam00_0260.png,/leonardo_work/EUHPC_D21_034/proj_adags/data/n3v/cut_roasted_beef/flow/cam00_0260.npz,2,0.18442748486995697,0.3589223027229309,0.25495028495788574,0.4874206483364105,0.3980913758277893,0.06973962485790253,0.07439340651035309,0.48775720596313477,0.6635301113128662,0.7457576394081116,0.06470070034265518,cut_roasted_beef_depth_058_cam00_0260
27,"[272, 144, 368, 240]",0.961611270904541,1.0,0.9692890167236328,cut_roasted_beef,cam00,cam00_0129,129,/leonardo_work/EUHPC_D21_034/proj_adags/repo/adags/refine-logs/depth_occlusion_support/r031_da3_depth_full/depth_npz/cut_roasted_beef/cam00_0129.npz,/leonardo_work/EUHPC_D21_034/proj_adags/data/n3v/cut_roasted_beef/motion_priors/masks/cam00_0129.png,/leonardo_work/EUHPC_D21_034/proj_adags/data/n3v/cut_roasted_beef/flow/cam00_0129.npz,0,0.1803773045539856,0.380663126707077,0.26523539423942566,0.4136160910129547,0.3933882713317871,0.06464818120002747,0.060087766498327255,0.6033022999763489,0.6663923859596252,0.7438406944274902,0.06559935957193375,cut_roasted_beef_depth_059_cam00_0129
87,"[288, 144, 384, 240]",0.9614611864089966,1.0,0.9691689491271973,cut_roasted_beef,cam00,cam00_0223,223,/leonardo_work/EUHPC_D21_034/proj_adags/repo/adags/refine-logs/depth_occlusion_support/r031_da3_depth_full/depth_npz/cut_roasted_beef/cam00_0223.npz,/leonardo_work/EUHPC_D21_034/proj_adags/data/n3v/cut_roasted_beef/motion_priors/masks/cam00_0223.png,/leonardo_work/EUHPC_D21_034/proj_adags/data/n3v/cut_roasted_beef/flow/cam00_0223.npz,0,0.15378022193908691,0.44157448410987854,0.2805684506893158,0.45465946197509766,0.38224369287490845,0.0409153513610363,0.052017319947481155,0.4209323823451996,0.6619953513145447,0.7565211057662964,0.056554391980171204,cut_roasted_beef_depth_060_cam00_0223
146,"[80, 304, 176, 400]",0.9612010717391968,1.0,0.9689608573913575,cut_roasted_beef,cam00,cam00_0137,137,/leonardo_work/EUHPC_D21_034/proj_adags/repo/adags/refine-logs/depth_occlusion_support/r031_da3_depth_full/depth_npz/cut_roasted_beef/cam00_0137.npz,/leonardo_work/EUHPC_D21_034/proj_adags/data/n3v/cut_roasted_beef/motion_priors/masks/cam00_0137.png,/leonardo_work/EUHPC_D21_034/proj_adags/data/n3v/cut_roasted_beef/flow/cam00_0137.npz,2,0.18728846311569214,0.5575823783874512,0.29424986243247986,0.4881846010684967,0.3843074142932892,0.05046800523996353,0.04340709373354912,0.4223737418651581,0.6631770730018616,0.743633508682251,0.06111188977956772,cut_roasted_beef_depth_061_cam00_0137
11,"[400, 144, 496, 240]",0.961077868938446,1.0,0.9688622951507568,cut_roasted_beef,cam00,cam00_0119,119,/leonardo_work/EUHPC_D21_034/proj_adags/repo/adags/refine-logs/depth_occlusion_support/r031_da3_depth_full/depth_npz/cut_roasted_beef/cam00_0119.npz,/leonardo_work/EUHPC_D21_034/proj_adags/data/n3v/cut_roasted_beef/motion_priors/masks/cam00_0119.png,/leonardo_work/EUHPC_D21_034/proj_adags/data/n3v/cut_roasted_beef/flow/cam00_0119.npz,0,0.1768273115158081,0.41114863753318787,0.26904481649398804,0.3803328573703766,0.38711443543434143,0.0504242368042469,0.060957249253988266,0.38949382305145264,0.6704859733581543,0.7444300651550293,0.06792771071195602,cut_roasted_beef_depth_062_cam00_0119
38,"[432, 208, 528, 304]",0.9608494639396667,1.0,0.9686795711517335,cut_roasted_beef,cam00,cam00_0258,258,/leonardo_work/EUHPC_D21_034/proj_adags/repo/adags/refine-logs/depth_occlusion_support/r031_da3_depth_full/depth_npz/cut_roasted_beef/cam00_0258.npz,/leonardo_work/EUHPC_D21_034/proj_adags/data/n3v/cut_roasted_beef/motion_priors/masks/cam00_0258.png,/leonardo_work/EUHPC_D21_034/proj_adags/data/n3v/cut_roasted_beef/flow/cam00_0258.npz,2,0.1879161149263382,0.30346664786338806,0.2971084713935852,0.4858786463737488,0.39661023020744324,0.06646300852298737,0.06987383961677551,0.41701096296310425,0.6629232168197632,0.745357871055603,0.06711074709892273,cut_roasted_beef_depth_063_cam00_0258
23,"[368, 144, 464, 240]",0.9607957601547241,1.0,0.9686366081237794,cut_roasted_beef,cam00,cam00_0097,97,/leonardo_work/EUHPC_D21_034/proj_adags/repo/adags/refine-logs/depth_occlusion_support/r031_da3_depth_full/depth_npz/cut_roasted_beef/cam00_0097.npz,/leonardo_work/EUHPC_D21_034/proj_adags/data/n3v/cut_roasted_beef/motion_priors/masks/cam00_0097.png,/leonardo_work/EUHPC_D21_034/proj_adags/data/n3v/cut_roasted_beef/flow/cam00_0097.npz,0,0.15766355395317078,0.3443466126918793,0.2683188319206238,0.5188062191009521,0.37982505559921265,0.03998459503054619,0.051886022090911865,0.5019081830978394,0.6651873588562012,0.7410863041877747,0.06374660134315491,cut_roasted_beef_depth_064_cam00_0097
9,"[272, 144, 368, 240]",0.9607048034667969,1.0,0.9685638427734375,cut_roasted_beef,cam00,cam00_0294,294,/leonardo_work/EUHPC_D21_034/proj_adags/repo/adags/refine-logs/depth_occlusion_support/r031_da3_depth_full/depth_npz/cut_roasted_beef/cam00_0294.npz,/leonardo_work/EUHPC_D21_034/proj_adags/data/n3v/cut_roasted_beef/motion_priors/masks/cam00_0294.png,/leonardo_work/EUHPC_D21_034/proj_adags/data/n3v/cut_roasted_beef/flow/cam00_0294.npz,0,0.17737895250320435,0.530884861946106,0.2708851099014282,0.3997761011123657,0.3879423141479492,0.04971231147646904,0.05783236026763916,0.5628333687782288,0.6650531888008118,0.7419558167457581,0.05827877297997475,cut_roasted_beef_depth_065_cam00_0294
103,"[304, 160, 400, 256]",0.9605187773704529,1.0,0.9684150218963623,cut_roasted_beef,cam00,cam00_0064,64,/leonardo_work/EUHPC_D21_034/proj_adags/repo/adags/refine-logs/depth_occlusion_support/r031_da3_depth_full/depth_npz/cut_roasted_beef/cam00_0064.npz,/leonardo_work/EUHPC_D21_034/proj_adags/data/n3v/cut_roasted_beef/motion_priors/masks/cam00_0064.png,/leonardo_work/EUHPC_D21_034/proj_adags/data/n3v/cut_roasted_beef/flow/cam00_0064.npz,0,0.18362219631671906,0.3529494106769562,0.3251190781593323,0.4519347548484802,0.372292697429657,0.03185579553246498,0.05250749737024307,0.5682078003883362,0.6578288674354553,0.732131838798523,0.052454978227615356,cut_roasted_beef_depth_066_cam00_0064
52,"[384, 144, 480, 240]",0.9604621529579163,1.0,0.968369722366333,cut_roasted_beef,cam00,cam00_0132,132,/leonardo_work/EUHPC_D21_034/proj_adags/repo/adags/refine-logs/depth_occlusion_support/r031_da3_depth_full/depth_npz/cut_roasted_beef/cam00_0132.npz,/leonardo_work/EUHPC_D21_034/proj_adags/data/n3v/cut_roasted_beef/motion_priors/masks/cam00_0132.png,/leonardo_work/EUHPC_D21_034/proj_adags/data/n3v/cut_roasted_beef/flow/cam00_0132.npz,1,0.18188096582889557,0.329327791929245,0.2512442469596863,0.5207067728042603,0.3913330137729645,0.06285377591848373,0.05716419965028763,0.548521876335144,0.6648284792900085,0.7419324517250061,0.07134437561035156,cut_roasted_beef_depth_067_cam00_0132
138,"[384, 128, 480, 224]",0.9604065418243408,1.0,0.9683252334594727,cut_roasted_beef,cam00,cam00_0260,260,/leonardo_work/EUHPC_D21_034/proj_adags/repo/adags/refine-logs/depth_occlusion_support/r031_da3_depth_full/depth_npz/cut_roasted_beef/cam00_0260.npz,/leonardo_work/EUHPC_D21_034/proj_adags/data/n3v/cut_roasted_beef/motion_priors/masks/cam00_0260.png,/leonardo_work/EUHPC_D21_034/proj_adags/data/n3v/cut_roasted_beef/flow/cam00_0260.npz,3,0.18442748486995697,0.3589223027229309,0.25495028495788574,0.4874206483364105,0.3980913758277893,0.06973962485790253,0.07439340651035309,0.48775720596313477,0.6635301113128662,0.7457576394081116,0.06470070034265518,cut_roasted_beef_depth_068_cam00_0260
119,"[400, 128, 496, 224]",0.9602623581886292,1.0,0.9682098865509035,cut_roasted_beef,cam00,cam00_0267,267,/leonardo_work/EUHPC_D21_034/proj_adags/repo/adags/refine-logs/depth_occlusion_support/r031_da3_depth_full/depth_npz/cut_roasted_beef/cam00_0267.npz,/leonardo_work/EUHPC_D21_034/proj_adags/data/n3v/cut_roasted_beef/motion_priors/masks/cam00_0267.png,/leonardo_work/EUHPC_D21_034/proj_adags/data/n3v/cut_roasted_beef/flow/cam00_0267.npz,0,0.18806783854961395,0.37748682498931885,0.31597647070884705,0.47196945548057556,0.38970619440078735,0.05260961875319481,0.05667401850223541,0.5647823810577393,0.6670517921447754,0.7488008141517639,0.05875436216592789,cut_roasted_beef_depth_069_cam00_0267
56,"[288, 128, 384, 224]",0.9600271582603455,1.0,0.9680217266082765,cut_roasted_beef,cam00,cam00_0246,246,/leonardo_work/EUHPC_D21_034/proj_adags/repo/adags/refine-logs/depth_occlusion_support/r031_da3_depth_full/depth_npz/cut_roasted_beef/cam00_0246.npz,/leonardo_work/EUHPC_D21_034/proj_adags/data/n3v/cut_roasted_beef/motion_priors/masks/cam00_0246.png,/leonardo_work/EUHPC_D21_034/proj_adags/data/n3v/cut_roasted_beef/flow/cam00_0246.npz,1,0.1585690677165985,0.5581226348876953,0.2582542896270752,0.4717525243759155,0.38268837332725525,0.049152106046676636,0.05611089617013931,0.3017576336860657,0.6583832502365112,0.7437881231307983,0.057648543268442154,cut_roasted_beef_depth_070_cam00_0246
45,"[416, 128, 512, 224]",0.9598374962806702,1.0,0.9678699970245361,cut_roasted_beef,cam00,cam00_0264,264,/leonardo_work/EUHPC_D21_034/proj_adags/repo/adags/refine-logs/depth_occlusion_support/r031_da3_depth_full/depth_npz/cut_roasted_beef/cam00_0264.npz,/leonardo_work/EUHPC_D21_034/proj_adags/data/n3v/cut_roasted_beef/motion_priors/masks/cam00_0264.png,/leonardo_work/EUHPC_D21_034/proj_adags/data/n3v/cut_roasted_beef/flow/cam00_0264.npz,0,0.18433211743831635,0.4983975291252136,0.3257521390914917,0.471000999212265,0.39609774947166443,0.06690358370542526,0.07392073422670364,0.3338526785373688,0.6640932559967041,0.7467291951179504,0.06479115039110184,cut_roasted_beef_depth_071_cam00_0264
27,"[384, 144, 480, 240]",0.9597598314285278,1.0,0.9678078651428224,cut_roasted_beef,cam00,cam00_0220,220,/leonardo_work/EUHPC_D21_034/proj_adags/repo/adags/refine-logs/depth_occlusion_support/r031_da3_depth_full/depth_npz/cut_roasted_beef/cam00_0220.npz,/leonardo_work/EUHPC_D21_034/proj_adags/data/n3v/cut_roasted_beef/motion_priors/masks/cam00_0220.png,/leonardo_work/EUHPC_D21_034/proj_adags/data/n3v/cut_roasted_beef/flow/cam00_0220.npz,0,0.18059121072292328,0.46238890290260315,0.25861310958862305,0.41588839888572693,0.3790549337863922,0.04018300026655197,0.034061599522829056,0.7536705136299133,0.662885308265686,0.7560805678367615,0.06470653414726257,cut_roasted_beef_depth_072_cam00_0220
77,"[304, 160, 400, 256]",0.9594359993934631,1.0,0.9675487995147705,cut_roasted_beef,cam00,cam00_0049,49,/leonardo_work/EUHPC_D21_034/proj_adags/repo/adags/refine-logs/depth_occlusion_support/r031_da3_depth_full/depth_npz/cut_roasted_beef/cam00_0049.npz,/leonardo_work/EUHPC_D21_034/proj_adags/data/n3v/cut_roasted_beef/motion_priors/masks/cam00_0049.png,/leonardo_work/EUHPC_D21_034/proj_adags/data/n3v/cut_roasted_beef/flow/cam00_0049.npz,0,0.1850423365831375,0.4534516930580139,0.2969658374786377,0.4565400779247284,0.37918198108673096,0.050284188240766525,0.0585588738322258,0.6490814685821533,0.6520692706108093,0.7281666398048401,0.05454991012811661,cut_roasted_beef_depth_073_cam00_0049
45,"[416, 160, 512, 256]",0.9594114422798157,1.0,0.9675291538238526,cut_roasted_beef,cam00,cam00_0296,296,/leonardo_work/EUHPC_D21_034/proj_adags/repo/adags/refine-logs/depth_occlusion_support/r031_da3_depth_full/depth_npz/cut_roasted_beef/cam00_0296.npz,/leonardo_work/EUHPC_D21_034/proj_adags/data/n3v/cut_roasted_beef/motion_priors/masks/cam00_0296.png,/leonardo_work/EUHPC_D21_034/proj_adags/data/n3v/cut_roasted_beef/flow/cam00_0296.npz,1,0.17736493051052094,0.40231072902679443,0.2892516851425171,0.39574959874153137,0.38859736919403076,0.04553411900997162,0.061765462160110474,0.49546000361442566,0.6697186231613159,0.7420375347137451,0.062071822583675385,cut_roasted_beef_depth_074_cam00_0296
8,"[416, 160, 512, 256]",0.9593251943588257,1.0,0.9674601554870605,cut_roasted_beef,cam00,cam00_0014,14,/leonardo_work/EUHPC_D21_034/proj_adags/repo/adags/refine-logs/depth_occlusion_support/r031_da3_depth_full/depth_npz/cut_roasted_beef/cam00_0014.npz,/leonardo_work/EUHPC_D21_034/proj_adags/data/n3v/cut_roasted_beef/motion_priors/masks/cam00_0014.png,/leonardo_work/EUHPC_D21_034/proj_adags/data/n3v/cut_roasted_beef/flow/cam00_0014.npz,0,0.17885403335094452,0.3854353725910187,0.2931867241859436,0.41273894906044006,0.36125949025154114,0.015755750238895416,0.028938062489032745,0.8988218307495117,0.6573649644851685,0.7301944494247437,0.05079479143023491,cut_roasted_beef_depth_075_cam00_0014
45,"[320, 128, 416, 224]",0.9588895440101624,1.0,0.9671116352081299,cut_roasted_beef,cam00,cam00_0272,272,/leonardo_work/EUHPC_D21_034/proj_adags/repo/adags/refine-logs/depth_occlusion_support/r031_da3_depth_full/depth_npz/cut_roasted_beef/cam00_0272.npz,/leonardo_work/EUHPC_D21_034/proj_adags/data/n3v/cut_roasted_beef/motion_priors/masks/cam00_0272.png,/leonardo_work/EUHPC_D21_034/proj_adags/data/n3v/cut_roasted_beef/flow/cam00_0272.npz,0,0.18439145386219025,0.37252867221832275,0.3197932541370392,0.47977837920188904,0.3869701325893402,0.047036752104759216,0.061033111065626144,0.553161084651947,0.665169894695282,0.7515230774879456,0.054188113659620285,cut_roasted_beef_depth_076_cam00_0272
124,"[368, 144, 464, 240]",0.9588640332221985,1.0,0.9670912265777589,cut_roasted_beef,cam00,cam00_0132,132,/leonardo_work/EUHPC_D21_034/proj_adags/repo/adags/refine-logs/depth_occlusion_support/r031_da3_depth_full/depth_npz/cut_roasted_beef/cam00_0132.npz,/leonardo_work/EUHPC_D21_034/proj_adags/data/n3v/cut_roasted_beef/motion_priors/masks/cam00_0132.png,/leonardo_work/EUHPC_D21_034/proj_adags/data/n3v/cut_roasted_beef/flow/cam00_0132.npz,2,0.18188096582889557,0.329327791929245,0.2512442469596863,0.5207067728042603,0.3913330137729645,0.06285377591848373,0.05716419965028763,0.548521876335144,0.6648284792900085,0.7419324517250061,0.07134437561035156,cut_roasted_beef_depth_077_cam00_0132
96,"[304, 144, 400, 240]",0.9588556885719299,1.0,0.9670845508575441,cut_roasted_beef,cam00,cam00_0222,222,/leonardo_work/EUHPC_D21_034/proj_adags/repo/adags/refine-logs/depth_occlusion_support/r031_da3_depth_full/depth_npz/cut_roasted_beef/cam00_0222.npz,/leonardo_work/EUHPC_D21_034/proj_adags/data/n3v/cut_roasted_beef/motion_priors/masks/cam00_0222.png,/leonardo_work/EUHPC_D21_034/proj_adags/data/n3v/cut_roasted_beef/flow/cam00_0222.npz,1,0.1536758840084076,0.36763525009155273,0.256385862827301,0.459877073764801,0.3820187449455261,0.04187820106744766,0.05057012662291527,0.5221222639083862,0.6632383465766907,0.7547967433929443,0.05688117817044258,cut_roasted_beef_depth_078_cam00_0222
96,"[320, 144, 416, 240]",0.9588556885719299,1.0,0.9670845508575441,cut_roasted_beef,cam00,cam00_0222,222,/leonardo_work/EUHPC_D21_034/proj_adags/repo/adags/refine-logs/depth_occlusion_support/r031_da3_depth_full/depth_npz/cut_roasted_beef/cam00_0222.npz,/leonardo_work/EUHPC_D21_034/proj_adags/data/n3v/cut_roasted_beef/motion_priors/masks/cam00_0222.png,/leonardo_work/EUHPC_D21_034/proj_adags/data/n3v/cut_roasted_beef/flow/cam00_0222.npz,2,0.1536758840084076,0.36763525009155273,0.256385862827301,0.459877073764801,0.3820187449455261,0.04187820106744766,0.05057012662291527,0.5221222639083862,0.6632383465766907,0.7547967433929443,0.05688117817044258,cut_roasted_beef_depth_079_cam00_0222
96,"[336, 144, 432, 240]",0.9588556885719299,1.0,0.9670845508575441,cut_roasted_beef,cam00,cam00_0222,222,/leonardo_work/EUHPC_D21_034/proj_adags/repo/adags/refine-logs/depth_occlusion_support/r031_da3_depth_full/depth_npz/cut_roasted_beef/cam00_0222.npz,/leonardo_work/EUHPC_D21_034/proj_adags/data/n3v/cut_roasted_beef/motion_priors/masks/cam00_0222.png,/leonardo_work/EUHPC_D21_034/proj_adags/data/n3v/cut_roasted_beef/flow/cam00_0222.npz,3,0.1536758840084076,0.36763525009155273,0.256385862827301,0.459877073764801,0.3820187449455261,0.04187820106744766,0.05057012662291527,0.5221222639083862,0.6632383465766907,0.7547967433929443,0.05688117817044258,cut_roasted_beef_depth_080_cam00_0222
76,"[304, 160, 400, 256]",0.9588378071784973,1.0,0.967070245742798,cut_roasted_beef,cam00,cam00_0048,48,/leonardo_work/EUHPC_D21_034/proj_adags/repo/adags/refine-logs/depth_occlusion_support/r031_da3_depth_full/depth_npz/cut_roasted_beef/cam00_0048.npz,/leonardo_work/EUHPC_D21_034/proj_adags/data/n3v/cut_roasted_beef/motion_priors/masks/cam00_0048.png,/leonardo_work/EUHPC_D21_034/proj_adags/data/n3v/cut_roasted_beef/flow/cam00_0048.npz,0,0.1839061826467514,0.5347238779067993,0.2991293668746948,0.458395391702652,0.38086259365081787,0.04797917976975441,0.06259993463754654,0.5237824320793152,0.6514244079589844,0.7282336950302124,0.054751235991716385,cut_roasted_beef_depth_081_cam00_0048
59,"[416, 128, 512, 224]",0.958521842956543,1.0,0.9668174743652345,cut_roasted_beef,cam00,cam00_0267,267,/leonardo_work/EUHPC_D21_034/proj_adags/repo/adags/refine-logs/depth_occlusion_support/r031_da3_depth_full/depth_npz/cut_roasted_beef/cam00_0267.npz,/leonardo_work/EUHPC_D21_034/proj_adags/data/n3v/cut_roasted_beef/motion_priors/masks/cam00_0267.png,/leonardo_work/EUHPC_D21_034/proj_adags/data/n3v/cut_roasted_beef/flow/cam00_0267.npz,1,0.18806783854961395,0.37748682498931885,0.31597647070884705,0.47196945548057556,0.38970619440078735,0.05260961875319481,0.05667401850223541,0.5647823810577393,0.6670517921447754,0.7488008141517639,0.05875436216592789,cut_roasted_beef_depth_082_cam00_0267
55,"[368, 128, 464, 224]",0.958505392074585,1.0,0.966804313659668,cut_roasted_beef,cam00,cam00_0248,248,/leonardo_work/EUHPC_D21_034/proj_adags/repo/adags/refine-logs/depth_occlusion_support/r031_da3_depth_full/depth_npz/cut_roasted_beef/cam00_0248.npz,/leonardo_work/EUHPC_D21_034/proj_adags/data/n3v/cut_roasted_beef/motion_priors/masks/cam00_0248.png,/leonardo_work/EUHPC_D21_034/proj_adags/data/n3v/cut_roasted_beef/flow/cam00_0248.npz,0,0.15712295472621918,0.2873978018760681,0.3019305169582367,0.4783220887184143,0.38655728101730347,0.05478041246533394,0.05836630240082741,0.20440168678760529,0.6586545705795288,0.7428690791130066,0.05800742283463478,cut_roasted_beef_depth_083_cam00_0248
62,"[288, 160, 384, 256]",0.958413302898407,1.0,0.9667306423187256,cut_roasted_beef,cam00,cam00_0064,64,/leonardo_work/EUHPC_D21_034/proj_adags/repo/adags/refine-logs/depth_occlusion_support/r031_da3_depth_full/depth_npz/cut_roasted_beef/cam00_0064.npz,/leonardo_work/EUHPC_D21_034/proj_adags/data/n3v/cut_roasted_beef/motion_priors/masks/cam00_0064.png,/leonardo_work/EUHPC_D21_034/proj_adags/data/n3v/cut_roasted_beef/flow/cam00_0064.npz,1,0.18362219631671906,0.3529494106769562,0.3251190781593323,0.4519347548484802,0.372292697429657,0.03185579553246498,0.05250749737024307,0.5682078003883362,0.6578288674354553,0.732131838798523,0.052454978227615356,cut_roasted_beef_depth_084_cam00_0064
29,"[288, 160, 384, 256]",0.9578914642333984,1.0,0.9663131713867188,cut_roasted_beef,cam00,cam00_0049,49,/leonardo_work/EUHPC_D21_034/proj_adags/repo/adags/refine-logs/depth_occlusion_support/r031_da3_depth_full/depth_npz/cut_roasted_beef/cam00_0049.npz,/leonardo_work/EUHPC_D21_034/proj_adags/data/n3v/cut_roasted_beef/motion_priors/masks/cam00_0049.png,/leonardo_work/EUHPC_D21_034/proj_adags/data/n3v/cut_roasted_beef/flow/cam00_0049.npz,1,0.1850423365831375,0.4534516930580139,0.2969658374786377,0.4565400779247284,0.37918198108673096,0.050284188240766525,0.0585588738322258,0.6490814685821533,0.6520692706108093,0.7281666398048401,0.05454991012811661,cut_roasted_beef_depth_085_cam00_0049
26,"[384, 160, 480, 256]",0.9578251242637634,1.0,0.9662600994110109,cut_roasted_beef,cam00,cam00_0085,85,/leonardo_work/EUHPC_D21_034/proj_adags/repo/adags/refine-logs/depth_occlusion_support/r031_da3_depth_full/depth_npz/cut_roasted_beef/cam00_0085.npz,/leonardo_work/EUHPC_D21_034/proj_adags/data/n3v/cut_roasted_beef/motion_priors/masks/cam00_0085.png,/leonardo_work/EUHPC_D21_034/proj_adags/data/n3v/cut_roasted_beef/flow/cam00_0085.npz,0,0.17813779413700104,0.42585518956184387,0.32244253158569336,0.45636245608329773,0.38047659397125244,0.036915142089128494,0.052355777472257614,0.6362055540084839,0.665061891078949,0.7398404479026794,0.05365416780114174,cut_roasted_beef_depth_086_cam00_0085
13,"[272, 144, 368, 240]",0.9575251340866089,1.0,0.9660201072692871,cut_roasted_beef,cam00,cam00_0223,223,/leonardo_work/EUHPC_D21_034/proj_adags/repo/adags/refine-logs/depth_occlusion_support/r031_da3_depth_full/depth_npz/cut_roasted_beef/cam00_0223.npz,/leonardo_work/EUHPC_D21_034/proj_adags/data/n3v/cut_roasted_beef/motion_priors/masks/cam00_0223.png,/leonardo_work/EUHPC_D21_034/proj_adags/data/n3v/cut_roasted_beef/flow/cam00_0223.npz,1,0.15378022193908691,0.44157448410987854,0.2805684506893158,0.45465946197509766,0.38224369287490845,0.0409153513610363,0.052017319947481155,0.4209323823451996,0.6619953513145447,0.7565211057662964,0.056554391980171204,cut_roasted_beef_depth_087_cam00_0223
142,"[304, 144, 400, 240]",0.9571709632873535,1.0,0.965736770629883,cut_roasted_beef,cam00,cam00_0223,223,/leonardo_work/EUHPC_D21_034/proj_adags/repo/adags/refine-logs/depth_occlusion_support/r031_da3_depth_full/depth_npz/cut_roasted_beef/cam00_0223.npz,/leonardo_work/EUHPC_D21_034/proj_adags/data/n3v/cut_roasted_beef/motion_priors/masks/cam00_0223.png,/leonardo_work/EUHPC_D21_034/proj_adags/data/n3v/cut_roasted_beef/flow/cam00_0223.npz,2,0.15378022193908691,0.44157448410987854,0.2805684506893158,0.45465946197509766,0.38224369287490845,0.0409153513610363,0.052017319947481155,0.4209323823451996,0.6619953513145447,0.7565211057662964,0.056554391980171204,cut_roasted_beef_depth_088_cam00_0223
142,"[320, 144, 416, 240]",0.9571709632873535,1.0,0.965736770629883,cut_roasted_beef,cam00,cam00_0223,223,/leonardo_work/EUHPC_D21_034/proj_adags/repo/adags/refine-logs/depth_occlusion_support/r031_da3_depth_full/depth_npz/cut_roasted_beef/cam00_0223.npz,/leonardo_work/EUHPC_D21_034/proj_adags/data/n3v/cut_roasted_beef/motion_priors/masks/cam00_0223.png,/leonardo_work/EUHPC_D21_034/proj_adags/data/n3v/cut_roasted_beef/flow/cam00_0223.npz,3,0.15378022193908691,0.44157448410987854,0.2805684506893158,0.45465946197509766,0.38224369287490845,0.0409153513610363,0.052017319947481155,0.4209323823451996,0.6619953513145447,0.7565211057662964,0.056554391980171204,cut_roasted_beef_depth_089_cam00_0223
77,"[400, 160, 496, 256]",0.9571242928504944,1.0,0.9656994342803955,cut_roasted_beef,cam00,cam00_0132,132,/leonardo_work/EUHPC_D21_034/proj_adags/repo/adags/refine-logs/depth_occlusion_support/r031_da3_depth_full/depth_npz/cut_roasted_beef/cam00_0132.npz,/leonardo_work/EUHPC_D21_034/proj_adags/data/n3v/cut_roasted_beef/motion_priors/masks/cam00_0132.png,/leonardo_work/EUHPC_D21_034/proj_adags/data/n3v/cut_roasted_beef/flow/cam00_0132.npz,3,0.18188096582889557,0.329327791929245,0.2512442469596863,0.5207067728042603,0.3913330137729645,0.06285377591848373,0.05716419965028763,0.548521876335144,0.6648284792900085,0.7419324517250061,0.07134437561035156,cut_roasted_beef_depth_090_cam00_0132
68,"[400, 160, 496, 256]",0.9569534063339233,1.0,0.9655627250671388,cut_roasted_beef,cam00,cam00_0030,30,/leonardo_work/EUHPC_D21_034/proj_adags/repo/adags/refine-logs/depth_occlusion_support/r031_da3_depth_full/depth_npz/cut_roasted_beef/cam00_0030.npz,/leonardo_work/EUHPC_D21_034/proj_adags/data/n3v/cut_roasted_beef/motion_priors/masks/cam00_0030.png,/leonardo_work/EUHPC_D21_034/proj_adags/data/n3v/cut_roasted_beef/flow/cam00_0030.npz,0,0.18175655603408813,0.6199960708618164,0.30708757042884827,0.4515931308269501,0.36777496337890625,0.037291526794433594,0.03039984591305256,0.6399986147880554,0.6535777449607849,0.7277902364730835,0.048139654099941254,cut_roasted_beef_depth_091_cam00_0030
51,"[400, 160, 496, 256]",0.9569422602653503,1.0,0.9655538082122803,cut_roasted_beef,cam00,cam00_0229,229,/leonardo_work/EUHPC_D21_034/proj_adags/repo/adags/refine-logs/depth_occlusion_support/r031_da3_depth_full/depth_npz/cut_roasted_beef/cam00_0229.npz,/leonardo_work/EUHPC_D21_034/proj_adags/data/n3v/cut_roasted_beef/motion_priors/masks/cam00_0229.png,/leonardo_work/EUHPC_D21_034/proj_adags/data/n3v/cut_roasted_beef/flow/cam00_0229.npz,0,0.18654340505599976,0.45252496004104614,0.30018845200538635,0.4874533414840698,0.3814019560813904,0.03873288631439209,0.051267463713884354,0.7068088054656982,0.6647613644599915,0.7542073726654053,0.05308812856674194,cut_roasted_beef_depth_092_cam00_0229
61,"[416, 128, 512, 224]",0.9565718173980713,1.0,0.9652574539184571,cut_roasted_beef,cam00,cam00_0266,266,/leonardo_work/EUHPC_D21_034/proj_adags/repo/adags/refine-logs/depth_occlusion_support/r031_da3_depth_full/depth_npz/cut_roasted_beef/cam00_0266.npz,/leonardo_work/EUHPC_D21_034/proj_adags/data/n3v/cut_roasted_beef/motion_priors/masks/cam00_0266.png,/leonardo_work/EUHPC_D21_034/proj_adags/data/n3v/cut_roasted_beef/flow/cam00_0266.npz,0,0.1875329166650772,0.46323585510253906,0.31586772203445435,0.4703616797924042,0.39061734080314636,0.05940793454647064,0.060481660068035126,0.5940589308738708,0.6651231646537781,0.7469568252563477,0.060207393020391464,cut_roasted_beef_depth_093_cam00_0266
22,"[432, 240, 528, 336]",0.9563618302345276,1.0,0.9650894641876222,cut_roasted_beef,cam00,cam00_0254,254,/leonardo_work/EUHPC_D21_034/proj_adags/repo/adags/refine-logs/depth_occlusion_support/r031_da3_depth_full/depth_npz/cut_roasted_beef/cam00_0254.npz,/leonardo_work/EUHPC_D21_034/proj_adags/data/n3v/cut_roasted_beef/motion_priors/masks/cam00_0254.png,/leonardo_work/EUHPC_D21_034/proj_adags/data/n3v/cut_roasted_beef/flow/cam00_0254.npz,1,0.18443907797336578,0.40903010964393616,0.30569157004356384,0.4955759346485138,0.3906933069229126,0.06527257710695267,0.06357736885547638,0.2894594073295593,0.6612046957015991,0.7439194321632385,0.06186757981777191,cut_roasted_beef_depth_094_cam00_0254
85,"[272, 160, 368, 256]",0.956206202507019,1.0,0.9649649620056153,cut_roasted_beef,cam00,cam00_0294,294,/leonardo_work/EUHPC_D21_034/proj_adags/repo/adags/refine-logs/depth_occlusion_support/r031_da3_depth_full/depth_npz/cut_roasted_beef/cam00_0294.npz,/leonardo_work/EUHPC_D21_034/proj_adags/data/n3v/cut_roasted_beef/motion_priors/masks/cam00_0294.png,/leonardo_work/EUHPC_D21_034/proj_adags/data/n3v/cut_roasted_beef/flow/cam00_0294.npz,1,0.17737895250320435,0.530884861946106,0.2708851099014282,0.3997761011123657,0.3879423141479492,0.04971231147646904,0.05783236026763916,0.5628333687782288,0.6650531888008118,0.7419558167457581,0.05827877297997475,cut_roasted_beef_depth_095_cam00_0294
57,"[304, 144, 400, 240]",0.956069827079773,1.0,0.9648558616638183,cut_roasted_beef,cam00,cam00_0135,135,/leonardo_work/EUHPC_D21_034/proj_adags/repo/adags/refine-logs/depth_occlusion_support/r031_da3_depth_full/depth_npz/cut_roasted_beef/cam00_0135.npz,/leonardo_work/EUHPC_D21_034/proj_adags/data/n3v/cut_roasted_beef/motion_priors/masks/cam00_0135.png,/leonardo_work/EUHPC_D21_034/proj_adags/data/n3v/cut_roasted_beef/flow/cam00_0135.npz,1,0.18254435062408447,0.3773435056209564,0.2833506762981415,0.4952137768268585,0.3824135363101959,0.05328945070505142,0.03208046033978462,0.7261242270469666,0.6648664474487305,0.7430353760719299,0.06192301958799362,cut_roasted_beef_depth_096_cam00_0135
57,"[320, 144, 416, 240]",0.956069827079773,1.0,0.9648558616638183,cut_roasted_beef,cam00,cam00_0135,135,/leonardo_work/EUHPC_D21_034/proj_adags/repo/adags/refine-logs/depth_occlusion_support/r031_da3_depth_full/depth_npz/cut_roasted_beef/cam00_0135.npz,/leonardo_work/EUHPC_D21_034/proj_adags/data/n3v/cut_roasted_beef/motion_priors/masks/cam00_0135.png,/leonardo_work/EUHPC_D21_034/proj_adags/data/n3v/cut_roasted_beef/flow/cam00_0135.npz,2,0.18254435062408447,0.3773435056209564,0.2833506762981415,0.4952137768268585,0.3824135363101959,0.05328945070505142,0.03208046033978462,0.7261242270469666,0.6648664474487305,0.7430353760719299,0.06192301958799362,cut_roasted_beef_depth_097_cam00_0135
57,"[336, 144, 432, 240]",0.956069827079773,1.0,0.9648558616638183,cut_roasted_beef,cam00,cam00_0135,135,/leonardo_work/EUHPC_D21_034/proj_adags/repo/adags/refine-logs/depth_occlusion_support/r031_da3_depth_full/depth_npz/cut_roasted_beef/cam00_0135.npz,/leonardo_work/EUHPC_D21_034/proj_adags/data/n3v/cut_roasted_beef/motion_priors/masks/cam00_0135.png,/leonardo_work/EUHPC_D21_034/proj_adags/data/n3v/cut_roasted_beef/flow/cam00_0135.npz,3,0.18254435062408447,0.3773435056209564,0.2833506762981415,0.4952137768268585,0.3824135363101959,0.05328945070505142,0.03208046033978462,0.7261242270469666,0.6648664474487305,0.7430353760719299,0.06192301958799362,cut_roasted_beef_depth_098_cam00_0135
40,"[448, 240, 544, 336]",0.9560553431510925,1.0,0.9648442745208741,cut_roasted_beef,cam00,cam00_0122,122,/leonardo_work/EUHPC_D21_034/proj_adags/repo/adags/refine-logs/depth_occlusion_support/r031_da3_depth_full/depth_npz/cut_roasted_beef/cam00_0122.npz,/leonardo_work/EUHPC_D21_034/proj_adags/data/n3v/cut_roasted_beef/motion_priors/masks/cam00_0122.png,/leonardo_work/EUHPC_D21_034/proj_adags/data/n3v/cut_roasted_beef/flow/cam00_0122.npz,1,0.1810644418001175,0.5343310236930847,0.26920944452285767,0.4107239246368408,0.3901147246360779,0.0559941865503788,0.061339471489191055,0.469970703125,0.6692634224891663,0.7451244592666626,0.0672537162899971,cut_roasted_beef_depth_099_cam00_0122
150,"[64, 304, 160, 400]",0.9558907151222229,1.0,0.9647125720977783,cut_roasted_beef,cam00,cam00_0137,137,/leonardo_work/EUHPC_D21_034/proj_adags/repo/adags/refine-logs/depth_occlusion_support/r031_da3_depth_full/depth_npz/cut_roasted_beef/cam00_0137.npz,/leonardo_work/EUHPC_D21_034/proj_adags/data/n3v/cut_roasted_beef/motion_priors/masks/cam00_0137.png,/leonardo_work/EUHPC_D21_034/proj_adags/data/n3v/cut_roasted_beef/flow/cam00_0137.npz,3,0.18728846311569214,0.5575823783874512,0.29424986243247986,0.4881846010684967,0.3843074142932892,0.05046800523996353,0.04340709373354912,0.4223737418651581,0.6631770730018616,0.743633508682251,0.06111188977956772,cut_roasted_beef_depth_100_cam00_0137
143,"[320, 128, 416, 224]",0.9558516144752502,1.0,0.9646812915802003,cut_roasted_beef,cam00,cam00_0258,258,/leonardo_work/EUHPC_D21_034/proj_adags/repo/adags/refine-logs/depth_occlusion_support/r031_da3_depth_full/depth_npz/cut_roasted_beef/cam00_0258.npz,/leonardo_work/EUHPC_D21_034/proj_adags/data/n3v/cut_roasted_beef/motion_priors/masks/cam00_0258.png,/leonardo_work/EUHPC_D21_034/proj_adags/data/n3v/cut_roasted_beef/flow/cam00_0258.npz,3,0.1879161149263382,0.30346664786338806,0.2971084713935852,0.4858786463737488,0.39661023020744324,0.06646300852298737,0.06987383961677551,0.41701096296310425,0.6629232168197632,0.745357871055603,0.06711074709892273,cut_roasted_beef_depth_101_cam00_0258
60,"[416, 144, 512, 240]",0.9558438062667847,1.0,0.9646750450134278,cut_roasted_beef,cam00,cam00_0288,288,/leonardo_work/EUHPC_D21_034/proj_adags/repo/adags/refine-logs/depth_occlusion_support/r031_da3_depth_full/depth_npz/cut_roasted_beef/cam00_0288.npz,/leonardo_work/EUHPC_D21_034/proj_adags/data/n3v/cut_roasted_beef/motion_priors/masks/cam00_0288.png,/leonardo_work/EUHPC_D21_034/proj_adags/data/n3v/cut_roasted_beef/flow/cam00_0288.npz,0,0.18208634853363037,0.45400696992874146,0.3151981234550476,0.4823022186756134,0.3826308846473694,0.04059148207306862,0.046987149864435196,0.6959198713302612,0.666897177696228,0.7481560111045837,0.05571116879582405,cut_roasted_beef_depth_102_cam00_0288
164,"[368, 144, 464, 240]",0.9558321237564087,1.0,0.964665699005127,cut_roasted_beef,cam00,cam00_0130,130,/leonardo_work/EUHPC_D21_034/proj_adags/repo/adags/refine-logs/depth_occlusion_support/r031_da3_depth_full/depth_npz/cut_roasted_beef/cam00_0130.npz,/leonardo_work/EUHPC_D21_034/proj_adags/data/n3v/cut_roasted_beef/motion_priors/masks/cam00_0130.png,/leonardo_work/EUHPC_D21_034/proj_adags/data/n3v/cut_roasted_beef/flow/cam00_0130.npz,1,0.1810305267572403,0.5504045486450195,0.27695387601852417,0.48706358671188354,0.3934377431869507,0.06387206166982651,0.06398585438728333,0.4157796800136566,0.6652486324310303,0.7431520819664001,0.0699467808008194,cut_roasted_beef_depth_103_cam00_0130
87,"[400, 128, 496, 224]",0.955786406993866,1.0,0.9646291255950927,cut_roasted_beef,cam00,cam00_0272,272,/leonardo_work/EUHPC_D21_034/proj_adags/repo/adags/refine-logs/depth_occlusion_support/r031_da3_depth_full/depth_npz/cut_roasted_beef/cam00_0272.npz,/leonardo_work/EUHPC_D21_034/proj_adags/data/n3v/cut_roasted_beef/motion_priors/masks/cam00_0272.png,/leonardo_work/EUHPC_D21_034/proj_adags/data/n3v/cut_roasted_beef/flow/cam00_0272.npz,1,0.18439145386219025,0.37252867221832275,0.3197932541370392,0.47977837920188904,0.3869701325893402,0.047036752104759216,0.061033111065626144,0.553161084651947,0.665169894695282,0.7515230774879456,0.054188113659620285,cut_roasted_beef_depth_104_cam00_0272
85,"[288, 160, 384, 256]",0.9557589292526245,1.0,0.9646071434020997,cut_roasted_beef,cam00,cam00_0279,279,/leonardo_work/EUHPC_D21_034/proj_adags/repo/adags/refine-logs/depth_occlusion_support/r031_da3_depth_full/depth_npz/cut_roasted_beef/cam00_0279.npz,/leonardo_work/EUHPC_D21_034/proj_adags/data/n3v/cut_roasted_beef/motion_priors/masks/cam00_0279.png,/leonardo_work/EUHPC_D21_034/proj_adags/data/n3v/cut_roasted_beef/flow/cam00_0279.npz,1,0.18080078065395355,0.37106063961982727,0.2517089545726776,0.44021496176719666,0.37998858094215393,0.03655625879764557,0.049528494477272034,0.5458871722221375,0.6643762588500977,0.7509774565696716,0.04532695934176445,cut_roasted_beef_depth_105_cam00_0279
129,"[400, 128, 496, 224]",0.9556970000267029,1.0,0.9645576000213623,cut_roasted_beef,cam00,cam00_0266,266,/leonardo_work/EUHPC_D21_034/proj_adags/repo/adags/refine-logs/depth_occlusion_support/r031_da3_depth_full/depth_npz/cut_roasted_beef/cam00_0266.npz,/leonardo_work/EUHPC_D21_034/proj_adags/data/n3v/cut_roasted_beef/motion_priors/masks/cam00_0266.png,/leonardo_work/EUHPC_D21_034/proj_adags/data/n3v/cut_roasted_beef/flow/cam00_0266.npz,1,0.1875329166650772,0.46323585510253906,0.31586772203445435,0.4703616797924042,0.39061734080314636,0.05940793454647064,0.060481660068035126,0.5940589308738708,0.6651231646537781,0.7469568252563477,0.060207393020391464,cut_roasted_beef_depth_106_cam00_0266
37,"[432, 144, 528, 240]",0.9554492831230164,1.0,0.9643594264984132,cut_roasted_beef,cam00,cam00_0278,278,/leonardo_work/EUHPC_D21_034/proj_adags/repo/adags/refine-logs/depth_occlusion_support/r031_da3_depth_full/depth_npz/cut_roasted_beef/cam00_0278.npz,/leonardo_work/EUHPC_D21_034/proj_adags/data/n3v/cut_roasted_beef/motion_priors/masks/cam00_0278.png,/leonardo_work/EUHPC_D21_034/proj_adags/data/n3v/cut_roasted_beef/flow/cam00_0278.npz,1,0.18125835061073303,0.33801960945129395,0.2564683258533478,0.46154147386550903,0.38005757331848145,0.037577465176582336,0.050190821290016174,0.6674544811248779,0.6635972261428833,0.7478846311569214,0.04903831705451012,cut_roasted_beef_depth_107_cam00_0278
58,"[416, 208, 512, 304]",0.9553054571151733,1.0,0.9642443656921387,cut_roasted_beef,cam00,cam00_0130,130,/leonardo_work/EUHPC_D21_034/proj_adags/repo/adags/refine-logs/depth_occlusion_support/r031_da3_depth_full/depth_npz/cut_roasted_beef/cam00_0130.npz,/leonardo_work/EUHPC_D21_034/proj_adags/data/n3v/cut_roasted_beef/motion_priors/masks/cam00_0130.png,/leonardo_work/EUHPC_D21_034/proj_adags/data/n3v/cut_roasted_beef/flow/cam00_0130.npz,2,0.1810305267572403,0.5504045486450195,0.27695387601852417,0.48706358671188354,0.3934377431869507,0.06387206166982651,0.06398585438728333,0.4157796800136566,0.6652486324310303,0.7431520819664001,0.0699467808008194,cut_roasted_beef_depth_108_cam00_0130
59,"[240, 192, 336, 288]",0.955226719379425,1.0,0.96418137550354,cut_roasted_beef,cam00,cam00_0208,208,/leonardo_work/EUHPC_D21_034/proj_adags/repo/adags/refine-logs/depth_occlusion_support/r031_da3_depth_full/depth_npz/cut_roasted_beef/cam00_0208.npz,/leonardo_work/EUHPC_D21_034/proj_adags/data/n3v/cut_roasted_beef/motion_priors/masks/cam00_0208.png,/leonardo_work/EUHPC_D21_034/proj_adags/data/n3v/cut_roasted_beef/flow/cam00_0208.npz,0,0.18078996241092682,0.3328215479850769,0.31538450717926025,0.4505600929260254,0.3811795711517334,0.04149889573454857,0.05488545075058937,0.5746997594833374,0.6590805649757385,0.7538426518440247,0.054488636553287506,cut_roasted_beef_depth_109_cam00_0208
83,"[432, 240, 528, 336]",0.9551535248756409,1.0,0.9641228199005127,cut_roasted_beef,cam00,cam00_0130,130,/leonardo_work/EUHPC_D21_034/proj_adags/repo/adags/refine-logs/depth_occlusion_support/r031_da3_depth_full/depth_npz/cut_roasted_beef/cam00_0130.npz,/leonardo_work/EUHPC_D21_034/proj_adags/data/n3v/cut_roasted_beef/motion_priors/masks/cam00_0130.png,/leonardo_work/EUHPC_D21_034/proj_adags/data/n3v/cut_roasted_beef/flow/cam00_0130.npz,3,0.1810305267572403,0.5504045486450195,0.27695387601852417,0.48706358671188354,0.3934377431869507,0.06387206166982651,0.06398585438728333,0.4157796800136566,0.6652486324310303,0.7431520819664001,0.0699467808008194,cut_roasted_beef_depth_110_cam00_0130
155,"[304, 144, 400, 240]",0.9547314047813416,1.0,0.9637851238250732,cut_roasted_beef,cam00,cam00_0131,131,/leonardo_work/EUHPC_D21_034/proj_adags/repo/adags/refine-logs/depth_occlusion_support/r031_da3_depth_full/depth_npz/cut_roasted_beef/cam00_0131.npz,/leonardo_work/EUHPC_D21_034/proj_adags/data/n3v/cut_roasted_beef/motion_priors/masks/cam00_0131.png,/leonardo_work/EUHPC_D21_034/proj_adags/data/n3v/cut_roasted_beef/flow/cam00_0131.npz,0,0.1809682995080948,0.39055272936820984,0.2771608829498291,0.48512548208236694,0.3961712121963501,0.06474446505308151,0.06915607303380966,0.42489758133888245,0.6650969386100769,0.7440069913864136,0.06958790123462677,cut_roasted_beef_depth_111_cam00_0131
130,"[368, 128, 464, 224]",0.9545612335205078,1.0,0.9636489868164062,cut_roasted_beef,cam00,cam00_0254,254,/leonardo_work/EUHPC_D21_034/proj_adags/repo/adags/refine-logs/depth_occlusion_support/r031_da3_depth_full/depth_npz/cut_roasted_beef/cam00_0254.npz,/leonardo_work/EUHPC_D21_034/proj_adags/data/n3v/cut_roasted_beef/motion_priors/masks/cam00_0254.png,/leonardo_work/EUHPC_D21_034/proj_adags/data/n3v/cut_roasted_beef/flow/cam00_0254.npz,2,0.18443907797336578,0.40903010964393616,0.30569157004356384,0.4955759346485138,0.3906933069229126,0.06527257710695267,0.06357736885547638,0.2894594073295593,0.6612046957015991,0.7439194321632385,0.06186757981777191,cut_roasted_beef_depth_112_cam00_0254
10,"[400, 160, 496, 256]",0.9544905424118042,1.0,0.9635924339294435,cut_roasted_beef,cam00,cam00_0045,45,/leonardo_work/EUHPC_D21_034/proj_adags/repo/adags/refine-logs/depth_occlusion_support/r031_da3_depth_full/depth_npz/cut_roasted_beef/cam00_0045.npz,/leonardo_work/EUHPC_D21_034/proj_adags/data/n3v/cut_roasted_beef/motion_priors/masks/cam00_0045.png,/leonardo_work/EUHPC_D21_034/proj_adags/data/n3v/cut_roasted_beef/flow/cam00_0045.npz,0,0.18286721408367157,0.3253588080406189,0.2957727611064911,0.4522707760334015,0.37788549065589905,0.034785196185112,0.06762135028839111,0.7791131138801575,0.6529912352561951,0.7281637191772461,0.0481104776263237,cut_roasted_beef_depth_113_cam00_0045
75,"[304, 160, 400, 256]",0.9543076753616333,1.0,0.9634461402893066,cut_roasted_beef,cam00,cam00_0047,47,/leonardo_work/EUHPC_D21_034/proj_adags/repo/adags/refine-logs/depth_occlusion_support/r031_da3_depth_full/depth_npz/cut_roasted_beef/cam00_0047.npz,/leonardo_work/EUHPC_D21_034/proj_adags/data/n3v/cut_roasted_beef/motion_priors/masks/cam00_0047.png,/leonardo_work/EUHPC_D21_034/proj_adags/data/n3v/cut_roasted_beef/flow/cam00_0047.npz,1,0.1768738031387329,0.6458752751350403,0.31113767623901367,0.4162147343158722,0.3730490505695343,0.03806472569704056,0.05156215280294418,0.6504732370376587,0.6517307758331299,0.7275509834289551,0.051956046372652054,cut_roasted_beef_depth_114_cam00_0047
103,"[368, 160, 464, 256]",0.9543066620826721,1.0,0.9634453296661378,cut_roasted_beef,cam00,cam00_0064,64,/leonardo_work/EUHPC_D21_034/proj_adags/repo/adags/refine-logs/depth_occlusion_support/r031_da3_depth_full/depth_npz/cut_roasted_beef/cam00_0064.npz,/leonardo_work/EUHPC_D21_034/proj_adags/data/n3v/cut_roasted_beef/motion_priors/masks/cam00_0064.png,/leonardo_work/EUHPC_D21_034/proj_adags/data/n3v/cut_roasted_beef/flow/cam00_0064.npz,2,0.18362219631671906,0.3529494106769562,0.3251190781593323,0.4519347548484802,0.372292697429657,0.03185579553246498,0.05250749737024307,0.5682078003883362,0.6578288674354553,0.732131838798523,0.052454978227615356,cut_roasted_beef_depth_115_cam00_0064
88,"[336, 128, 432, 224]",0.9539236426353455,1.0,0.9631389141082765,cut_roasted_beef,cam00,cam00_0272,272,/leonardo_work/EUHPC_D21_034/proj_adags/repo/adags/refine-logs/depth_occlusion_support/r031_da3_depth_full/depth_npz/cut_roasted_beef/cam00_0272.npz,/leonardo_work/EUHPC_D21_034/proj_adags/data/n3v/cut_roasted_beef/motion_priors/masks/cam00_0272.png,/leonardo_work/EUHPC_D21_034/proj_adags/data/n3v/cut_roasted_beef/flow/cam00_0272.npz,2,0.18439145386219025,0.37252867221832275,0.3197932541370392,0.47977837920188904,0.3869701325893402,0.047036752104759216,0.061033111065626144,0.553161084651947,0.665169894695282,0.7515230774879456,0.054188113659620285,cut_roasted_beef_depth_116_cam00_0272
40,"[272, 144, 368, 240]",0.9537653923034668,1.0,0.9630123138427735,cut_roasted_beef,cam00,cam00_0226,226,/leonardo_work/EUHPC_D21_034/proj_adags/repo/adags/refine-logs/depth_occlusion_support/r031_da3_depth_full/depth_npz/cut_roasted_beef/cam00_0226.npz,/leonardo_work/EUHPC_D21_034/proj_adags/data/n3v/cut_roasted_beef/motion_priors/masks/cam00_0226.png,/leonardo_work/EUHPC_D21_034/proj_adags/data/n3v/cut_roasted_beef/flow/cam00_0226.npz,0,0.15655477344989777,0.41640907526016235,0.26724761724472046,0.46301591396331787,0.3821750283241272,0.04086574912071228,0.05468996241688728,0.6558360457420349,0.6621295809745789,0.7549484968185425,0.052460815757513046,cut_roasted_beef_depth_117_cam00_0226
80,"[368, 160, 464, 256]",0.9535024762153625,1.0,0.9628019809722901,cut_roasted_beef,cam00,cam00_0049,49,/leonardo_work/EUHPC_D21_034/proj_adags/repo/adags/refine-logs/depth_occlusion_support/r031_da3_depth_full/depth_npz/cut_roasted_beef/cam00_0049.npz,/leonardo_work/EUHPC_D21_034/proj_adags/data/n3v/cut_roasted_beef/motion_priors/masks/cam00_0049.png,/leonardo_work/EUHPC_D21_034/proj_adags/data/n3v/cut_roasted_beef/flow/cam00_0049.npz,2,0.1850423365831375,0.4534516930580139,0.2969658374786377,0.4565400779247284,0.37918198108673096,0.050284188240766525,0.0585588738322258,0.6490814685821533,0.6520692706108093,0.7281666398048401,0.05454991012811661,cut_roasted_beef_depth_118_cam00_0049
132,"[336, 128, 432, 224]",0.9534828662872314,1.0,0.9627862930297852,cut_roasted_beef,cam00,cam00_0266,266,/leonardo_work/EUHPC_D21_034/proj_adags/repo/adags/refine-logs/depth_occlusion_support/r031_da3_depth_full/depth_npz/cut_roasted_beef/cam00_0266.npz,/leonardo_work/EUHPC_D21_034/proj_adags/data/n3v/cut_roasted_beef/motion_priors/masks/cam00_0266.png,/leonardo_work/EUHPC_D21_034/proj_adags/data/n3v/cut_roasted_beef/flow/cam00_0266.npz,2,0.1875329166650772,0.46323585510253906,0.31586772203445435,0.4703616797924042,0.39061734080314636,0.05940793454647064,0.060481660068035126,0.5940589308738708,0.6651231646537781,0.7469568252563477,0.060207393020391464,cut_roasted_beef_depth_119_cam00_0266
78,"[368, 160, 464, 256]",0.9534202218055725,1.0,0.962736177444458,cut_roasted_beef,cam00,cam00_0048,48,/leonardo_work/EUHPC_D21_034/proj_adags/repo/adags/refine-logs/depth_occlusion_support/r031_da3_depth_full/depth_npz/cut_roasted_beef/cam00_0048.npz,/leonardo_work/EUHPC_D21_034/proj_adags/data/n3v/cut_roasted_beef/motion_priors/masks/cam00_0048.png,/leonardo_work/EUHPC_D21_034/proj_adags/data/n3v/cut_roasted_beef/flow/cam00_0048.npz,1,0.1839061826467514,0.5347238779067993,0.2991293668746948,0.458395391702652,0.38086259365081787,0.04797917976975441,0.06259993463754654,0.5237824320793152,0.6514244079589844,0.7282336950302124,0.054751235991716385,cut_roasted_beef_depth_120_cam00_0048
82,"[288, 144, 384, 240]",0.9532641172409058,1.0,0.9626112937927247,cut_roasted_beef,cam00,cam00_0100,100,/leonardo_work/EUHPC_D21_034/proj_adags/repo/adags/refine-logs/depth_occlusion_support/r031_da3_depth_full/depth_npz/cut_roasted_beef/cam00_0100.npz,/leonardo_work/EUHPC_D21_034/proj_adags/data/n3v/cut_roasted_beef/motion_priors/masks/cam00_0100.png,/leonardo_work/EUHPC_D21_034/proj_adags/data/n3v/cut_roasted_beef/flow/cam00_0100.npz,1,0.15502427518367767,0.42285653948783875,0.291276752948761,0.500511646270752,0.3837152123451233,0.047369372099637985,0.05109531804919243,0.7371444702148438,0.6660189032554626,0.7429828643798828,0.06259409338235855,cut_roasted_beef_depth_121_cam00_0100
54,"[384, 160, 480, 256]",0.9530331492424011,1.0,0.962426519393921,cut_roasted_beef,cam00,cam00_0065,65,/leonardo_work/EUHPC_D21_034/proj_adags/repo/adags/refine-logs/depth_occlusion_support/r031_da3_depth_full/depth_npz/cut_roasted_beef/cam00_0065.npz,/leonardo_work/EUHPC_D21_034/proj_adags/data/n3v/cut_roasted_beef/motion_priors/masks/cam00_0065.png,/leonardo_work/EUHPC_D21_034/proj_adags/data/n3v/cut_roasted_beef/flow/cam00_0065.npz,0,0.18550094962120056,0.3820168375968933,0.32384029030799866,0.4537529945373535,0.3718548119068146,0.03220884129405022,0.04718263819813728,0.6170185208320618,0.65815269947052,0.7316912412643433,0.04598928615450859,cut_roasted_beef_depth_122_cam00_0065
117,"[288, 144, 384, 240]",0.9530063271522522,1.0,0.9624050617218018,cut_roasted_beef,cam00,cam00_0125,125,/leonardo_work/EUHPC_D21_034/proj_adags/repo/adags/refine-logs/depth_occlusion_support/r031_da3_depth_full/depth_npz/cut_roasted_beef/cam00_0125.npz,/leonardo_work/EUHPC_D21_034/proj_adags/data/n3v/cut_roasted_beef/motion_priors/masks/cam00_0125.png,/leonardo_work/EUHPC_D21_034/proj_adags/data/n3v/cut_roasted_beef/flow/cam00_0125.npz,0,0.15408669412136078,0.3926973044872284,0.3122546970844269,0.4784470796585083,0.39488229155540466,0.06255324929952621,0.06510043144226074,0.5509902834892273,0.6681751608848572,0.7453082799911499,0.07156320661306381,cut_roasted_beef_depth_123_cam00_0125
88,"[352, 128, 448, 224]",0.9527865052223206,1.0,0.9622292041778564,cut_roasted_beef,cam00,cam00_0248,248,/leonardo_work/EUHPC_D21_034/proj_adags/repo/adags/refine-logs/depth_occlusion_support/r031_da3_depth_full/depth_npz/cut_roasted_beef/cam00_0248.npz,/leonardo_work/EUHPC_D21_034/proj_adags/data/n3v/cut_roasted_beef/motion_priors/masks/cam00_0248.png,/leonardo_work/EUHPC_D21_034/proj_adags/data/n3v/cut_roasted_beef/flow/cam00_0248.npz,1,0.15712295472621918,0.2873978018760681,0.3019305169582367,0.4783220887184143,0.38655728101730347,0.05478041246533394,0.05836630240082741,0.20440168678760529,0.6586545705795288,0.7428690791130066,0.05800742283463478,cut_roasted_beef_depth_124_cam00_0248
61,"[432, 144, 528, 240]",0.9527829885482788,1.0,0.962226390838623,cut_roasted_beef,cam00,cam00_0263,263,/leonardo_work/EUHPC_D21_034/proj_adags/repo/adags/refine-logs/depth_occlusion_support/r031_da3_depth_full/depth_npz/cut_roasted_beef/cam00_0263.npz,/leonardo_work/EUHPC_D21_034/proj_adags/data/n3v/cut_roasted_beef/motion_priors/masks/cam00_0263.png,/leonardo_work/EUHPC_D21_034/proj_adags/data/n3v/cut_roasted_beef/flow/cam00_0263.npz,1,0.18436956405639648,0.4328606128692627,0.2767837345600128,0.4959595799446106,0.39346280694007874,0.06792187690734863,0.06762426346540451,0.42652568221092224,0.6630982756614685,0.7459180951118469,0.06227606534957886,cut_roasted_beef_depth_125_cam00_0263
39,"[400, 160, 496, 256]",0.9526219367980957,1.0,0.9620975494384767,cut_roasted_beef,cam00,cam00_0230,230,/leonardo_work/EUHPC_D21_034/proj_adags/repo/adags/refine-logs/depth_occlusion_support/r031_da3_depth_full/depth_npz/cut_roasted_beef/cam00_0230.npz,/leonardo_work/EUHPC_D21_034/proj_adags/data/n3v/cut_roasted_beef/motion_priors/masks/cam00_0230.png,/leonardo_work/EUHPC_D21_034/proj_adags/data/n3v/cut_roasted_beef/flow/cam00_0230.npz,0,0.18006664514541626,0.36228346824645996,0.26171550154685974,0.37916263937950134,0.38456299901008606,0.03482021018862724,0.06037953868508339,0.6297865509986877,0.6638656258583069,0.7559434175491333,0.05482417717576027,cut_roasted_beef_depth_126_cam00_0230
22,"[272, 160, 368, 256]",0.9523103833198547,1.0,0.9618483066558838,cut_roasted_beef,cam00,cam00_0072,72,/leonardo_work/EUHPC_D21_034/proj_adags/repo/adags/refine-logs/depth_occlusion_support/r031_da3_depth_full/depth_npz/cut_roasted_beef/cam00_0072.npz,/leonardo_work/EUHPC_D21_034/proj_adags/data/n3v/cut_roasted_beef/motion_priors/masks/cam00_0072.png,/leonardo_work/EUHPC_D21_034/proj_adags/data/n3v/cut_roasted_beef/flow/cam00_0072.npz,0,0.18660660088062286,0.35541030764579773,0.3304947316646576,0.4643295109272003,0.374283105134964,0.038659945130348206,0.04286731407046318,0.5758843421936035,0.6608749628067017,0.7328699827194214,0.0516788624227047,cut_roasted_beef_depth_127_cam00_0072
84,"[336, 128, 432, 224]",0.9521562457084656,1.0,0.9617249965667725,cut_roasted_beef,cam00,cam00_0270,270,/leonardo_work/EUHPC_D21_034/proj_adags/repo/adags/refine-logs/depth_occlusion_support/r031_da3_depth_full/depth_npz/cut_roasted_beef/cam00_0270.npz,/leonardo_work/EUHPC_D21_034/proj_adags/data/n3v/cut_roasted_beef/motion_priors/masks/cam00_0270.png,/leonardo_work/EUHPC_D21_034/proj_adags/data/n3v/cut_roasted_beef/flow/cam00_0270.npz,0,0.18537311255931854,0.3372499942779541,0.27077561616897583,0.49917182326316833,0.38708582520484924,0.047538600862026215,0.055670320987701416,0.40955907106399536,0.666275680065155,0.7484973669052124,0.05229450389742851,cut_roasted_beef_depth_128_cam00_0270
55,"[288, 160, 384, 256]",0.9517733454704285,1.0,0.9614186763763428,cut_roasted_beef,cam00,cam00_0063,63,/leonardo_work/EUHPC_D21_034/proj_adags/repo/adags/refine-logs/depth_occlusion_support/r031_da3_depth_full/depth_npz/cut_roasted_beef/cam00_0063.npz,/leonardo_work/EUHPC_D21_034/proj_adags/data/n3v/cut_roasted_beef/motion_priors/masks/cam00_0063.png,/leonardo_work/EUHPC_D21_034/proj_adags/data/n3v/cut_roasted_beef/flow/cam00_0063.npz,0,0.18594734370708466,0.39041638374328613,0.3291914761066437,0.47083786129951477,0.3646630346775055,0.026848966255784035,0.029075196012854576,0.7238629460334778,0.657650887966156,0.7334827184677124,0.047238074243068695,cut_roasted_beef_depth_129_cam00_0063
89,"[352, 128, 448, 224]",0.9515660405158997,1.0,0.9612528324127199,cut_roasted_beef,cam00,cam00_0272,272,/leonardo_work/EUHPC_D21_034/proj_adags/repo/adags/refine-logs/depth_occlusion_support/r031_da3_depth_full/depth_npz/cut_roasted_beef/cam00_0272.npz,/leonardo_work/EUHPC_D21_034/proj_adags/data/n3v/cut_roasted_beef/motion_priors/masks/cam00_0272.png,/leonardo_work/EUHPC_D21_034/proj_adags/data/n3v/cut_roasted_beef/flow/cam00_0272.npz,3,0.18439145386219025,0.37252867221832275,0.3197932541370392,0.47977837920188904,0.3869701325893402,0.047036752104759216,0.061033111065626144,0.553161084651947,0.665169894695282,0.7515230774879456,0.054188113659620285,cut_roasted_beef_depth_130_cam00_0272
47,"[400, 160, 496, 256]",0.95147705078125,1.0,0.961181640625,cut_roasted_beef,cam00,cam00_0099,99,/leonardo_work/EUHPC_D21_034/proj_adags/repo/adags/refine-logs/depth_occlusion_support/r031_da3_depth_full/depth_npz/cut_roasted_beef/cam00_0099.npz,/leonardo_work/EUHPC_D21_034/proj_adags/data/n3v/cut_roasted_beef/motion_priors/masks/cam00_0099.png,/leonardo_work/EUHPC_D21_034/proj_adags/data/n3v/cut_roasted_beef/flow/cam00_0099.npz,0,0.15791663527488708,0.3354506492614746,0.3045659363269806,0.45794498920440674,0.38369515538215637,0.04477550834417343,0.057966575026512146,0.5846813321113586,0.6652661561965942,0.7418537139892578,0.05890900269150734,cut_roasted_beef_depth_131_cam00_0099
16,"[384, 144, 480, 240]",0.9514527916908264,1.0,0.9611622333526613,cut_roasted_beef,cam00,cam00_0218,218,/leonardo_work/EUHPC_D21_034/proj_adags/repo/adags/refine-logs/depth_occlusion_support/r031_da3_depth_full/depth_npz/cut_roasted_beef/cam00_0218.npz,/leonardo_work/EUHPC_D21_034/proj_adags/data/n3v/cut_roasted_beef/motion_priors/masks/cam00_0218.png,/leonardo_work/EUHPC_D21_034/proj_adags/data/n3v/cut_roasted_beef/flow/cam00_0218.npz,0,0.15741737186908722,0.4856482744216919,0.301417738199234,0.4576573371887207,0.385567307472229,0.05076269432902336,0.04521608725190163,0.2944691479206085,0.6618144512176514,0.7564043998718262,0.06367366015911102,cut_roasted_beef_depth_132_cam00_0218
145,"[368, 144, 464, 240]",0.9512798190116882,1.0,0.9610238552093506,cut_roasted_beef,cam00,cam00_0131,131,/leonardo_work/EUHPC_D21_034/proj_adags/repo/adags/refine-logs/depth_occlusion_support/r031_da3_depth_full/depth_npz/cut_roasted_beef/cam00_0131.npz,/leonardo_work/EUHPC_D21_034/proj_adags/data/n3v/cut_roasted_beef/motion_priors/masks/cam00_0131.png,/leonardo_work/EUHPC_D21_034/proj_adags/data/n3v/cut_roasted_beef/flow/cam00_0131.npz,1,0.1809682995080948,0.39055272936820984,0.2771608829498291,0.48512548208236694,0.3961712121963501,0.06474446505308151,0.06915607303380966,0.42489758133888245,0.6650969386100769,0.7440069913864136,0.06958790123462677,cut_roasted_beef_depth_133_cam00_0131
107,"[320, 160, 416, 256]",0.9512714147567749,1.0,0.9610171318054199,cut_roasted_beef,cam00,cam00_0064,64,/leonardo_work/EUHPC_D21_034/proj_adags/repo/adags/refine-logs/depth_occlusion_support/r031_da3_depth_full/depth_npz/cut_roasted_beef/cam00_0064.npz,/leonardo_work/EUHPC_D21_034/proj_adags/data/n3v/cut_roasted_beef/motion_priors/masks/cam00_0064.png,/leonardo_work/EUHPC_D21_034/proj_adags/data/n3v/cut_roasted_beef/flow/cam00_0064.npz,3,0.18362219631671906,0.3529494106769562,0.3251190781593323,0.4519347548484802,0.372292697429657,0.03185579553246498,0.05250749737024307,0.5682078003883362,0.6578288674354553,0.732131838798523,0.052454978227615356,cut_roasted_beef_depth_134_cam00_0064
136,"[304, 128, 400, 224]",0.9512658715248108,1.0,0.9610126972198487,cut_roasted_beef,cam00,cam00_0254,254,/leonardo_work/EUHPC_D21_034/proj_adags/repo/adags/refine-logs/depth_occlusion_support/r031_da3_depth_full/depth_npz/cut_roasted_beef/cam00_0254.npz,/leonardo_work/EUHPC_D21_034/proj_adags/data/n3v/cut_roasted_beef/motion_priors/masks/cam00_0254.png,/leonardo_work/EUHPC_D21_034/proj_adags/data/n3v/cut_roasted_beef/flow/cam00_0254.npz,3,0.18443907797336578,0.40903010964393616,0.30569157004356384,0.4955759346485138,0.3906933069229126,0.06527257710695267,0.06357736885547638,0.2894594073295593,0.6612046957015991,0.7439194321632385,0.06186757981777191,cut_roasted_beef_depth_135_cam00_0254
10,"[400, 144, 496, 240]",0.9509164094924927,1.0,0.9607331275939941,cut_roasted_beef,cam00,cam00_0120,120,/leonardo_work/EUHPC_D21_034/proj_adags/repo/adags/refine-logs/depth_occlusion_support/r031_da3_depth_full/depth_npz/cut_roasted_beef/cam00_0120.npz,/leonardo_work/EUHPC_D21_034/proj_adags/data/n3v/cut_roasted_beef/motion_priors/masks/cam00_0120.png,/leonardo_work/EUHPC_D21_034/proj_adags/data/n3v/cut_roasted_beef/flow/cam00_0120.npz,0,0.18522104620933533,0.5474135875701904,0.30316510796546936,0.4739055931568146,0.39138147234916687,0.05307937413454056,0.06959665566682816,0.34693872928619385,0.6704246997833252,0.7432162761688232,0.0647561326622963,cut_roasted_beef_depth_136_cam00_0120
63,"[192, 240, 288, 336]",0.9509079456329346,1.0,0.9607263565063477,cut_roasted_beef,cam00,cam00_0214,214,/leonardo_work/EUHPC_D21_034/proj_adags/repo/adags/refine-logs/depth_occlusion_support/r031_da3_depth_full/depth_npz/cut_roasted_beef/cam00_0214.npz,/leonardo_work/EUHPC_D21_034/proj_adags/data/n3v/cut_roasted_beef/motion_priors/masks/cam00_0214.png,/leonardo_work/EUHPC_D21_034/proj_adags/data/n3v/cut_roasted_beef/flow/cam00_0214.npz,0,0.1836499571800232,0.5532101988792419,0.30427202582359314,0.46924856305122375,0.38906651735305786,0.05608755350112915,0.062127258628606796,0.3730494976043701,0.6583306789398193,0.7544174194335938,0.06672268360853195,cut_roasted_beef_depth_137_cam00_0214
37,"[288, 160, 384, 256]",0.9508614540100098,1.0,0.9606891632080079,cut_roasted_beef,cam00,cam00_0044,44,/leonardo_work/EUHPC_D21_034/proj_adags/repo/adags/refine-logs/depth_occlusion_support/r031_da3_depth_full/depth_npz/cut_roasted_beef/cam00_0044.npz,/leonardo_work/EUHPC_D21_034/proj_adags/data/n3v/cut_roasted_beef/motion_priors/masks/cam00_0044.png,/leonardo_work/EUHPC_D21_034/proj_adags/data/n3v/cut_roasted_beef/flow/cam00_0044.npz,1,0.1817951798439026,0.41899728775024414,0.2980322241783142,0.447371244430542,0.37410181760787964,0.0317799337208271,0.05454699322581291,0.8353815674781799,0.6529796123504639,0.7288931012153625,0.04734311252832413,cut_roasted_beef_depth_138_cam00_0044
81,"[400, 160, 496, 256]",0.9508493542671204,1.0,0.9606794834136962,cut_roasted_beef,cam00,cam00_0028,28,/leonardo_work/EUHPC_D21_034/proj_adags/repo/adags/refine-logs/depth_occlusion_support/r031_da3_depth_full/depth_npz/cut_roasted_beef/cam00_0028.npz,/leonardo_work/EUHPC_D21_034/proj_adags/data/n3v/cut_roasted_beef/motion_priors/masks/cam00_0028.png,/leonardo_work/EUHPC_D21_034/proj_adags/data/n3v/cut_roasted_beef/flow/cam00_0028.npz,0,0.18030287325382233,0.4525400996208191,0.27795806527137756,0.5112336874008179,0.37435877323150635,0.042333368211984634,0.05060513690114021,0.5534294843673706,0.654785692691803,0.725225567817688,0.04625771567225456,cut_roasted_beef_depth_139_cam00_0028
94,"[288, 144, 384, 240]",0.9507733583450317,1.0,0.9606186866760253,cut_roasted_beef,cam00,cam00_0131,131,/leonardo_work/EUHPC_D21_034/proj_adags/repo/adags/refine-logs/depth_occlusion_support/r031_da3_depth_full/depth_npz/cut_roasted_beef/cam00_0131.npz,/leonardo_work/EUHPC_D21_034/proj_adags/data/n3v/cut_roasted_beef/motion_priors/masks/cam00_0131.png,/leonardo_work/EUHPC_D21_034/proj_adags/data/n3v/cut_roasted_beef/flow/cam00_0131.npz,2,0.1809682995080948,0.39055272936820984,0.2771608829498291,0.48512548208236694,0.3961712121963501,0.06474446505308151,0.06915607303380966,0.42489758133888245,0.6650969386100769,0.7440069913864136,0.06958790123462677,cut_roasted_beef_depth_140_cam00_0131
159,"[320, 144, 416, 240]",0.9507661461830139,1.0,0.9606129169464113,cut_roasted_beef,cam00,cam00_0131,131,/leonardo_work/EUHPC_D21_034/proj_adags/repo/adags/refine-logs/depth_occlusion_support/r031_da3_depth_full/depth_npz/cut_roasted_beef/cam00_0131.npz,/leonardo_work/EUHPC_D21_034/proj_adags/data/n3v/cut_roasted_beef/motion_priors/masks/cam00_0131.png,/leonardo_work/EUHPC_D21_034/proj_adags/data/n3v/cut_roasted_beef/flow/cam00_0131.npz,3,0.1809682995080948,0.39055272936820984,0.2771608829498291,0.48512548208236694,0.3961712121963501,0.06474446505308151,0.06915607303380966,0.42489758133888245,0.6650969386100769,0.7440069913864136,0.06958790123462677,cut_roasted_beef_depth_141_cam00_0131
51,"[384, 160, 480, 256]",0.9507501721382141,1.0,0.9606001377105713,cut_roasted_beef,cam00,cam00_0048,48,/leonardo_work/EUHPC_D21_034/proj_adags/repo/adags/refine-logs/depth_occlusion_support/r031_da3_depth_full/depth_npz/cut_roasted_beef/cam00_0048.npz,/leonardo_work/EUHPC_D21_034/proj_adags/data/n3v/cut_roasted_beef/motion_priors/masks/cam00_0048.png,/leonardo_work/EUHPC_D21_034/proj_adags/data/n3v/cut_roasted_beef/flow/cam00_0048.npz,2,0.1839061826467514,0.5347238779067993,0.2991293668746948,0.458395391702652,0.38086259365081787,0.04797917976975441,0.06259993463754654,0.5237824320793152,0.6514244079589844,0.7282336950302124,0.054751235991716385,cut_roasted_beef_depth_142_cam00_0048
141,"[384, 160, 480, 256]",0.9504616260528564,1.0,0.9603693008422851,cut_roasted_beef,cam00,cam00_0191,191,/leonardo_work/EUHPC_D21_034/proj_adags/repo/adags/refine-logs/depth_occlusion_support/r031_da3_depth_full/depth_npz/cut_roasted_beef/cam00_0191.npz,/leonardo_work/EUHPC_D21_034/proj_adags/data/n3v/cut_roasted_beef/motion_priors/masks/cam00_0191.png,/leonardo_work/EUHPC_D21_034/proj_adags/data/n3v/cut_roasted_beef/flow/cam00_0191.npz,0,0.16105596721172333,0.3636765480041504,0.30267393589019775,0.46927788853645325,0.38954293727874756,0.05110698565840721,0.05936416611075401,0.5875494480133057,0.6694356203079224,0.7474032044410706,0.06305217742919922,cut_roasted_beef_depth_143_cam00_0191
38,"[240, 192, 336, 288]",0.9504597187042236,1.0,0.960367774963379,cut_roasted_beef,cam00,cam00_0092,92,/leonardo_work/EUHPC_D21_034/proj_adags/repo/adags/refine-logs/depth_occlusion_support/r031_da3_depth_full/depth_npz/cut_roasted_beef/cam00_0092.npz,/leonardo_work/EUHPC_D21_034/proj_adags/data/n3v/cut_roasted_beef/motion_priors/masks/cam00_0092.png,/leonardo_work/EUHPC_D21_034/proj_adags/data/n3v/cut_roasted_beef/flow/cam00_0092.npz,0,0.15706168115139008,0.2994752526283264,0.29854243993759155,0.4617476761341095,0.3817749321460724,0.04420071840286255,0.050415486097335815,0.5355584025382996,0.665756344795227,0.7422038316726685,0.06806192547082901,cut_roasted_beef_depth_144_cam00_0092
47,"[240, 192, 336, 288]",0.9504239559173584,1.0,0.9603391647338868,cut_roasted_beef,cam00,cam00_0094,94,/leonardo_work/EUHPC_D21_034/proj_adags/repo/adags/refine-logs/depth_occlusion_support/r031_da3_depth_full/depth_npz/cut_roasted_beef/cam00_0094.npz,/leonardo_work/EUHPC_D21_034/proj_adags/data/n3v/cut_roasted_beef/motion_priors/masks/cam00_0094.png,/leonardo_work/EUHPC_D21_034/proj_adags/data/n3v/cut_roasted_beef/flow/cam00_0094.npz,1,0.1587078720331192,0.358974426984787,0.30741772055625916,0.46025726199150085,0.37969765067100525,0.04085991531610489,0.04878155514597893,0.5932273864746094,0.6663720011711121,0.7420520782470703,0.06369408220052719,cut_roasted_beef_depth_145_cam00_0094
147,"[368, 144, 464, 240]",0.9503667950630188,1.0,0.9602934360504152,cut_roasted_beef,cam00,cam00_0125,125,/leonardo_work/EUHPC_D21_034/proj_adags/repo/adags/refine-logs/depth_occlusion_support/r031_da3_depth_full/depth_npz/cut_roasted_beef/cam00_0125.npz,/leonardo_work/EUHPC_D21_034/proj_adags/data/n3v/cut_roasted_beef/motion_priors/masks/cam00_0125.png,/leonardo_work/EUHPC_D21_034/proj_adags/data/n3v/cut_roasted_beef/flow/cam00_0125.npz,1,0.15408669412136078,0.3926973044872284,0.3122546970844269,0.4784470796585083,0.39488229155540466,0.06255324929952621,0.06510043144226074,0.5509902834892273,0.6681751608848572,0.7453082799911499,0.07156320661306381,cut_roasted_beef_depth_146_cam00_0125
50,"[384, 144, 480, 240]",0.9501506090164185,1.0,0.9601204872131348,cut_roasted_beef,cam00,cam00_0101,101,/leonardo_work/EUHPC_D21_034/proj_adags/repo/adags/refine-logs/depth_occlusion_support/r031_da3_depth_full/depth_npz/cut_roasted_beef/cam00_0101.npz,/leonardo_work/EUHPC_D21_034/proj_adags/data/n3v/cut_roasted_beef/motion_priors/masks/cam00_0101.png,/leonardo_work/EUHPC_D21_034/proj_adags/data/n3v/cut_roasted_beef/flow/cam00_0101.npz,0,0.17986176908016205,0.38474783301353455,0.27056750655174255,0.49117448925971985,0.3816964626312256,0.04743940010666847,0.04083657264709473,0.5203774571418762,0.6651144623756409,0.7436627149581909,0.062171027064323425,cut_roasted_beef_depth_147_cam00_0101
103,"[368, 160, 464, 256]",0.9501320719718933,1.0,0.9601056575775146,cut_roasted_beef,cam00,cam00_0045,45,/leonardo_work/EUHPC_D21_034/proj_adags/repo/adags/refine-logs/depth_occlusion_support/r031_da3_depth_full/depth_npz/cut_roasted_beef/cam00_0045.npz,/leonardo_work/EUHPC_D21_034/proj_adags/data/n3v/cut_roasted_beef/motion_priors/masks/cam00_0045.png,/leonardo_work/EUHPC_D21_034/proj_adags/data/n3v/cut_roasted_beef/flow/cam00_0045.npz,1,0.18286721408367157,0.3253588080406189,0.2957727611064911,0.4522707760334015,0.37788549065589905,0.034785196185112,0.06762135028839111,0.7791131138801575,0.6529912352561951,0.7281637191772461,0.0481104776263237,cut_roasted_beef_depth_148_cam00_0045
136,"[352, 128, 448, 224]",0.9498845338821411,1.0,0.959907627105713,cut_roasted_beef,cam00,cam00_0266,266,/leonardo_work/EUHPC_D21_034/proj_adags/repo/adags/refine-logs/depth_occlusion_support/r031_da3_depth_full/depth_npz/cut_roasted_beef/cam00_0266.npz,/leonardo_work/EUHPC_D21_034/proj_adags/data/n3v/cut_roasted_beef/motion_priors/masks/cam00_0266.png,/leonardo_work/EUHPC_D21_034/proj_adags/data/n3v/cut_roasted_beef/flow/cam00_0266.npz,3,0.1875329166650772,0.46323585510253906,0.31586772203445435,0.4703616797924042,0.39061734080314636,0.05940793454647064,0.060481660068035126,0.5940589308738708,0.6651231646537781,0.7469568252563477,0.060207393020391464,cut_roasted_beef_depth_149_cam00_0266
60,"[288, 160, 384, 256]",0.9498481750488281,1.0,0.9598785400390626,cut_roasted_beef,cam00,cam00_0186,186,/leonardo_work/EUHPC_D21_034/proj_adags/repo/adags/refine-logs/depth_occlusion_support/r031_da3_depth_full/depth_npz/cut_roasted_beef/cam00_0186.npz,/leonardo_work/EUHPC_D21_034/proj_adags/data/n3v/cut_roasted_beef/motion_priors/masks/cam00_0186.png,/leonardo_work/EUHPC_D21_034/proj_adags/data/n3v/cut_roasted_beef/flow/cam00_0186.npz,1,0.18636852502822876,0.3360885977745056,0.311852365732193,0.4930834174156189,0.40088701248168945,0.06597282737493515,0.08507813513278961,0.29550784826278687,0.6678600311279297,0.7479546666145325,0.06368240714073181,cut_roasted_beef_depth_150_cam00_0186
56,"[256, 160, 352, 256]",0.9498228430747986,1.0,0.959858274459839,cut_roasted_beef,cam00,cam00_0228,228,/leonardo_work/EUHPC_D21_034/proj_adags/repo/adags/refine-logs/depth_occlusion_support/r031_da3_depth_full/depth_npz/cut_roasted_beef/cam00_0228.npz,/leonardo_work/EUHPC_D21_034/proj_adags/data/n3v/cut_roasted_beef/motion_priors/masks/cam00_0228.png,/leonardo_work/EUHPC_D21_034/proj_adags/data/n3v/cut_roasted_beef/flow/cam00_0228.npz,0,0.18605300784111023,0.6093832850456238,0.30505675077438354,0.4925037622451782,0.38188791275024414,0.04100288450717926,0.052667975425720215,0.6827404499053955,0.6641778349876404,0.7531628012657166,0.05660107731819153,cut_roasted_beef_depth_151_cam00_0228
14,"[272, 160, 368, 256]",0.9498186111450195,1.0,0.9598548889160157,cut_roasted_beef,cam00,cam00_0160,160,/leonardo_work/EUHPC_D21_034/proj_adags/repo/adags/refine-logs/depth_occlusion_support/r031_da3_depth_full/depth_npz/cut_roasted_beef/cam00_0160.npz,/leonardo_work/EUHPC_D21_034/proj_adags/data/n3v/cut_roasted_beef/motion_priors/masks/cam00_0160.png,/leonardo_work/EUHPC_D21_034/proj_adags/data/n3v/cut_roasted_beef/flow/cam00_0160.npz,0,0.15467217564582825,0.5083901286125183,0.26192277669906616,0.5159550905227661,0.39900609850883484,0.07120431959629059,0.07649417221546173,0.418306440114975,0.6656162738800049,0.745993971824646,0.06541554629802704,cut_roasted_beef_depth_152_cam00_0160
60,"[304, 128, 400, 224]",0.9490416049957275,1.0,0.959233283996582,cut_roasted_beef,cam00,cam00_0246,246,/leonardo_work/EUHPC_D21_034/proj_adags/repo/adags/refine-logs/depth_occlusion_support/r031_da3_depth_full/depth_npz/cut_roasted_beef/cam00_0246.npz,/leonardo_work/EUHPC_D21_034/proj_adags/data/n3v/cut_roasted_beef/motion_priors/masks/cam00_0246.png,/leonardo_work/EUHPC_D21_034/proj_adags/data/n3v/cut_roasted_beef/flow/cam00_0246.npz,2,0.1585690677165985,0.5581226348876953,0.2582542896270752,0.4717525243759155,0.38268837332725525,0.049152106046676636,0.05611089617013931,0.3017576336860657,0.6583832502365112,0.7437881231307983,0.057648543268442154,cut_roasted_beef_depth_153_cam00_0246
60,"[320, 128, 416, 224]",0.9490416049957275,1.0,0.959233283996582,cut_roasted_beef,cam00,cam00_0246,246,/leonardo_work/EUHPC_D21_034/proj_adags/repo/adags/refine-logs/depth_occlusion_support/r031_da3_depth_full/depth_npz/cut_roasted_beef/cam00_0246.npz,/leonardo_work/EUHPC_D21_034/proj_adags/data/n3v/cut_roasted_beef/motion_priors/masks/cam00_0246.png,/leonardo_work/EUHPC_D21_034/proj_adags/data/n3v/cut_roasted_beef/flow/cam00_0246.npz,3,0.1585690677165985,0.5581226348876953,0.2582542896270752,0.4717525243759155,0.38268837332725525,0.049152106046676636,0.05611089617013931,0.3017576336860657,0.6583832502365112,0.7437881231307983,0.057648543268442154,cut_roasted_beef_depth_154_cam00_0246
20,"[368, 144, 464, 240]",0.9490148425102234,1.0,0.9592118740081788,cut_roasted_beef,cam00,cam00_0216,216,/leonardo_work/EUHPC_D21_034/proj_adags/repo/adags/refine-logs/depth_occlusion_support/r031_da3_depth_full/depth_npz/cut_roasted_beef/cam00_0216.npz,/leonardo_work/EUHPC_D21_034/proj_adags/data/n3v/cut_roasted_beef/motion_priors/masks/cam00_0216.png,/leonardo_work/EUHPC_D21_034/proj_adags/data/n3v/cut_roasted_beef/flow/cam00_0216.npz,0,0.18006160855293274,0.5286025404930115,0.3039012551307678,0.46070489287376404,0.3929154574871063,0.055396053940057755,0.06682480871677399,0.16024182736873627,0.6614847779273987,0.7560192942619324,0.06645717471837997,cut_roasted_beef_depth_155_cam00_0216
70,"[384, 160, 480, 256]",0.9489971995353699,1.0,0.9591977596282959,cut_roasted_beef,cam00,cam00_0045,45,/leonardo_work/EUHPC_D21_034/proj_adags/repo/adags/refine-logs/depth_occlusion_support/r031_da3_depth_full/depth_npz/cut_roasted_beef/cam00_0045.npz,/leonardo_work/EUHPC_D21_034/proj_adags/data/n3v/cut_roasted_beef/motion_priors/masks/cam00_0045.png,/leonardo_work/EUHPC_D21_034/proj_adags/data/n3v/cut_roasted_beef/flow/cam00_0045.npz,2,0.18286721408367157,0.3253588080406189,0.2957727611064911,0.4522707760334015,0.37788549065589905,0.034785196185112,0.06762135028839111,0.7791131138801575,0.6529912352561951,0.7281637191772461,0.0481104776263237,cut_roasted_beef_depth_156_cam00_0045
37,"[432, 224, 528, 320]",0.9489758610725403,1.0,0.9591806888580323,cut_roasted_beef,cam00,cam00_0128,128,/leonardo_work/EUHPC_D21_034/proj_adags/repo/adags/refine-logs/depth_occlusion_support/r031_da3_depth_full/depth_npz/cut_roasted_beef/cam00_0128.npz,/leonardo_work/EUHPC_D21_034/proj_adags/data/n3v/cut_roasted_beef/motion_priors/masks/cam00_0128.png,/leonardo_work/EUHPC_D21_034/proj_adags/data/n3v/cut_roasted_beef/flow/cam00_0128.npz,1,0.180617555975914,0.5273521542549133,0.2655121684074402,0.4387720823287964,0.3952083885669708,0.06545347720384598,0.06452855467796326,0.610255241394043,0.6675478219985962,0.7445204854011536,0.06966376304626465,cut_roasted_beef_depth_157_cam00_0128
87,"[384, 144, 480, 240]",0.9489712119102478,1.0,0.9591769695281982,cut_roasted_beef,cam00,cam00_0128,128,/leonardo_work/EUHPC_D21_034/proj_adags/repo/adags/refine-logs/depth_occlusion_support/r031_da3_depth_full/depth_npz/cut_roasted_beef/cam00_0128.npz,/leonardo_work/EUHPC_D21_034/proj_adags/data/n3v/cut_roasted_beef/motion_priors/masks/cam00_0128.png,/leonardo_work/EUHPC_D21_034/proj_adags/data/n3v/cut_roasted_beef/flow/cam00_0128.npz,2,0.180617555975914,0.5273521542549133,0.2655121684074402,0.4387720823287964,0.3952083885669708,0.06545347720384598,0.06452855467796326,0.610255241394043,0.6675478219985962,0.7445204854011536,0.06966376304626465,cut_roasted_beef_depth_158_cam00_0128
26,"[320, 128, 416, 224]",0.9489313960075378,1.0,0.9591451168060303,cut_roasted_beef,cam00,cam00_0278,278,/leonardo_work/EUHPC_D21_034/proj_adags/repo/adags/refine-logs/depth_occlusion_support/r031_da3_depth_full/depth_npz/cut_roasted_beef/cam00_0278.npz,/leonardo_work/EUHPC_D21_034/proj_adags/data/n3v/cut_roasted_beef/motion_priors/masks/cam00_0278.png,/leonardo_work/EUHPC_D21_034/proj_adags/data/n3v/cut_roasted_beef/flow/cam00_0278.npz,2,0.18125835061073303,0.33801960945129395,0.2564683258533478,0.46154147386550903,0.38005757331848145,0.037577465176582336,0.050190821290016174,0.6674544811248779,0.6635972261428833,0.7478846311569214,0.04903831705451012,cut_roasted_beef_depth_159_cam00_0278
53,"[304, 128, 400, 224]",0.9489155411720276,1.0,0.9591324329376221,cut_roasted_beef,cam00,cam00_0261,261,/leonardo_work/EUHPC_D21_034/proj_adags/repo/adags/refine-logs/depth_occlusion_support/r031_da3_depth_full/depth_npz/cut_roasted_beef/cam00_0261.npz,/leonardo_work/EUHPC_D21_034/proj_adags/data/n3v/cut_roasted_beef/motion_priors/masks/cam00_0261.png,/leonardo_work/EUHPC_D21_034/proj_adags/data/n3v/cut_roasted_beef/flow/cam00_0261.npz,1,0.18435876071453094,0.47410568594932556,0.25472351908683777,0.4864341914653778,0.40022438764572144,0.07052449136972427,0.07507031410932541,0.4268028736114502,0.6630136370658875,0.7479634284973145,0.06713992357254028,cut_roasted_beef_depth_160_cam00_0261
82,"[320, 160, 416, 256]",0.9487385749816895,1.0,0.9589908599853516,cut_roasted_beef,cam00,cam00_0049,49,/leonardo_work/EUHPC_D21_034/proj_adags/repo/adags/refine-logs/depth_occlusion_support/r031_da3_depth_full/depth_npz/cut_roasted_beef/cam00_0049.npz,/leonardo_work/EUHPC_D21_034/proj_adags/data/n3v/cut_roasted_beef/motion_priors/masks/cam00_0049.png,/leonardo_work/EUHPC_D21_034/proj_adags/data/n3v/cut_roasted_beef/flow/cam00_0049.npz,3,0.1850423365831375,0.4534516930580139,0.2969658374786377,0.4565400779247284,0.37918198108673096,0.050284188240766525,0.0585588738322258,0.6490814685821533,0.6520692706108093,0.7281666398048401,0.05454991012811661,cut_roasted_beef_depth_161_cam00_0049
126,"[400, 128, 496, 224]",0.9487287998199463,1.0,0.9589830398559571,cut_roasted_beef,cam00,cam00_0264,264,/leonardo_work/EUHPC_D21_034/proj_adags/repo/adags/refine-logs/depth_occlusion_support/r031_da3_depth_full/depth_npz/cut_roasted_beef/cam00_0264.npz,/leonardo_work/EUHPC_D21_034/proj_adags/data/n3v/cut_roasted_beef/motion_priors/masks/cam00_0264.png,/leonardo_work/EUHPC_D21_034/proj_adags/data/n3v/cut_roasted_beef/flow/cam00_0264.npz,1,0.18433211743831635,0.4983975291252136,0.3257521390914917,0.471000999212265,0.39609774947166443,0.06690358370542526,0.07392073422670364,0.3338526785373688,0.6640932559967041,0.7467291951179504,0.06479115039110184,cut_roasted_beef_depth_162_cam00_0264
24,"[272, 160, 368, 256]",0.9486902356147766,1.0,0.9589521884918213,cut_roasted_beef,cam00,cam00_0075,75,/leonardo_work/EUHPC_D21_034/proj_adags/repo/adags/refine-logs/depth_occlusion_support/r031_da3_depth_full/depth_npz/cut_roasted_beef/cam00_0075.npz,/leonardo_work/EUHPC_D21_034/proj_adags/data/n3v/cut_roasted_beef/motion_priors/masks/cam00_0075.png,/leonardo_work/EUHPC_D21_034/proj_adags/data/n3v/cut_roasted_beef/flow/cam00_0075.npz,0,0.17662207782268524,0.5935924053192139,0.26464152336120605,0.4694371819496155,0.37045785784721375,0.02927360124886036,0.035669270902872086,0.816964864730835,0.6618407368659973,0.7342471480369568,0.05260961875319481,cut_roasted_beef_depth_163_cam00_0075
23,"[272, 160, 368, 256]",0.948678731918335,1.0,0.9589429855346681,cut_roasted_beef,cam00,cam00_0074,74,/leonardo_work/EUHPC_D21_034/proj_adags/repo/adags/refine-logs/depth_occlusion_support/r031_da3_depth_full/depth_npz/cut_roasted_beef/cam00_0074.npz,/leonardo_work/EUHPC_D21_034/proj_adags/data/n3v/cut_roasted_beef/motion_priors/masks/cam00_0074.png,/leonardo_work/EUHPC_D21_034/proj_adags/data/n3v/cut_roasted_beef/flow/cam00_0074.npz,0,0.1763390749692917,0.5813629031181335,0.25144994258880615,0.46744081377983093,0.3749639689922333,0.03533664718270302,0.04123922064900398,0.7372874617576599,0.6606678366661072,0.7358577251434326,0.05184517428278923,cut_roasted_beef_depth_164_cam00_0074
190,"[304, 144, 400, 240]",0.9486599564552307,1.0,0.9589279651641847,cut_roasted_beef,cam00,cam00_0125,125,/leonardo_work/EUHPC_D21_034/proj_adags/repo/adags/refine-logs/depth_occlusion_support/r031_da3_depth_full/depth_npz/cut_roasted_beef/cam00_0125.npz,/leonardo_work/EUHPC_D21_034/proj_adags/data/n3v/cut_roasted_beef/motion_priors/masks/cam00_0125.png,/leonardo_work/EUHPC_D21_034/proj_adags/data/n3v/cut_roasted_beef/flow/cam00_0125.npz,2,0.15408669412136078,0.3926973044872284,0.3122546970844269,0.4784470796585083,0.39488229155540466,0.06255324929952621,0.06510043144226074,0.5509902834892273,0.6681751608848572,0.7453082799911499,0.07156320661306381,cut_roasted_beef_depth_165_cam00_0125
119,"[432, 240, 528, 336]",0.9486254453659058,1.0,0.9589003562927247,cut_roasted_beef,cam00,cam00_0128,128,/leonardo_work/EUHPC_D21_034/proj_adags/repo/adags/refine-logs/depth_occlusion_support/r031_da3_depth_full/depth_npz/cut_roasted_beef/cam00_0128.npz,/leonardo_work/EUHPC_D21_034/proj_adags/data/n3v/cut_roasted_beef/motion_priors/masks/cam00_0128.png,/leonardo_work/EUHPC_D21_034/proj_adags/data/n3v/cut_roasted_beef/flow/cam00_0128.npz,3,0.180617555975914,0.5273521542549133,0.2655121684074402,0.4387720823287964,0.3952083885669708,0.06545347720384598,0.06452855467796326,0.610255241394043,0.6675478219985962,0.7445204854011536,0.06966376304626465,cut_roasted_beef_depth_166_cam00_0128
54,"[368, 128, 464, 224]",0.948544979095459,1.0,0.9588359832763673,cut_roasted_beef,cam00,cam00_0247,247,/leonardo_work/EUHPC_D21_034/proj_adags/repo/adags/refine-logs/depth_occlusion_support/r031_da3_depth_full/depth_npz/cut_roasted_beef/cam00_0247.npz,/leonardo_work/EUHPC_D21_034/proj_adags/data/n3v/cut_roasted_beef/motion_priors/masks/cam00_0247.png,/leonardo_work/EUHPC_D21_034/proj_adags/data/n3v/cut_roasted_beef/flow/cam00_0247.npz,0,0.15929149091243744,0.4011378586292267,0.26477956771850586,0.47449564933776855,0.38346216082572937,0.05141334980726242,0.05515679717063904,0.24630030989646912,0.6587158441543579,0.7443775534629822,0.05944294482469559,cut_roasted_beef_depth_167_cam00_0247
157,"[432, 160, 528, 256]",0.9484334588050842,1.0,0.9587467670440675,cut_roasted_beef,cam00,cam00_0263,263,/leonardo_work/EUHPC_D21_034/proj_adags/repo/adags/refine-logs/depth_occlusion_support/r031_da3_depth_full/depth_npz/cut_roasted_beef/cam00_0263.npz,/leonardo_work/EUHPC_D21_034/proj_adags/data/n3v/cut_roasted_beef/motion_priors/masks/cam00_0263.png,/leonardo_work/EUHPC_D21_034/proj_adags/data/n3v/cut_roasted_beef/flow/cam00_0263.npz,2,0.18436956405639648,0.4328606128692627,0.2767837345600128,0.4959595799446106,0.39346280694007874,0.06792187690734863,0.06762426346540451,0.42652568221092224,0.6630982756614685,0.7459180951118469,0.06227606534957886,cut_roasted_beef_depth_168_cam00_0263
91,"[400, 160, 496, 256]",0.9482646584510803,1.0,0.9586117267608643,cut_roasted_beef,cam00,cam00_0159,159,/leonardo_work/EUHPC_D21_034/proj_adags/repo/adags/refine-logs/depth_occlusion_support/r031_da3_depth_full/depth_npz/cut_roasted_beef/cam00_0159.npz,/leonardo_work/EUHPC_D21_034/proj_adags/data/n3v/cut_roasted_beef/motion_priors/masks/cam00_0159.png,/leonardo_work/EUHPC_D21_034/proj_adags/data/n3v/cut_roasted_beef/flow/cam00_0159.npz,0,0.18380996584892273,0.5241724252700806,0.31485944986343384,0.45576992630958557,0.3987487852573395,0.0730133131146431,0.07067621499300003,0.46982482075691223,0.6645134091377258,0.7464549541473389,0.06314846873283386,cut_roasted_beef_depth_169_cam00_0159
80,"[320, 160, 416, 256]",0.9481525421142578,1.0,0.9585220336914062,cut_roasted_beef,cam00,cam00_0047,47,/leonardo_work/EUHPC_D21_034/proj_adags/repo/adags/refine-logs/depth_occlusion_support/r031_da3_depth_full/depth_npz/cut_roasted_beef/cam00_0047.npz,/leonardo_work/EUHPC_D21_034/proj_adags/data/n3v/cut_roasted_beef/motion_priors/masks/cam00_0047.png,/leonardo_work/EUHPC_D21_034/proj_adags/data/n3v/cut_roasted_beef/flow/cam00_0047.npz,2,0.1768738031387329,0.6458752751350403,0.31113767623901367,0.4162147343158722,0.3730490505695343,0.03806472569704056,0.05156215280294418,0.6504732370376587,0.6517307758331299,0.7275509834289551,0.051956046372652054,cut_roasted_beef_depth_170_cam00_0047
80,"[336, 160, 432, 256]",0.9481525421142578,1.0,0.9585220336914062,cut_roasted_beef,cam00,cam00_0047,47,/leonardo_work/EUHPC_D21_034/proj_adags/repo/adags/refine-logs/depth_occlusion_support/r031_da3_depth_full/depth_npz/cut_roasted_beef/cam00_0047.npz,/leonardo_work/EUHPC_D21_034/proj_adags/data/n3v/cut_roasted_beef/motion_priors/masks/cam00_0047.png,/leonardo_work/EUHPC_D21_034/proj_adags/data/n3v/cut_roasted_beef/flow/cam00_0047.npz,3,0.1768738031387329,0.6458752751350403,0.31113767623901367,0.4162147343158722,0.3730490505695343,0.03806472569704056,0.05156215280294418,0.6504732370376587,0.6517307758331299,0.7275509834289551,0.051956046372652054,cut_roasted_beef_depth_171_cam00_0047
49,"[64, 272, 160, 368]",0.9479944109916687,1.0,0.958395528793335,cut_roasted_beef,cam00,cam00_0263,263,/leonardo_work/EUHPC_D21_034/proj_adags/repo/adags/refine-logs/depth_occlusion_support/r031_da3_depth_full/depth_npz/cut_roasted_beef/cam00_0263.npz,/leonardo_work/EUHPC_D21_034/proj_adags/data/n3v/cut_roasted_beef/motion_priors/masks/cam00_0263.png,/leonardo_work/EUHPC_D21_034/proj_adags/data/n3v/cut_roasted_beef/flow/cam00_0263.npz,3,0.18436956405639648,0.4328606128692627,0.2767837345600128,0.4959595799446106,0.39346280694007874,0.06792187690734863,0.06762426346540451,0.42652568221092224,0.6630982756614685,0.7459180951118469,0.06227606534957886,cut_roasted_beef_depth_172_cam00_0263
83,"[288, 128, 384, 224]",0.9479534029960632,1.0,0.9583627223968507,cut_roasted_beef,cam00,cam00_0248,248,/leonardo_work/EUHPC_D21_034/proj_adags/repo/adags/refine-logs/depth_occlusion_support/r031_da3_depth_full/depth_npz/cut_roasted_beef/cam00_0248.npz,/leonardo_work/EUHPC_D21_034/proj_adags/data/n3v/cut_roasted_beef/motion_priors/masks/cam00_0248.png,/leonardo_work/EUHPC_D21_034/proj_adags/data/n3v/cut_roasted_beef/flow/cam00_0248.npz,2,0.15712295472621918,0.2873978018760681,0.3019305169582367,0.4783220887184143,0.38655728101730347,0.05478041246533394,0.05836630240082741,0.20440168678760529,0.6586545705795288,0.7428690791130066,0.05800742283463478,cut_roasted_beef_depth_173_cam00_0248
105,"[320, 160, 416, 256]",0.9477971196174622,1.0,0.9582376956939698,cut_roasted_beef,cam00,cam00_0045,45,/leonardo_work/EUHPC_D21_034/proj_adags/repo/adags/refine-logs/depth_occlusion_support/r031_da3_depth_full/depth_npz/cut_roasted_beef/cam00_0045.npz,/leonardo_work/EUHPC_D21_034/proj_adags/data/n3v/cut_roasted_beef/motion_priors/masks/cam00_0045.png,/leonardo_work/EUHPC_D21_034/proj_adags/data/n3v/cut_roasted_beef/flow/cam00_0045.npz,3,0.18286721408367157,0.3253588080406189,0.2957727611064911,0.4522707760334015,0.37788549065589905,0.034785196185112,0.06762135028839111,0.7791131138801575,0.6529912352561951,0.7281637191772461,0.0481104776263237,cut_roasted_beef_depth_174_cam00_0045
15,"[288, 144, 384, 240]",0.9476837515830994,1.0,0.9581470012664794,cut_roasted_beef,cam00,cam00_0217,217,/leonardo_work/EUHPC_D21_034/proj_adags/repo/adags/refine-logs/depth_occlusion_support/r031_da3_depth_full/depth_npz/cut_roasted_beef/cam00_0217.npz,/leonardo_work/EUHPC_D21_034/proj_adags/data/n3v/cut_roasted_beef/motion_priors/masks/cam00_0217.png,/leonardo_work/EUHPC_D21_034/proj_adags/data/n3v/cut_roasted_beef/flow/cam00_0217.npz,0,0.18051065504550934,0.3428402841091156,0.2960743010044098,0.4557434916496277,0.38656795024871826,0.05105738714337349,0.0525512658059597,0.17644982039928436,0.660545289516449,0.7559258937835693,0.06299382448196411,cut_roasted_beef_depth_175_cam00_0217
66,"[416, 160, 512, 256]",0.9476460218429565,1.0,0.9581168174743653,cut_roasted_beef,cam00,cam00_0294,294,/leonardo_work/EUHPC_D21_034/proj_adags/repo/adags/refine-logs/depth_occlusion_support/r031_da3_depth_full/depth_npz/cut_roasted_beef/cam00_0294.npz,/leonardo_work/EUHPC_D21_034/proj_adags/data/n3v/cut_roasted_beef/motion_priors/masks/cam00_0294.png,/leonardo_work/EUHPC_D21_034/proj_adags/data/n3v/cut_roasted_beef/flow/cam00_0294.npz,2,0.17737895250320435,0.530884861946106,0.2708851099014282,0.3997761011123657,0.3879423141479492,0.04971231147646904,0.05783236026763916,0.5628333687782288,0.6650531888008118,0.7419558167457581,0.05827877297997475,cut_roasted_beef_depth_176_cam00_0294
115,"[320, 160, 416, 256]",0.9475653767585754,1.0,0.9580523014068605,cut_roasted_beef,cam00,cam00_0044,44,/leonardo_work/EUHPC_D21_034/proj_adags/repo/adags/refine-logs/depth_occlusion_support/r031_da3_depth_full/depth_npz/cut_roasted_beef/cam00_0044.npz,/leonardo_work/EUHPC_D21_034/proj_adags/data/n3v/cut_roasted_beef/motion_priors/masks/cam00_0044.png,/leonardo_work/EUHPC_D21_034/proj_adags/data/n3v/cut_roasted_beef/flow/cam00_0044.npz,2,0.1817951798439026,0.41899728775024414,0.2980322241783142,0.447371244430542,0.37410181760787964,0.0317799337208271,0.05454699322581291,0.8353815674781799,0.6529796123504639,0.7288931012153625,0.04734311252832413,cut_roasted_beef_depth_177_cam00_0044
115,"[336, 160, 432, 256]",0.9475653767585754,1.0,0.9580523014068605,cut_roasted_beef,cam00,cam00_0044,44,/leonardo_work/EUHPC_D21_034/proj_adags/repo/adags/refine-logs/depth_occlusion_support/r031_da3_depth_full/depth_npz/cut_roasted_beef/cam00_0044.npz,/leonardo_work/EUHPC_D21_034/proj_adags/data/n3v/cut_roasted_beef/motion_priors/masks/cam00_0044.png,/leonardo_work/EUHPC_D21_034/proj_adags/data/n3v/cut_roasted_beef/flow/cam00_0044.npz,3,0.1817951798439026,0.41899728775024414,0.2980322241783142,0.447371244430542,0.37410181760787964,0.0317799337208271,0.05454699322581291,0.8353815674781799,0.6529796123504639,0.7288931012153625,0.04734311252832413,cut_roasted_beef_depth_178_cam00_0044
86,"[288, 128, 384, 224]",0.9474943280220032,1.0,0.9579954624176026,cut_roasted_beef,cam00,cam00_0253,253,/leonardo_work/EUHPC_D21_034/proj_adags/repo/adags/refine-logs/depth_occlusion_support/r031_da3_depth_full/depth_npz/cut_roasted_beef/cam00_0253.npz,/leonardo_work/EUHPC_D21_034/proj_adags/data/n3v/cut_roasted_beef/motion_priors/masks/cam00_0253.png,/leonardo_work/EUHPC_D21_034/proj_adags/data/n3v/cut_roasted_beef/flow/cam00_0253.npz,0,0.15446220338344574,0.3394767940044403,0.2863962948322296,0.47643670439720154,0.39507144689559937,0.06510334461927414,0.07680928707122803,0.31314846873283386,0.6607640981674194,0.7440390586853027,0.06351026147603989,cut_roasted_beef_depth_179_cam00_0253
63,"[384, 160, 480, 256]",0.9474038481712341,1.0,0.9579230785369874,cut_roasted_beef,cam00,cam00_0066,66,/leonardo_work/EUHPC_D21_034/proj_adags/repo/adags/refine-logs/depth_occlusion_support/r031_da3_depth_full/depth_npz/cut_roasted_beef/cam00_0066.npz,/leonardo_work/EUHPC_D21_034/proj_adags/data/n3v/cut_roasted_beef/motion_priors/masks/cam00_0066.png,/leonardo_work/EUHPC_D21_034/proj_adags/data/n3v/cut_roasted_beef/flow/cam00_0066.npz,0,0.1825188547372818,0.3966112732887268,0.3230530619621277,0.4603942632675171,0.3689054548740387,0.025783995166420937,0.043564651161432266,0.743023693561554,0.6599442362785339,0.7304337024688721,0.051830586045980453,cut_roasted_beef_depth_180_cam00_0066
47,"[320, 128, 416, 224]",0.9471938610076904,1.0,0.9577550888061523,cut_roasted_beef,cam00,cam00_0273,273,/leonardo_work/EUHPC_D21_034/proj_adags/repo/adags/refine-logs/depth_occlusion_support/r031_da3_depth_full/depth_npz/cut_roasted_beef/cam00_0273.npz,/leonardo_work/EUHPC_D21_034/proj_adags/data/n3v/cut_roasted_beef/motion_priors/masks/cam00_0273.png,/leonardo_work/EUHPC_D21_034/proj_adags/data/n3v/cut_roasted_beef/flow/cam00_0273.npz,0,0.18405070900917053,0.35811159014701843,0.3221229612827301,0.47990238666534424,0.3855094015598297,0.04416278749704361,0.059819333255290985,0.6271780729293823,0.6645017266273499,0.749468982219696,0.05039506033062935,cut_roasted_beef_depth_181_cam00_0273
80,"[64, 272, 160, 368]",0.947058379650116,1.0,0.9576467037200929,cut_roasted_beef,cam00,cam00_0262,262,/leonardo_work/EUHPC_D21_034/proj_adags/repo/adags/refine-logs/depth_occlusion_support/r031_da3_depth_full/depth_npz/cut_roasted_beef/cam00_0262.npz,/leonardo_work/EUHPC_D21_034/proj_adags/data/n3v/cut_roasted_beef/motion_priors/masks/cam00_0262.png,/leonardo_work/EUHPC_D21_034/proj_adags/data/n3v/cut_roasted_beef/flow/cam00_0262.npz,0,0.18430174887180328,0.6005194783210754,0.276589959859848,0.5047775506973267,0.39605623483657837,0.06890806555747986,0.07092130184173584,0.5480812788009644,0.6625789403915405,0.7455533742904663,0.06861045956611633,cut_roasted_beef_depth_182_cam00_0262
195,"[320, 144, 416, 240]",0.9470069408416748,1.0,0.9576055526733398,cut_roasted_beef,cam00,cam00_0125,125,/leonardo_work/EUHPC_D21_034/proj_adags/repo/adags/refine-logs/depth_occlusion_support/r031_da3_depth_full/depth_npz/cut_roasted_beef/cam00_0125.npz,/leonardo_work/EUHPC_D21_034/proj_adags/data/n3v/cut_roasted_beef/motion_priors/masks/cam00_0125.png,/leonardo_work/EUHPC_D21_034/proj_adags/data/n3v/cut_roasted_beef/flow/cam00_0125.npz,3,0.15408669412136078,0.3926973044872284,0.3122546970844269,0.4784470796585083,0.39488229155540466,0.06255324929952621,0.06510043144226074,0.5509902834892273,0.6681751608848572,0.7453082799911499,0.07156320661306381,cut_roasted_beef_depth_183_cam00_0125
80,"[320, 160, 416, 256]",0.9469724893569946,1.0,0.9575779914855957,cut_roasted_beef,cam00,cam00_0048,48,/leonardo_work/EUHPC_D21_034/proj_adags/repo/adags/refine-logs/depth_occlusion_support/r031_da3_depth_full/depth_npz/cut_roasted_beef/cam00_0048.npz,/leonardo_work/EUHPC_D21_034/proj_adags/data/n3v/cut_roasted_beef/motion_priors/masks/cam00_0048.png,/leonardo_work/EUHPC_D21_034/proj_adags/data/n3v/cut_roasted_beef/flow/cam00_0048.npz,3,0.1839061826467514,0.5347238779067993,0.2991293668746948,0.458395391702652,0.38086259365081787,0.04797917976975441,0.06259993463754654,0.5237824320793152,0.6514244079589844,0.7282336950302124,0.054751235991716385,cut_roasted_beef_depth_184_cam00_0048
50,"[272, 144, 368, 240]",0.946735143661499,1.0,0.9573881149291992,cut_roasted_beef,cam00,cam00_0126,126,/leonardo_work/EUHPC_D21_034/proj_adags/repo/adags/refine-logs/depth_occlusion_support/r031_da3_depth_full/depth_npz/cut_roasted_beef/cam00_0126.npz,/leonardo_work/EUHPC_D21_034/proj_adags/data/n3v/cut_roasted_beef/motion_priors/masks/cam00_0126.png,/leonardo_work/EUHPC_D21_034/proj_adags/data/n3v/cut_roasted_beef/flow/cam00_0126.npz,0,0.18057556450366974,0.2752547860145569,0.31355220079421997,0.4828740954399109,0.3959042727947235,0.06345774233341217,0.07065870612859726,0.5237678289413452,0.66740483045578,0.7446780800819397,0.06467152386903763,cut_roasted_beef_depth_185_cam00_0126
128,"[304, 128, 400, 224]",0.94669508934021,1.0,0.9573560714721681,cut_roasted_beef,cam00,cam00_0256,256,/leonardo_work/EUHPC_D21_034/proj_adags/repo/adags/refine-logs/depth_occlusion_support/r031_da3_depth_full/depth_npz/cut_roasted_beef/cam00_0256.npz,/leonardo_work/EUHPC_D21_034/proj_adags/data/n3v/cut_roasted_beef/motion_priors/masks/cam00_0256.png,/leonardo_work/EUHPC_D21_034/proj_adags/data/n3v/cut_roasted_beef/flow/cam00_0256.npz,0,0.18588417768478394,0.2964930534362793,0.30505964159965515,0.457598477602005,0.3895113468170166,0.06490494310855865,0.05754350498318672,0.26918116211891174,0.6619866490364075,0.7459385395050049,0.06314262747764587,cut_roasted_beef_depth_186_cam00_0256
45,"[224, 224, 320, 320]",0.9466699957847595,1.0,0.9573359966278077,cut_roasted_beef,cam00,cam00_0030,30,/leonardo_work/EUHPC_D21_034/proj_adags/repo/adags/refine-logs/depth_occlusion_support/r031_da3_depth_full/depth_npz/cut_roasted_beef/cam00_0030.npz,/leonardo_work/EUHPC_D21_034/proj_adags/data/n3v/cut_roasted_beef/motion_priors/masks/cam00_0030.png,/leonardo_work/EUHPC_D21_034/proj_adags/data/n3v/cut_roasted_beef/flow/cam00_0030.npz,1,0.18175655603408813,0.6199960708618164,0.30708757042884827,0.4515931308269501,0.36777496337890625,0.037291526794433594,0.03039984591305256,0.6399986147880554,0.6535777449607849,0.7277902364730835,0.048139654099941254,cut_roasted_beef_depth_187_cam00_0030
102,"[384, 144, 480, 240]",0.9466691017150879,1.0,0.9573352813720704,cut_roasted_beef,cam00,cam00_0121,121,/leonardo_work/EUHPC_D21_034/proj_adags/repo/adags/refine-logs/depth_occlusion_support/r031_da3_depth_full/depth_npz/cut_roasted_beef/cam00_0121.npz,/leonardo_work/EUHPC_D21_034/proj_adags/data/n3v/cut_roasted_beef/motion_priors/masks/cam00_0121.png,/leonardo_work/EUHPC_D21_034/proj_adags/data/n3v/cut_roasted_beef/flow/cam00_0121.npz,0,0.18601907789707184,0.3541482388973236,0.2969711124897003,0.466621071100235,0.3891741931438446,0.05424938350915909,0.06299091130495071,0.4234912395477295,0.6699257493019104,0.7428252696990967,0.06751339137554169,cut_roasted_beef_depth_188_cam00_0121
76,"[208, 224, 304, 320]",0.9464834332466125,1.0,0.9571867465972901,cut_roasted_beef,cam00,cam00_0107,107,/leonardo_work/EUHPC_D21_034/proj_adags/repo/adags/refine-logs/depth_occlusion_support/r031_da3_depth_full/depth_npz/cut_roasted_beef/cam00_0107.npz,/leonardo_work/EUHPC_D21_034/proj_adags/data/n3v/cut_roasted_beef/motion_priors/masks/cam00_0107.png,/leonardo_work/EUHPC_D21_034/proj_adags/data/n3v/cut_roasted_beef/flow/cam00_0107.npz,0,0.1802416294813156,0.4303051829338074,0.3048059642314911,0.4500504732131958,0.3860236406326294,0.0434187650680542,0.06151745468378067,0.3158853054046631,0.6689103841781616,0.74249267578125,0.05534936860203743,cut_roasted_beef_depth_189_cam00_0107
61,"[384, 144, 480, 240]",0.9462302327156067,1.0,0.9569841861724855,cut_roasted_beef,cam00,cam00_0224,224,/leonardo_work/EUHPC_D21_034/proj_adags/repo/adags/refine-logs/depth_occlusion_support/r031_da3_depth_full/depth_npz/cut_roasted_beef/cam00_0224.npz,/leonardo_work/EUHPC_D21_034/proj_adags/data/n3v/cut_roasted_beef/motion_priors/masks/cam00_0224.png,/leonardo_work/EUHPC_D21_034/proj_adags/data/n3v/cut_roasted_beef/flow/cam00_0224.npz,0,0.18239441514015198,0.30586445331573486,0.26951509714126587,0.4894196093082428,0.37994951009750366,0.040468938648700714,0.047407303005456924,0.6949190497398376,0.6620653867721558,0.7549659609794617,0.05507218465209007,cut_roasted_beef_depth_190_cam00_0224
90,"[304, 128, 400, 224]",0.945913553237915,1.0,0.956730842590332,cut_roasted_beef,cam00,cam00_0248,248,/leonardo_work/EUHPC_D21_034/proj_adags/repo/adags/refine-logs/depth_occlusion_support/r031_da3_depth_full/depth_npz/cut_roasted_beef/cam00_0248.npz,/leonardo_work/EUHPC_D21_034/proj_adags/data/n3v/cut_roasted_beef/motion_priors/masks/cam00_0248.png,/leonardo_work/EUHPC_D21_034/proj_adags/data/n3v/cut_roasted_beef/flow/cam00_0248.npz,3,0.15712295472621918,0.2873978018760681,0.3019305169582367,0.4783220887184143,0.38655728101730347,0.05478041246533394,0.05836630240082741,0.20440168678760529,0.6586545705795288,0.7428690791130066,0.05800742283463478,cut_roasted_beef_depth_191_cam00_0248
26,"[272, 160, 368, 256]",0.9458545446395874,1.0,0.9566836357116699,cut_roasted_beef,cam00,cam00_0159,159,/leonardo_work/EUHPC_D21_034/proj_adags/repo/adags/refine-logs/depth_occlusion_support/r031_da3_depth_full/depth_npz/cut_roasted_beef/cam00_0159.npz,/leonardo_work/EUHPC_D21_034/proj_adags/data/n3v/cut_roasted_beef/motion_priors/masks/cam00_0159.png,/leonardo_work/EUHPC_D21_034/proj_adags/data/n3v/cut_roasted_beef/flow/cam00_0159.npz,1,0.18380996584892273,0.5241724252700806,0.31485944986343384,0.45576992630958557,0.3987487852573395,0.0730133131146431,0.07067621499300003,0.46982482075691223,0.6645134091377258,0.7464549541473389,0.06314846873283386,cut_roasted_beef_depth_192_cam00_0159
87,"[416, 160, 512, 256]",0.9456012845039368,1.0,0.9564810276031495,cut_roasted_beef,cam00,cam00_0293,293,/leonardo_work/EUHPC_D21_034/proj_adags/repo/adags/refine-logs/depth_occlusion_support/r031_da3_depth_full/depth_npz/cut_roasted_beef/cam00_0293.npz,/leonardo_work/EUHPC_D21_034/proj_adags/data/n3v/cut_roasted_beef/motion_priors/masks/cam00_0293.png,/leonardo_work/EUHPC_D21_034/proj_adags/data/n3v/cut_roasted_beef/flow/cam00_0293.npz,1,0.1819639503955841,0.4353122413158417,0.2823939621448517,0.4734727144241333,0.385798841714859,0.04550785943865776,0.05165844038128853,0.6687382459640503,0.6660393476486206,0.7425568699836731,0.055401887744665146,cut_roasted_beef_depth_193_cam00_0293
92,"[384, 128, 480, 224]",0.9455530643463135,1.0,0.9564424514770509,cut_roasted_beef,cam00,cam00_0256,256,/leonardo_work/EUHPC_D21_034/proj_adags/repo/adags/refine-logs/depth_occlusion_support/r031_da3_depth_full/depth_npz/cut_roasted_beef/cam00_0256.npz,/leonardo_work/EUHPC_D21_034/proj_adags/data/n3v/cut_roasted_beef/motion_priors/masks/cam00_0256.png,/leonardo_work/EUHPC_D21_034/proj_adags/data/n3v/cut_roasted_beef/flow/cam00_0256.npz,1,0.18588417768478394,0.2964930534362793,0.30505964159965515,0.457598477602005,0.3895113468170166,0.06490494310855865,0.05754350498318672,0.26918116211891174,0.6619866490364075,0.7459385395050049,0.06314262747764587,cut_roasted_beef_depth_194_cam00_0256
136,"[368, 160, 464, 256]",0.9454420804977417,1.0,0.9563536643981934,cut_roasted_beef,cam00,cam00_0066,66,/leonardo_work/EUHPC_D21_034/proj_adags/repo/adags/refine-logs/depth_occlusion_support/r031_da3_depth_full/depth_npz/cut_roasted_beef/cam00_0066.npz,/leonardo_work/EUHPC_D21_034/proj_adags/data/n3v/cut_roasted_beef/motion_priors/masks/cam00_0066.png,/leonardo_work/EUHPC_D21_034/proj_adags/data/n3v/cut_roasted_beef/flow/cam00_0066.npz,1,0.1825188547372818,0.3966112732887268,0.3230530619621277,0.4603942632675171,0.3689054548740387,0.025783995166420937,0.043564651161432266,0.743023693561554,0.6599442362785339,0.7304337024688721,0.051830586045980453,cut_roasted_beef_depth_195_cam00_0066
72,"[256, 144, 352, 240]",0.9452629089355469,1.0,0.9562103271484375,cut_roasted_beef,cam00,cam00_0243,243,/leonardo_work/EUHPC_D21_034/proj_adags/repo/adags/refine-logs/depth_occlusion_support/r031_da3_depth_full/depth_npz/cut_roasted_beef/cam00_0243.npz,/leonardo_work/EUHPC_D21_034/proj_adags/data/n3v/cut_roasted_beef/motion_priors/masks/cam00_0243.png,/leonardo_work/EUHPC_D21_034/proj_adags/data/n3v/cut_roasted_beef/flow/cam00_0243.npz,0,0.18204528093338013,0.43010836839675903,0.24987603724002838,0.4414511024951935,0.38811516761779785,0.049665626138448715,0.07130061089992523,0.44528377056121826,0.6602418422698975,0.746516227722168,0.062421951442956924,cut_roasted_beef_depth_196_cam00_0243
55,"[400, 144, 496, 240]",0.945231556892395,1.0,0.9561852455139161,cut_roasted_beef,cam00,cam00_0252,252,/leonardo_work/EUHPC_D21_034/proj_adags/repo/adags/refine-logs/depth_occlusion_support/r031_da3_depth_full/depth_npz/cut_roasted_beef/cam00_0252.npz,/leonardo_work/EUHPC_D21_034/proj_adags/data/n3v/cut_roasted_beef/motion_priors/masks/cam00_0252.png,/leonardo_work/EUHPC_D21_034/proj_adags/data/n3v/cut_roasted_beef/flow/cam00_0252.npz,0,0.18364112079143524,0.5175129771232605,0.2815692126750946,0.478706032037735,0.38968053460121155,0.062564916908741,0.06407922506332397,0.30482417345046997,0.6607378125190735,0.744217038154602,0.06376118957996368,cut_roasted_beef_depth_197_cam00_0252
139,"[304, 160, 400, 256]",0.945014238357544,1.0,0.9560113906860352,cut_roasted_beef,cam00,cam00_0066,66,/leonardo_work/EUHPC_D21_034/proj_adags/repo/adags/refine-logs/depth_occlusion_support/r031_da3_depth_full/depth_npz/cut_roasted_beef/cam00_0066.npz,/leonardo_work/EUHPC_D21_034/proj_adags/data/n3v/cut_roasted_beef/motion_priors/masks/cam00_0066.png,/leonardo_work/EUHPC_D21_034/proj_adags/data/n3v/cut_roasted_beef/flow/cam00_0066.npz,2,0.1825188547372818,0.3966112732887268,0.3230530619621277,0.4603942632675171,0.3689054548740387,0.025783995166420937,0.043564651161432266,0.743023693561554,0.6599442362785339,0.7304337024688721,0.051830586045980453,cut_roasted_beef_depth_198_cam00_0066
146,"[336, 128, 432, 224]",0.9448511600494385,1.0,0.9558809280395508,cut_roasted_beef,cam00,cam00_0264,264,/leonardo_work/EUHPC_D21_034/proj_adags/repo/adags/refine-logs/depth_occlusion_support/r031_da3_depth_full/depth_npz/cut_roasted_beef/cam00_0264.npz,/leonardo_work/EUHPC_D21_034/proj_adags/data/n3v/cut_roasted_beef/motion_priors/masks/cam00_0264.png,/leonardo_work/EUHPC_D21_034/proj_adags/data/n3v/cut_roasted_beef/flow/cam00_0264.npz,2,0.18433211743831635,0.4983975291252136,0.3257521390914917,0.471000999212265,0.39609774947166443,0.06690358370542526,0.07392073422670364,0.3338526785373688,0.6640932559967041,0.7467291951179504,0.06479115039110184,cut_roasted_beef_depth_199_cam00_0264
146,"[352, 128, 448, 224]",0.9448511600494385,1.0,0.9558809280395508,cut_roasted_beef,cam00,cam00_0264,264,/leonardo_work/EUHPC_D21_034/proj_adags/repo/adags/refine-logs/depth_occlusion_support/r031_da3_depth_full/depth_npz/cut_roasted_beef/cam00_0264.npz,/leonardo_work/EUHPC_D21_034/proj_adags/data/n3v/cut_roasted_beef/motion_priors/masks/cam00_0264.png,/leonardo_work/EUHPC_D21_034/proj_adags/data/n3v/cut_roasted_beef/flow/cam00_0264.npz,3,0.18433211743831635,0.4983975291252136,0.3257521390914917,0.471000999212265,0.39609774947166443,0.06690358370542526,0.07392073422670364,0.3338526785373688,0.6640932559967041,0.7467291951179504,0.06479115039110184,cut_roasted_beef_depth_200_cam00_0264
25,"[416, 128, 512, 224]",0.9447752237319946,1.0,0.9558201789855958,cut_roasted_beef,cam00,cam00_0274,274,/leonardo_work/EUHPC_D21_034/proj_adags/repo/adags/refine-logs/depth_occlusion_support/r031_da3_depth_full/depth_npz/cut_roasted_beef/cam00_0274.npz,/leonardo_work/EUHPC_D21_034/proj_adags/data/n3v/cut_roasted_beef/motion_priors/masks/cam00_0274.png,/leonardo_work/EUHPC_D21_034/proj_adags/data/n3v/cut_roasted_beef/flow/cam00_0274.npz,0,0.18356458842754364,0.3856109380722046,0.2985190749168396,0.4926847517490387,0.3833116292953491,0.0401013046503067,0.05361039936542511,0.6778357625007629,0.6638072729110718,0.749393105506897,0.05012079328298569,cut_roasted_beef_depth_201_cam00_0274
147,"[320, 128, 416, 224]",0.9446861743927002,1.0,0.9557489395141603,cut_roasted_beef,cam00,cam00_0256,256,/leonardo_work/EUHPC_D21_034/proj_adags/repo/adags/refine-logs/depth_occlusion_support/r031_da3_depth_full/depth_npz/cut_roasted_beef/cam00_0256.npz,/leonardo_work/EUHPC_D21_034/proj_adags/data/n3v/cut_roasted_beef/motion_priors/masks/cam00_0256.png,/leonardo_work/EUHPC_D21_034/proj_adags/data/n3v/cut_roasted_beef/flow/cam00_0256.npz,2,0.18588417768478394,0.2964930534362793,0.30505964159965515,0.457598477602005,0.3895113468170166,0.06490494310855865,0.05754350498318672,0.26918116211891174,0.6619866490364075,0.7459385395050049,0.06314262747764587,cut_roasted_beef_depth_202_cam00_0256
147,"[336, 128, 432, 224]",0.9446861743927002,1.0,0.9557489395141603,cut_roasted_beef,cam00,cam00_0256,256,/leonardo_work/EUHPC_D21_034/proj_adags/repo/adags/refine-logs/depth_occlusion_support/r031_da3_depth_full/depth_npz/cut_roasted_beef/cam00_0256.npz,/leonardo_work/EUHPC_D21_034/proj_adags/data/n3v/cut_roasted_beef/motion_priors/masks/cam00_0256.png,/leonardo_work/EUHPC_D21_034/proj_adags/data/n3v/cut_roasted_beef/flow/cam00_0256.npz,3,0.18588417768478394,0.2964930534362793,0.30505964159965515,0.457598477602005,0.3895113468170166,0.06490494310855865,0.05754350498318672,0.26918116211891174,0.6619866490364075,0.7459385395050049,0.06314262747764587,cut_roasted_beef_depth_203_cam00_0256
26,"[368, 144, 464, 240]",0.9446823596954346,1.0,0.9557458877563476,cut_roasted_beef,cam00,cam00_0217,217,/leonardo_work/EUHPC_D21_034/proj_adags/repo/adags/refine-logs/depth_occlusion_support/r031_da3_depth_full/depth_npz/cut_roasted_beef/cam00_0217.npz,/leonardo_work/EUHPC_D21_034/proj_adags/data/n3v/cut_roasted_beef/motion_priors/masks/cam00_0217.png,/leonardo_work/EUHPC_D21_034/proj_adags/data/n3v/cut_roasted_beef/flow/cam00_0217.npz,1,0.18051065504550934,0.3428402841091156,0.2960743010044098,0.4557434916496277,0.38656795024871826,0.05105738714337349,0.0525512658059597,0.17644982039928436,0.660545289516449,0.7559258937835693,0.06299382448196411,cut_roasted_beef_depth_204_cam00_0217
62,"[208, 224, 304, 320]",0.9446595907211304,1.0,0.9557276725769044,cut_roasted_beef,cam00,cam00_0124,124,/leonardo_work/EUHPC_D21_034/proj_adags/repo/adags/refine-logs/depth_occlusion_support/r031_da3_depth_full/depth_npz/cut_roasted_beef/cam00_0124.npz,/leonardo_work/EUHPC_D21_034/proj_adags/data/n3v/cut_roasted_beef/motion_priors/masks/cam00_0124.png,/leonardo_work/EUHPC_D21_034/proj_adags/data/n3v/cut_roasted_beef/flow/cam00_0124.npz,0,0.18262577056884766,0.5989652872085571,0.3148476481437683,0.48684215545654297,0.3960680365562439,0.059731803834438324,0.07647374272346497,0.5795606970787048,0.6681926250457764,0.7460640072822571,0.06905687600374222,cut_roasted_beef_depth_205_cam00_0124
9,"[288, 128, 384, 224]",0.9442660808563232,1.0,0.9554128646850586,cut_roasted_beef,cam00,cam00_0243,243,/leonardo_work/EUHPC_D21_034/proj_adags/repo/adags/refine-logs/depth_occlusion_support/r031_da3_depth_full/depth_npz/cut_roasted_beef/cam00_0243.npz,/leonardo_work/EUHPC_D21_034/proj_adags/data/n3v/cut_roasted_beef/motion_priors/masks/cam00_0243.png,/leonardo_work/EUHPC_D21_034/proj_adags/data/n3v/cut_roasted_beef/flow/cam00_0243.npz,1,0.18204528093338013,0.43010836839675903,0.24987603724002838,0.4414511024951935,0.38811516761779785,0.049665626138448715,0.07130061089992523,0.44528377056121826,0.6602418422698975,0.746516227722168,0.062421951442956924,cut_roasted_beef_depth_206_cam00_0243
9,"[304, 128, 400, 224]",0.9442660808563232,1.0,0.9554128646850586,cut_roasted_beef,cam00,cam00_0243,243,/leonardo_work/EUHPC_D21_034/proj_adags/repo/adags/refine-logs/depth_occlusion_support/r031_da3_depth_full/depth_npz/cut_roasted_beef/cam00_0243.npz,/leonardo_work/EUHPC_D21_034/proj_adags/data/n3v/cut_roasted_beef/motion_priors/masks/cam00_0243.png,/leonardo_work/EUHPC_D21_034/proj_adags/data/n3v/cut_roasted_beef/flow/cam00_0243.npz,2,0.18204528093338013,0.43010836839675903,0.24987603724002838,0.4414511024951935,0.38811516761779785,0.049665626138448715,0.07130061089992523,0.44528377056121826,0.6602418422698975,0.746516227722168,0.062421951442956924,cut_roasted_beef_depth_207_cam00_0243
9,"[320, 128, 416, 224]",0.9442660808563232,1.0,0.9554128646850586,cut_roasted_beef,cam00,cam00_0243,243,/leonardo_work/EUHPC_D21_034/proj_adags/repo/adags/refine-logs/depth_occlusion_support/r031_da3_depth_full/depth_npz/cut_roasted_beef/cam00_0243.npz,/leonardo_work/EUHPC_D21_034/proj_adags/data/n3v/cut_roasted_beef/motion_priors/masks/cam00_0243.png,/leonardo_work/EUHPC_D21_034/proj_adags/data/n3v/cut_roasted_beef/flow/cam00_0243.npz,3,0.18204528093338013,0.43010836839675903,0.24987603724002838,0.4414511024951935,0.38811516761779785,0.049665626138448715,0.07130061089992523,0.44528377056121826,0.6602418422698975,0.746516227722168,0.062421951442956924,cut_roasted_beef_depth_208_cam00_0243
66,"[400, 160, 496, 256]",0.9441273808479309,1.0,0.9553019046783449,cut_roasted_beef,cam00,cam00_0208,208,/leonardo_work/EUHPC_D21_034/proj_adags/repo/adags/refine-logs/depth_occlusion_support/r031_da3_depth_full/depth_npz/cut_roasted_beef/cam00_0208.npz,/leonardo_work/EUHPC_D21_034/proj_adags/data/n3v/cut_roasted_beef/motion_priors/masks/cam00_0208.png,/leonardo_work/EUHPC_D21_034/proj_adags/data/n3v/cut_roasted_beef/flow/cam00_0208.npz,1,0.18078996241092682,0.3328215479850769,0.31538450717926025,0.4505600929260254,0.3811795711517334,0.04149889573454857,0.05488545075058937,0.5746997594833374,0.6590805649757385,0.7538426518440247,0.054488636553287506,cut_roasted_beef_depth_209_cam00_0208
80,"[384, 144, 480, 240]",0.9440290331840515,1.0,0.9552232265472413,cut_roasted_beef,cam00,cam00_0129,129,/leonardo_work/EUHPC_D21_034/proj_adags/repo/adags/refine-logs/depth_occlusion_support/r031_da3_depth_full/depth_npz/cut_roasted_beef/cam00_0129.npz,/leonardo_work/EUHPC_D21_034/proj_adags/data/n3v/cut_roasted_beef/motion_priors/masks/cam00_0129.png,/leonardo_work/EUHPC_D21_034/proj_adags/data/n3v/cut_roasted_beef/flow/cam00_0129.npz,1,0.1803773045539856,0.380663126707077,0.26523539423942566,0.4136160910129547,0.3933882713317871,0.06464818120002747,0.060087766498327255,0.6033022999763489,0.6663923859596252,0.7438406944274902,0.06559935957193375,cut_roasted_beef_depth_210_cam00_0129
140,"[320, 160, 416, 256]",0.9437500834465027,1.0,0.9550000667572023,cut_roasted_beef,cam00,cam00_0066,66,/leonardo_work/EUHPC_D21_034/proj_adags/repo/adags/refine-logs/depth_occlusion_support/r031_da3_depth_full/depth_npz/cut_roasted_beef/cam00_0066.npz,/leonardo_work/EUHPC_D21_034/proj_adags/data/n3v/cut_roasted_beef/motion_priors/masks/cam00_0066.png,/leonardo_work/EUHPC_D21_034/proj_adags/data/n3v/cut_roasted_beef/flow/cam00_0066.npz,3,0.1825188547372818,0.3966112732887268,0.3230530619621277,0.4603942632675171,0.3689054548740387,0.025783995166420937,0.043564651161432266,0.743023693561554,0.6599442362785339,0.7304337024688721,0.051830586045980453,cut_roasted_beef_depth_211_cam00_0066
50,"[416, 128, 512, 224]",0.9437406063079834,1.0,0.9549924850463867,cut_roasted_beef,cam00,cam00_0270,270,/leonardo_work/EUHPC_D21_034/proj_adags/repo/adags/refine-logs/depth_occlusion_support/r031_da3_depth_full/depth_npz/cut_roasted_beef/cam00_0270.npz,/leonardo_work/EUHPC_D21_034/proj_adags/data/n3v/cut_roasted_beef/motion_priors/masks/cam00_0270.png,/leonardo_work/EUHPC_D21_034/proj_adags/data/n3v/cut_roasted_beef/flow/cam00_0270.npz,1,0.18537311255931854,0.3372499942779541,0.27077561616897583,0.49917182326316833,0.38708582520484924,0.047538600862026215,0.055670320987701416,0.40955907106399536,0.666275680065155,0.7484973669052124,0.05229450389742851,cut_roasted_beef_depth_212_cam00_0270
52,"[384, 160, 480, 256]",0.9436401724815369,1.0,0.9549121379852294,cut_roasted_beef,cam00,cam00_0072,72,/leonardo_work/EUHPC_D21_034/proj_adags/repo/adags/refine-logs/depth_occlusion_support/r031_da3_depth_full/depth_npz/cut_roasted_beef/cam00_0072.npz,/leonardo_work/EUHPC_D21_034/proj_adags/data/n3v/cut_roasted_beef/motion_priors/masks/cam00_0072.png,/leonardo_work/EUHPC_D21_034/proj_adags/data/n3v/cut_roasted_beef/flow/cam00_0072.npz,1,0.18660660088062286,0.35541030764579773,0.3304947316646576,0.4643295109272003,0.374283105134964,0.038659945130348206,0.04286731407046318,0.5758843421936035,0.6608749628067017,0.7328699827194214,0.0516788624227047,cut_roasted_beef_depth_213_cam00_0072
16,"[400, 128, 496, 224]",0.9433284997940063,1.0,0.9546627998352051,cut_roasted_beef,cam00,cam00_0280,280,/leonardo_work/EUHPC_D21_034/proj_adags/repo/adags/refine-logs/depth_occlusion_support/r031_da3_depth_full/depth_npz/cut_roasted_beef/cam00_0280.npz,/leonardo_work/EUHPC_D21_034/proj_adags/data/n3v/cut_roasted_beef/motion_priors/masks/cam00_0280.png,/leonardo_work/EUHPC_D21_034/proj_adags/data/n3v/cut_roasted_beef/flow/cam00_0280.npz,0,0.1819901317358017,0.41990339756011963,0.29552656412124634,0.5059354305267334,0.3802339732646942,0.03500986099243164,0.048238858580589294,0.6998850703239441,0.6639940142631531,0.7497841119766235,0.04683542996644974,cut_roasted_beef_depth_214_cam00_0280
96,"[288, 160, 384, 256]",0.9431986212730408,1.0,0.9545588970184327,cut_roasted_beef,cam00,cam00_0075,75,/leonardo_work/EUHPC_D21_034/proj_adags/repo/adags/refine-logs/depth_occlusion_support/r031_da3_depth_full/depth_npz/cut_roasted_beef/cam00_0075.npz,/leonardo_work/EUHPC_D21_034/proj_adags/data/n3v/cut_roasted_beef/motion_priors/masks/cam00_0075.png,/leonardo_work/EUHPC_D21_034/proj_adags/data/n3v/cut_roasted_beef/flow/cam00_0075.npz,1,0.17662207782268524,0.5935924053192139,0.26464152336120605,0.4694371819496155,0.37045785784721375,0.02927360124886036,0.035669270902872086,0.816964864730835,0.6618407368659973,0.7342471480369568,0.05260961875319481,cut_roasted_beef_depth_215_cam00_0075
131,"[336, 128, 432, 224]",0.9428960084915161,1.0,0.9543168067932128,cut_roasted_beef,cam00,cam00_0267,267,/leonardo_work/EUHPC_D21_034/proj_adags/repo/adags/refine-logs/depth_occlusion_support/r031_da3_depth_full/depth_npz/cut_roasted_beef/cam00_0267.npz,/leonardo_work/EUHPC_D21_034/proj_adags/data/n3v/cut_roasted_beef/motion_priors/masks/cam00_0267.png,/leonardo_work/EUHPC_D21_034/proj_adags/data/n3v/cut_roasted_beef/flow/cam00_0267.npz,2,0.18806783854961395,0.37748682498931885,0.31597647070884705,0.47196945548057556,0.38970619440078735,0.05260961875319481,0.05667401850223541,0.5647823810577393,0.6670517921447754,0.7488008141517639,0.05875436216592789,cut_roasted_beef_depth_216_cam00_0267
131,"[288, 144, 384, 240]",0.9428220391273499,1.0,0.95425763130188,cut_roasted_beef,cam00,cam00_0124,124,/leonardo_work/EUHPC_D21_034/proj_adags/repo/adags/refine-logs/depth_occlusion_support/r031_da3_depth_full/depth_npz/cut_roasted_beef/cam00_0124.npz,/leonardo_work/EUHPC_D21_034/proj_adags/data/n3v/cut_roasted_beef/motion_priors/masks/cam00_0124.png,/leonardo_work/EUHPC_D21_034/proj_adags/data/n3v/cut_roasted_beef/flow/cam00_0124.npz,1,0.18262577056884766,0.5989652872085571,0.3148476481437683,0.48684215545654297,0.3960680365562439,0.059731803834438324,0.07647374272346497,0.5795606970787048,0.6681926250457764,0.7460640072822571,0.06905687600374222,cut_roasted_beef_depth_217_cam00_0124
244,"[272, 176, 368, 272]",0.9424887299537659,1.0,0.9539909839630127,cut_roasted_beef,cam00,cam00_0296,296,/leonardo_work/EUHPC_D21_034/proj_adags/repo/adags/refine-logs/depth_occlusion_support/r031_da3_depth_full/depth_npz/cut_roasted_beef/cam00_0296.npz,/leonardo_work/EUHPC_D21_034/proj_adags/data/n3v/cut_roasted_beef/motion_priors/masks/cam00_0296.png,/leonardo_work/EUHPC_D21_034/proj_adags/data/n3v/cut_roasted_beef/flow/cam00_0296.npz,2,0.17736493051052094,0.40231072902679443,0.2892516851425171,0.39574959874153137,0.38859736919403076,0.04553411900997162,0.061765462160110474,0.49546000361442566,0.6697186231613159,0.7420375347137451,0.062071822583675385,cut_roasted_beef_depth_218_cam00_0296
221,"[416, 240, 512, 336]",0.9423666596412659,1.0,0.9538933277130128,cut_roasted_beef,cam00,cam00_0159,159,/leonardo_work/EUHPC_D21_034/proj_adags/repo/adags/refine-logs/depth_occlusion_support/r031_da3_depth_full/depth_npz/cut_roasted_beef/cam00_0159.npz,/leonardo_work/EUHPC_D21_034/proj_adags/data/n3v/cut_roasted_beef/motion_priors/masks/cam00_0159.png,/leonardo_work/EUHPC_D21_034/proj_adags/data/n3v/cut_roasted_beef/flow/cam00_0159.npz,2,0.18380996584892273,0.5241724252700806,0.31485944986343384,0.45576992630958557,0.3987487852573395,0.0730133131146431,0.07067621499300003,0.46982482075691223,0.6645134091377258,0.7464549541473389,0.06314846873283386,cut_roasted_beef_depth_219_cam00_0159
28,"[400, 160, 496, 256]",0.9423251748085022,1.0,0.9538601398468018,cut_roasted_beef,cam00,cam00_0036,36,/leonardo_work/EUHPC_D21_034/proj_adags/repo/adags/refine-logs/depth_occlusion_support/r031_da3_depth_full/depth_npz/cut_roasted_beef/cam00_0036.npz,/leonardo_work/EUHPC_D21_034/proj_adags/data/n3v/cut_roasted_beef/motion_priors/masks/cam00_0036.png,/leonardo_work/EUHPC_D21_034/proj_adags/data/n3v/cut_roasted_beef/flow/cam00_0036.npz,0,0.1811406910419464,0.25986534357070923,0.3235659897327423,0.45782071352005005,0.3696507513523102,0.027692191302776337,0.04728475958108902,0.7376258969306946,0.651897132396698,0.7294912934303284,0.04445164278149605,cut_roasted_beef_depth_220_cam00_0036
22,"[256, 144, 352, 240]",0.9422215819358826,1.0,0.953777265548706,cut_roasted_beef,cam00,cam00_0234,234,/leonardo_work/EUHPC_D21_034/proj_adags/repo/adags/refine-logs/depth_occlusion_support/r031_da3_depth_full/depth_npz/cut_roasted_beef/cam00_0234.npz,/leonardo_work/EUHPC_D21_034/proj_adags/data/n3v/cut_roasted_beef/motion_priors/masks/cam00_0234.png,/leonardo_work/EUHPC_D21_034/proj_adags/data/n3v/cut_roasted_beef/flow/cam00_0234.npz,0,0.1841212511062622,0.33475950360298157,0.3002068102359772,0.44997403025627136,0.37749966979026794,0.032109636813402176,0.04929507523775101,0.7101321220397949,0.6649743914604187,0.7487658262252808,0.05232660099864006,cut_roasted_beef_depth_221_cam00_0234
64,"[400, 128, 496, 224]",0.9421959519386292,1.0,0.9537567615509033,cut_roasted_beef,cam00,cam00_0274,274,/leonardo_work/EUHPC_D21_034/proj_adags/repo/adags/refine-logs/depth_occlusion_support/r031_da3_depth_full/depth_npz/cut_roasted_beef/cam00_0274.npz,/leonardo_work/EUHPC_D21_034/proj_adags/data/n3v/cut_roasted_beef/motion_priors/masks/cam00_0274.png,/leonardo_work/EUHPC_D21_034/proj_adags/data/n3v/cut_roasted_beef/flow/cam00_0274.npz,1,0.18356458842754364,0.3856109380722046,0.2985190749168396,0.4926847517490387,0.3833116292953491,0.0401013046503067,0.05361039936542511,0.6778357625007629,0.6638072729110718,0.749393105506897,0.05012079328298569,cut_roasted_beef_depth_222_cam00_0274
21,"[384, 160, 480, 256]",0.9421644806861877,1.0,0.9537315845489502,cut_roasted_beef,cam00,cam00_0084,84,/leonardo_work/EUHPC_D21_034/proj_adags/repo/adags/refine-logs/depth_occlusion_support/r031_da3_depth_full/depth_npz/cut_roasted_beef/cam00_0084.npz,/leonardo_work/EUHPC_D21_034/proj_adags/data/n3v/cut_roasted_beef/motion_priors/masks/cam00_0084.png,/leonardo_work/EUHPC_D21_034/proj_adags/data/n3v/cut_roasted_beef/flow/cam00_0084.npz,0,0.17976146936416626,0.4535177946090698,0.295499712228775,0.45473092794418335,0.36905980110168457,0.02354317717254162,0.035707198083400726,0.7593951225280762,0.6646038293838501,0.7386820912361145,0.05541064217686653,cut_roasted_beef_depth_223_cam00_0084
60,"[288, 160, 384, 256]",0.942002534866333,1.0,0.9536020278930664,cut_roasted_beef,cam00,cam00_0035,35,/leonardo_work/EUHPC_D21_034/proj_adags/repo/adags/refine-logs/depth_occlusion_support/r031_da3_depth_full/depth_npz/cut_roasted_beef/cam00_0035.npz,/leonardo_work/EUHPC_D21_034/proj_adags/data/n3v/cut_roasted_beef/motion_priors/masks/cam00_0035.png,/leonardo_work/EUHPC_D21_034/proj_adags/data/n3v/cut_roasted_beef/flow/cam00_0035.npz,0,0.1816805601119995,0.37762436270713806,0.3155643343925476,0.47079533338546753,0.368378609418869,0.03212130814790726,0.047900401055812836,0.6605773568153381,0.6510393023490906,0.7281228303909302,0.04263681173324585,cut_roasted_beef_depth_224_cam00_0035
14,"[272, 128, 368, 224]",0.9419213533401489,1.0,0.9535370826721192,cut_roasted_beef,cam00,cam00_0253,253,/leonardo_work/EUHPC_D21_034/proj_adags/repo/adags/refine-logs/depth_occlusion_support/r031_da3_depth_full/depth_npz/cut_roasted_beef/cam00_0253.npz,/leonardo_work/EUHPC_D21_034/proj_adags/data/n3v/cut_roasted_beef/motion_priors/masks/cam00_0253.png,/leonardo_work/EUHPC_D21_034/proj_adags/data/n3v/cut_roasted_beef/flow/cam00_0253.npz,1,0.15446220338344574,0.3394767940044403,0.2863962948322296,0.47643670439720154,0.39507144689559937,0.06510334461927414,0.07680928707122803,0.31314846873283386,0.6607640981674194,0.7440390586853027,0.06351026147603989,cut_roasted_beef_depth_225_cam00_0253
12,"[288, 144, 384, 240]",0.941737949848175,1.0,0.95339035987854,cut_roasted_beef,cam00,cam00_0216,216,/leonardo_work/EUHPC_D21_034/proj_adags/repo/adags/refine-logs/depth_occlusion_support/r031_da3_depth_full/depth_npz/cut_roasted_beef/cam00_0216.npz,/leonardo_work/EUHPC_D21_034/proj_adags/data/n3v/cut_roasted_beef/motion_priors/masks/cam00_0216.png,/leonardo_work/EUHPC_D21_034/proj_adags/data/n3v/cut_roasted_beef/flow/cam00_0216.npz,1,0.18006160855293274,0.5286025404930115,0.3039012551307678,0.46070489287376404,0.3929154574871063,0.055396053940057755,0.06682480871677399,0.16024182736873627,0.6614847779273987,0.7560192942619324,0.06645717471837997,cut_roasted_beef_depth_226_cam00_0216
43,"[272, 160, 368, 256]",0.9417282938957214,1.0,0.9533826351165773,cut_roasted_beef,cam00,cam00_0209,209,/leonardo_work/EUHPC_D21_034/proj_adags/repo/adags/refine-logs/depth_occlusion_support/r031_da3_depth_full/depth_npz/cut_roasted_beef/cam00_0209.npz,/leonardo_work/EUHPC_D21_034/proj_adags/data/n3v/cut_roasted_beef/motion_priors/masks/cam00_0209.png,/leonardo_work/EUHPC_D21_034/proj_adags/data/n3v/cut_roasted_beef/flow/cam00_0209.npz,0,0.15471287071704865,0.4103628098964691,0.31582707166671753,0.45330876111984253,0.38232725858688354,0.04879322648048401,0.05338573455810547,0.5192862153053284,0.6578259468078613,0.7543240785598755,0.060099437832832336,cut_roasted_beef_depth_227_cam00_0209
68,"[400, 160, 496, 256]",0.9417278170585632,1.0,0.9533822536468506,cut_roasted_beef,cam00,cam00_0191,191,/leonardo_work/EUHPC_D21_034/proj_adags/repo/adags/refine-logs/depth_occlusion_support/r031_da3_depth_full/depth_npz/cut_roasted_beef/cam00_0191.npz,/leonardo_work/EUHPC_D21_034/proj_adags/data/n3v/cut_roasted_beef/motion_priors/masks/cam00_0191.png,/leonardo_work/EUHPC_D21_034/proj_adags/data/n3v/cut_roasted_beef/flow/cam00_0191.npz,1,0.16105596721172333,0.3636765480041504,0.30267393589019775,0.46927788853645325,0.38954293727874756,0.05110698565840721,0.05936416611075401,0.5875494480133057,0.6694356203079224,0.7474032044410706,0.06305217742919922,cut_roasted_beef_depth_228_cam00_0191
135,"[352, 128, 448, 224]",0.9415270686149597,1.0,0.9532216548919679,cut_roasted_beef,cam00,cam00_0267,267,/leonardo_work/EUHPC_D21_034/proj_adags/repo/adags/refine-logs/depth_occlusion_support/r031_da3_depth_full/depth_npz/cut_roasted_beef/cam00_0267.npz,/leonardo_work/EUHPC_D21_034/proj_adags/data/n3v/cut_roasted_beef/motion_priors/masks/cam00_0267.png,/leonardo_work/EUHPC_D21_034/proj_adags/data/n3v/cut_roasted_beef/flow/cam00_0267.npz,3,0.18806783854961395,0.37748682498931885,0.31597647070884705,0.47196945548057556,0.38970619440078735,0.05260961875319481,0.05667401850223541,0.5647823810577393,0.6670517921447754,0.7488008141517639,0.05875436216592789,cut_roasted_beef_depth_229_cam00_0267
119,"[304, 144, 400, 240]",0.9411973357200623,1.0,0.9529578685760498,cut_roasted_beef,cam00,cam00_0100,100,/leonardo_work/EUHPC_D21_034/proj_adags/repo/adags/refine-logs/depth_occlusion_support/r031_da3_depth_full/depth_npz/cut_roasted_beef/cam00_0100.npz,/leonardo_work/EUHPC_D21_034/proj_adags/data/n3v/cut_roasted_beef/motion_priors/masks/cam00_0100.png,/leonardo_work/EUHPC_D21_034/proj_adags/data/n3v/cut_roasted_beef/flow/cam00_0100.npz,2,0.15502427518367767,0.42285653948783875,0.291276752948761,0.500511646270752,0.3837152123451233,0.047369372099637985,0.05109531804919243,0.7371444702148438,0.6660189032554626,0.7429828643798828,0.06259409338235855,cut_roasted_beef_depth_230_cam00_0100
119,"[320, 144, 416, 240]",0.9411973357200623,1.0,0.9529578685760498,cut_roasted_beef,cam00,cam00_0100,100,/leonardo_work/EUHPC_D21_034/proj_adags/repo/adags/refine-logs/depth_occlusion_support/r031_da3_depth_full/depth_npz/cut_roasted_beef/cam00_0100.npz,/leonardo_work/EUHPC_D21_034/proj_adags/data/n3v/cut_roasted_beef/motion_priors/masks/cam00_0100.png,/leonardo_work/EUHPC_D21_034/proj_adags/data/n3v/cut_roasted_beef/flow/cam00_0100.npz,3,0.15502427518367767,0.42285653948783875,0.291276752948761,0.500511646270752,0.3837152123451233,0.047369372099637985,0.05109531804919243,0.7371444702148438,0.6660189032554626,0.7429828643798828,0.06259409338235855,cut_roasted_beef_depth_231_cam00_0100
21,"[304, 144, 400, 240]",0.9411338567733765,1.0,0.9529070854187012,cut_roasted_beef,cam00,cam00_0216,216,/leonardo_work/EUHPC_D21_034/proj_adags/repo/adags/refine-logs/depth_occlusion_support/r031_da3_depth_full/depth_npz/cut_roasted_beef/cam00_0216.npz,/leonardo_work/EUHPC_D21_034/proj_adags/data/n3v/cut_roasted_beef/motion_priors/masks/cam00_0216.png,/leonardo_work/EUHPC_D21_034/proj_adags/data/n3v/cut_roasted_beef/flow/cam00_0216.npz,2,0.18006160855293274,0.5286025404930115,0.3039012551307678,0.46070489287376404,0.3929154574871063,0.055396053940057755,0.06682480871677399,0.16024182736873627,0.6614847779273987,0.7560192942619324,0.06645717471837997,cut_roasted_beef_depth_232_cam00_0216
21,"[320, 144, 416, 240]",0.9411338567733765,1.0,0.9529070854187012,cut_roasted_beef,cam00,cam00_0216,216,/leonardo_work/EUHPC_D21_034/proj_adags/repo/adags/refine-logs/depth_occlusion_support/r031_da3_depth_full/depth_npz/cut_roasted_beef/cam00_0216.npz,/leonardo_work/EUHPC_D21_034/proj_adags/data/n3v/cut_roasted_beef/motion_priors/masks/cam00_0216.png,/leonardo_work/EUHPC_D21_034/proj_adags/data/n3v/cut_roasted_beef/flow/cam00_0216.npz,3,0.18006160855293274,0.5286025404930115,0.3039012551307678,0.46070489287376404,0.3929154574871063,0.055396053940057755,0.06682480871677399,0.16024182736873627,0.6614847779273987,0.7560192942619324,0.06645717471837997,cut_roasted_beef_depth_233_cam00_0216
130,"[304, 160, 400, 256]",0.9409776926040649,1.0,0.952782154083252,cut_roasted_beef,cam00,cam00_0075,75,/leonardo_work/EUHPC_D21_034/proj_adags/repo/adags/refine-logs/depth_occlusion_support/r031_da3_depth_full/depth_npz/cut_roasted_beef/cam00_0075.npz,/leonardo_work/EUHPC_D21_034/proj_adags/data/n3v/cut_roasted_beef/motion_priors/masks/cam00_0075.png,/leonardo_work/EUHPC_D21_034/proj_adags/data/n3v/cut_roasted_beef/flow/cam00_0075.npz,2,0.17662207782268524,0.5935924053192139,0.26464152336120605,0.4694371819496155,0.37045785784721375,0.02927360124886036,0.035669270902872086,0.816964864730835,0.6618407368659973,0.7342471480369568,0.05260961875319481,cut_roasted_beef_depth_234_cam00_0075
130,"[320, 160, 416, 256]",0.9409776926040649,1.0,0.952782154083252,cut_roasted_beef,cam00,cam00_0075,75,/leonardo_work/EUHPC_D21_034/proj_adags/repo/adags/refine-logs/depth_occlusion_support/r031_da3_depth_full/depth_npz/cut_roasted_beef/cam00_0075.npz,/leonardo_work/EUHPC_D21_034/proj_adags/data/n3v/cut_roasted_beef/motion_priors/masks/cam00_0075.png,/leonardo_work/EUHPC_D21_034/proj_adags/data/n3v/cut_roasted_beef/flow/cam00_0075.npz,3,0.17662207782268524,0.5935924053192139,0.26464152336120605,0.4694371819496155,0.37045785784721375,0.02927360124886036,0.035669270902872086,0.816964864730835,0.6618407368659973,0.7342471480369568,0.05260961875319481,cut_roasted_beef_depth_235_cam00_0075
187,"[48, 272, 144, 368]",0.9404596090316772,1.0,0.9523676872253419,cut_roasted_beef,cam00,cam00_0261,261,/leonardo_work/EUHPC_D21_034/proj_adags/repo/adags/refine-logs/depth_occlusion_support/r031_da3_depth_full/depth_npz/cut_roasted_beef/cam00_0261.npz,/leonardo_work/EUHPC_D21_034/proj_adags/data/n3v/cut_roasted_beef/motion_priors/masks/cam00_0261.png,/leonardo_work/EUHPC_D21_034/proj_adags/data/n3v/cut_roasted_beef/flow/cam00_0261.npz,2,0.18435876071453094,0.47410568594932556,0.25472351908683777,0.4864341914653778,0.40022438764572144,0.07052449136972427,0.07507031410932541,0.4268028736114502,0.6630136370658875,0.7479634284973145,0.06713992357254028,cut_roasted_beef_depth_236_cam00_0261
49,"[384, 160, 480, 256]",0.9404429793357849,1.0,0.9523543834686279,cut_roasted_beef,cam00,cam00_0069,69,/leonardo_work/EUHPC_D21_034/proj_adags/repo/adags/refine-logs/depth_occlusion_support/r031_da3_depth_full/depth_npz/cut_roasted_beef/cam00_0069.npz,/leonardo_work/EUHPC_D21_034/proj_adags/data/n3v/cut_roasted_beef/motion_priors/masks/cam00_0069.png,/leonardo_work/EUHPC_D21_034/proj_adags/data/n3v/cut_roasted_beef/flow/cam00_0069.npz,0,0.15795613825321198,0.4205307364463806,0.3192119002342224,0.47160208225250244,0.3643307685852051,0.029226917773485184,0.02599990740418434,0.47520512342453003,0.6567230224609375,0.730340301990509,0.044454559683799744,cut_roasted_beef_depth_237_cam00_0069
196,"[256, 176, 352, 272]",0.9404017925262451,1.0,0.9523214340209962,cut_roasted_beef,cam00,cam00_0101,101,/leonardo_work/EUHPC_D21_034/proj_adags/repo/adags/refine-logs/depth_occlusion_support/r031_da3_depth_full/depth_npz/cut_roasted_beef/cam00_0101.npz,/leonardo_work/EUHPC_D21_034/proj_adags/data/n3v/cut_roasted_beef/motion_priors/masks/cam00_0101.png,/leonardo_work/EUHPC_D21_034/proj_adags/data/n3v/cut_roasted_beef/flow/cam00_0101.npz,1,0.17986176908016205,0.38474783301353455,0.27056750655174255,0.49117448925971985,0.3816964626312256,0.04743940010666847,0.04083657264709473,0.5203774571418762,0.6651144623756409,0.7436627149581909,0.062171027064323425,cut_roasted_beef_depth_238_cam00_0101
67,"[304, 144, 400, 240]",0.9403814077377319,1.0,0.9523051261901856,cut_roasted_beef,cam00,cam00_0220,220,/leonardo_work/EUHPC_D21_034/proj_adags/repo/adags/refine-logs/depth_occlusion_support/r031_da3_depth_full/depth_npz/cut_roasted_beef/cam00_0220.npz,/leonardo_work/EUHPC_D21_034/proj_adags/data/n3v/cut_roasted_beef/motion_priors/masks/cam00_0220.png,/leonardo_work/EUHPC_D21_034/proj_adags/data/n3v/cut_roasted_beef/flow/cam00_0220.npz,1,0.18059121072292328,0.46238890290260315,0.25861310958862305,0.41588839888572693,0.3790549337863922,0.04018300026655197,0.034061599522829056,0.7536705136299133,0.662885308265686,0.7560805678367615,0.06470653414726257,cut_roasted_beef_depth_239_cam00_0220
67,"[320, 144, 416, 240]",0.9403814077377319,1.0,0.9523051261901856,cut_roasted_beef,cam00,cam00_0220,220,/leonardo_work/EUHPC_D21_034/proj_adags/repo/adags/refine-logs/depth_occlusion_support/r031_da3_depth_full/depth_npz/cut_roasted_beef/cam00_0220.npz,/leonardo_work/EUHPC_D21_034/proj_adags/data/n3v/cut_roasted_beef/motion_priors/masks/cam00_0220.png,/leonardo_work/EUHPC_D21_034/proj_adags/data/n3v/cut_roasted_beef/flow/cam00_0220.npz,2,0.18059121072292328,0.46238890290260315,0.25861310958862305,0.41588839888572693,0.3790549337863922,0.04018300026655197,0.034061599522829056,0.7536705136299133,0.662885308265686,0.7560805678367615,0.06470653414726257,cut_roasted_beef_depth_240_cam00_0220
67,"[336, 144, 432, 240]",0.9403814077377319,1.0,0.9523051261901856,cut_roasted_beef,cam00,cam00_0220,220,/leonardo_work/EUHPC_D21_034/proj_adags/repo/adags/refine-logs/depth_occlusion_support/r031_da3_depth_full/depth_npz/cut_roasted_beef/cam00_0220.npz,/leonardo_work/EUHPC_D21_034/proj_adags/data/n3v/cut_roasted_beef/motion_priors/masks/cam00_0220.png,/leonardo_work/EUHPC_D21_034/proj_adags/data/n3v/cut_roasted_beef/flow/cam00_0220.npz,3,0.18059121072292328,0.46238890290260315,0.25861310958862305,0.41588839888572693,0.3790549337863922,0.04018300026655197,0.034061599522829056,0.7536705136299133,0.662885308265686,0.7560805678367615,0.06470653414726257,cut_roasted_beef_depth_241_cam00_0220
82,"[320, 128, 416, 224]",0.9403300285339355,1.0,0.9522640228271484,cut_roasted_beef,cam00,cam00_0265,265,/leonardo_work/EUHPC_D21_034/proj_adags/repo/adags/refine-logs/depth_occlusion_support/r031_da3_depth_full/depth_npz/cut_roasted_beef/cam00_0265.npz,/leonardo_work/EUHPC_D21_034/proj_adags/data/n3v/cut_roasted_beef/motion_priors/masks/cam00_0265.png,/leonardo_work/EUHPC_D21_034/proj_adags/data/n3v/cut_roasted_beef/flow/cam00_0265.npz,0,0.18551433086395264,0.4000701606273651,0.32154586911201477,0.4659636914730072,0.39329102635383606,0.06519962847232819,0.06423386186361313,0.3598117530345917,0.6650910973548889,0.7481092810630798,0.06320390105247498,cut_roasted_beef_depth_242_cam00_0265
63,"[384, 144, 480, 240]",0.9402323961257935,1.0,0.9521859169006348,cut_roasted_beef,cam00,cam00_0226,226,/leonardo_work/EUHPC_D21_034/proj_adags/repo/adags/refine-logs/depth_occlusion_support/r031_da3_depth_full/depth_npz/cut_roasted_beef/cam00_0226.npz,/leonardo_work/EUHPC_D21_034/proj_adags/data/n3v/cut_roasted_beef/motion_priors/masks/cam00_0226.png,/leonardo_work/EUHPC_D21_034/proj_adags/data/n3v/cut_roasted_beef/flow/cam00_0226.npz,1,0.15655477344989777,0.41640907526016235,0.26724761724472046,0.46301591396331787,0.3821750283241272,0.04086574912071228,0.05468996241688728,0.6558360457420349,0.6621295809745789,0.7549484968185425,0.052460815757513046,cut_roasted_beef_depth_243_cam00_0226
132,"[64, 272, 160, 368]",0.9402225613594055,1.0,0.9521780490875245,cut_roasted_beef,cam00,cam00_0257,257,/leonardo_work/EUHPC_D21_034/proj_adags/repo/adags/refine-logs/depth_occlusion_support/r031_da3_depth_full/depth_npz/cut_roasted_beef/cam00_0257.npz,/leonardo_work/EUHPC_D21_034/proj_adags/data/n3v/cut_roasted_beef/motion_priors/masks/cam00_0257.png,/leonardo_work/EUHPC_D21_034/proj_adags/data/n3v/cut_roasted_beef/flow/cam00_0257.npz,0,0.18699485063552856,0.3928414285182953,0.29296278953552246,0.4636026620864868,0.3952292203903198,0.06621500104665756,0.07040778547525406,0.4048294425010681,0.6622375249862671,0.7468488216400146,0.06560811400413513,cut_roasted_beef_depth_244_cam00_0257
137,"[304, 160, 400, 256]",0.9400681257247925,1.0,0.952054500579834,cut_roasted_beef,cam00,cam00_0065,65,/leonardo_work/EUHPC_D21_034/proj_adags/repo/adags/refine-logs/depth_occlusion_support/r031_da3_depth_full/depth_npz/cut_roasted_beef/cam00_0065.npz,/leonardo_work/EUHPC_D21_034/proj_adags/data/n3v/cut_roasted_beef/motion_priors/masks/cam00_0065.png,/leonardo_work/EUHPC_D21_034/proj_adags/data/n3v/cut_roasted_beef/flow/cam00_0065.npz,1,0.18550094962120056,0.3820168375968933,0.32384029030799866,0.4537529945373535,0.3718548119068146,0.03220884129405022,0.04718263819813728,0.6170185208320618,0.65815269947052,0.7316912412643433,0.04598928615450859,cut_roasted_beef_depth_245_cam00_0065
48,"[288, 144, 384, 240]",0.9400410652160645,1.0,0.9520328521728516,cut_roasted_beef,cam00,cam00_0282,282,/leonardo_work/EUHPC_D21_034/proj_adags/repo/adags/refine-logs/depth_occlusion_support/r031_da3_depth_full/depth_npz/cut_roasted_beef/cam00_0282.npz,/leonardo_work/EUHPC_D21_034/proj_adags/data/n3v/cut_roasted_beef/motion_priors/masks/cam00_0282.png,/leonardo_work/EUHPC_D21_034/proj_adags/data/n3v/cut_roasted_beef/flow/cam00_0282.npz,0,0.178163543343544,0.3900972902774811,0.25878286361694336,0.45838069915771484,0.3727666437625885,0.03178868442773819,0.02746460773050785,0.7043637633323669,0.6664186716079712,0.7495390176773071,0.04764363914728165,cut_roasted_beef_depth_246_cam00_0282
11,"[256, 144, 352, 240]",0.9399611949920654,1.0,0.9519689559936524,cut_roasted_beef,cam00,cam00_0232,232,/leonardo_work/EUHPC_D21_034/proj_adags/repo/adags/refine-logs/depth_occlusion_support/r031_da3_depth_full/depth_npz/cut_roasted_beef/cam00_0232.npz,/leonardo_work/EUHPC_D21_034/proj_adags/data/n3v/cut_roasted_beef/motion_priors/masks/cam00_0232.png,/leonardo_work/EUHPC_D21_034/proj_adags/data/n3v/cut_roasted_beef/flow/cam00_0232.npz,0,0.1838485598564148,0.5982111692428589,0.27987420558929443,0.4484853148460388,0.3823336660861969,0.032229263335466385,0.06136281415820122,0.6329989433288574,0.6641661524772644,0.7503005266189575,0.05684324726462364,cut_roasted_beef_depth_247_cam00_0232
130,"[320, 128, 416, 224]",0.9399418830871582,1.0,0.9519535064697267,cut_roasted_beef,cam00,cam00_0261,261,/leonardo_work/EUHPC_D21_034/proj_adags/repo/adags/refine-logs/depth_occlusion_support/r031_da3_depth_full/depth_npz/cut_roasted_beef/cam00_0261.npz,/leonardo_work/EUHPC_D21_034/proj_adags/data/n3v/cut_roasted_beef/motion_priors/masks/cam00_0261.png,/leonardo_work/EUHPC_D21_034/proj_adags/data/n3v/cut_roasted_beef/flow/cam00_0261.npz,3,0.18435876071453094,0.47410568594932556,0.25472351908683777,0.4864341914653778,0.40022438764572144,0.07052449136972427,0.07507031410932541,0.4268028736114502,0.6630136370658875,0.7479634284973145,0.06713992357254028,cut_roasted_beef_depth_248_cam00_0261
168,"[368, 144, 464, 240]",0.9398747682571411,1.0,0.9518998146057129,cut_roasted_beef,cam00,cam00_0124,124,/leonardo_work/EUHPC_D21_034/proj_adags/repo/adags/refine-logs/depth_occlusion_support/r031_da3_depth_full/depth_npz/cut_roasted_beef/cam00_0124.npz,/leonardo_work/EUHPC_D21_034/proj_adags/data/n3v/cut_roasted_beef/motion_priors/masks/cam00_0124.png,/leonardo_work/EUHPC_D21_034/proj_adags/data/n3v/cut_roasted_beef/flow/cam00_0124.npz,2,0.18262577056884766,0.5989652872085571,0.3148476481437683,0.48684215545654297,0.3960680365562439,0.059731803834438324,0.07647374272346497,0.5795606970787048,0.6681926250457764,0.7460640072822571,0.06905687600374222,cut_roasted_beef_depth_249_cam00_0124
25,"[96, 272, 192, 368]",0.9398529529571533,1.0,0.9518823623657227,cut_roasted_beef,cam00,cam00_0159,159,/leonardo_work/EUHPC_D21_034/proj_adags/repo/adags/refine-logs/depth_occlusion_support/r031_da3_depth_full/depth_npz/cut_roasted_beef/cam00_0159.npz,/leonardo_work/EUHPC_D21_034/proj_adags/data/n3v/cut_roasted_beef/motion_priors/masks/cam00_0159.png,/leonardo_work/EUHPC_D21_034/proj_adags/data/n3v/cut_roasted_beef/flow/cam00_0159.npz,3,0.18380996584892273,0.5241724252700806,0.31485944986343384,0.45576992630958557,0.3987487852573395,0.0730133131146431,0.07067621499300003,0.46982482075691223,0.6645134091377258,0.7464549541473389,0.06314846873283386,cut_roasted_beef_depth_250_cam00_0159
13,"[384, 160, 480, 256]",0.939818263053894,1.0,0.9518546104431154,cut_roasted_beef,cam00,cam00_0081,81,/leonardo_work/EUHPC_D21_034/proj_adags/repo/adags/refine-logs/depth_occlusion_support/r031_da3_depth_full/depth_npz/cut_roasted_beef/cam00_0081.npz,/leonardo_work/EUHPC_D21_034/proj_adags/data/n3v/cut_roasted_beef/motion_priors/masks/cam00_0081.png,/leonardo_work/EUHPC_D21_034/proj_adags/data/n3v/cut_roasted_beef/flow/cam00_0081.npz,0,0.18545465171337128,0.34527936577796936,0.2977564036846161,0.46002396941185,0.36517906188964844,0.01682364009320736,0.031753674149513245,0.5086831450462341,0.6655258536338806,0.7376288175582886,0.053023938089609146,cut_roasted_beef_depth_251_cam00_0081
64,"[384, 144, 480, 240]",0.9397164583206177,1.0,0.9517731666564941,cut_roasted_beef,cam00,cam00_0225,225,/leonardo_work/EUHPC_D21_034/proj_adags/repo/adags/refine-logs/depth_occlusion_support/r031_da3_depth_full/depth_npz/cut_roasted_beef/cam00_0225.npz,/leonardo_work/EUHPC_D21_034/proj_adags/data/n3v/cut_roasted_beef/motion_priors/masks/cam00_0225.png,/leonardo_work/EUHPC_D21_034/proj_adags/data/n3v/cut_roasted_beef/flow/cam00_0225.npz,0,0.15494656562805176,0.3899291753768921,0.2743492126464844,0.4811924695968628,0.3783593475818634,0.03719524294137955,0.04671579971909523,0.6736079454421997,0.6621121168136597,0.7544932961463928,0.05703873559832573,cut_roasted_beef_depth_252_cam00_0225
167,"[304, 144, 400, 240]",0.939638614654541,1.0,0.9517108917236328,cut_roasted_beef,cam00,cam00_0224,224,/leonardo_work/EUHPC_D21_034/proj_adags/repo/adags/refine-logs/depth_occlusion_support/r031_da3_depth_full/depth_npz/cut_roasted_beef/cam00_0224.npz,/leonardo_work/EUHPC_D21_034/proj_adags/data/n3v/cut_roasted_beef/motion_priors/masks/cam00_0224.png,/leonardo_work/EUHPC_D21_034/proj_adags/data/n3v/cut_roasted_beef/flow/cam00_0224.npz,1,0.18239441514015198,0.30586445331573486,0.26951509714126587,0.4894196093082428,0.37994951009750366,0.040468938648700714,0.047407303005456924,0.6949190497398376,0.6620653867721558,0.7549659609794617,0.05507218465209007,cut_roasted_beef_depth_253_cam00_0224
214,"[304, 144, 400, 240]",0.9396305084228516,1.0,0.9517044067382814,cut_roasted_beef,cam00,cam00_0124,124,/leonardo_work/EUHPC_D21_034/proj_adags/repo/adags/refine-logs/depth_occlusion_support/r031_da3_depth_full/depth_npz/cut_roasted_beef/cam00_0124.npz,/leonardo_work/EUHPC_D21_034/proj_adags/data/n3v/cut_roasted_beef/motion_priors/masks/cam00_0124.png,/leonardo_work/EUHPC_D21_034/proj_adags/data/n3v/cut_roasted_beef/flow/cam00_0124.npz,3,0.18262577056884766,0.5989652872085571,0.3148476481437683,0.48684215545654297,0.3960680365562439,0.059731803834438324,0.07647374272346497,0.5795606970787048,0.6681926250457764,0.7460640072822571,0.06905687600374222,cut_roasted_beef_depth_254_cam00_0124
145,"[64, 272, 160, 368]",0.9396090507507324,1.0,0.9516872406005861,cut_roasted_beef,cam00,cam00_0210,210,/leonardo_work/EUHPC_D21_034/proj_adags/repo/adags/refine-logs/depth_occlusion_support/r031_da3_depth_full/depth_npz/cut_roasted_beef/cam00_0210.npz,/leonardo_work/EUHPC_D21_034/proj_adags/data/n3v/cut_roasted_beef/motion_priors/masks/cam00_0210.png,/leonardo_work/EUHPC_D21_034/proj_adags/data/n3v/cut_roasted_beef/flow/cam00_0210.npz,0,0.1862708330154419,0.5866881608963013,0.3121168911457062,0.49283087253570557,0.38676711916923523,0.051454197615385056,0.06159331649541855,0.46899908781051636,0.6588850617408752,0.7565590739250183,0.06314846873283386,cut_roasted_beef_depth_255_cam00_0210
51,"[288, 160, 384, 256]",0.9395956993103027,1.0,0.9516765594482421,cut_roasted_beef,cam00,cam00_0041,41,/leonardo_work/EUHPC_D21_034/proj_adags/repo/adags/refine-logs/depth_occlusion_support/r031_da3_depth_full/depth_npz/cut_roasted_beef/cam00_0041.npz,/leonardo_work/EUHPC_D21_034/proj_adags/data/n3v/cut_roasted_beef/motion_priors/masks/cam00_0041.png,/leonardo_work/EUHPC_D21_034/proj_adags/data/n3v/cut_roasted_beef/flow/cam00_0041.npz,0,0.17913691699504852,0.4748440980911255,0.2893093526363373,0.4881037771701813,0.3767784833908081,0.04024427384138107,0.06429804861545563,0.607387125492096,0.6520342230796814,0.7270432710647583,0.04339833930134773,cut_roasted_beef_depth_256_cam00_0041
40,"[384, 160, 480, 256]",0.9395553469657898,1.0,0.9516442775726319,cut_roasted_beef,cam00,cam00_0074,74,/leonardo_work/EUHPC_D21_034/proj_adags/repo/adags/refine-logs/depth_occlusion_support/r031_da3_depth_full/depth_npz/cut_roasted_beef/cam00_0074.npz,/leonardo_work/EUHPC_D21_034/proj_adags/data/n3v/cut_roasted_beef/motion_priors/masks/cam00_0074.png,/leonardo_work/EUHPC_D21_034/proj_adags/data/n3v/cut_roasted_beef/flow/cam00_0074.npz,1,0.1763390749692917,0.5813629031181335,0.25144994258880615,0.46744081377983093,0.3749639689922333,0.03533664718270302,0.04123922064900398,0.7372874617576599,0.6606678366661072,0.7358577251434326,0.05184517428278923,cut_roasted_beef_depth_257_cam00_0074
73,"[432, 224, 528, 320]",0.9393292665481567,1.0,0.9514634132385253,cut_roasted_beef,cam00,cam00_0126,126,/leonardo_work/EUHPC_D21_034/proj_adags/repo/adags/refine-logs/depth_occlusion_support/r031_da3_depth_full/depth_npz/cut_roasted_beef/cam00_0126.npz,/leonardo_work/EUHPC_D21_034/proj_adags/data/n3v/cut_roasted_beef/motion_priors/masks/cam00_0126.png,/leonardo_work/EUHPC_D21_034/proj_adags/data/n3v/cut_roasted_beef/flow/cam00_0126.npz,1,0.18057556450366974,0.2752547860145569,0.31355220079421997,0.4828740954399109,0.3959042727947235,0.06345774233341217,0.07065870612859726,0.5237678289413452,0.66740483045578,0.7446780800819397,0.06467152386903763,cut_roasted_beef_depth_258_cam00_0126
152,"[368, 144, 464, 240]",0.9391013979911804,1.0,0.9512811183929444,cut_roasted_beef,cam00,cam00_0225,225,/leonardo_work/EUHPC_D21_034/proj_adags/repo/adags/refine-logs/depth_occlusion_support/r031_da3_depth_full/depth_npz/cut_roasted_beef/cam00_0225.npz,/leonardo_work/EUHPC_D21_034/proj_adags/data/n3v/cut_roasted_beef/motion_priors/masks/cam00_0225.png,/leonardo_work/EUHPC_D21_034/proj_adags/data/n3v/cut_roasted_beef/flow/cam00_0225.npz,1,0.15494656562805176,0.3899291753768921,0.2743492126464844,0.4811924695968628,0.3783593475818634,0.03719524294137955,0.04671579971909523,0.6736079454421997,0.6621121168136597,0.7544932961463928,0.05703873559832573,cut_roasted_beef_depth_259_cam00_0225
202,"[192, 272, 288, 368]",0.9387027025222778,1.0,0.9509621620178224,cut_roasted_beef,cam00,cam00_0123,123,/leonardo_work/EUHPC_D21_034/proj_adags/repo/adags/refine-logs/depth_occlusion_support/r031_da3_depth_full/depth_npz/cut_roasted_beef/cam00_0123.npz,/leonardo_work/EUHPC_D21_034/proj_adags/data/n3v/cut_roasted_beef/motion_priors/masks/cam00_0123.png,/leonardo_work/EUHPC_D21_034/proj_adags/data/n3v/cut_roasted_beef/flow/cam00_0123.npz,0,0.17986883223056793,0.4433092176914215,0.30170536041259766,0.41256487369537354,0.3925362825393677,0.056822825223207474,0.06995844841003418,0.5433516502380371,0.6688345670700073,0.7454103827476501,0.06395084410905838,cut_roasted_beef_depth_260_cam00_0123
90,"[352, 128, 448, 224]",0.9386669397354126,1.0,0.9509335517883302,cut_roasted_beef,cam00,cam00_0270,270,/leonardo_work/EUHPC_D21_034/proj_adags/repo/adags/refine-logs/depth_occlusion_support/r031_da3_depth_full/depth_npz/cut_roasted_beef/cam00_0270.npz,/leonardo_work/EUHPC_D21_034/proj_adags/data/n3v/cut_roasted_beef/motion_priors/masks/cam00_0270.png,/leonardo_work/EUHPC_D21_034/proj_adags/data/n3v/cut_roasted_beef/flow/cam00_0270.npz,2,0.18537311255931854,0.3372499942779541,0.27077561616897583,0.49917182326316833,0.38708582520484924,0.047538600862026215,0.055670320987701416,0.40955907106399536,0.666275680065155,0.7484973669052124,0.05229450389742851,cut_roasted_beef_depth_261_cam00_0270
90,"[368, 128, 464, 224]",0.9386669397354126,1.0,0.9509335517883302,cut_roasted_beef,cam00,cam00_0270,270,/leonardo_work/EUHPC_D21_034/proj_adags/repo/adags/refine-logs/depth_occlusion_support/r031_da3_depth_full/depth_npz/cut_roasted_beef/cam00_0270.npz,/leonardo_work/EUHPC_D21_034/proj_adags/data/n3v/cut_roasted_beef/motion_priors/masks/cam00_0270.png,/leonardo_work/EUHPC_D21_034/proj_adags/data/n3v/cut_roasted_beef/flow/cam00_0270.npz,3,0.18537311255931854,0.3372499942779541,0.27077561616897583,0.49917182326316833,0.38708582520484924,0.047538600862026215,0.055670320987701416,0.40955907106399536,0.666275680065155,0.7484973669052124,0.05229450389742851,cut_roasted_beef_depth_262_cam00_0270
110,"[368, 144, 464, 240]",0.9385209083557129,1.0,0.9508167266845704,cut_roasted_beef,cam00,cam00_0133,133,/leonardo_work/EUHPC_D21_034/proj_adags/repo/adags/refine-logs/depth_occlusion_support/r031_da3_depth_full/depth_npz/cut_roasted_beef/cam00_0133.npz,/leonardo_work/EUHPC_D21_034/proj_adags/data/n3v/cut_roasted_beef/motion_priors/masks/cam00_0133.png,/leonardo_work/EUHPC_D21_034/proj_adags/data/n3v/cut_roasted_beef/flow/cam00_0133.npz,0,0.1823192983865738,0.38585910201072693,0.2626354992389679,0.5166030526161194,0.39301183819770813,0.05980474501848221,0.05674988031387329,0.6823144555091858,0.6663777828216553,0.7420229315757751,0.06927569955587387,cut_roasted_beef_depth_263_cam00_0133
48,"[288, 160, 384, 256]",0.9382820129394531,1.0,0.9506256103515625,cut_roasted_beef,cam00,cam00_0184,184,/leonardo_work/EUHPC_D21_034/proj_adags/repo/adags/refine-logs/depth_occlusion_support/r031_da3_depth_full/depth_npz/cut_roasted_beef/cam00_0184.npz,/leonardo_work/EUHPC_D21_034/proj_adags/data/n3v/cut_roasted_beef/motion_priors/masks/cam00_0184.png,/leonardo_work/EUHPC_D21_034/proj_adags/data/n3v/cut_roasted_beef/flow/cam00_0184.npz,0,0.15803448855876923,0.2888012230396271,0.3000067472457886,0.45844221115112305,0.39410629868507385,0.056571897119283676,0.07977661490440369,0.3857124447822571,0.6671013832092285,0.7467263340950012,0.05786445364356041,cut_roasted_beef_depth_264_cam00_0184
103,"[400, 160, 496, 256]",0.9382809400558472,1.0,0.9506247520446778,cut_roasted_beef,cam00,cam00_0214,214,/leonardo_work/EUHPC_D21_034/proj_adags/repo/adags/refine-logs/depth_occlusion_support/r031_da3_depth_full/depth_npz/cut_roasted_beef/cam00_0214.npz,/leonardo_work/EUHPC_D21_034/proj_adags/data/n3v/cut_roasted_beef/motion_priors/masks/cam00_0214.png,/leonardo_work/EUHPC_D21_034/proj_adags/data/n3v/cut_roasted_beef/flow/cam00_0214.npz,1,0.1836499571800232,0.5532101988792419,0.30427202582359314,0.46924856305122375,0.38906651735305786,0.05608755350112915,0.062127258628606796,0.3730494976043701,0.6583306789398193,0.7544174194335938,0.06672268360853195,cut_roasted_beef_depth_265_cam00_0214
102,"[272, 160, 368, 256]",0.9382461309432983,1.0,0.9505969047546388,cut_roasted_beef,cam00,cam00_0090,90,/leonardo_work/EUHPC_D21_034/proj_adags/repo/adags/refine-logs/depth_occlusion_support/r031_da3_depth_full/depth_npz/cut_roasted_beef/cam00_0090.npz,/leonardo_work/EUHPC_D21_034/proj_adags/data/n3v/cut_roasted_beef/motion_priors/masks/cam00_0090.png,/leonardo_work/EUHPC_D21_034/proj_adags/data/n3v/cut_roasted_beef/flow/cam00_0090.npz,0,0.1852685958147049,0.32626044750213623,0.2972820997238159,0.45739176869392395,0.38558316230773926,0.0476728156208992,0.05846258997917175,0.46330660581588745,0.6637839674949646,0.7411359548568726,0.05803368240594864,cut_roasted_beef_depth_266_cam00_0090
42,"[400, 160, 496, 256]",0.9381861686706543,1.0,0.9505489349365235,cut_roasted_beef,cam00,cam00_0097,97,/leonardo_work/EUHPC_D21_034/proj_adags/repo/adags/refine-logs/depth_occlusion_support/r031_da3_depth_full/depth_npz/cut_roasted_beef/cam00_0097.npz,/leonardo_work/EUHPC_D21_034/proj_adags/data/n3v/cut_roasted_beef/motion_priors/masks/cam00_0097.png,/leonardo_work/EUHPC_D21_034/proj_adags/data/n3v/cut_roasted_beef/flow/cam00_0097.npz,1,0.15766355395317078,0.3443466126918793,0.2683188319206238,0.5188062191009521,0.37982505559921265,0.03998459503054619,0.051886022090911865,0.5019081830978394,0.6651873588562012,0.7410863041877747,0.06374660134315491,cut_roasted_beef_depth_267_cam00_0097
95,"[288, 160, 384, 256]",0.938098132610321,1.0,0.9504785060882568,cut_roasted_beef,cam00,cam00_0028,28,/leonardo_work/EUHPC_D21_034/proj_adags/repo/adags/refine-logs/depth_occlusion_support/r031_da3_depth_full/depth_npz/cut_roasted_beef/cam00_0028.npz,/leonardo_work/EUHPC_D21_034/proj_adags/data/n3v/cut_roasted_beef/motion_priors/masks/cam00_0028.png,/leonardo_work/EUHPC_D21_034/proj_adags/data/n3v/cut_roasted_beef/flow/cam00_0028.npz,1,0.18030287325382233,0.4525400996208191,0.27795806527137756,0.5112336874008179,0.37435877323150635,0.042333368211984634,0.05060513690114021,0.5534294843673706,0.654785692691803,0.725225567817688,0.04625771567225456,cut_roasted_beef_depth_268_cam00_0028
27,"[304, 144, 400, 240]",0.9380456209182739,1.0,0.9504364967346193,cut_roasted_beef,cam00,cam00_0217,217,/leonardo_work/EUHPC_D21_034/proj_adags/repo/adags/refine-logs/depth_occlusion_support/r031_da3_depth_full/depth_npz/cut_roasted_beef/cam00_0217.npz,/leonardo_work/EUHPC_D21_034/proj_adags/data/n3v/cut_roasted_beef/motion_priors/masks/cam00_0217.png,/leonardo_work/EUHPC_D21_034/proj_adags/data/n3v/cut_roasted_beef/flow/cam00_0217.npz,2,0.18051065504550934,0.3428402841091156,0.2960743010044098,0.4557434916496277,0.38656795024871826,0.05105738714337349,0.0525512658059597,0.17644982039928436,0.660545289516449,0.7559258937835693,0.06299382448196411,cut_roasted_beef_depth_269_cam00_0217
85,"[288, 128, 384, 224]",0.9379719495773315,1.0,0.9503775596618653,cut_roasted_beef,cam00,cam00_0247,247,/leonardo_work/EUHPC_D21_034/proj_adags/repo/adags/refine-logs/depth_occlusion_support/r031_da3_depth_full/depth_npz/cut_roasted_beef/cam00_0247.npz,/leonardo_work/EUHPC_D21_034/proj_adags/data/n3v/cut_roasted_beef/motion_priors/masks/cam00_0247.png,/leonardo_work/EUHPC_D21_034/proj_adags/data/n3v/cut_roasted_beef/flow/cam00_0247.npz,1,0.15929149091243744,0.4011378586292267,0.26477956771850586,0.47449564933776855,0.38346216082572937,0.05141334980726242,0.05515679717063904,0.24630030989646912,0.6587158441543579,0.7443775534629822,0.05944294482469559,cut_roasted_beef_depth_270_cam00_0247
83,"[384, 144, 480, 240]",0.9379456043243408,1.0,0.9503564834594727,cut_roasted_beef,cam00,cam00_0127,127,/leonardo_work/EUHPC_D21_034/proj_adags/repo/adags/refine-logs/depth_occlusion_support/r031_da3_depth_full/depth_npz/cut_roasted_beef/cam00_0127.npz,/leonardo_work/EUHPC_D21_034/proj_adags/data/n3v/cut_roasted_beef/motion_priors/masks/cam00_0127.png,/leonardo_work/EUHPC_D21_034/proj_adags/data/n3v/cut_roasted_beef/flow/cam00_0127.npz,0,0.1802862286567688,0.3886758089065552,0.3154084384441376,0.4788978695869446,0.39360883831977844,0.06360655277967453,0.0626874640583992,0.6954092383384705,0.6678629517555237,0.7449202537536621,0.06659431010484695,cut_roasted_beef_depth_271_cam00_0127
60,"[416, 160, 512, 256]",0.9378677010536194,1.0,0.9502941608428956,cut_roasted_beef,cam00,cam00_0295,295,/leonardo_work/EUHPC_D21_034/proj_adags/repo/adags/refine-logs/depth_occlusion_support/r031_da3_depth_full/depth_npz/cut_roasted_beef/cam00_0295.npz,/leonardo_work/EUHPC_D21_034/proj_adags/data/n3v/cut_roasted_beef/motion_priors/masks/cam00_0295.png,/leonardo_work/EUHPC_D21_034/proj_adags/data/n3v/cut_roasted_beef/flow/cam00_0295.npz,0,0.1770322620868683,0.49732452630996704,0.27376309037208557,0.391647070646286,0.3896132707595825,0.04929507523775101,0.06171877682209015,0.5189944505691528,0.6681168079376221,0.7415648102760315,0.06046123430132866,cut_roasted_beef_depth_272_cam00_0295
174,"[384, 160, 480, 256]",0.9378388524055481,1.0,0.9502710819244384,cut_roasted_beef,cam00,cam00_0208,208,/leonardo_work/EUHPC_D21_034/proj_adags/repo/adags/refine-logs/depth_occlusion_support/r031_da3_depth_full/depth_npz/cut_roasted_beef/cam00_0208.npz,/leonardo_work/EUHPC_D21_034/proj_adags/data/n3v/cut_roasted_beef/motion_priors/masks/cam00_0208.png,/leonardo_work/EUHPC_D21_034/proj_adags/data/n3v/cut_roasted_beef/flow/cam00_0208.npz,2,0.18078996241092682,0.3328215479850769,0.31538450717926025,0.4505600929260254,0.3811795711517334,0.04149889573454857,0.05488545075058937,0.5746997594833374,0.6590805649757385,0.7538426518440247,0.054488636553287506,cut_roasted_beef_depth_273_cam00_0208
53,"[208, 224, 304, 320]",0.9378066062927246,1.0,0.9502452850341798,cut_roasted_beef,cam00,cam00_0158,158,/leonardo_work/EUHPC_D21_034/proj_adags/repo/adags/refine-logs/depth_occlusion_support/r031_da3_depth_full/depth_npz/cut_roasted_beef/cam00_0158.npz,/leonardo_work/EUHPC_D21_034/proj_adags/data/n3v/cut_roasted_beef/motion_priors/masks/cam00_0158.png,/leonardo_work/EUHPC_D21_034/proj_adags/data/n3v/cut_roasted_beef/flow/cam00_0158.npz,0,0.1541646271944046,0.5611634254455566,0.3127986490726471,0.4573524594306946,0.39889124035835266,0.07167991250753403,0.07559259235858917,0.42890655994415283,0.6637868881225586,0.7483164668083191,0.0681348666548729,cut_roasted_beef_depth_274_cam00_0158
25,"[416, 144, 512, 240]",0.9377937316894531,1.0,0.9502349853515626,cut_roasted_beef,cam00,cam00_0292,292,/leonardo_work/EUHPC_D21_034/proj_adags/repo/adags/refine-logs/depth_occlusion_support/r031_da3_depth_full/depth_npz/cut_roasted_beef/cam00_0292.npz,/leonardo_work/EUHPC_D21_034/proj_adags/data/n3v/cut_roasted_beef/motion_priors/masks/cam00_0292.png,/leonardo_work/EUHPC_D21_034/proj_adags/data/n3v/cut_roasted_beef/flow/cam00_0292.npz,0,0.1812521368265152,0.49046772718429565,0.2779107093811035,0.48132142424583435,0.38493528962135315,0.04579088091850281,0.049683135002851486,0.7992396354675293,0.6657038331031799,0.7426502108573914,0.05504884198307991,cut_roasted_beef_depth_275_cam00_0292
121,"[288, 160, 384, 256]",0.9377270936965942,1.0,0.9501816749572753,cut_roasted_beef,cam00,cam00_0280,280,/leonardo_work/EUHPC_D21_034/proj_adags/repo/adags/refine-logs/depth_occlusion_support/r031_da3_depth_full/depth_npz/cut_roasted_beef/cam00_0280.npz,/leonardo_work/EUHPC_D21_034/proj_adags/data/n3v/cut_roasted_beef/motion_priors/masks/cam00_0280.png,/leonardo_work/EUHPC_D21_034/proj_adags/data/n3v/cut_roasted_beef/flow/cam00_0280.npz,1,0.1819901317358017,0.41990339756011963,0.29552656412124634,0.5059354305267334,0.3802339732646942,0.03500986099243164,0.048238858580589294,0.6998850703239441,0.6639940142631531,0.7497841119766235,0.04683542996644974,cut_roasted_beef_depth_276_cam00_0280
28,"[240, 192, 336, 288]",0.9375442862510681,1.0,0.9500354290008546,cut_roasted_beef,cam00,cam00_0090,90,/leonardo_work/EUHPC_D21_034/proj_adags/repo/adags/refine-logs/depth_occlusion_support/r031_da3_depth_full/depth_npz/cut_roasted_beef/cam00_0090.npz,/leonardo_work/EUHPC_D21_034/proj_adags/data/n3v/cut_roasted_beef/motion_priors/masks/cam00_0090.png,/leonardo_work/EUHPC_D21_034/proj_adags/data/n3v/cut_roasted_beef/flow/cam00_0090.npz,1,0.1852685958147049,0.32626044750213623,0.2972820997238159,0.45739176869392395,0.38558316230773926,0.0476728156208992,0.05846258997917175,0.46330660581588745,0.6637839674949646,0.7411359548568726,0.05803368240594864,cut_roasted_beef_depth_277_cam00_0090
139,"[384, 160, 480, 256]",0.9375322461128235,1.0,0.9500257968902588,cut_roasted_beef,cam00,cam00_0189,189,/leonardo_work/EUHPC_D21_034/proj_adags/repo/adags/refine-logs/depth_occlusion_support/r031_da3_depth_full/depth_npz/cut_roasted_beef/cam00_0189.npz,/leonardo_work/EUHPC_D21_034/proj_adags/data/n3v/cut_roasted_beef/motion_priors/masks/cam00_0189.png,/leonardo_work/EUHPC_D21_034/proj_adags/data/n3v/cut_roasted_beef/flow/cam00_0189.npz,0,0.1574661284685135,0.23445504903793335,0.3213742971420288,0.4817766547203064,0.39776182174682617,0.06117899715900421,0.07739866524934769,0.4751088321208954,0.6688287258148193,0.7462506890296936,0.06421343982219696,cut_roasted_beef_depth_278_cam00_0189
56,"[272, 160, 368, 256]",0.937463641166687,1.0,0.9499709129333496,cut_roasted_beef,cam00,cam00_0085,85,/leonardo_work/EUHPC_D21_034/proj_adags/repo/adags/refine-logs/depth_occlusion_support/r031_da3_depth_full/depth_npz/cut_roasted_beef/cam00_0085.npz,/leonardo_work/EUHPC_D21_034/proj_adags/data/n3v/cut_roasted_beef/motion_priors/masks/cam00_0085.png,/leonardo_work/EUHPC_D21_034/proj_adags/data/n3v/cut_roasted_beef/flow/cam00_0085.npz,1,0.17813779413700104,0.42585518956184387,0.32244253158569336,0.45636245608329773,0.38047659397125244,0.036915142089128494,0.052355777472257614,0.6362055540084839,0.665061891078949,0.7398404479026794,0.05365416780114174,cut_roasted_beef_depth_279_cam00_0085
206,"[192, 288, 288, 384]",0.9374595284461975,1.0,0.949967622756958,cut_roasted_beef,cam00,cam00_0123,123,/leonardo_work/EUHPC_D21_034/proj_adags/repo/adags/refine-logs/depth_occlusion_support/r031_da3_depth_full/depth_npz/cut_roasted_beef/cam00_0123.npz,/leonardo_work/EUHPC_D21_034/proj_adags/data/n3v/cut_roasted_beef/motion_priors/masks/cam00_0123.png,/leonardo_work/EUHPC_D21_034/proj_adags/data/n3v/cut_roasted_beef/flow/cam00_0123.npz,1,0.17986883223056793,0.4433092176914215,0.30170536041259766,0.41256487369537354,0.3925362825393677,0.056822825223207474,0.06995844841003418,0.5433516502380371,0.6688345670700073,0.7454103827476501,0.06395084410905838,cut_roasted_beef_depth_280_cam00_0123
29,"[288, 144, 384, 240]",0.937441349029541,1.0,0.9499530792236328,cut_roasted_beef,cam00,cam00_0136,136,/leonardo_work/EUHPC_D21_034/proj_adags/repo/adags/refine-logs/depth_occlusion_support/r031_da3_depth_full/depth_npz/cut_roasted_beef/cam00_0136.npz,/leonardo_work/EUHPC_D21_034/proj_adags/data/n3v/cut_roasted_beef/motion_priors/masks/cam00_0136.png,/leonardo_work/EUHPC_D21_034/proj_adags/data/n3v/cut_roasted_beef/flow/cam00_0136.npz,0,0.18576772511005402,0.5097262859344482,0.3198823928833008,0.4893728792667389,0.38511884212493896,0.051448363810777664,0.044848453253507614,0.5283545255661011,0.6639794111251831,0.7430820465087891,0.06643383204936981,cut_roasted_beef_depth_281_cam00_0136
77,"[400, 160, 496, 256]",0.9373936057090759,1.0,0.9499148845672607,cut_roasted_beef,cam00,cam00_0025,25,/leonardo_work/EUHPC_D21_034/proj_adags/repo/adags/refine-logs/depth_occlusion_support/r031_da3_depth_full/depth_npz/cut_roasted_beef/cam00_0025.npz,/leonardo_work/EUHPC_D21_034/proj_adags/data/n3v/cut_roasted_beef/motion_priors/masks/cam00_0025.png,/leonardo_work/EUHPC_D21_034/proj_adags/data/n3v/cut_roasted_beef/flow/cam00_0025.npz,0,0.17693887650966644,0.4203592836856842,0.2705053389072418,0.46287059783935547,0.3681182563304901,0.03407327085733414,0.043628841638565063,0.5134186744689941,0.6548177599906921,0.7275947332382202,0.04462087154388428,cut_roasted_beef_depth_282_cam00_0025
90,"[304, 160, 400, 256]",0.937317967414856,1.0,0.9498543739318848,cut_roasted_beef,cam00,cam00_0051,51,/leonardo_work/EUHPC_D21_034/proj_adags/repo/adags/refine-logs/depth_occlusion_support/r031_da3_depth_full/depth_npz/cut_roasted_beef/cam00_0051.npz,/leonardo_work/EUHPC_D21_034/proj_adags/data/n3v/cut_roasted_beef/motion_priors/masks/cam00_0051.png,/leonardo_work/EUHPC_D21_034/proj_adags/data/n3v/cut_roasted_beef/flow/cam00_0051.npz,0,0.18053559958934784,0.40375223755836487,0.30033615231513977,0.4732070565223694,0.37649664282798767,0.037484098225831985,0.05146878585219383,0.7732192873954773,0.6539599299430847,0.7294941544532776,0.05370377004146576,cut_roasted_beef_depth_283_cam00_0051
22,"[400, 176, 496, 272]",0.9373062252998352,1.0,0.9498449802398683,cut_roasted_beef,cam00,cam00_0086,86,/leonardo_work/EUHPC_D21_034/proj_adags/repo/adags/refine-logs/depth_occlusion_support/r031_da3_depth_full/depth_npz/cut_roasted_beef/cam00_0086.npz,/leonardo_work/EUHPC_D21_034/proj_adags/data/n3v/cut_roasted_beef/motion_priors/masks/cam00_0086.png,/leonardo_work/EUHPC_D21_034/proj_adags/data/n3v/cut_roasted_beef/flow/cam00_0086.npz,0,0.1835063248872757,0.5419110059738159,0.2981533408164978,0.45570099353790283,0.3841739296913147,0.042639728635549545,0.058418821543455124,0.6973845362663269,0.6668621301651001,0.739639163017273,0.051923952996730804,cut_roasted_beef_depth_284_cam00_0086
145,"[80, 272, 176, 368]",0.9371374845504761,1.0,0.949709987640381,cut_roasted_beef,cam00,cam00_0030,30,/leonardo_work/EUHPC_D21_034/proj_adags/repo/adags/refine-logs/depth_occlusion_support/r031_da3_depth_full/depth_npz/cut_roasted_beef/cam00_0030.npz,/leonardo_work/EUHPC_D21_034/proj_adags/data/n3v/cut_roasted_beef/motion_priors/masks/cam00_0030.png,/leonardo_work/EUHPC_D21_034/proj_adags/data/n3v/cut_roasted_beef/flow/cam00_0030.npz,2,0.18175655603408813,0.6199960708618164,0.30708757042884827,0.4515931308269501,0.36777496337890625,0.037291526794433594,0.03039984591305256,0.6399986147880554,0.6535777449607849,0.7277902364730835,0.048139654099941254,cut_roasted_beef_depth_285_cam00_0030
23,"[96, 272, 192, 368]",0.937055766582489,1.0,0.9496446132659913,cut_roasted_beef,cam00,cam00_0089,89,/leonardo_work/EUHPC_D21_034/proj_adags/repo/adags/refine-logs/depth_occlusion_support/r031_da3_depth_full/depth_npz/cut_roasted_beef/cam00_0089.npz,/leonardo_work/EUHPC_D21_034/proj_adags/data/n3v/cut_roasted_beef/motion_priors/masks/cam00_0089.png,/leonardo_work/EUHPC_D21_034/proj_adags/data/n3v/cut_roasted_beef/flow/cam00_0089.npz,0,0.15739573538303375,0.3728952407836914,0.2930351197719574,0.480671763420105,0.38879507780075073,0.04879322648048401,0.06884387880563736,0.44071751832962036,0.664630115032196,0.739604115486145,0.06101852282881737,cut_roasted_beef_depth_286_cam00_0089
47,"[224, 208, 320, 304]",0.93697589635849,1.0,0.949580717086792,cut_roasted_beef,cam00,cam00_0094,94,/leonardo_work/EUHPC_D21_034/proj_adags/repo/adags/refine-logs/depth_occlusion_support/r031_da3_depth_full/depth_npz/cut_roasted_beef/cam00_0094.npz,/leonardo_work/EUHPC_D21_034/proj_adags/data/n3v/cut_roasted_beef/motion_priors/masks/cam00_0094.png,/leonardo_work/EUHPC_D21_034/proj_adags/data/n3v/cut_roasted_beef/flow/cam00_0094.npz,2,0.1587078720331192,0.358974426984787,0.30741772055625916,0.46025726199150085,0.37969765067100525,0.04085991531610489,0.04878155514597893,0.5932273864746094,0.6663720011711121,0.7420520782470703,0.06369408220052719,cut_roasted_beef_depth_287_cam00_0094
62,"[400, 160, 496, 256]",0.9367687106132507,1.0,0.9494149684906006,cut_roasted_beef,cam00,cam00_0189,189,/leonardo_work/EUHPC_D21_034/proj_adags/repo/adags/refine-logs/depth_occlusion_support/r031_da3_depth_full/depth_npz/cut_roasted_beef/cam00_0189.npz,/leonardo_work/EUHPC_D21_034/proj_adags/data/n3v/cut_roasted_beef/motion_priors/masks/cam00_0189.png,/leonardo_work/EUHPC_D21_034/proj_adags/data/n3v/cut_roasted_beef/flow/cam00_0189.npz,1,0.1574661284685135,0.23445504903793335,0.3213742971420288,0.4817766547203064,0.39776182174682617,0.06117899715900421,0.07739866524934769,0.4751088321208954,0.6688287258148193,0.7462506890296936,0.06421343982219696,cut_roasted_beef_depth_288_cam00_0189
88,"[400, 160, 496, 256]",0.9367514252662659,1.0,0.9494011402130127,cut_roasted_beef,cam00,cam00_0133,133,/leonardo_work/EUHPC_D21_034/proj_adags/repo/adags/refine-logs/depth_occlusion_support/r031_da3_depth_full/depth_npz/cut_roasted_beef/cam00_0133.npz,/leonardo_work/EUHPC_D21_034/proj_adags/data/n3v/cut_roasted_beef/motion_priors/masks/cam00_0133.png,/leonardo_work/EUHPC_D21_034/proj_adags/data/n3v/cut_roasted_beef/flow/cam00_0133.npz,1,0.1823192983865738,0.38585910201072693,0.2626354992389679,0.5166030526161194,0.39301183819770813,0.05980474501848221,0.05674988031387329,0.6823144555091858,0.6663777828216553,0.7420229315757751,0.06927569955587387,cut_roasted_beef_depth_289_cam00_0133
77,"[224, 208, 320, 304]",0.9365880489349365,1.0,0.9492704391479492,cut_roasted_beef,cam00,cam00_0184,184,/leonardo_work/EUHPC_D21_034/proj_adags/repo/adags/refine-logs/depth_occlusion_support/r031_da3_depth_full/depth_npz/cut_roasted_beef/cam00_0184.npz,/leonardo_work/EUHPC_D21_034/proj_adags/data/n3v/cut_roasted_beef/motion_priors/masks/cam00_0184.png,/leonardo_work/EUHPC_D21_034/proj_adags/data/n3v/cut_roasted_beef/flow/cam00_0184.npz,1,0.15803448855876923,0.2888012230396271,0.3000067472457886,0.45844221115112305,0.39410629868507385,0.056571897119283676,0.07977661490440369,0.3857124447822571,0.6671013832092285,0.7467263340950012,0.05786445364356041,cut_roasted_beef_depth_290_cam00_0184
141,"[368, 144, 464, 240]",0.9365864396095276,1.0,0.9492691516876222,cut_roasted_beef,cam00,cam00_0101,101,/leonardo_work/EUHPC_D21_034/proj_adags/repo/adags/refine-logs/depth_occlusion_support/r031_da3_depth_full/depth_npz/cut_roasted_beef/cam00_0101.npz,/leonardo_work/EUHPC_D21_034/proj_adags/data/n3v/cut_roasted_beef/motion_priors/masks/cam00_0101.png,/leonardo_work/EUHPC_D21_034/proj_adags/data/n3v/cut_roasted_beef/flow/cam00_0101.npz,2,0.17986176908016205,0.38474783301353455,0.27056750655174255,0.49117448925971985,0.3816964626312256,0.04743940010666847,0.04083657264709473,0.5203774571418762,0.6651144623756409,0.7436627149581909,0.062171027064323425,cut_roasted_beef_depth_291_cam00_0101
99,"[368, 160, 464, 256]",0.9363566040992737,1.0,0.949085283279419,cut_roasted_beef,cam00,cam00_0063,63,/leonardo_work/EUHPC_D21_034/proj_adags/repo/adags/refine-logs/depth_occlusion_support/r031_da3_depth_full/depth_npz/cut_roasted_beef/cam00_0063.npz,/leonardo_work/EUHPC_D21_034/proj_adags/data/n3v/cut_roasted_beef/motion_priors/masks/cam00_0063.png,/leonardo_work/EUHPC_D21_034/proj_adags/data/n3v/cut_roasted_beef/flow/cam00_0063.npz,1,0.18594734370708466,0.39041638374328613,0.3291914761066437,0.47083786129951477,0.3646630346775055,0.026848966255784035,0.029075196012854576,0.7238629460334778,0.657650887966156,0.7334827184677124,0.047238074243068695,cut_roasted_beef_depth_292_cam00_0063
16,"[288, 144, 384, 240]",0.9362375736236572,1.0,0.9489900588989257,cut_roasted_beef,cam00,cam00_0138,138,/leonardo_work/EUHPC_D21_034/proj_adags/repo/adags/refine-logs/depth_occlusion_support/r031_da3_depth_full/depth_npz/cut_roasted_beef/cam00_0138.npz,/leonardo_work/EUHPC_D21_034/proj_adags/data/n3v/cut_roasted_beef/motion_priors/masks/cam00_0138.png,/leonardo_work/EUHPC_D21_034/proj_adags/data/n3v/cut_roasted_beef/flow/cam00_0138.npz,0,0.1846981644630432,0.4592048227787018,0.31483131647109985,0.5074159502983093,0.3839428424835205,0.05021124333143234,0.042984023690223694,0.3194449245929718,0.6639619469642639,0.744762659072876,0.059655942022800446,cut_roasted_beef_depth_293_cam00_0138
160,"[352, 160, 448, 256]",0.9361745715141296,1.0,0.9489396572113038,cut_roasted_beef,cam00,cam00_0085,85,/leonardo_work/EUHPC_D21_034/proj_adags/repo/adags/refine-logs/depth_occlusion_support/r031_da3_depth_full/depth_npz/cut_roasted_beef/cam00_0085.npz,/leonardo_work/EUHPC_D21_034/proj_adags/data/n3v/cut_roasted_beef/motion_priors/masks/cam00_0085.png,/leonardo_work/EUHPC_D21_034/proj_adags/data/n3v/cut_roasted_beef/flow/cam00_0085.npz,2,0.17813779413700104,0.42585518956184387,0.32244253158569336,0.45636245608329773,0.38047659397125244,0.036915142089128494,0.052355777472257614,0.6362055540084839,0.665061891078949,0.7398404479026794,0.05365416780114174,cut_roasted_beef_depth_294_cam00_0085
21,"[272, 144, 368, 240]",0.9361550211906433,1.0,0.9489240169525146,cut_roasted_beef,cam00,cam00_0224,224,/leonardo_work/EUHPC_D21_034/proj_adags/repo/adags/refine-logs/depth_occlusion_support/r031_da3_depth_full/depth_npz/cut_roasted_beef/cam00_0224.npz,/leonardo_work/EUHPC_D21_034/proj_adags/data/n3v/cut_roasted_beef/motion_priors/masks/cam00_0224.png,/leonardo_work/EUHPC_D21_034/proj_adags/data/n3v/cut_roasted_beef/flow/cam00_0224.npz,2,0.18239441514015198,0.30586445331573486,0.26951509714126587,0.4894196093082428,0.37994951009750366,0.040468938648700714,0.047407303005456924,0.6949190497398376,0.6620653867721558,0.7549659609794617,0.05507218465209007,cut_roasted_beef_depth_295_cam00_0224
58,"[400, 160, 496, 256]",0.9361273050308228,1.0,0.9489018440246582,cut_roasted_beef,cam00,cam00_0176,176,/leonardo_work/EUHPC_D21_034/proj_adags/repo/adags/refine-logs/depth_occlusion_support/r031_da3_depth_full/depth_npz/cut_roasted_beef/cam00_0176.npz,/leonardo_work/EUHPC_D21_034/proj_adags/data/n3v/cut_roasted_beef/motion_priors/masks/cam00_0176.png,/leonardo_work/EUHPC_D21_034/proj_adags/data/n3v/cut_roasted_beef/flow/cam00_0176.npz,0,0.1564054787158966,0.2943112850189209,0.29243505001068115,0.5050492882728577,0.3774811923503876,0.02406836859881878,0.04686460644006729,0.7082034945487976,0.6692459583282471,0.746492862701416,0.049152106046676636,cut_roasted_beef_depth_296_cam00_0176
206,"[432, 176, 528, 272]",0.9360918998718262,1.0,0.9488735198974609,cut_roasted_beef,cam00,cam00_0278,278,/leonardo_work/EUHPC_D21_034/proj_adags/repo/adags/refine-logs/depth_occlusion_support/r031_da3_depth_full/depth_npz/cut_roasted_beef/cam00_0278.npz,/leonardo_work/EUHPC_D21_034/proj_adags/data/n3v/cut_roasted_beef/motion_priors/masks/cam00_0278.png,/leonardo_work/EUHPC_D21_034/proj_adags/data/n3v/cut_roasted_beef/flow/cam00_0278.npz,3,0.18125835061073303,0.33801960945129395,0.2564683258533478,0.46154147386550903,0.38005757331848145,0.037577465176582336,0.050190821290016174,0.6674544811248779,0.6635972261428833,0.7478846311569214,0.04903831705451012,cut_roasted_beef_depth_297_cam00_0278
141,"[320, 160, 416, 256]",0.9358516335487366,1.0,0.9486813068389892,cut_roasted_beef,cam00,cam00_0065,65,/leonardo_work/EUHPC_D21_034/proj_adags/repo/adags/refine-logs/depth_occlusion_support/r031_da3_depth_full/depth_npz/cut_roasted_beef/cam00_0065.npz,/leonardo_work/EUHPC_D21_034/proj_adags/data/n3v/cut_roasted_beef/motion_priors/masks/cam00_0065.png,/leonardo_work/EUHPC_D21_034/proj_adags/data/n3v/cut_roasted_beef/flow/cam00_0065.npz,2,0.18550094962120056,0.3820168375968933,0.32384029030799866,0.4537529945373535,0.3718548119068146,0.03220884129405022,0.04718263819813728,0.6170185208320618,0.65815269947052,0.7316912412643433,0.04598928615450859,cut_roasted_beef_depth_298_cam00_0065
141,"[336, 160, 432, 256]",0.9358516335487366,1.0,0.9486813068389892,cut_roasted_beef,cam00,cam00_0065,65,/leonardo_work/EUHPC_D21_034/proj_adags/repo/adags/refine-logs/depth_occlusion_support/r031_da3_depth_full/depth_npz/cut_roasted_beef/cam00_0065.npz,/leonardo_work/EUHPC_D21_034/proj_adags/data/n3v/cut_roasted_beef/motion_priors/masks/cam00_0065.png,/leonardo_work/EUHPC_D21_034/proj_adags/data/n3v/cut_roasted_beef/flow/cam00_0065.npz,3,0.18550094962120056,0.3820168375968933,0.32384029030799866,0.4537529945373535,0.3718548119068146,0.03220884129405022,0.04718263819813728,0.6170185208320618,0.65815269947052,0.7316912412643433,0.04598928615450859,cut_roasted_beef_depth_299_cam00_0065
40,"[256, 144, 352, 240]",0.9358218312263489,1.0,0.9486574649810791,cut_roasted_beef,cam00,cam00_0237,237,/leonardo_work/EUHPC_D21_034/proj_adags/repo/adags/refine-logs/depth_occlusion_support/r031_da3_depth_full/depth_npz/cut_roasted_beef/cam00_0237.npz,/leonardo_work/EUHPC_D21_034/proj_adags/data/n3v/cut_roasted_beef/motion_priors/masks/cam00_0237.png,/leonardo_work/EUHPC_D21_034/proj_adags/data/n3v/cut_roasted_beef/flow/cam00_0237.npz,0,0.18308846652507782,0.38812896609306335,0.26900967955589294,0.40397971868515015,0.37112465500831604,0.03322712704539299,0.029299860820174217,0.7606380581855774,0.6608312129974365,0.7485090494155884,0.05454115569591522,cut_roasted_beef_depth_300_cam00_0237
75,"[400, 160, 496, 256]",0.9357764720916748,1.0,0.94862117767334,cut_roasted_beef,cam00,cam00_0200,200,/leonardo_work/EUHPC_D21_034/proj_adags/repo/adags/refine-logs/depth_occlusion_support/r031_da3_depth_full/depth_npz/cut_roasted_beef/cam00_0200.npz,/leonardo_work/EUHPC_D21_034/proj_adags/data/n3v/cut_roasted_beef/motion_priors/masks/cam00_0200.png,/leonardo_work/EUHPC_D21_034/proj_adags/data/n3v/cut_roasted_beef/flow/cam00_0200.npz,0,0.18509706854820251,0.59417724609375,0.30414292216300964,0.45225533843040466,0.373579740524292,0.022670775651931763,0.034907739609479904,0.8819515109062195,0.6674602627754211,0.7535567283630371,0.05479208379983902,cut_roasted_beef_depth_301_cam00_0200
170,"[320, 144, 416, 240]",0.9356772303581238,1.0,0.9485417842864992,cut_roasted_beef,cam00,cam00_0224,224,/leonardo_work/EUHPC_D21_034/proj_adags/repo/adags/refine-logs/depth_occlusion_support/r031_da3_depth_full/depth_npz/cut_roasted_beef/cam00_0224.npz,/leonardo_work/EUHPC_D21_034/proj_adags/data/n3v/cut_roasted_beef/motion_priors/masks/cam00_0224.png,/leonardo_work/EUHPC_D21_034/proj_adags/data/n3v/cut_roasted_beef/flow/cam00_0224.npz,3,0.18239441514015198,0.30586445331573486,0.26951509714126587,0.4894196093082428,0.37994951009750366,0.040468938648700714,0.047407303005456924,0.6949190497398376,0.6620653867721558,0.7549659609794617,0.05507218465209007,cut_roasted_beef_depth_302_cam00_0224
219,"[368, 160, 464, 256]",0.9355824589729309,1.0,0.9484659671783449,cut_roasted_beef,cam00,cam00_0191,191,/leonardo_work/EUHPC_D21_034/proj_adags/repo/adags/refine-logs/depth_occlusion_support/r031_da3_depth_full/depth_npz/cut_roasted_beef/cam00_0191.npz,/leonardo_work/EUHPC_D21_034/proj_adags/data/n3v/cut_roasted_beef/motion_priors/masks/cam00_0191.png,/leonardo_work/EUHPC_D21_034/proj_adags/data/n3v/cut_roasted_beef/flow/cam00_0191.npz,2,0.16105596721172333,0.3636765480041504,0.30267393589019775,0.46927788853645325,0.38954293727874756,0.05110698565840721,0.05936416611075401,0.5875494480133057,0.6694356203079224,0.7474032044410706,0.06305217742919922,cut_roasted_beef_depth_303_cam00_0191
106,"[384, 160, 480, 256]",0.9355612993240356,1.0,0.9484490394592286,cut_roasted_beef,cam00,cam00_0094,94,/leonardo_work/EUHPC_D21_034/proj_adags/repo/adags/refine-logs/depth_occlusion_support/r031_da3_depth_full/depth_npz/cut_roasted_beef/cam00_0094.npz,/leonardo_work/EUHPC_D21_034/proj_adags/data/n3v/cut_roasted_beef/motion_priors/masks/cam00_0094.png,/leonardo_work/EUHPC_D21_034/proj_adags/data/n3v/cut_roasted_beef/flow/cam00_0094.npz,3,0.1587078720331192,0.358974426984787,0.30741772055625916,0.46025726199150085,0.37969765067100525,0.04085991531610489,0.04878155514597893,0.5932273864746094,0.6663720011711121,0.7420520782470703,0.06369408220052719,cut_roasted_beef_depth_304_cam00_0094
74,"[400, 160, 496, 256]",0.9354109764099121,1.0,0.9483287811279297,cut_roasted_beef,cam00,cam00_0199,199,/leonardo_work/EUHPC_D21_034/proj_adags/repo/adags/refine-logs/depth_occlusion_support/r031_da3_depth_full/depth_npz/cut_roasted_beef/cam00_0199.npz,/leonardo_work/EUHPC_D21_034/proj_adags/data/n3v/cut_roasted_beef/motion_priors/masks/cam00_0199.png,/leonardo_work/EUHPC_D21_034/proj_adags/data/n3v/cut_roasted_beef/flow/cam00_0199.npz,0,0.1847279667854309,0.4237738847732544,0.3047437071800232,0.48381903767585754,0.373436838388443,0.02287209779024124,0.03644830361008644,0.8712113499641418,0.6670722365379333,0.7512896656990051,0.05502841994166374,cut_roasted_beef_depth_305_cam00_0199
73,"[384, 144, 480, 240]",0.9353496432304382,1.0,0.9482797145843507,cut_roasted_beef,cam00,cam00_0227,227,/leonardo_work/EUHPC_D21_034/proj_adags/repo/adags/refine-logs/depth_occlusion_support/r031_da3_depth_full/depth_npz/cut_roasted_beef/cam00_0227.npz,/leonardo_work/EUHPC_D21_034/proj_adags/data/n3v/cut_roasted_beef/motion_priors/masks/cam00_0227.png,/leonardo_work/EUHPC_D21_034/proj_adags/data/n3v/cut_roasted_beef/flow/cam00_0227.npz,0,0.15676775574684143,0.35303354263305664,0.27632904052734375,0.4535423815250397,0.38335710763931274,0.04067026078701019,0.0572429783642292,0.7069109678268433,0.6627656817436218,0.754650890827179,0.05719337612390518,cut_roasted_beef_depth_306_cam00_0227
157,"[432, 240, 528, 336]",0.9353280067443848,1.0,0.9482624053955078,cut_roasted_beef,cam00,cam00_0126,126,/leonardo_work/EUHPC_D21_034/proj_adags/repo/adags/refine-logs/depth_occlusion_support/r031_da3_depth_full/depth_npz/cut_roasted_beef/cam00_0126.npz,/leonardo_work/EUHPC_D21_034/proj_adags/data/n3v/cut_roasted_beef/motion_priors/masks/cam00_0126.png,/leonardo_work/EUHPC_D21_034/proj_adags/data/n3v/cut_roasted_beef/flow/cam00_0126.npz,2,0.18057556450366974,0.2752547860145569,0.31355220079421997,0.4828740954399109,0.3959042727947235,0.06345774233341217,0.07065870612859726,0.5237678289413452,0.66740483045578,0.7446780800819397,0.06467152386903763,cut_roasted_beef_depth_307_cam00_0126
87,"[208, 240, 304, 336]",0.935324490070343,1.0,0.9482595920562744,cut_roasted_beef,cam00,cam00_0252,252,/leonardo_work/EUHPC_D21_034/proj_adags/repo/adags/refine-logs/depth_occlusion_support/r031_da3_depth_full/depth_npz/cut_roasted_beef/cam00_0252.npz,/leonardo_work/EUHPC_D21_034/proj_adags/data/n3v/cut_roasted_beef/motion_priors/masks/cam00_0252.png,/leonardo_work/EUHPC_D21_034/proj_adags/data/n3v/cut_roasted_beef/flow/cam00_0252.npz,1,0.18364112079143524,0.5175129771232605,0.2815692126750946,0.478706032037735,0.38968053460121155,0.062564916908741,0.06407922506332397,0.30482417345046997,0.6607378125190735,0.744217038154602,0.06376118957996368,cut_roasted_beef_depth_308_cam00_0252
104,"[432, 160, 528, 256]",0.9352939128875732,1.0,0.9482351303100587,cut_roasted_beef,cam00,cam00_0279,279,/leonardo_work/EUHPC_D21_034/proj_adags/repo/adags/refine-logs/depth_occlusion_support/r031_da3_depth_full/depth_npz/cut_roasted_beef/cam00_0279.npz,/leonardo_work/EUHPC_D21_034/proj_adags/data/n3v/cut_roasted_beef/motion_priors/masks/cam00_0279.png,/leonardo_work/EUHPC_D21_034/proj_adags/data/n3v/cut_roasted_beef/flow/cam00_0279.npz,2,0.18080078065395355,0.37106063961982727,0.2517089545726776,0.44021496176719666,0.37998858094215393,0.03655625879764557,0.049528494477272034,0.5458871722221375,0.6643762588500977,0.7509774565696716,0.04532695934176445,cut_roasted_beef_depth_309_cam00_0279
1855,"[320, 336, 416, 432]",0.9352805018424988,1.0,0.9482244014739991,cut_roasted_beef,cam00,cam00_0245,245,/leonardo_work/EUHPC_D21_034/proj_adags/repo/adags/refine-logs/depth_occlusion_support/r031_da3_depth_full/depth_npz/cut_roasted_beef/cam00_0245.npz,/leonardo_work/EUHPC_D21_034/proj_adags/data/n3v/cut_roasted_beef/motion_priors/masks/cam00_0245.png,/leonardo_work/EUHPC_D21_034/proj_adags/data/n3v/cut_roasted_beef/flow/cam00_0245.npz,0,0.18333835899829865,0.3560626804828644,0.28753331303596497,0.40133699774742126,0.385687917470932,0.048895347863435745,0.06355694681406021,0.36569681763648987,0.6594773530960083,0.7456963658332825,0.06010235473513603,cut_roasted_beef_depth_310_cam00_0245
203,"[320, 160, 416, 256]",0.9351202249526978,1.0,0.9480961799621583,cut_roasted_beef,cam00,cam00_0186,186,/leonardo_work/EUHPC_D21_034/proj_adags/repo/adags/refine-logs/depth_occlusion_support/r031_da3_depth_full/depth_npz/cut_roasted_beef/cam00_0186.npz,/leonardo_work/EUHPC_D21_034/proj_adags/data/n3v/cut_roasted_beef/motion_priors/masks/cam00_0186.png,/leonardo_work/EUHPC_D21_034/proj_adags/data/n3v/cut_roasted_beef/flow/cam00_0186.npz,2,0.18636852502822876,0.3360885977745056,0.311852365732193,0.4930834174156189,0.40088701248168945,0.06597282737493515,0.08507813513278961,0.29550784826278687,0.6678600311279297,0.7479546666145325,0.06368240714073181,cut_roasted_beef_depth_311_cam00_0186
161,"[304, 160, 400, 256]",0.9351035356521606,1.0,0.9480828285217286,cut_roasted_beef,cam00,cam00_0085,85,/leonardo_work/EUHPC_D21_034/proj_adags/repo/adags/refine-logs/depth_occlusion_support/r031_da3_depth_full/depth_npz/cut_roasted_beef/cam00_0085.npz,/leonardo_work/EUHPC_D21_034/proj_adags/data/n3v/cut_roasted_beef/motion_priors/masks/cam00_0085.png,/leonardo_work/EUHPC_D21_034/proj_adags/data/n3v/cut_roasted_beef/flow/cam00_0085.npz,3,0.17813779413700104,0.42585518956184387,0.32244253158569336,0.45636245608329773,0.38047659397125244,0.036915142089128494,0.052355777472257614,0.6362055540084839,0.665061891078949,0.7398404479026794,0.05365416780114174,cut_roasted_beef_depth_312_cam00_0085
91,"[304, 128, 400, 224]",0.9350308179855347,1.0,0.9480246543884279,cut_roasted_beef,cam00,cam00_0247,247,/leonardo_work/EUHPC_D21_034/proj_adags/repo/adags/refine-logs/depth_occlusion_support/r031_da3_depth_full/depth_npz/cut_roasted_beef/cam00_0247.npz,/leonardo_work/EUHPC_D21_034/proj_adags/data/n3v/cut_roasted_beef/motion_priors/masks/cam00_0247.png,/leonardo_work/EUHPC_D21_034/proj_adags/data/n3v/cut_roasted_beef/flow/cam00_0247.npz,2,0.15929149091243744,0.4011378586292267,0.26477956771850586,0.47449564933776855,0.38346216082572937,0.05141334980726242,0.05515679717063904,0.24630030989646912,0.6587158441543579,0.7443775534629822,0.05944294482469559,cut_roasted_beef_depth_313_cam00_0247
91,"[320, 128, 416, 224]",0.9350308179855347,1.0,0.9480246543884279,cut_roasted_beef,cam00,cam00_0247,247,/leonardo_work/EUHPC_D21_034/proj_adags/repo/adags/refine-logs/depth_occlusion_support/r031_da3_depth_full/depth_npz/cut_roasted_beef/cam00_0247.npz,/leonardo_work/EUHPC_D21_034/proj_adags/data/n3v/cut_roasted_beef/motion_priors/masks/cam00_0247.png,/leonardo_work/EUHPC_D21_034/proj_adags/data/n3v/cut_roasted_beef/flow/cam00_0247.npz,3,0.15929149091243744,0.4011378586292267,0.26477956771850586,0.47449564933776855,0.38346216082572937,0.05141334980726242,0.05515679717063904,0.24630030989646912,0.6587158441543579,0.7443775534629822,0.05944294482469559,cut_roasted_beef_depth_314_cam00_0247
15,"[400, 160, 496, 256]",0.9347989559173584,1.0,0.9478391647338869,cut_roasted_beef,cam00,cam00_0042,42,/leonardo_work/EUHPC_D21_034/proj_adags/repo/adags/refine-logs/depth_occlusion_support/r031_da3_depth_full/depth_npz/cut_roasted_beef/cam00_0042.npz,/leonardo_work/EUHPC_D21_034/proj_adags/data/n3v/cut_roasted_beef/motion_priors/masks/cam00_0042.png,/leonardo_work/EUHPC_D21_034/proj_adags/data/n3v/cut_roasted_beef/flow/cam00_0042.npz,0,0.18440906703472137,0.3283703625202179,0.32208505272865295,0.4692894220352173,0.37665146589279175,0.03945940360426903,0.06354235857725143,0.6936060786247253,0.652401864528656,0.7279303073883057,0.04031721502542496,cut_roasted_beef_depth_315_cam00_0042
159,"[288, 160, 384, 256]",0.9347943067550659,1.0,0.9478354454040527,cut_roasted_beef,cam00,cam00_0092,92,/leonardo_work/EUHPC_D21_034/proj_adags/repo/adags/refine-logs/depth_occlusion_support/r031_da3_depth_full/depth_npz/cut_roasted_beef/cam00_0092.npz,/leonardo_work/EUHPC_D21_034/proj_adags/data/n3v/cut_roasted_beef/motion_priors/masks/cam00_0092.png,/leonardo_work/EUHPC_D21_034/proj_adags/data/n3v/cut_roasted_beef/flow/cam00_0092.npz,1,0.15706168115139008,0.2994752526283264,0.29854243993759155,0.4617476761341095,0.3817749321460724,0.04420071840286255,0.050415486097335815,0.5355584025382996,0.665756344795227,0.7422038316726685,0.06806192547082901,cut_roasted_beef_depth_316_cam00_0092
95,"[272, 160, 368, 256]",0.9347513318061829,1.0,0.9478010654449462,cut_roasted_beef,cam00,cam00_0092,92,/leonardo_work/EUHPC_D21_034/proj_adags/repo/adags/refine-logs/depth_occlusion_support/r031_da3_depth_full/depth_npz/cut_roasted_beef/cam00_0092.npz,/leonardo_work/EUHPC_D21_034/proj_adags/data/n3v/cut_roasted_beef/motion_priors/masks/cam00_0092.png,/leonardo_work/EUHPC_D21_034/proj_adags/data/n3v/cut_roasted_beef/flow/cam00_0092.npz,2,0.15706168115139008,0.2994752526283264,0.29854243993759155,0.4617476761341095,0.3817749321460724,0.04420071840286255,0.050415486097335815,0.5355584025382996,0.665756344795227,0.7422038316726685,0.06806192547082901,cut_roasted_beef_depth_317_cam00_0092
14,"[272, 144, 368, 240]",0.9346705079078674,1.0,0.9477364063262941,cut_roasted_beef,cam00,cam00_0295,295,/leonardo_work/EUHPC_D21_034/proj_adags/repo/adags/refine-logs/depth_occlusion_support/r031_da3_depth_full/depth_npz/cut_roasted_beef/cam00_0295.npz,/leonardo_work/EUHPC_D21_034/proj_adags/data/n3v/cut_roasted_beef/motion_priors/masks/cam00_0295.png,/leonardo_work/EUHPC_D21_034/proj_adags/data/n3v/cut_roasted_beef/flow/cam00_0295.npz,1,0.1770322620868683,0.49732452630996704,0.27376309037208557,0.391647070646286,0.3896132707595825,0.04929507523775101,0.06171877682209015,0.5189944505691528,0.6681168079376221,0.7415648102760315,0.06046123430132866,cut_roasted_beef_depth_318_cam00_0295
204,"[336, 160, 432, 256]",0.9346024990081787,1.0,0.9476819992065431,cut_roasted_beef,cam00,cam00_0186,186,/leonardo_work/EUHPC_D21_034/proj_adags/repo/adags/refine-logs/depth_occlusion_support/r031_da3_depth_full/depth_npz/cut_roasted_beef/cam00_0186.npz,/leonardo_work/EUHPC_D21_034/proj_adags/data/n3v/cut_roasted_beef/motion_priors/masks/cam00_0186.png,/leonardo_work/EUHPC_D21_034/proj_adags/data/n3v/cut_roasted_beef/flow/cam00_0186.npz,3,0.18636852502822876,0.3360885977745056,0.311852365732193,0.4930834174156189,0.40088701248168945,0.06597282737493515,0.08507813513278961,0.29550784826278687,0.6678600311279297,0.7479546666145325,0.06368240714073181,cut_roasted_beef_depth_319_cam00_0186
189,"[368, 144, 464, 240]",0.9344118237495422,1.0,0.9475294589996339,cut_roasted_beef,cam00,cam00_0121,121,/leonardo_work/EUHPC_D21_034/proj_adags/repo/adags/refine-logs/depth_occlusion_support/r031_da3_depth_full/depth_npz/cut_roasted_beef/cam00_0121.npz,/leonardo_work/EUHPC_D21_034/proj_adags/data/n3v/cut_roasted_beef/motion_priors/masks/cam00_0121.png,/leonardo_work/EUHPC_D21_034/proj_adags/data/n3v/cut_roasted_beef/flow/cam00_0121.npz,1,0.18601907789707184,0.3541482388973236,0.2969711124897003,0.466621071100235,0.3891741931438446,0.05424938350915909,0.06299091130495071,0.4234912395477295,0.6699257493019104,0.7428252696990967,0.06751339137554169,cut_roasted_beef_depth_320_cam00_0121
90,"[448, 240, 544, 336]",0.934383749961853,1.0,0.9475069999694825,cut_roasted_beef,cam00,cam00_0118,118,/leonardo_work/EUHPC_D21_034/proj_adags/repo/adags/refine-logs/depth_occlusion_support/r031_da3_depth_full/depth_npz/cut_roasted_beef/cam00_0118.npz,/leonardo_work/EUHPC_D21_034/proj_adags/data/n3v/cut_roasted_beef/motion_priors/masks/cam00_0118.png,/leonardo_work/EUHPC_D21_034/proj_adags/data/n3v/cut_roasted_beef/flow/cam00_0118.npz,0,0.1756248027086258,0.4969610869884491,0.2650105953216553,0.38554081320762634,0.38320013880729675,0.04653490334749222,0.05313481017947197,0.4375751316547394,0.6704947352409363,0.7433271408081055,0.06112939491868019,cut_roasted_beef_depth_321_cam00_0118
220,"[320, 160, 416, 256]",0.9343363642692566,1.0,0.9474690914154054,cut_roasted_beef,cam00,cam00_0191,191,/leonardo_work/EUHPC_D21_034/proj_adags/repo/adags/refine-logs/depth_occlusion_support/r031_da3_depth_full/depth_npz/cut_roasted_beef/cam00_0191.npz,/leonardo_work/EUHPC_D21_034/proj_adags/data/n3v/cut_roasted_beef/motion_priors/masks/cam00_0191.png,/leonardo_work/EUHPC_D21_034/proj_adags/data/n3v/cut_roasted_beef/flow/cam00_0191.npz,3,0.16105596721172333,0.3636765480041504,0.30267393589019775,0.46927788853645325,0.38954293727874756,0.05110698565840721,0.05936416611075401,0.5875494480133057,0.6694356203079224,0.7474032044410706,0.06305217742919922,cut_roasted_beef_depth_322_cam00_0191
190,"[352, 144, 448, 240]",0.9339969754219055,1.0,0.9471975803375245,cut_roasted_beef,cam00,cam00_0225,225,/leonardo_work/EUHPC_D21_034/proj_adags/repo/adags/refine-logs/depth_occlusion_support/r031_da3_depth_full/depth_npz/cut_roasted_beef/cam00_0225.npz,/leonardo_work/EUHPC_D21_034/proj_adags/data/n3v/cut_roasted_beef/motion_priors/masks/cam00_0225.png,/leonardo_work/EUHPC_D21_034/proj_adags/data/n3v/cut_roasted_beef/flow/cam00_0225.npz,2,0.15494656562805176,0.3899291753768921,0.2743492126464844,0.4811924695968628,0.3783593475818634,0.03719524294137955,0.04671579971909523,0.6736079454421997,0.6621121168136597,0.7544932961463928,0.05703873559832573,cut_roasted_beef_depth_323_cam00_0225
154,"[304, 160, 400, 256]",0.9339602589607239,1.0,0.9471682071685792,cut_roasted_beef,cam00,cam00_0072,72,/leonardo_work/EUHPC_D21_034/proj_adags/repo/adags/refine-logs/depth_occlusion_support/r031_da3_depth_full/depth_npz/cut_roasted_beef/cam00_0072.npz,/leonardo_work/EUHPC_D21_034/proj_adags/data/n3v/cut_roasted_beef/motion_priors/masks/cam00_0072.png,/leonardo_work/EUHPC_D21_034/proj_adags/data/n3v/cut_roasted_beef/flow/cam00_0072.npz,2,0.18660660088062286,0.35541030764579773,0.3304947316646576,0.4643295109272003,0.374283105134964,0.038659945130348206,0.04286731407046318,0.5758843421936035,0.6608749628067017,0.7328699827194214,0.0516788624227047,cut_roasted_beef_depth_324_cam00_0072
134,"[432, 272, 528, 368]",0.9337868690490723,1.0,0.947029495239258,cut_roasted_beef,cam00,cam00_0240,240,/leonardo_work/EUHPC_D21_034/proj_adags/repo/adags/refine-logs/depth_occlusion_support/r031_da3_depth_full/depth_npz/cut_roasted_beef/cam00_0240.npz,/leonardo_work/EUHPC_D21_034/proj_adags/data/n3v/cut_roasted_beef/motion_priors/masks/cam00_0240.png,/leonardo_work/EUHPC_D21_034/proj_adags/data/n3v/cut_roasted_beef/flow/cam00_0240.npz,0,0.18260693550109863,0.26518505811691284,0.25154417753219604,0.5041112899780273,0.3807949125766754,0.04151640459895134,0.05239078775048256,0.36853867769241333,0.661651074886322,0.7472515106201172,0.057992834597826004,cut_roasted_beef_depth_325_cam00_0240
150,"[400, 160, 496, 256]",0.9337713718414307,1.0,0.9470170974731447,cut_roasted_beef,cam00,cam00_0252,252,/leonardo_work/EUHPC_D21_034/proj_adags/repo/adags/refine-logs/depth_occlusion_support/r031_da3_depth_full/depth_npz/cut_roasted_beef/cam00_0252.npz,/leonardo_work/EUHPC_D21_034/proj_adags/data/n3v/cut_roasted_beef/motion_priors/masks/cam00_0252.png,/leonardo_work/EUHPC_D21_034/proj_adags/data/n3v/cut_roasted_beef/flow/cam00_0252.npz,2,0.18364112079143524,0.5175129771232605,0.2815692126750946,0.478706032037735,0.38968053460121155,0.062564916908741,0.06407922506332397,0.30482417345046997,0.6607378125190735,0.744217038154602,0.06376118957996368,cut_roasted_beef_depth_326_cam00_0252
61,"[384, 160, 480, 256]",0.9337638020515442,1.0,0.9470110416412354,cut_roasted_beef,cam00,cam00_0070,70,/leonardo_work/EUHPC_D21_034/proj_adags/repo/adags/refine-logs/depth_occlusion_support/r031_da3_depth_full/depth_npz/cut_roasted_beef/cam00_0070.npz,/leonardo_work/EUHPC_D21_034/proj_adags/data/n3v/cut_roasted_beef/motion_priors/masks/cam00_0070.png,/leonardo_work/EUHPC_D21_034/proj_adags/data/n3v/cut_roasted_beef/flow/cam00_0070.npz,0,0.18600454926490784,0.3461850881576538,0.30150309205055237,0.4610573649406433,0.3706931173801422,0.0331600196659565,0.042639728635549545,0.44135943055152893,0.6581352353096008,0.7313877940177917,0.04834097623825073,cut_roasted_beef_depth_327_cam00_0070
69,"[400, 160, 496, 256]",0.9337508678436279,1.0,0.9470006942749023,cut_roasted_beef,cam00,cam00_0119,119,/leonardo_work/EUHPC_D21_034/proj_adags/repo/adags/refine-logs/depth_occlusion_support/r031_da3_depth_full/depth_npz/cut_roasted_beef/cam00_0119.npz,/leonardo_work/EUHPC_D21_034/proj_adags/data/n3v/cut_roasted_beef/motion_priors/masks/cam00_0119.png,/leonardo_work/EUHPC_D21_034/proj_adags/data/n3v/cut_roasted_beef/flow/cam00_0119.npz,1,0.1768273115158081,0.41114863753318787,0.26904481649398804,0.3803328573703766,0.38711443543434143,0.0504242368042469,0.060957249253988266,0.38949382305145264,0.6704859733581543,0.7444300651550293,0.06792771071195602,cut_roasted_beef_depth_328_cam00_0119
88,"[400, 160, 496, 256]",0.9337083697319031,1.0,0.9469666957855225,cut_roasted_beef,cam00,cam00_0197,197,/leonardo_work/EUHPC_D21_034/proj_adags/repo/adags/refine-logs/depth_occlusion_support/r031_da3_depth_full/depth_npz/cut_roasted_beef/cam00_0197.npz,/leonardo_work/EUHPC_D21_034/proj_adags/data/n3v/cut_roasted_beef/motion_priors/masks/cam00_0197.png,/leonardo_work/EUHPC_D21_034/proj_adags/data/n3v/cut_roasted_beef/flow/cam00_0197.npz,0,0.18662522733211517,0.36188188195228577,0.31278693675994873,0.4829241633415222,0.379272997379303,0.03423957899212837,0.043202850967645645,0.730961799621582,0.6688899993896484,0.749979555606842,0.05557987093925476,cut_roasted_beef_depth_329_cam00_0197
47,"[256, 144, 352, 240]",0.933668851852417,1.0,0.9469350814819337,cut_roasted_beef,cam00,cam00_0240,240,/leonardo_work/EUHPC_D21_034/proj_adags/repo/adags/refine-logs/depth_occlusion_support/r031_da3_depth_full/depth_npz/cut_roasted_beef/cam00_0240.npz,/leonardo_work/EUHPC_D21_034/proj_adags/data/n3v/cut_roasted_beef/motion_priors/masks/cam00_0240.png,/leonardo_work/EUHPC_D21_034/proj_adags/data/n3v/cut_roasted_beef/flow/cam00_0240.npz,1,0.18260693550109863,0.26518505811691284,0.25154417753219604,0.5041112899780273,0.3807949125766754,0.04151640459895134,0.05239078775048256,0.36853867769241333,0.661651074886322,0.7472515106201172,0.057992834597826004,cut_roasted_beef_depth_330_cam00_0240
176,"[384, 160, 480, 256]",0.93352872133255,1.0,0.9468229770660401,cut_roasted_beef,cam00,cam00_0133,133,/leonardo_work/EUHPC_D21_034/proj_adags/repo/adags/refine-logs/depth_occlusion_support/r031_da3_depth_full/depth_npz/cut_roasted_beef/cam00_0133.npz,/leonardo_work/EUHPC_D21_034/proj_adags/data/n3v/cut_roasted_beef/motion_priors/masks/cam00_0133.png,/leonardo_work/EUHPC_D21_034/proj_adags/data/n3v/cut_roasted_beef/flow/cam00_0133.npz,2,0.1823192983865738,0.38585910201072693,0.2626354992389679,0.5166030526161194,0.39301183819770813,0.05980474501848221,0.05674988031387329,0.6823144555091858,0.6663777828216553,0.7420229315757751,0.06927569955587387,cut_roasted_beef_depth_331_cam00_0133
139,"[400, 128, 496, 224]",0.9335268139839172,1.0,0.9468214511871338,cut_roasted_beef,cam00,cam00_0265,265,/leonardo_work/EUHPC_D21_034/proj_adags/repo/adags/refine-logs/depth_occlusion_support/r031_da3_depth_full/depth_npz/cut_roasted_beef/cam00_0265.npz,/leonardo_work/EUHPC_D21_034/proj_adags/data/n3v/cut_roasted_beef/motion_priors/masks/cam00_0265.png,/leonardo_work/EUHPC_D21_034/proj_adags/data/n3v/cut_roasted_beef/flow/cam00_0265.npz,1,0.18551433086395264,0.4000701606273651,0.32154586911201477,0.4659636914730072,0.39329102635383606,0.06519962847232819,0.06423386186361313,0.3598117530345917,0.6650910973548889,0.7481092810630798,0.06320390105247498,cut_roasted_beef_depth_332_cam00_0265
71,"[384, 144, 480, 240]",0.9333798289299011,1.0,0.9467038631439209,cut_roasted_beef,cam00,cam00_0103,103,/leonardo_work/EUHPC_D21_034/proj_adags/repo/adags/refine-logs/depth_occlusion_support/r031_da3_depth_full/depth_npz/cut_roasted_beef/cam00_0103.npz,/leonardo_work/EUHPC_D21_034/proj_adags/data/n3v/cut_roasted_beef/motion_priors/masks/cam00_0103.png,/leonardo_work/EUHPC_D21_034/proj_adags/data/n3v/cut_roasted_beef/flow/cam00_0103.npz,0,0.17993102967739105,0.40574294328689575,0.3183326721191406,0.4685417413711548,0.3805684447288513,0.04682959243655205,0.04017716646194458,0.6309010982513428,0.6673290133476257,0.7416260838508606,0.05902862921357155,cut_roasted_beef_depth_333_cam00_0103
148,"[336, 128, 432, 224]",0.9333742260932922,1.0,0.9466993808746338,cut_roasted_beef,cam00,cam00_0265,265,/leonardo_work/EUHPC_D21_034/proj_adags/repo/adags/refine-logs/depth_occlusion_support/r031_da3_depth_full/depth_npz/cut_roasted_beef/cam00_0265.npz,/leonardo_work/EUHPC_D21_034/proj_adags/data/n3v/cut_roasted_beef/motion_priors/masks/cam00_0265.png,/leonardo_work/EUHPC_D21_034/proj_adags/data/n3v/cut_roasted_beef/flow/cam00_0265.npz,2,0.18551433086395264,0.4000701606273651,0.32154586911201477,0.4659636914730072,0.39329102635383606,0.06519962847232819,0.06423386186361313,0.3598117530345917,0.6650910973548889,0.7481092810630798,0.06320390105247498,cut_roasted_beef_depth_334_cam00_0265
144,"[304, 160, 400, 256]",0.9333617091178894,1.0,0.9466893672943115,cut_roasted_beef,cam00,cam00_0074,74,/leonardo_work/EUHPC_D21_034/proj_adags/repo/adags/refine-logs/depth_occlusion_support/r031_da3_depth_full/depth_npz/cut_roasted_beef/cam00_0074.npz,/leonardo_work/EUHPC_D21_034/proj_adags/data/n3v/cut_roasted_beef/motion_priors/masks/cam00_0074.png,/leonardo_work/EUHPC_D21_034/proj_adags/data/n3v/cut_roasted_beef/flow/cam00_0074.npz,2,0.1763390749692917,0.5813629031181335,0.25144994258880615,0.46744081377983093,0.3749639689922333,0.03533664718270302,0.04123922064900398,0.7372874617576599,0.6606678366661072,0.7358577251434326,0.05184517428278923,cut_roasted_beef_depth_335_cam00_0074
144,"[320, 160, 416, 256]",0.9333617091178894,1.0,0.9466893672943115,cut_roasted_beef,cam00,cam00_0074,74,/leonardo_work/EUHPC_D21_034/proj_adags/repo/adags/refine-logs/depth_occlusion_support/r031_da3_depth_full/depth_npz/cut_roasted_beef/cam00_0074.npz,/leonardo_work/EUHPC_D21_034/proj_adags/data/n3v/cut_roasted_beef/motion_priors/masks/cam00_0074.png,/leonardo_work/EUHPC_D21_034/proj_adags/data/n3v/cut_roasted_beef/flow/cam00_0074.npz,3,0.1763390749692917,0.5813629031181335,0.25144994258880615,0.46744081377983093,0.3749639689922333,0.03533664718270302,0.04123922064900398,0.7372874617576599,0.6606678366661072,0.7358577251434326,0.05184517428278923,cut_roasted_beef_depth_336_cam00_0074
138,"[368, 144, 464, 240]",0.9333513975143433,1.0,0.9466811180114747,cut_roasted_beef,cam00,cam00_0103,103,/leonardo_work/EUHPC_D21_034/proj_adags/repo/adags/refine-logs/depth_occlusion_support/r031_da3_depth_full/depth_npz/cut_roasted_beef/cam00_0103.npz,/leonardo_work/EUHPC_D21_034/proj_adags/data/n3v/cut_roasted_beef/motion_priors/masks/cam00_0103.png,/leonardo_work/EUHPC_D21_034/proj_adags/data/n3v/cut_roasted_beef/flow/cam00_0103.npz,1,0.17993102967739105,0.40574294328689575,0.3183326721191406,0.4685417413711548,0.3805684447288513,0.04682959243655205,0.04017716646194458,0.6309010982513428,0.6673290133476257,0.7416260838508606,0.05902862921357155,cut_roasted_beef_depth_337_cam00_0103
11,"[400, 144, 496, 240]",0.9332195520401001,1.0,0.9465756416320801,cut_roasted_beef,cam00,cam00_0121,121,/leonardo_work/EUHPC_D21_034/proj_adags/repo/adags/refine-logs/depth_occlusion_support/r031_da3_depth_full/depth_npz/cut_roasted_beef/cam00_0121.npz,/leonardo_work/EUHPC_D21_034/proj_adags/data/n3v/cut_roasted_beef/motion_priors/masks/cam00_0121.png,/leonardo_work/EUHPC_D21_034/proj_adags/data/n3v/cut_roasted_beef/flow/cam00_0121.npz,2,0.18601907789707184,0.3541482388973236,0.2969711124897003,0.466621071100235,0.3891741931438446,0.05424938350915909,0.06299091130495071,0.4234912395477295,0.6699257493019104,0.7428252696990967,0.06751339137554169,cut_roasted_beef_depth_338_cam00_0121
57,"[256, 144, 352, 240]",0.9331717491149902,1.0,0.9465373992919923,cut_roasted_beef,cam00,cam00_0241,241,/leonardo_work/EUHPC_D21_034/proj_adags/repo/adags/refine-logs/depth_occlusion_support/r031_da3_depth_full/depth_npz/cut_roasted_beef/cam00_0241.npz,/leonardo_work/EUHPC_D21_034/proj_adags/data/n3v/cut_roasted_beef/motion_priors/masks/cam00_0241.png,/leonardo_work/EUHPC_D21_034/proj_adags/data/n3v/cut_roasted_beef/flow/cam00_0241.npz,0,0.18307910859584808,0.42612069845199585,0.2586327791213989,0.4954700767993927,0.38573023676872253,0.047582369297742844,0.06416383385658264,0.5583809018135071,0.659920871257782,0.7481909990310669,0.05644935369491577,cut_roasted_beef_depth_339_cam00_0241
107,"[272, 160, 368, 256]",0.9331212043762207,1.0,0.9464969635009766,cut_roasted_beef,cam00,cam00_0296,296,/leonardo_work/EUHPC_D21_034/proj_adags/repo/adags/refine-logs/depth_occlusion_support/r031_da3_depth_full/depth_npz/cut_roasted_beef/cam00_0296.npz,/leonardo_work/EUHPC_D21_034/proj_adags/data/n3v/cut_roasted_beef/motion_priors/masks/cam00_0296.png,/leonardo_work/EUHPC_D21_034/proj_adags/data/n3v/cut_roasted_beef/flow/cam00_0296.npz,3,0.17736493051052094,0.40231072902679443,0.2892516851425171,0.39574959874153137,0.38859736919403076,0.04553411900997162,0.061765462160110474,0.49546000361442566,0.6697186231613159,0.7420375347137451,0.062071822583675385,cut_roasted_beef_depth_340_cam00_0296
1450,"[320, 336, 416, 432]",0.9329817295074463,1.0,0.946385383605957,cut_roasted_beef,cam00,cam00_0133,133,/leonardo_work/EUHPC_D21_034/proj_adags/repo/adags/refine-logs/depth_occlusion_support/r031_da3_depth_full/depth_npz/cut_roasted_beef/cam00_0133.npz,/leonardo_work/EUHPC_D21_034/proj_adags/data/n3v/cut_roasted_beef/motion_priors/masks/cam00_0133.png,/leonardo_work/EUHPC_D21_034/proj_adags/data/n3v/cut_roasted_beef/flow/cam00_0133.npz,3,0.1823192983865738,0.38585910201072693,0.2626354992389679,0.5166030526161194,0.39301183819770813,0.05980474501848221,0.05674988031387329,0.6823144555091858,0.6663777828216553,0.7420229315757751,0.06927569955587387,cut_roasted_beef_depth_341_cam00_0133
72,"[240, 192, 336, 288]",0.9328601360321045,1.0,0.9462881088256836,cut_roasted_beef,cam00,cam00_0188,188,/leonardo_work/EUHPC_D21_034/proj_adags/repo/adags/refine-logs/depth_occlusion_support/r031_da3_depth_full/depth_npz/cut_roasted_beef/cam00_0188.npz,/leonardo_work/EUHPC_D21_034/proj_adags/data/n3v/cut_roasted_beef/motion_priors/masks/cam00_0188.png,/leonardo_work/EUHPC_D21_034/proj_adags/data/n3v/cut_roasted_beef/flow/cam00_0188.npz,0,0.1856697052717209,0.606508195400238,0.3165628910064697,0.4863446056842804,0.3983128070831299,0.06521130353212357,0.0774511843919754,0.35821282863616943,0.6690008640289307,0.7470618486404419,0.06416967511177063,cut_roasted_beef_depth_342_cam00_0188
58,"[288, 128, 384, 224]",0.9327879548072815,1.0,0.9462303638458252,cut_roasted_beef,cam00,cam00_0245,245,/leonardo_work/EUHPC_D21_034/proj_adags/repo/adags/refine-logs/depth_occlusion_support/r031_da3_depth_full/depth_npz/cut_roasted_beef/cam00_0245.npz,/leonardo_work/EUHPC_D21_034/proj_adags/data/n3v/cut_roasted_beef/motion_priors/masks/cam00_0245.png,/leonardo_work/EUHPC_D21_034/proj_adags/data/n3v/cut_roasted_beef/flow/cam00_0245.npz,1,0.18333835899829865,0.3560626804828644,0.28753331303596497,0.40133699774742126,0.385687917470932,0.048895347863435745,0.06355694681406021,0.36569681763648987,0.6594773530960083,0.7456963658332825,0.06010235473513603,cut_roasted_beef_depth_343_cam00_0245
1391,"[304, 320, 400, 416]",0.932652473449707,1.0,0.9461219787597657,cut_roasted_beef,cam00,cam00_0127,127,/leonardo_work/EUHPC_D21_034/proj_adags/repo/adags/refine-logs/depth_occlusion_support/r031_da3_depth_full/depth_npz/cut_roasted_beef/cam00_0127.npz,/leonardo_work/EUHPC_D21_034/proj_adags/data/n3v/cut_roasted_beef/motion_priors/masks/cam00_0127.png,/leonardo_work/EUHPC_D21_034/proj_adags/data/n3v/cut_roasted_beef/flow/cam00_0127.npz,1,0.1802862286567688,0.3886758089065552,0.3154084384441376,0.4788978695869446,0.39360883831977844,0.06360655277967453,0.0626874640583992,0.6954092383384705,0.6678629517555237,0.7449202537536621,0.06659431010484695,cut_roasted_beef_depth_344_cam00_0127
155,"[320, 160, 416, 256]",0.9323720335960388,1.0,0.9458976268768311,cut_roasted_beef,cam00,cam00_0072,72,/leonardo_work/EUHPC_D21_034/proj_adags/repo/adags/refine-logs/depth_occlusion_support/r031_da3_depth_full/depth_npz/cut_roasted_beef/cam00_0072.npz,/leonardo_work/EUHPC_D21_034/proj_adags/data/n3v/cut_roasted_beef/motion_priors/masks/cam00_0072.png,/leonardo_work/EUHPC_D21_034/proj_adags/data/n3v/cut_roasted_beef/flow/cam00_0072.npz,3,0.18660660088062286,0.35541030764579773,0.3304947316646576,0.4643295109272003,0.374283105134964,0.038659945130348206,0.04286731407046318,0.5758843421936035,0.6608749628067017,0.7328699827194214,0.0516788624227047,cut_roasted_beef_depth_345_cam00_0072
52,"[384, 160, 480, 256]",0.9323288202285767,1.0,0.9458630561828614,cut_roasted_beef,cam00,cam00_0051,51,/leonardo_work/EUHPC_D21_034/proj_adags/repo/adags/refine-logs/depth_occlusion_support/r031_da3_depth_full/depth_npz/cut_roasted_beef/cam00_0051.npz,/leonardo_work/EUHPC_D21_034/proj_adags/data/n3v/cut_roasted_beef/motion_priors/masks/cam00_0051.png,/leonardo_work/EUHPC_D21_034/proj_adags/data/n3v/cut_roasted_beef/flow/cam00_0051.npz,1,0.18053559958934784,0.40375223755836487,0.30033615231513977,0.4732070565223694,0.37649664282798767,0.037484098225831985,0.05146878585219383,0.7732192873954773,0.6539599299430847,0.7294941544532776,0.05370377004146576,cut_roasted_beef_depth_346_cam00_0051
192,"[304, 144, 400, 240]",0.932324230670929,1.0,0.9458593845367431,cut_roasted_beef,cam00,cam00_0225,225,/leonardo_work/EUHPC_D21_034/proj_adags/repo/adags/refine-logs/depth_occlusion_support/r031_da3_depth_full/depth_npz/cut_roasted_beef/cam00_0225.npz,/leonardo_work/EUHPC_D21_034/proj_adags/data/n3v/cut_roasted_beef/motion_priors/masks/cam00_0225.png,/leonardo_work/EUHPC_D21_034/proj_adags/data/n3v/cut_roasted_beef/flow/cam00_0225.npz,3,0.15494656562805176,0.3899291753768921,0.2743492126464844,0.4811924695968628,0.3783593475818634,0.03719524294137955,0.04671579971909523,0.6736079454421997,0.6621121168136597,0.7544932961463928,0.05703873559832573,cut_roasted_beef_depth_347_cam00_0225
178,"[304, 144, 400, 240]",0.9321275353431702,1.0,0.9457020282745361,cut_roasted_beef,cam00,cam00_0101,101,/leonardo_work/EUHPC_D21_034/proj_adags/repo/adags/refine-logs/depth_occlusion_support/r031_da3_depth_full/depth_npz/cut_roasted_beef/cam00_0101.npz,/leonardo_work/EUHPC_D21_034/proj_adags/data/n3v/cut_roasted_beef/motion_priors/masks/cam00_0101.png,/leonardo_work/EUHPC_D21_034/proj_adags/data/n3v/cut_roasted_beef/flow/cam00_0101.npz,3,0.17986176908016205,0.38474783301353455,0.27056750655174255,0.49117448925971985,0.3816964626312256,0.04743940010666847,0.04083657264709473,0.5203774571418762,0.6651144623756409,0.7436627149581909,0.062171027064323425,cut_roasted_beef_depth_348_cam00_0101
81,"[400, 160, 496, 256]",0.9321210980415344,1.0,0.9456968784332276,cut_roasted_beef,cam00,cam00_0211,211,/leonardo_work/EUHPC_D21_034/proj_adags/repo/adags/refine-logs/depth_occlusion_support/r031_da3_depth_full/depth_npz/cut_roasted_beef/cam00_0211.npz,/leonardo_work/EUHPC_D21_034/proj_adags/data/n3v/cut_roasted_beef/motion_priors/masks/cam00_0211.png,/leonardo_work/EUHPC_D21_034/proj_adags/data/n3v/cut_roasted_beef/flow/cam00_0211.npz,0,0.18732838332653046,0.49852293729782104,0.3115602731704712,0.4922936260700226,0.3880517780780792,0.05527934432029724,0.059994399547576904,0.3917084038257599,0.659299373626709,0.7570551037788391,0.06417842209339142,cut_roasted_beef_depth_349_cam00_0211
1377,"[320, 320, 416, 416]",0.9320958256721497,1.0,0.9456766605377198,cut_roasted_beef,cam00,cam00_0245,245,/leonardo_work/EUHPC_D21_034/proj_adags/repo/adags/refine-logs/depth_occlusion_support/r031_da3_depth_full/depth_npz/cut_roasted_beef/cam00_0245.npz,/leonardo_work/EUHPC_D21_034/proj_adags/data/n3v/cut_roasted_beef/motion_priors/masks/cam00_0245.png,/leonardo_work/EUHPC_D21_034/proj_adags/data/n3v/cut_roasted_beef/flow/cam00_0245.npz,2,0.18333835899829865,0.3560626804828644,0.28753331303596497,0.40133699774742126,0.385687917470932,0.048895347863435745,0.06355694681406021,0.36569681763648987,0.6594773530960083,0.7456963658332825,0.06010235473513603,cut_roasted_beef_depth_350_cam00_0245
470,"[416, 320, 512, 416]",0.9319204688072205,1.0,0.9455363750457764,cut_roasted_beef,cam00,cam00_0187,187,/leonardo_work/EUHPC_D21_034/proj_adags/repo/adags/refine-logs/depth_occlusion_support/r031_da3_depth_full/depth_npz/cut_roasted_beef/cam00_0187.npz,/leonardo_work/EUHPC_D21_034/proj_adags/data/n3v/cut_roasted_beef/motion_priors/masks/cam00_0187.png,/leonardo_work/EUHPC_D21_034/proj_adags/data/n3v/cut_roasted_beef/flow/cam00_0187.npz,0,0.18603011965751648,0.33889317512512207,0.3147374093532562,0.4933752417564392,0.40242406725883484,0.06621208041906357,0.08966773003339767,0.30101653933525085,0.6684494018554688,0.7472485899925232,0.0663783922791481,cut_roasted_beef_depth_351_cam00_0187
50,"[416, 144, 512, 240]",0.9319105744361877,1.0,0.9455284595489502,cut_roasted_beef,cam00,cam00_0289,289,/leonardo_work/EUHPC_D21_034/proj_adags/repo/adags/refine-logs/depth_occlusion_support/r031_da3_depth_full/depth_npz/cut_roasted_beef/cam00_0289.npz,/leonardo_work/EUHPC_D21_034/proj_adags/data/n3v/cut_roasted_beef/motion_priors/masks/cam00_0289.png,/leonardo_work/EUHPC_D21_034/proj_adags/data/n3v/cut_roasted_beef/flow/cam00_0289.npz,0,0.18210189044475555,0.46342915296554565,0.32100921869277954,0.47344404458999634,0.38400909304618835,0.04024427384138107,0.05556236207485199,0.7953007221221924,0.6661006212234497,0.7460348010063171,0.05243455618619919,cut_roasted_beef_depth_352_cam00_0289
193,"[304, 144, 400, 240]",0.93178790807724,1.0,0.945430326461792,cut_roasted_beef,cam00,cam00_0103,103,/leonardo_work/EUHPC_D21_034/proj_adags/repo/adags/refine-logs/depth_occlusion_support/r031_da3_depth_full/depth_npz/cut_roasted_beef/cam00_0103.npz,/leonardo_work/EUHPC_D21_034/proj_adags/data/n3v/cut_roasted_beef/motion_priors/masks/cam00_0103.png,/leonardo_work/EUHPC_D21_034/proj_adags/data/n3v/cut_roasted_beef/flow/cam00_0103.npz,2,0.17993102967739105,0.40574294328689575,0.3183326721191406,0.4685417413711548,0.3805684447288513,0.04682959243655205,0.04017716646194458,0.6309010982513428,0.6673290133476257,0.7416260838508606,0.05902862921357155,cut_roasted_beef_depth_353_cam00_0103
129,"[64, 272, 160, 368]",0.9316851496696472,1.0,0.9453481197357179,cut_roasted_beef,cam00,cam00_0211,211,/leonardo_work/EUHPC_D21_034/proj_adags/repo/adags/refine-logs/depth_occlusion_support/r031_da3_depth_full/depth_npz/cut_roasted_beef/cam00_0211.npz,/leonardo_work/EUHPC_D21_034/proj_adags/data/n3v/cut_roasted_beef/motion_priors/masks/cam00_0211.png,/leonardo_work/EUHPC_D21_034/proj_adags/data/n3v/cut_roasted_beef/flow/cam00_0211.npz,1,0.18732838332653046,0.49852293729782104,0.3115602731704712,0.4922936260700226,0.3880517780780792,0.05527934432029724,0.059994399547576904,0.3917084038257599,0.659299373626709,0.7570551037788391,0.06417842209339142,cut_roasted_beef_depth_354_cam00_0211
168,"[288, 160, 384, 256]",0.9316151142120361,1.0,0.945292091369629,cut_roasted_beef,cam00,cam00_0282,282,/leonardo_work/EUHPC_D21_034/proj_adags/repo/adags/refine-logs/depth_occlusion_support/r031_da3_depth_full/depth_npz/cut_roasted_beef/cam00_0282.npz,/leonardo_work/EUHPC_D21_034/proj_adags/data/n3v/cut_roasted_beef/motion_priors/masks/cam00_0282.png,/leonardo_work/EUHPC_D21_034/proj_adags/data/n3v/cut_roasted_beef/flow/cam00_0282.npz,1,0.178163543343544,0.3900972902774811,0.25878286361694336,0.45838069915771484,0.3727666437625885,0.03178868442773819,0.02746460773050785,0.7043637633323669,0.6664186716079712,0.7495390176773071,0.04764363914728165,cut_roasted_beef_depth_355_cam00_0282
210,"[320, 160, 416, 256]",0.9315252304077148,1.0,0.9452201843261718,cut_roasted_beef,cam00,cam00_0189,189,/leonardo_work/EUHPC_D21_034/proj_adags/repo/adags/refine-logs/depth_occlusion_support/r031_da3_depth_full/depth_npz/cut_roasted_beef/cam00_0189.npz,/leonardo_work/EUHPC_D21_034/proj_adags/data/n3v/cut_roasted_beef/motion_priors/masks/cam00_0189.png,/leonardo_work/EUHPC_D21_034/proj_adags/data/n3v/cut_roasted_beef/flow/cam00_0189.npz,2,0.1574661284685135,0.23445504903793335,0.3213742971420288,0.4817766547203064,0.39776182174682617,0.06117899715900421,0.07739866524934769,0.4751088321208954,0.6688287258148193,0.7462506890296936,0.06421343982219696,cut_roasted_beef_depth_356_cam00_0189
210,"[336, 160, 432, 256]",0.9315252304077148,1.0,0.9452201843261718,cut_roasted_beef,cam00,cam00_0189,189,/leonardo_work/EUHPC_D21_034/proj_adags/repo/adags/refine-logs/depth_occlusion_support/r031_da3_depth_full/depth_npz/cut_roasted_beef/cam00_0189.npz,/leonardo_work/EUHPC_D21_034/proj_adags/data/n3v/cut_roasted_beef/motion_priors/masks/cam00_0189.png,/leonardo_work/EUHPC_D21_034/proj_adags/data/n3v/cut_roasted_beef/flow/cam00_0189.npz,3,0.1574661284685135,0.23445504903793335,0.3213742971420288,0.4817766547203064,0.39776182174682617,0.06117899715900421,0.07739866524934769,0.4751088321208954,0.6688287258148193,0.7462506890296936,0.06421343982219696,cut_roasted_beef_depth_357_cam00_0189
23,"[272, 160, 368, 256]",0.9314941167831421,1.0,0.9451952934265138,cut_roasted_beef,cam00,cam00_0205,205,/leonardo_work/EUHPC_D21_034/proj_adags/repo/adags/refine-logs/depth_occlusion_support/r031_da3_depth_full/depth_npz/cut_roasted_beef/cam00_0205.npz,/leonardo_work/EUHPC_D21_034/proj_adags/data/n3v/cut_roasted_beef/motion_priors/masks/cam00_0205.png,/leonardo_work/EUHPC_D21_034/proj_adags/data/n3v/cut_roasted_beef/flow/cam00_0205.npz,0,0.17689351737499237,0.41426053643226624,0.2441972941160202,0.4868174195289612,0.3727816641330719,0.024990372359752655,0.031146785244345665,0.8987488746643066,0.6631216406822205,0.7543970346450806,0.05194145813584328,cut_roasted_beef_depth_358_cam00_0205
91,"[384, 144, 480, 240]",0.9314356446266174,1.0,0.945148515701294,cut_roasted_beef,cam00,cam00_0123,123,/leonardo_work/EUHPC_D21_034/proj_adags/repo/adags/refine-logs/depth_occlusion_support/r031_da3_depth_full/depth_npz/cut_roasted_beef/cam00_0123.npz,/leonardo_work/EUHPC_D21_034/proj_adags/data/n3v/cut_roasted_beef/motion_priors/masks/cam00_0123.png,/leonardo_work/EUHPC_D21_034/proj_adags/data/n3v/cut_roasted_beef/flow/cam00_0123.npz,2,0.17986883223056793,0.4433092176914215,0.30170536041259766,0.41256487369537354,0.3925362825393677,0.056822825223207474,0.06995844841003418,0.5433516502380371,0.6688345670700073,0.7454103827476501,0.06395084410905838,cut_roasted_beef_depth_359_cam00_0123
212,"[272, 176, 368, 272]",0.9313610196113586,1.0,0.9450888156890869,cut_roasted_beef,cam00,cam00_0294,294,/leonardo_work/EUHPC_D21_034/proj_adags/repo/adags/refine-logs/depth_occlusion_support/r031_da3_depth_full/depth_npz/cut_roasted_beef/cam00_0294.npz,/leonardo_work/EUHPC_D21_034/proj_adags/data/n3v/cut_roasted_beef/motion_priors/masks/cam00_0294.png,/leonardo_work/EUHPC_D21_034/proj_adags/data/n3v/cut_roasted_beef/flow/cam00_0294.npz,3,0.17737895250320435,0.530884861946106,0.2708851099014282,0.3997761011123657,0.3879423141479492,0.04971231147646904,0.05783236026763916,0.5628333687782288,0.6650531888008118,0.7419558167457581,0.05827877297997475,cut_roasted_beef_depth_360_cam00_0294
14,"[240, 128, 336, 224]",1.0,1.0,1.0,flame_steak,cam00,cam00_0212,212,/leonardo_work/EUHPC_D21_034/proj_adags/repo/adags/refine-logs/depth_occlusion_support/r031_da3_depth_full/depth_npz/flame_steak/cam00_0212.npz,/leonardo_work/EUHPC_D21_034/proj_adags/data/n3v/flame_steak/motion_priors/masks/cam00_0212.png,/leonardo_work/EUHPC_D21_034/proj_adags/data/n3v/flame_steak/flow/cam00_0212.npz,0,0.1873188018798828,0.49603548645973206,0.25248757004737854,0.46073558926582336,0.37490954995155334,0.04768448695540428,0.054570335894823074,0.7902384400367737,0.651806652545929,0.7137792706489563,0.05021708086133003,flame_steak_depth_001_cam00_0212
13,"[192, 224, 288, 320]",1.0,1.0,1.0,flame_steak,cam00,cam00_0192,192,/leonardo_work/EUHPC_D21_034/proj_adags/repo/adags/refine-logs/depth_occlusion_support/r031_da3_depth_full/depth_npz/flame_steak/cam00_0192.npz,/leonardo_work/EUHPC_D21_034/proj_adags/data/n3v/flame_steak/motion_priors/masks/cam00_0192.png,/leonardo_work/EUHPC_D21_034/proj_adags/data/n3v/flame_steak/flow/cam00_0192.npz,0,0.19116652011871338,0.2841072678565979,0.3000817894935608,0.4464437663555145,0.383944571018219,0.053444091230630875,0.06257950514554977,0.362857848405838,0.6583977937698364,0.7117543816566467,0.055401887744665146,flame_steak_depth_002_cam00_0192
18,"[256, 128, 352, 224]",0.9976076483726501,1.0,0.9980861186981203,flame_steak,cam00,cam00_0042,42,/leonardo_work/EUHPC_D21_034/proj_adags/repo/adags/refine-logs/depth_occlusion_support/r031_da3_depth_full/depth_npz/flame_steak/cam00_0042.npz,/leonardo_work/EUHPC_D21_034/proj_adags/data/n3v/flame_steak/motion_priors/masks/cam00_0042.png,/leonardo_work/EUHPC_D21_034/proj_adags/data/n3v/flame_steak/flow/cam00_0042.npz,0,0.19611488282680511,0.3593577444553375,0.3251476287841797,0.4622306525707245,0.3740745186805725,0.04728475958108902,0.04143470525741577,0.739081859588623,0.6748800873756409,0.6866268515586853,0.0507364347577095,flame_steak_depth_003_cam00_0042
55,"[192, 240, 288, 336]",0.9975341558456421,1.0,0.9980273246765137,flame_steak,cam00,cam00_0037,37,/leonardo_work/EUHPC_D21_034/proj_adags/repo/adags/refine-logs/depth_occlusion_support/r031_da3_depth_full/depth_npz/flame_steak/cam00_0037.npz,/leonardo_work/EUHPC_D21_034/proj_adags/data/n3v/flame_steak/motion_priors/masks/cam00_0037.png,/leonardo_work/EUHPC_D21_034/proj_adags/data/n3v/flame_steak/flow/cam00_0037.npz,0,0.18284228444099426,0.3876575827598572,0.2733725905418396,0.4404052793979645,0.37643030285835266,0.04769032448530197,0.0454815998673439,0.7816661596298218,0.6754169464111328,0.6855239868164062,0.054444871842861176,flame_steak_depth_004_cam00_0037
79,"[272, 160, 368, 256]",0.9935519099235535,1.0,0.9948415279388427,flame_steak,cam00,cam00_0148,148,/leonardo_work/EUHPC_D21_034/proj_adags/repo/adags/refine-logs/depth_occlusion_support/r031_da3_depth_full/depth_npz/flame_steak/cam00_0148.npz,/leonardo_work/EUHPC_D21_034/proj_adags/data/n3v/flame_steak/motion_priors/masks/cam00_0148.png,/leonardo_work/EUHPC_D21_034/proj_adags/data/n3v/flame_steak/flow/cam00_0148.npz,0,0.19510921835899353,0.3124150335788727,0.29857203364372253,0.4488339424133301,0.36881425976753235,0.024777377024292946,0.04665161296725273,0.7185906171798706,0.6695143580436707,0.7106368541717529,0.045286111533641815,flame_steak_depth_005_cam00_0148
11,"[192, 224, 288, 320]",0.9929479360580444,1.0,0.9943583488464356,flame_steak,cam00,cam00_0221,221,/leonardo_work/EUHPC_D21_034/proj_adags/repo/adags/refine-logs/depth_occlusion_support/r031_da3_depth_full/depth_npz/flame_steak/cam00_0221.npz,/leonardo_work/EUHPC_D21_034/proj_adags/data/n3v/flame_steak/motion_priors/masks/cam00_0221.png,/leonardo_work/EUHPC_D21_034/proj_adags/data/n3v/flame_steak/flow/cam00_0221.npz,0,0.1851227730512619,0.6163539290428162,0.2845163643360138,0.44811421632766724,0.36607688665390015,0.040649838745594025,0.022901276126503944,0.8766645789146423,0.651786208152771,0.7144853472709656,0.05209026113152504,flame_steak_depth_006_cam00_0221
11,"[272, 128, 368, 224]",0.9928386211395264,1.0,0.9942708969116212,flame_steak,cam00,cam00_0086,86,/leonardo_work/EUHPC_D21_034/proj_adags/repo/adags/refine-logs/depth_occlusion_support/r031_da3_depth_full/depth_npz/flame_steak/cam00_0086.npz,/leonardo_work/EUHPC_D21_034/proj_adags/data/n3v/flame_steak/motion_priors/masks/cam00_0086.png,/leonardo_work/EUHPC_D21_034/proj_adags/data/n3v/flame_steak/flow/cam00_0086.npz,0,0.18559207022190094,0.3116227984428406,0.26268357038497925,0.41024354100227356,0.3793518543243408,0.04687044024467468,0.061202339828014374,0.6830117702484131,0.6708856821060181,0.6966259479522705,0.05532894656062126,flame_steak_depth_007_cam00_0086
13,"[272, 144, 368, 240]",0.9884862303733826,1.0,0.9907889842987061,flame_steak,cam00,cam00_0150,150,/leonardo_work/EUHPC_D21_034/proj_adags/repo/adags/refine-logs/depth_occlusion_support/r031_da3_depth_full/depth_npz/flame_steak/cam00_0150.npz,/leonardo_work/EUHPC_D21_034/proj_adags/data/n3v/flame_steak/motion_priors/masks/cam00_0150.png,/leonardo_work/EUHPC_D21_034/proj_adags/data/n3v/flame_steak/flow/cam00_0150.npz,0,0.1913621574640274,0.35956767201423645,0.3083498179912567,0.4747697710990906,0.37106582522392273,0.028395364060997963,0.0483614020049572,0.8327351808547974,0.6687178611755371,0.7110044956207275,0.048063792288303375,flame_steak_depth_008_cam00_0150
10,"[192, 224, 288, 320]",0.9877470135688782,1.0,0.9901976108551025,flame_steak,cam00,cam00_0006,6,/leonardo_work/EUHPC_D21_034/proj_adags/repo/adags/refine-logs/depth_occlusion_support/r031_da3_depth_full/depth_npz/flame_steak/cam00_0006.npz,/leonardo_work/EUHPC_D21_034/proj_adags/data/n3v/flame_steak/motion_priors/masks/cam00_0006.png,/leonardo_work/EUHPC_D21_034/proj_adags/data/n3v/flame_steak/flow/cam00_0006.npz,0,0.18992391228675842,0.3048016428947449,0.3003044128417969,0.4377436339855194,0.35792601108551025,0.017057059332728386,0.026799365878105164,0.857996940612793,0.6825974583625793,0.6770158410072327,0.04666036367416382,flame_steak_depth_009_cam00_0006
20,"[208, 208, 304, 304]",0.9860634803771973,1.0,0.9888507843017578,flame_steak,cam00,cam00_0222,222,/leonardo_work/EUHPC_D21_034/proj_adags/repo/adags/refine-logs/depth_occlusion_support/r031_da3_depth_full/depth_npz/flame_steak/cam00_0222.npz,/leonardo_work/EUHPC_D21_034/proj_adags/data/n3v/flame_steak/motion_priors/masks/cam00_0222.png,/leonardo_work/EUHPC_D21_034/proj_adags/data/n3v/flame_steak/flow/cam00_0222.npz,0,0.1802118420600891,0.2939497232437134,0.27412310242652893,0.45488306879997253,0.3655388355255127,0.035771388560533524,0.02555641159415245,0.8759351372718811,0.6516870260238647,0.7152060270309448,0.04809005185961723,flame_steak_depth_010_cam00_0222
20,"[400, 128, 496, 224]",0.9857499003410339,1.0,0.9885999202728273,flame_steak,cam00,cam00_0166,166,/leonardo_work/EUHPC_D21_034/proj_adags/repo/adags/refine-logs/depth_occlusion_support/r031_da3_depth_full/depth_npz/flame_steak/cam00_0166.npz,/leonardo_work/EUHPC_D21_034/proj_adags/data/n3v/flame_steak/motion_priors/masks/cam00_0166.png,/leonardo_work/EUHPC_D21_034/proj_adags/data/n3v/flame_steak/flow/cam00_0166.npz,0,0.18305888772010803,0.3226335346698761,0.3032473623752594,0.45457082986831665,0.3699520528316498,0.03415204957127571,0.045111048966646194,0.6436282396316528,0.6644988059997559,0.7101438045501709,0.04895661771297455,flame_steak_depth_011_cam00_0166
21,"[192, 224, 288, 320]",0.9857127070426941,1.0,0.9885701656341552,flame_steak,cam00,cam00_0194,194,/leonardo_work/EUHPC_D21_034/proj_adags/repo/adags/refine-logs/depth_occlusion_support/r031_da3_depth_full/depth_npz/flame_steak/cam00_0194.npz,/leonardo_work/EUHPC_D21_034/proj_adags/data/n3v/flame_steak/motion_priors/masks/cam00_0194.png,/leonardo_work/EUHPC_D21_034/proj_adags/data/n3v/flame_steak/flow/cam00_0194.npz,0,0.1922270953655243,0.38834241032600403,0.28515058755874634,0.4342011511325836,0.3795231878757477,0.04938552528619766,0.05225073918700218,0.3047424852848053,0.6572248935699463,0.7119206786155701,0.05219530314207077,flame_steak_depth_012_cam00_0194
27,"[192, 240, 288, 336]",0.9826462864875793,1.0,0.9861170291900636,flame_steak,cam00,cam00_0064,64,/leonardo_work/EUHPC_D21_034/proj_adags/repo/adags/refine-logs/depth_occlusion_support/r031_da3_depth_full/depth_npz/flame_steak/cam00_0064.npz,/leonardo_work/EUHPC_D21_034/proj_adags/data/n3v/flame_steak/motion_priors/masks/cam00_0064.png,/leonardo_work/EUHPC_D21_034/proj_adags/data/n3v/flame_steak/flow/cam00_0064.npz,0,0.16493667662143707,0.34221184253692627,0.3211919963359833,0.4833635985851288,0.37358009815216064,0.04581422358751297,0.041075825691223145,0.6342244148254395,0.6718777418136597,0.6882987022399902,0.05351411551237106,flame_steak_depth_013_cam00_0064
19,"[256, 128, 352, 224]",0.981677234172821,1.0,0.9853417873382568,flame_steak,cam00,cam00_0060,60,/leonardo_work/EUHPC_D21_034/proj_adags/repo/adags/refine-logs/depth_occlusion_support/r031_da3_depth_full/depth_npz/flame_steak/cam00_0060.npz,/leonardo_work/EUHPC_D21_034/proj_adags/data/n3v/flame_steak/motion_priors/masks/cam00_0060.png,/leonardo_work/EUHPC_D21_034/proj_adags/data/n3v/flame_steak/flow/cam00_0060.npz,0,0.19353947043418884,0.28343847393989563,0.3244139552116394,0.44726860523223877,0.3752354681491852,0.0445450097322464,0.041388023644685745,0.6143984198570251,0.6740864515304565,0.6907350420951843,0.055752016603946686,flame_steak_depth_014_cam00_0060
14,"[272, 160, 368, 256]",0.9804036021232605,1.0,0.9843228816986085,flame_steak,cam00,cam00_0156,156,/leonardo_work/EUHPC_D21_034/proj_adags/repo/adags/refine-logs/depth_occlusion_support/r031_da3_depth_full/depth_npz/flame_steak/cam00_0156.npz,/leonardo_work/EUHPC_D21_034/proj_adags/data/n3v/flame_steak/motion_priors/masks/cam00_0156.png,/leonardo_work/EUHPC_D21_034/proj_adags/data/n3v/flame_steak/flow/cam00_0156.npz,0,0.19013871252536774,0.3423783481121063,0.30022621154785156,0.4799724221229553,0.372936874628067,0.03939521312713623,0.03454594314098358,0.855006217956543,0.6682509779930115,0.7113808989524841,0.05049426481127739,flame_steak_depth_015_cam00_0156
16,"[272, 144, 368, 240]",0.980244517326355,1.0,0.9841956138610841,flame_steak,cam00,cam00_0148,148,/leonardo_work/EUHPC_D21_034/proj_adags/repo/adags/refine-logs/depth_occlusion_support/r031_da3_depth_full/depth_npz/flame_steak/cam00_0148.npz,/leonardo_work/EUHPC_D21_034/proj_adags/data/n3v/flame_steak/motion_priors/masks/cam00_0148.png,/leonardo_work/EUHPC_D21_034/proj_adags/data/n3v/flame_steak/flow/cam00_0148.npz,1,0.19510921835899353,0.3124150335788727,0.29857203364372253,0.4488339424133301,0.36881425976753235,0.024777377024292946,0.04665161296725273,0.7185906171798706,0.6695143580436707,0.7106368541717529,0.045286111533641815,flame_steak_depth_016_cam00_0148
108,"[240, 160, 336, 256]",0.9801490306854248,1.0,0.9841192245483399,flame_steak,cam00,cam00_0234,234,/leonardo_work/EUHPC_D21_034/proj_adags/repo/adags/refine-logs/depth_occlusion_support/r031_da3_depth_full/depth_npz/flame_steak/cam00_0234.npz,/leonardo_work/EUHPC_D21_034/proj_adags/data/n3v/flame_steak/motion_priors/masks/cam00_0234.png,/leonardo_work/EUHPC_D21_034/proj_adags/data/n3v/flame_steak/flow/cam00_0234.npz,0,0.19002319872379303,0.2888435423374176,0.30061957240104675,0.45827311277389526,0.36894774436950684,0.035389166325330734,0.036483317613601685,0.8912532329559326,0.653525173664093,0.7160609364509583,0.04647946357727051,flame_steak_depth_017_cam00_0234
177,"[240, 160, 336, 256]",0.979977011680603,1.0,0.9839816093444824,flame_steak,cam00,cam00_0258,258,/leonardo_work/EUHPC_D21_034/proj_adags/repo/adags/refine-logs/depth_occlusion_support/r031_da3_depth_full/depth_npz/flame_steak/cam00_0258.npz,/leonardo_work/EUHPC_D21_034/proj_adags/data/n3v/flame_steak/motion_priors/masks/cam00_0258.png,/leonardo_work/EUHPC_D21_034/proj_adags/data/n3v/flame_steak/flow/cam00_0258.npz,0,0.1895303577184677,0.4289032816886902,0.29629871249198914,0.49204233288764954,0.3642338812351227,0.02825239486992359,0.030910449102520943,0.8838276267051697,0.657043993473053,0.7086119651794434,0.042852725833654404,flame_steak_depth_018_cam00_0258
20,"[208, 208, 304, 304]",0.9798353314399719,1.0,0.9838682651519777,flame_steak,cam00,cam00_0101,101,/leonardo_work/EUHPC_D21_034/proj_adags/repo/adags/refine-logs/depth_occlusion_support/r031_da3_depth_full/depth_npz/flame_steak/cam00_0101.npz,/leonardo_work/EUHPC_D21_034/proj_adags/data/n3v/flame_steak/motion_priors/masks/cam00_0101.png,/leonardo_work/EUHPC_D21_034/proj_adags/data/n3v/flame_steak/flow/cam00_0101.npz,0,0.19645342230796814,0.4315141439437866,0.2956307530403137,0.4528260827064514,0.3672284483909607,0.02347315102815628,0.04789164662361145,0.6088722348213196,0.6706931591033936,0.7027910947799683,0.05054386332631111,flame_steak_depth_019_cam00_0101
13,"[192, 224, 288, 320]",0.9796390533447266,1.0,0.9837112426757812,flame_steak,cam00,cam00_0292,292,/leonardo_work/EUHPC_D21_034/proj_adags/repo/adags/refine-logs/depth_occlusion_support/r031_da3_depth_full/depth_npz/flame_steak/cam00_0292.npz,/leonardo_work/EUHPC_D21_034/proj_adags/data/n3v/flame_steak/motion_priors/masks/cam00_0292.png,/leonardo_work/EUHPC_D21_034/proj_adags/data/n3v/flame_steak/flow/cam00_0292.npz,0,0.16354523599147797,0.35872772336006165,0.30678147077560425,0.4837346076965332,0.35640034079551697,0.01699870452284813,0.03967239707708359,0.37777623534202576,0.6652982234954834,0.6849783658981323,0.03589685261249542,flame_steak_depth_020_cam00_0292
116,"[240, 176, 336, 272]",0.9787898063659668,1.0,0.9830318450927735,flame_steak,cam00,cam00_0234,234,/leonardo_work/EUHPC_D21_034/proj_adags/repo/adags/refine-logs/depth_occlusion_support/r031_da3_depth_full/depth_npz/flame_steak/cam00_0234.npz,/leonardo_work/EUHPC_D21_034/proj_adags/data/n3v/flame_steak/motion_priors/masks/cam00_0234.png,/leonardo_work/EUHPC_D21_034/proj_adags/data/n3v/flame_steak/flow/cam00_0234.npz,1,0.19002319872379303,0.2888435423374176,0.30061957240104675,0.45827311277389526,0.36894774436950684,0.035389166325330734,0.036483317613601685,0.8912532329559326,0.653525173664093,0.7160609364509583,0.04647946357727051,flame_steak_depth_021_cam00_0234
30,"[192, 224, 288, 320]",0.9787665009498596,1.0,0.9830132007598877,flame_steak,cam00,cam00_0196,196,/leonardo_work/EUHPC_D21_034/proj_adags/repo/adags/refine-logs/depth_occlusion_support/r031_da3_depth_full/depth_npz/flame_steak/cam00_0196.npz,/leonardo_work/EUHPC_D21_034/proj_adags/data/n3v/flame_steak/motion_priors/masks/cam00_0196.png,/leonardo_work/EUHPC_D21_034/proj_adags/data/n3v/flame_steak/flow/cam00_0196.npz,0,0.19165880978107452,0.2762691080570221,0.2972511351108551,0.43095216155052185,0.36747920513153076,0.035149913281202316,0.03142397105693817,0.8685269951820374,0.6561190485954285,0.7132219672203064,0.04880489781498909,flame_steak_depth_022_cam00_0196
28,"[192, 224, 288, 320]",0.9787030816078186,1.0,0.982962465286255,flame_steak,cam00,cam00_0030,30,/leonardo_work/EUHPC_D21_034/proj_adags/repo/adags/refine-logs/depth_occlusion_support/r031_da3_depth_full/depth_npz/flame_steak/cam00_0030.npz,/leonardo_work/EUHPC_D21_034/proj_adags/data/n3v/flame_steak/motion_priors/masks/cam00_0030.png,/leonardo_work/EUHPC_D21_034/proj_adags/data/n3v/flame_steak/flow/cam00_0030.npz,0,0.18260252475738525,0.37405550479888916,0.27765214443206787,0.4432770609855652,0.37312668561935425,0.04345377907156944,0.037927594035863876,0.8165505528450012,0.6761142611503601,0.6838608384132385,0.05289847403764725,flame_steak_depth_023_cam00_0030
39,"[240, 144, 336, 240]",0.9785861372947693,1.0,0.9828689098358154,flame_steak,cam00,cam00_0030,30,/leonardo_work/EUHPC_D21_034/proj_adags/repo/adags/refine-logs/depth_occlusion_support/r031_da3_depth_full/depth_npz/flame_steak/cam00_0030.npz,/leonardo_work/EUHPC_D21_034/proj_adags/data/n3v/flame_steak/motion_priors/masks/cam00_0030.png,/leonardo_work/EUHPC_D21_034/proj_adags/data/n3v/flame_steak/flow/cam00_0030.npz,1,0.18260252475738525,0.37405550479888916,0.27765214443206787,0.4432770609855652,0.37312668561935425,0.04345377907156944,0.037927594035863876,0.8165505528450012,0.6761142611503601,0.6838608384132385,0.05289847403764725,flame_steak_depth_024_cam00_0030
62,"[240, 160, 336, 256]",0.9784015417098999,1.0,0.98272123336792,flame_steak,cam00,cam00_0218,218,/leonardo_work/EUHPC_D21_034/proj_adags/repo/adags/refine-logs/depth_occlusion_support/r031_da3_depth_full/depth_npz/flame_steak/cam00_0218.npz,/leonardo_work/EUHPC_D21_034/proj_adags/data/n3v/flame_steak/motion_priors/masks/cam00_0218.png,/leonardo_work/EUHPC_D21_034/proj_adags/data/n3v/flame_steak/flow/cam00_0218.npz,0,0.19429756700992584,0.29598361253738403,0.3021848797798157,0.45337975025177,0.37567952275276184,0.04964520409703255,0.05021124333143234,0.7079000473022461,0.6518504023551941,0.7140593528747559,0.05517430603504181,flame_steak_depth_025_cam00_0218
90,"[240, 160, 336, 256]",0.9777557253837585,1.0,0.982204580307007,flame_steak,cam00,cam00_0233,233,/leonardo_work/EUHPC_D21_034/proj_adags/repo/adags/refine-logs/depth_occlusion_support/r031_da3_depth_full/depth_npz/flame_steak/cam00_0233.npz,/leonardo_work/EUHPC_D21_034/proj_adags/data/n3v/flame_steak/motion_priors/masks/cam00_0233.png,/leonardo_work/EUHPC_D21_034/proj_adags/data/n3v/flame_steak/flow/cam00_0233.npz,0,0.18910923600196838,0.49172982573509216,0.30755963921546936,0.44497257471084595,0.3669251501560211,0.035357072949409485,0.03182953596115112,0.8692944049835205,0.6533414125442505,0.7152965068817139,0.04595135524868965,flame_steak_depth_026_cam00_0233
51,"[192, 240, 288, 336]",0.9776644706726074,1.0,0.982131576538086,flame_steak,cam00,cam00_0066,66,/leonardo_work/EUHPC_D21_034/proj_adags/repo/adags/refine-logs/depth_occlusion_support/r031_da3_depth_full/depth_npz/flame_steak/cam00_0066.npz,/leonardo_work/EUHPC_D21_034/proj_adags/data/n3v/flame_steak/motion_priors/masks/cam00_0066.png,/leonardo_work/EUHPC_D21_034/proj_adags/data/n3v/flame_steak/flow/cam00_0066.npz,0,0.16385716199874878,0.37157610058784485,0.311806321144104,0.4588219225406647,0.3712080121040344,0.04278269782662392,0.03564009070396423,0.8218433260917664,0.6734387278556824,0.6893811821937561,0.0516788624227047,flame_steak_depth_027_cam00_0066
31,"[416, 208, 512, 304]",0.9774357080459595,1.0,0.9819485664367675,flame_steak,cam00,cam00_0043,43,/leonardo_work/EUHPC_D21_034/proj_adags/repo/adags/refine-logs/depth_occlusion_support/r031_da3_depth_full/depth_npz/flame_steak/cam00_0043.npz,/leonardo_work/EUHPC_D21_034/proj_adags/data/n3v/flame_steak/motion_priors/masks/cam00_0043.png,/leonardo_work/EUHPC_D21_034/proj_adags/data/n3v/flame_steak/flow/cam00_0043.npz,0,0.16731004416942596,0.3647925555706024,0.32135874032974243,0.45764634013175964,0.3757784068584442,0.04528319463133812,0.042213741689920425,0.8481320738792419,0.6746466755867004,0.6864255666732788,0.04750942438840866,flame_steak_depth_028_cam00_0043
122,"[272, 160, 368, 256]",0.9772403240203857,1.0,0.9817922592163086,flame_steak,cam00,cam00_0170,170,/leonardo_work/EUHPC_D21_034/proj_adags/repo/adags/refine-logs/depth_occlusion_support/r031_da3_depth_full/depth_npz/flame_steak/cam00_0170.npz,/leonardo_work/EUHPC_D21_034/proj_adags/data/n3v/flame_steak/motion_priors/masks/cam00_0170.png,/leonardo_work/EUHPC_D21_034/proj_adags/data/n3v/flame_steak/flow/cam00_0170.npz,0,0.18907056748867035,0.38674449920654297,0.2752223014831543,0.4539014399051666,0.38179337978363037,0.0552414134144783,0.05721379816532135,0.5684558153152466,0.6626256108283997,0.7106485366821289,0.05908406525850296,flame_steak_depth_029_cam00_0170
41,"[416, 224, 512, 320]",0.9771539568901062,1.0,0.981723165512085,flame_steak,cam00,cam00_0067,67,/leonardo_work/EUHPC_D21_034/proj_adags/repo/adags/refine-logs/depth_occlusion_support/r031_da3_depth_full/depth_npz/flame_steak/cam00_0067.npz,/leonardo_work/EUHPC_D21_034/proj_adags/data/n3v/flame_steak/motion_priors/masks/cam00_0067.png,/leonardo_work/EUHPC_D21_034/proj_adags/data/n3v/flame_steak/flow/cam00_0067.npz,0,0.16548222303390503,0.38558223843574524,0.29616326093673706,0.4577847123146057,0.373198926448822,0.04036681726574898,0.04069652035832405,0.8062713742256165,0.674305260181427,0.6897809505462646,0.05095818266272545,flame_steak_depth_030_cam00_0067
124,"[240, 160, 336, 256]",0.9770218729972839,1.0,0.9816174983978272,flame_steak,cam00,cam00_0004,4,/leonardo_work/EUHPC_D21_034/proj_adags/repo/adags/refine-logs/depth_occlusion_support/r031_da3_depth_full/depth_npz/flame_steak/cam00_0004.npz,/leonardo_work/EUHPC_D21_034/proj_adags/data/n3v/flame_steak/motion_priors/masks/cam00_0004.png,/leonardo_work/EUHPC_D21_034/proj_adags/data/n3v/flame_steak/flow/cam00_0004.npz,0,0.18852850794792175,0.2828035056591034,0.31327542662620544,0.4538824260234833,0.3651256263256073,0.02404794469475746,0.03819894418120384,0.8812074661254883,0.6838958859443665,0.6751076579093933,0.04741021990776062,flame_steak_depth_031_cam00_0004
27,"[256, 128, 352, 224]",0.9764544367790222,1.0,0.9811635494232178,flame_steak,cam00,cam00_0041,41,/leonardo_work/EUHPC_D21_034/proj_adags/repo/adags/refine-logs/depth_occlusion_support/r031_da3_depth_full/depth_npz/flame_steak/cam00_0041.npz,/leonardo_work/EUHPC_D21_034/proj_adags/data/n3v/flame_steak/motion_priors/masks/cam00_0041.png,/leonardo_work/EUHPC_D21_034/proj_adags/data/n3v/flame_steak/flow/cam00_0041.npz,0,0.16773585975170135,0.2673186659812927,0.3112947344779968,0.4436955153942108,0.37645408511161804,0.047506507486104965,0.04006337374448776,0.8203727602958679,0.6752710342407227,0.686454713344574,0.048877838999032974,flame_steak_depth_032_cam00_0041
29,"[400, 192, 496, 288]",0.9759023189544678,1.0,0.9807218551635744,flame_steak,cam00,cam00_0215,215,/leonardo_work/EUHPC_D21_034/proj_adags/repo/adags/refine-logs/depth_occlusion_support/r031_da3_depth_full/depth_npz/flame_steak/cam00_0215.npz,/leonardo_work/EUHPC_D21_034/proj_adags/data/n3v/flame_steak/motion_priors/masks/cam00_0215.png,/leonardo_work/EUHPC_D21_034/proj_adags/data/n3v/flame_steak/flow/cam00_0215.npz,0,0.1851348578929901,0.4056454002857208,0.26813018321990967,0.4485083818435669,0.37639400362968445,0.04996323585510254,0.05823500454425812,0.49838942289352417,0.6524398326873779,0.7152293920516968,0.05273508280515671,flame_steak_depth_033_cam00_0215
92,"[256, 160, 352, 256]",0.9758214354515076,1.0,0.9806571483612061,flame_steak,cam00,cam00_0081,81,/leonardo_work/EUHPC_D21_034/proj_adags/repo/adags/refine-logs/depth_occlusion_support/r031_da3_depth_full/depth_npz/flame_steak/cam00_0081.npz,/leonardo_work/EUHPC_D21_034/proj_adags/data/n3v/flame_steak/motion_priors/masks/cam00_0081.png,/leonardo_work/EUHPC_D21_034/proj_adags/data/n3v/flame_steak/flow/cam00_0081.npz,0,0.18471357226371765,0.5803637504577637,0.2740669250488281,0.47284892201423645,0.3748228847980499,0.043815575540065765,0.054526567459106445,0.7370831966400146,0.6711629033088684,0.6942421197891235,0.055539023131132126,flame_steak_depth_034_cam00_0081
85,"[240, 160, 336, 256]",0.9758030772209167,1.0,0.9806424617767335,flame_steak,cam00,cam00_0030,30,/leonardo_work/EUHPC_D21_034/proj_adags/repo/adags/refine-logs/depth_occlusion_support/r031_da3_depth_full/depth_npz/flame_steak/cam00_0030.npz,/leonardo_work/EUHPC_D21_034/proj_adags/data/n3v/flame_steak/motion_priors/masks/cam00_0030.png,/leonardo_work/EUHPC_D21_034/proj_adags/data/n3v/flame_steak/flow/cam00_0030.npz,2,0.18260252475738525,0.37405550479888916,0.27765214443206787,0.4432770609855652,0.37312668561935425,0.04345377907156944,0.037927594035863876,0.8165505528450012,0.6761142611503601,0.6838608384132385,0.05289847403764725,flame_steak_depth_035_cam00_0030
26,"[240, 144, 336, 240]",0.975710928440094,1.0,0.9805687427520753,flame_steak,cam00,cam00_0282,282,/leonardo_work/EUHPC_D21_034/proj_adags/repo/adags/refine-logs/depth_occlusion_support/r031_da3_depth_full/depth_npz/flame_steak/cam00_0282.npz,/leonardo_work/EUHPC_D21_034/proj_adags/data/n3v/flame_steak/motion_priors/masks/cam00_0282.png,/leonardo_work/EUHPC_D21_034/proj_adags/data/n3v/flame_steak/flow/cam00_0282.npz,0,0.18168531358242035,0.4631561040878296,0.27975720167160034,0.45156651735305786,0.35597363114356995,0.013596629723906517,0.0410408116877079,0.8518084287643433,0.6603001952171326,0.6916249394416809,0.03783131018280983,flame_steak_depth_036_cam00_0282
56,"[240, 144, 336, 240]",0.9756829142570496,1.0,0.9805463314056397,flame_steak,cam00,cam00_0234,234,/leonardo_work/EUHPC_D21_034/proj_adags/repo/adags/refine-logs/depth_occlusion_support/r031_da3_depth_full/depth_npz/flame_steak/cam00_0234.npz,/leonardo_work/EUHPC_D21_034/proj_adags/data/n3v/flame_steak/motion_priors/masks/cam00_0234.png,/leonardo_work/EUHPC_D21_034/proj_adags/data/n3v/flame_steak/flow/cam00_0234.npz,2,0.19002319872379303,0.2888435423374176,0.30061957240104675,0.45827311277389526,0.36894774436950684,0.035389166325330734,0.036483317613601685,0.8912532329559326,0.653525173664093,0.7160609364509583,0.04647946357727051,flame_steak_depth_037_cam00_0234
200,"[240, 176, 336, 272]",0.9754828810691833,1.0,0.9803863048553467,flame_steak,cam00,cam00_0258,258,/leonardo_work/EUHPC_D21_034/proj_adags/repo/adags/refine-logs/depth_occlusion_support/r031_da3_depth_full/depth_npz/flame_steak/cam00_0258.npz,/leonardo_work/EUHPC_D21_034/proj_adags/data/n3v/flame_steak/motion_priors/masks/cam00_0258.png,/leonardo_work/EUHPC_D21_034/proj_adags/data/n3v/flame_steak/flow/cam00_0258.npz,1,0.1895303577184677,0.4289032816886902,0.29629871249198914,0.49204233288764954,0.3642338812351227,0.02825239486992359,0.030910449102520943,0.8838276267051697,0.657043993473053,0.7086119651794434,0.042852725833654404,flame_steak_depth_038_cam00_0258
26,"[416, 144, 512, 240]",0.9754085540771484,1.0,0.9803268432617187,flame_steak,cam00,cam00_0166,166,/leonardo_work/EUHPC_D21_034/proj_adags/repo/adags/refine-logs/depth_occlusion_support/r031_da3_depth_full/depth_npz/flame_steak/cam00_0166.npz,/leonardo_work/EUHPC_D21_034/proj_adags/data/n3v/flame_steak/motion_priors/masks/cam00_0166.png,/leonardo_work/EUHPC_D21_034/proj_adags/data/n3v/flame_steak/flow/cam00_0166.npz,1,0.18305888772010803,0.3226335346698761,0.3032473623752594,0.45457082986831665,0.3699520528316498,0.03415204957127571,0.045111048966646194,0.6436282396316528,0.6644988059997559,0.7101438045501709,0.04895661771297455,flame_steak_depth_039_cam00_0166
58,"[240, 144, 336, 240]",0.9753740429878235,1.0,0.9802992343902588,flame_steak,cam00,cam00_0004,4,/leonardo_work/EUHPC_D21_034/proj_adags/repo/adags/refine-logs/depth_occlusion_support/r031_da3_depth_full/depth_npz/flame_steak/cam00_0004.npz,/leonardo_work/EUHPC_D21_034/proj_adags/data/n3v/flame_steak/motion_priors/masks/cam00_0004.png,/leonardo_work/EUHPC_D21_034/proj_adags/data/n3v/flame_steak/flow/cam00_0004.npz,1,0.18852850794792175,0.2828035056591034,0.31327542662620544,0.4538824260234833,0.3651256263256073,0.02404794469475746,0.03819894418120384,0.8812074661254883,0.6838958859443665,0.6751076579093933,0.04741021990776062,flame_steak_depth_040_cam00_0004
52,"[240, 160, 336, 256]",0.9752960205078125,1.0,0.98023681640625,flame_steak,cam00,cam00_0231,231,/leonardo_work/EUHPC_D21_034/proj_adags/repo/adags/refine-logs/depth_occlusion_support/r031_da3_depth_full/depth_npz/flame_steak/cam00_0231.npz,/leonardo_work/EUHPC_D21_034/proj_adags/data/n3v/flame_steak/motion_priors/masks/cam00_0231.png,/leonardo_work/EUHPC_D21_034/proj_adags/data/n3v/flame_steak/flow/cam00_0231.npz,0,0.1815675050020218,0.525512158870697,0.2839823365211487,0.44041553139686584,0.36679959297180176,0.03615069389343262,0.031628210097551346,0.8604478240013123,0.6538286209106445,0.7146633267402649,0.04587549343705177,flame_steak_depth_041_cam00_0231
12,"[240, 176, 336, 272]",0.9748072624206543,1.0,0.9798458099365235,flame_steak,cam00,cam00_0084,84,/leonardo_work/EUHPC_D21_034/proj_adags/repo/adags/refine-logs/depth_occlusion_support/r031_da3_depth_full/depth_npz/flame_steak/cam00_0084.npz,/leonardo_work/EUHPC_D21_034/proj_adags/data/n3v/flame_steak/motion_priors/masks/cam00_0084.png,/leonardo_work/EUHPC_D21_034/proj_adags/data/n3v/flame_steak/flow/cam00_0084.npz,0,0.1550932079553604,0.28092750906944275,0.25809741020202637,0.4014255702495575,0.3765106797218323,0.04399355873465538,0.055915407836437225,0.7505397796630859,0.6706522703170776,0.696223258972168,0.05485919117927551,flame_steak_depth_042_cam00_0084
32,"[192, 240, 288, 336]",0.9746701121330261,1.0,0.9797360897064209,flame_steak,cam00,cam00_0039,39,/leonardo_work/EUHPC_D21_034/proj_adags/repo/adags/refine-logs/depth_occlusion_support/r031_da3_depth_full/depth_npz/flame_steak/cam00_0039.npz,/leonardo_work/EUHPC_D21_034/proj_adags/data/n3v/flame_steak/motion_priors/masks/cam00_0039.png,/leonardo_work/EUHPC_D21_034/proj_adags/data/n3v/flame_steak/flow/cam00_0039.npz,0,0.16575105488300323,0.4507073760032654,0.30343616008758545,0.448280394077301,0.3762015998363495,0.04694921895861626,0.04443997144699097,0.6626985669136047,0.6754081845283508,0.6856465339660645,0.051191601902246475,flame_steak_depth_043_cam00_0039
38,"[352, 128, 448, 224]",0.974448025226593,1.0,0.9795584201812744,flame_steak,cam00,cam00_0196,196,/leonardo_work/EUHPC_D21_034/proj_adags/repo/adags/refine-logs/depth_occlusion_support/r031_da3_depth_full/depth_npz/flame_steak/cam00_0196.npz,/leonardo_work/EUHPC_D21_034/proj_adags/data/n3v/flame_steak/motion_priors/masks/cam00_0196.png,/leonardo_work/EUHPC_D21_034/proj_adags/data/n3v/flame_steak/flow/cam00_0196.npz,1,0.19165880978107452,0.2762691080570221,0.2972511351108551,0.43095216155052185,0.36747920513153076,0.035149913281202316,0.03142397105693817,0.8685269951820374,0.6561190485954285,0.7132219672203064,0.04880489781498909,flame_steak_depth_044_cam00_0196
51,"[208, 208, 304, 304]",0.9743107557296753,1.0,0.9794486045837403,flame_steak,cam00,cam00_0084,84,/leonardo_work/EUHPC_D21_034/proj_adags/repo/adags/refine-logs/depth_occlusion_support/r031_da3_depth_full/depth_npz/flame_steak/cam00_0084.npz,/leonardo_work/EUHPC_D21_034/proj_adags/data/n3v/flame_steak/motion_priors/masks/cam00_0084.png,/leonardo_work/EUHPC_D21_034/proj_adags/data/n3v/flame_steak/flow/cam00_0084.npz,1,0.1550932079553604,0.28092750906944275,0.25809741020202637,0.4014255702495575,0.3765106797218323,0.04399355873465538,0.055915407836437225,0.7505397796630859,0.6706522703170776,0.696223258972168,0.05485919117927551,flame_steak_depth_045_cam00_0084
25,"[256, 128, 352, 224]",0.9740992784500122,1.0,0.9792794227600099,flame_steak,cam00,cam00_0040,40,/leonardo_work/EUHPC_D21_034/proj_adags/repo/adags/refine-logs/depth_occlusion_support/r031_da3_depth_full/depth_npz/flame_steak/cam00_0040.npz,/leonardo_work/EUHPC_D21_034/proj_adags/data/n3v/flame_steak/motion_priors/masks/cam00_0040.png,/leonardo_work/EUHPC_D21_034/proj_adags/data/n3v/flame_steak/flow/cam00_0040.npz,0,0.16568788886070251,0.31341320276260376,0.3174019157886505,0.4459739923477173,0.37506064772605896,0.04707759991288185,0.04235962778329849,0.8267626166343689,0.6757203936576843,0.6856610774993896,0.049983661621809006,flame_steak_depth_046_cam00_0040
49,"[208, 208, 304, 304]",0.9736424088478088,1.0,0.9789139270782472,flame_steak,cam00,cam00_0085,85,/leonardo_work/EUHPC_D21_034/proj_adags/repo/adags/refine-logs/depth_occlusion_support/r031_da3_depth_full/depth_npz/flame_steak/cam00_0085.npz,/leonardo_work/EUHPC_D21_034/proj_adags/data/n3v/flame_steak/motion_priors/masks/cam00_0085.png,/leonardo_work/EUHPC_D21_034/proj_adags/data/n3v/flame_steak/flow/cam00_0085.npz,0,0.15648822486400604,0.3977954089641571,0.2612777054309845,0.3794560730457306,0.37670376896858215,0.04587549343705177,0.05321650579571724,0.7149288654327393,0.6713262796401978,0.6964129209518433,0.05595042183995247,flame_steak_depth_047_cam00_0085
53,"[384, 144, 480, 240]",0.9734984636306763,1.0,0.9787987709045411,flame_steak,cam00,cam00_0072,72,/leonardo_work/EUHPC_D21_034/proj_adags/repo/adags/refine-logs/depth_occlusion_support/r031_da3_depth_full/depth_npz/flame_steak/cam00_0072.npz,/leonardo_work/EUHPC_D21_034/proj_adags/data/n3v/flame_steak/motion_priors/masks/cam00_0072.png,/leonardo_work/EUHPC_D21_034/proj_adags/data/n3v/flame_steak/flow/cam00_0072.npz,0,0.19082944095134735,0.3128376007080078,0.313900887966156,0.4509117305278778,0.3678595721721649,0.031333521008491516,0.0387270525097847,0.46481800079345703,0.6741623282432556,0.6918029189109802,0.04457126930356026,flame_steak_depth_048_cam00_0072
92,"[384, 160, 480, 256]",0.9733579754829407,1.0,0.9786863803863526,flame_steak,cam00,cam00_0066,66,/leonardo_work/EUHPC_D21_034/proj_adags/repo/adags/refine-logs/depth_occlusion_support/r031_da3_depth_full/depth_npz/flame_steak/cam00_0066.npz,/leonardo_work/EUHPC_D21_034/proj_adags/data/n3v/flame_steak/motion_priors/masks/cam00_0066.png,/leonardo_work/EUHPC_D21_034/proj_adags/data/n3v/flame_steak/flow/cam00_0066.npz,1,0.16385716199874878,0.37157610058784485,0.311806321144104,0.4588219225406647,0.3712080121040344,0.04278269782662392,0.03564009070396423,0.8218433260917664,0.6734387278556824,0.6893811821937561,0.0516788624227047,flame_steak_depth_049_cam00_0066
43,"[368, 144, 464, 240]",0.9732051491737366,1.0,0.9785641193389893,flame_steak,cam00,cam00_0208,208,/leonardo_work/EUHPC_D21_034/proj_adags/repo/adags/refine-logs/depth_occlusion_support/r031_da3_depth_full/depth_npz/flame_steak/cam00_0208.npz,/leonardo_work/EUHPC_D21_034/proj_adags/data/n3v/flame_steak/motion_priors/masks/cam00_0208.png,/leonardo_work/EUHPC_D21_034/proj_adags/data/n3v/flame_steak/flow/cam00_0208.npz,0,0.18944083154201508,0.32775530219078064,0.3085056245326996,0.4542001783847809,0.3732244372367859,0.043491706252098083,0.04868235066533089,0.8230804204940796,0.6530612707138062,0.713090717792511,0.05057596042752266,flame_steak_depth_050_cam00_0208
49,"[192, 240, 288, 336]",0.9731727242469788,1.0,0.9785381793975831,flame_steak,cam00,cam00_0184,184,/leonardo_work/EUHPC_D21_034/proj_adags/repo/adags/refine-logs/depth_occlusion_support/r031_da3_depth_full/depth_npz/flame_steak/cam00_0184.npz,/leonardo_work/EUHPC_D21_034/proj_adags/data/n3v/flame_steak/motion_priors/masks/cam00_0184.png,/leonardo_work/EUHPC_D21_034/proj_adags/data/n3v/flame_steak/flow/cam00_0184.npz,0,0.19264376163482666,0.3372859060764313,0.2987726628780365,0.46117785573005676,0.38572439551353455,0.05923578888177872,0.06964917480945587,0.5664775967597961,0.6561599373817444,0.7074915766716003,0.05876019597053528,flame_steak_depth_051_cam00_0184
93,"[240, 176, 336, 272]",0.9731602668762207,1.0,0.9785282135009765,flame_steak,cam00,cam00_0233,233,/leonardo_work/EUHPC_D21_034/proj_adags/repo/adags/refine-logs/depth_occlusion_support/r031_da3_depth_full/depth_npz/flame_steak/cam00_0233.npz,/leonardo_work/EUHPC_D21_034/proj_adags/data/n3v/flame_steak/motion_priors/masks/cam00_0233.png,/leonardo_work/EUHPC_D21_034/proj_adags/data/n3v/flame_steak/flow/cam00_0233.npz,1,0.18910923600196838,0.49172982573509216,0.30755963921546936,0.44497257471084595,0.3669251501560211,0.035357072949409485,0.03182953596115112,0.8692944049835205,0.6533414125442505,0.7152965068817139,0.04595135524868965,flame_steak_depth_052_cam00_0233
10,"[400, 192, 496, 288]",0.9730620384216309,1.0,0.9784496307373047,flame_steak,cam00,cam00_0028,28,/leonardo_work/EUHPC_D21_034/proj_adags/repo/adags/refine-logs/depth_occlusion_support/r031_da3_depth_full/depth_npz/flame_steak/cam00_0028.npz,/leonardo_work/EUHPC_D21_034/proj_adags/data/n3v/flame_steak/motion_priors/masks/cam00_0028.png,/leonardo_work/EUHPC_D21_034/proj_adags/data/n3v/flame_steak/flow/cam00_0028.npz,0,0.1860266476869583,0.42499053478240967,0.3104473948478699,0.4899482727050781,0.3710910975933075,0.03958778455853462,0.035762637853622437,0.8501715660095215,0.6755774021148682,0.6826383471488953,0.05165844038128853,flame_steak_depth_053_cam00_0028
74,"[288, 128, 384, 224]",0.972647488117218,1.0,0.9781179904937745,flame_steak,cam00,cam00_0090,90,/leonardo_work/EUHPC_D21_034/proj_adags/repo/adags/refine-logs/depth_occlusion_support/r031_da3_depth_full/depth_npz/flame_steak/cam00_0090.npz,/leonardo_work/EUHPC_D21_034/proj_adags/data/n3v/flame_steak/motion_priors/masks/cam00_0090.png,/leonardo_work/EUHPC_D21_034/proj_adags/data/n3v/flame_steak/flow/cam00_0090.npz,0,0.19364111125469208,0.29490840435028076,0.3187710642814636,0.46332553029060364,0.3757227063179016,0.041881121695041656,0.05156799033284187,0.3712025582790375,0.6717085242271423,0.6996954083442688,0.057184621691703796,flame_steak_depth_054_cam00_0090
54,"[240, 176, 336, 272]",0.9722073078155518,1.0,0.9777658462524415,flame_steak,cam00,cam00_0231,231,/leonardo_work/EUHPC_D21_034/proj_adags/repo/adags/refine-logs/depth_occlusion_support/r031_da3_depth_full/depth_npz/flame_steak/cam00_0231.npz,/leonardo_work/EUHPC_D21_034/proj_adags/data/n3v/flame_steak/motion_priors/masks/cam00_0231.png,/leonardo_work/EUHPC_D21_034/proj_adags/data/n3v/flame_steak/flow/cam00_0231.npz,1,0.1815675050020218,0.525512158870697,0.2839823365211487,0.44041553139686584,0.36679959297180176,0.03615069389343262,0.031628210097551346,0.8604478240013123,0.6538286209106445,0.7146633267402649,0.04587549343705177,flame_steak_depth_055_cam00_0231
65,"[416, 160, 512, 256]",0.9721717834472656,1.0,0.9777374267578125,flame_steak,cam00,cam00_0166,166,/leonardo_work/EUHPC_D21_034/proj_adags/repo/adags/refine-logs/depth_occlusion_support/r031_da3_depth_full/depth_npz/flame_steak/cam00_0166.npz,/leonardo_work/EUHPC_D21_034/proj_adags/data/n3v/flame_steak/motion_priors/masks/cam00_0166.png,/leonardo_work/EUHPC_D21_034/proj_adags/data/n3v/flame_steak/flow/cam00_0166.npz,2,0.18305888772010803,0.3226335346698761,0.3032473623752594,0.45457082986831665,0.3699520528316498,0.03415204957127571,0.045111048966646194,0.6436282396316528,0.6644988059997559,0.7101438045501709,0.04895661771297455,flame_steak_depth_056_cam00_0166
94,"[368, 160, 464, 256]",0.9721571803092957,1.0,0.9777257442474365,flame_steak,cam00,cam00_0208,208,/leonardo_work/EUHPC_D21_034/proj_adags/repo/adags/refine-logs/depth_occlusion_support/r031_da3_depth_full/depth_npz/flame_steak/cam00_0208.npz,/leonardo_work/EUHPC_D21_034/proj_adags/data/n3v/flame_steak/motion_priors/masks/cam00_0208.png,/leonardo_work/EUHPC_D21_034/proj_adags/data/n3v/flame_steak/flow/cam00_0208.npz,1,0.18944083154201508,0.32775530219078064,0.3085056245326996,0.4542001783847809,0.3732244372367859,0.043491706252098083,0.04868235066533089,0.8230804204940796,0.6530612707138062,0.713090717792511,0.05057596042752266,flame_steak_depth_057_cam00_0208
95,"[384, 160, 480, 256]",0.9721279144287109,1.0,0.9777023315429687,flame_steak,cam00,cam00_0072,72,/leonardo_work/EUHPC_D21_034/proj_adags/repo/adags/refine-logs/depth_occlusion_support/r031_da3_depth_full/depth_npz/flame_steak/cam00_0072.npz,/leonardo_work/EUHPC_D21_034/proj_adags/data/n3v/flame_steak/motion_priors/masks/cam00_0072.png,/leonardo_work/EUHPC_D21_034/proj_adags/data/n3v/flame_steak/flow/cam00_0072.npz,1,0.19082944095134735,0.3128376007080078,0.313900887966156,0.4509117305278778,0.3678595721721649,0.031333521008491516,0.0387270525097847,0.46481800079345703,0.6741623282432556,0.6918029189109802,0.04457126930356026,flame_steak_depth_058_cam00_0072
71,"[240, 176, 336, 272]",0.9720450639724731,1.0,0.9776360511779785,flame_steak,cam00,cam00_0218,218,/leonardo_work/EUHPC_D21_034/proj_adags/repo/adags/refine-logs/depth_occlusion_support/r031_da3_depth_full/depth_npz/flame_steak/cam00_0218.npz,/leonardo_work/EUHPC_D21_034/proj_adags/data/n3v/flame_steak/motion_priors/masks/cam00_0218.png,/leonardo_work/EUHPC_D21_034/proj_adags/data/n3v/flame_steak/flow/cam00_0218.npz,1,0.19429756700992584,0.29598361253738403,0.3021848797798157,0.45337975025177,0.37567952275276184,0.04964520409703255,0.05021124333143234,0.7079000473022461,0.6518504023551941,0.7140593528747559,0.05517430603504181,flame_steak_depth_059_cam00_0218
20,"[208, 192, 304, 288]",0.9719747304916382,1.0,0.9775797843933105,flame_steak,cam00,cam00_0196,196,/leonardo_work/EUHPC_D21_034/proj_adags/repo/adags/refine-logs/depth_occlusion_support/r031_da3_depth_full/depth_npz/flame_steak/cam00_0196.npz,/leonardo_work/EUHPC_D21_034/proj_adags/data/n3v/flame_steak/motion_priors/masks/cam00_0196.png,/leonardo_work/EUHPC_D21_034/proj_adags/data/n3v/flame_steak/flow/cam00_0196.npz,2,0.19165880978107452,0.2762691080570221,0.2972511351108551,0.43095216155052185,0.36747920513153076,0.035149913281202316,0.03142397105693817,0.8685269951820374,0.6561190485954285,0.7132219672203064,0.04880489781498909,flame_steak_depth_060_cam00_0196
31,"[192, 224, 288, 320]",0.9717668294906616,1.0,0.9774134635925293,flame_steak,cam00,cam00_0218,218,/leonardo_work/EUHPC_D21_034/proj_adags/repo/adags/refine-logs/depth_occlusion_support/r031_da3_depth_full/depth_npz/flame_steak/cam00_0218.npz,/leonardo_work/EUHPC_D21_034/proj_adags/data/n3v/flame_steak/motion_priors/masks/cam00_0218.png,/leonardo_work/EUHPC_D21_034/proj_adags/data/n3v/flame_steak/flow/cam00_0218.npz,2,0.19429756700992584,0.29598361253738403,0.3021848797798157,0.45337975025177,0.37567952275276184,0.04964520409703255,0.05021124333143234,0.7079000473022461,0.6518504023551941,0.7140593528747559,0.05517430603504181,flame_steak_depth_061_cam00_0218
225,"[272, 176, 368, 272]",0.9715798497200012,1.0,0.9772638797760009,flame_steak,cam00,cam00_0170,170,/leonardo_work/EUHPC_D21_034/proj_adags/repo/adags/refine-logs/depth_occlusion_support/r031_da3_depth_full/depth_npz/flame_steak/cam00_0170.npz,/leonardo_work/EUHPC_D21_034/proj_adags/data/n3v/flame_steak/motion_priors/masks/cam00_0170.png,/leonardo_work/EUHPC_D21_034/proj_adags/data/n3v/flame_steak/flow/cam00_0170.npz,1,0.18907056748867035,0.38674449920654297,0.2752223014831543,0.4539014399051666,0.38179337978363037,0.0552414134144783,0.05721379816532135,0.5684558153152466,0.6626256108283997,0.7106485366821289,0.05908406525850296,flame_steak_depth_062_cam00_0170
116,"[240, 160, 336, 256]",0.9714000225067139,1.0,0.9771200180053712,flame_steak,cam00,cam00_0264,264,/leonardo_work/EUHPC_D21_034/proj_adags/repo/adags/refine-logs/depth_occlusion_support/r031_da3_depth_full/depth_npz/flame_steak/cam00_0264.npz,/leonardo_work/EUHPC_D21_034/proj_adags/data/n3v/flame_steak/motion_priors/masks/cam00_0264.png,/leonardo_work/EUHPC_D21_034/proj_adags/data/n3v/flame_steak/flow/cam00_0264.npz,0,0.18745331466197968,0.30307868123054504,0.3176489770412445,0.44312798976898193,0.359295129776001,0.021535776555538177,0.03486689180135727,0.8406538963317871,0.6565304398536682,0.7056505084037781,0.03627907484769821,flame_steak_depth_063_cam00_0264
51,"[384, 144, 480, 240]",0.9713017344474792,1.0,0.9770413875579835,flame_steak,cam00,cam00_0066,66,/leonardo_work/EUHPC_D21_034/proj_adags/repo/adags/refine-logs/depth_occlusion_support/r031_da3_depth_full/depth_npz/flame_steak/cam00_0066.npz,/leonardo_work/EUHPC_D21_034/proj_adags/data/n3v/flame_steak/motion_priors/masks/cam00_0066.png,/leonardo_work/EUHPC_D21_034/proj_adags/data/n3v/flame_steak/flow/cam00_0066.npz,2,0.16385716199874878,0.37157610058784485,0.311806321144104,0.4588219225406647,0.3712080121040344,0.04278269782662392,0.03564009070396423,0.8218433260917664,0.6734387278556824,0.6893811821937561,0.0516788624227047,flame_steak_depth_064_cam00_0066
78,"[240, 160, 336, 256]",0.9711641073226929,1.0,0.9769312858581543,flame_steak,cam00,cam00_0028,28,/leonardo_work/EUHPC_D21_034/proj_adags/repo/adags/refine-logs/depth_occlusion_support/r031_da3_depth_full/depth_npz/flame_steak/cam00_0028.npz,/leonardo_work/EUHPC_D21_034/proj_adags/data/n3v/flame_steak/motion_priors/masks/cam00_0028.png,/leonardo_work/EUHPC_D21_034/proj_adags/data/n3v/flame_steak/flow/cam00_0028.npz,1,0.1860266476869583,0.42499053478240967,0.3104473948478699,0.4899482727050781,0.3710910975933075,0.03958778455853462,0.035762637853622437,0.8501715660095215,0.6755774021148682,0.6826383471488953,0.05165844038128853,flame_steak_depth_065_cam00_0028
23,"[192, 224, 288, 320]",0.9709881544113159,1.0,0.9767905235290528,flame_steak,cam00,cam00_0084,84,/leonardo_work/EUHPC_D21_034/proj_adags/repo/adags/refine-logs/depth_occlusion_support/r031_da3_depth_full/depth_npz/flame_steak/cam00_0084.npz,/leonardo_work/EUHPC_D21_034/proj_adags/data/n3v/flame_steak/motion_priors/masks/cam00_0084.png,/leonardo_work/EUHPC_D21_034/proj_adags/data/n3v/flame_steak/flow/cam00_0084.npz,2,0.1550932079553604,0.28092750906944275,0.25809741020202637,0.4014255702495575,0.3765106797218323,0.04399355873465538,0.055915407836437225,0.7505397796630859,0.6706522703170776,0.696223258972168,0.05485919117927551,flame_steak_depth_066_cam00_0084
30,"[240, 144, 336, 240]",0.9708697199821472,1.0,0.9766957759857178,flame_steak,cam00,cam00_0231,231,/leonardo_work/EUHPC_D21_034/proj_adags/repo/adags/refine-logs/depth_occlusion_support/r031_da3_depth_full/depth_npz/flame_steak/cam00_0231.npz,/leonardo_work/EUHPC_D21_034/proj_adags/data/n3v/flame_steak/motion_priors/masks/cam00_0231.png,/leonardo_work/EUHPC_D21_034/proj_adags/data/n3v/flame_steak/flow/cam00_0231.npz,2,0.1815675050020218,0.525512158870697,0.2839823365211487,0.44041553139686584,0.36679959297180176,0.03615069389343262,0.031628210097551346,0.8604478240013123,0.6538286209106445,0.7146633267402649,0.04587549343705177,flame_steak_depth_067_cam00_0231
34,"[240, 144, 336, 240]",0.9708595275878906,1.0,0.9766876220703125,flame_steak,cam00,cam00_0218,218,/leonardo_work/EUHPC_D21_034/proj_adags/repo/adags/refine-logs/depth_occlusion_support/r031_da3_depth_full/depth_npz/flame_steak/cam00_0218.npz,/leonardo_work/EUHPC_D21_034/proj_adags/data/n3v/flame_steak/motion_priors/masks/cam00_0218.png,/leonardo_work/EUHPC_D21_034/proj_adags/data/n3v/flame_steak/flow/cam00_0218.npz,3,0.19429756700992584,0.29598361253738403,0.3021848797798157,0.45337975025177,0.37567952275276184,0.04964520409703255,0.05021124333143234,0.7079000473022461,0.6518504023551941,0.7140593528747559,0.05517430603504181,flame_steak_depth_068_cam00_0218
8,"[416, 144, 512, 240]",0.9707527160644531,1.0,0.9766021728515626,flame_steak,cam00,cam00_0150,150,/leonardo_work/EUHPC_D21_034/proj_adags/repo/adags/refine-logs/depth_occlusion_support/r031_da3_depth_full/depth_npz/flame_steak/cam00_0150.npz,/leonardo_work/EUHPC_D21_034/proj_adags/data/n3v/flame_steak/motion_priors/masks/cam00_0150.png,/leonardo_work/EUHPC_D21_034/proj_adags/data/n3v/flame_steak/flow/cam00_0150.npz,1,0.1913621574640274,0.35956767201423645,0.3083498179912567,0.4747697710990906,0.37106582522392273,0.028395364060997963,0.0483614020049572,0.8327351808547974,0.6687178611755371,0.7110044956207275,0.048063792288303375,flame_steak_depth_069_cam00_0150
24,"[256, 176, 352, 272]",0.9707057476043701,1.0,0.976564598083496,flame_steak,cam00,cam00_0155,155,/leonardo_work/EUHPC_D21_034/proj_adags/repo/adags/refine-logs/depth_occlusion_support/r031_da3_depth_full/depth_npz/flame_steak/cam00_0155.npz,/leonardo_work/EUHPC_D21_034/proj_adags/data/n3v/flame_steak/motion_priors/masks/cam00_0155.png,/leonardo_work/EUHPC_D21_034/proj_adags/data/n3v/flame_steak/flow/cam00_0155.npz,0,0.1877191662788391,0.41771548986434937,0.29417866468429565,0.4386695623397827,0.37340617179870605,0.03732654079794884,0.03827480226755142,0.8907864093780518,0.6683764457702637,0.711249589920044,0.05019957199692726,flame_steak_depth_070_cam00_0155
95,"[240, 144, 336, 240]",0.9705616235733032,1.0,0.9764492988586426,flame_steak,cam00,cam00_0258,258,/leonardo_work/EUHPC_D21_034/proj_adags/repo/adags/refine-logs/depth_occlusion_support/r031_da3_depth_full/depth_npz/flame_steak/cam00_0258.npz,/leonardo_work/EUHPC_D21_034/proj_adags/data/n3v/flame_steak/motion_priors/masks/cam00_0258.png,/leonardo_work/EUHPC_D21_034/proj_adags/data/n3v/flame_steak/flow/cam00_0258.npz,2,0.1895303577184677,0.4289032816886902,0.29629871249198914,0.49204233288764954,0.3642338812351227,0.02825239486992359,0.030910449102520943,0.8838276267051697,0.657043993473053,0.7086119651794434,0.042852725833654404,flame_steak_depth_071_cam00_0258
104,"[240, 160, 336, 256]",0.9700736999511719,1.0,0.9760589599609375,flame_steak,cam00,cam00_0002,2,/leonardo_work/EUHPC_D21_034/proj_adags/repo/adags/refine-logs/depth_occlusion_support/r031_da3_depth_full/depth_npz/flame_steak/cam00_0002.npz,/leonardo_work/EUHPC_D21_034/proj_adags/data/n3v/flame_steak/motion_priors/masks/cam00_0002.png,/leonardo_work/EUHPC_D21_034/proj_adags/data/n3v/flame_steak/flow/cam00_0002.npz,0,0.19030886888504028,0.28354641795158386,0.31623443961143494,0.4517275393009186,0.36596131324768066,0.026580534875392914,0.03838276118040085,0.5739119648933411,0.6852584481239319,0.6724787950515747,0.04754151776432991,flame_steak_depth_072_cam00_0002
46,"[192, 224, 288, 320]",0.969673216342926,1.0,0.9757385730743409,flame_steak,cam00,cam00_0216,216,/leonardo_work/EUHPC_D21_034/proj_adags/repo/adags/refine-logs/depth_occlusion_support/r031_da3_depth_full/depth_npz/flame_steak/cam00_0216.npz,/leonardo_work/EUHPC_D21_034/proj_adags/data/n3v/flame_steak/motion_priors/masks/cam00_0216.png,/leonardo_work/EUHPC_D21_034/proj_adags/data/n3v/flame_steak/flow/cam00_0216.npz,0,0.1921359747648239,0.44544416666030884,0.32703453302383423,0.4743558168411255,0.37642529606819153,0.050987359136343,0.053082291036844254,0.5277126431465149,0.6523697972297668,0.7145787477493286,0.0531785786151886,flame_steak_depth_073_cam00_0216
18,"[208, 208, 304, 304]",0.9696295261383057,1.0,0.9757036209106447,flame_steak,cam00,cam00_0067,67,/leonardo_work/EUHPC_D21_034/proj_adags/repo/adags/refine-logs/depth_occlusion_support/r031_da3_depth_full/depth_npz/flame_steak/cam00_0067.npz,/leonardo_work/EUHPC_D21_034/proj_adags/data/n3v/flame_steak/motion_priors/masks/cam00_0067.png,/leonardo_work/EUHPC_D21_034/proj_adags/data/n3v/flame_steak/flow/cam00_0067.npz,1,0.16548222303390503,0.38558223843574524,0.29616326093673706,0.4577847123146057,0.373198926448822,0.04036681726574898,0.04069652035832405,0.8062713742256165,0.674305260181427,0.6897809505462646,0.05095818266272545,flame_steak_depth_074_cam00_0067
142,"[240, 176, 336, 272]",0.9696006178855896,1.0,0.9756804943084718,flame_steak,cam00,cam00_0216,216,/leonardo_work/EUHPC_D21_034/proj_adags/repo/adags/refine-logs/depth_occlusion_support/r031_da3_depth_full/depth_npz/flame_steak/cam00_0216.npz,/leonardo_work/EUHPC_D21_034/proj_adags/data/n3v/flame_steak/motion_priors/masks/cam00_0216.png,/leonardo_work/EUHPC_D21_034/proj_adags/data/n3v/flame_steak/flow/cam00_0216.npz,1,0.1921359747648239,0.44544416666030884,0.32703453302383423,0.4743558168411255,0.37642529606819153,0.050987359136343,0.053082291036844254,0.5277126431465149,0.6523697972297668,0.7145787477493286,0.0531785786151886,flame_steak_depth_075_cam00_0216
9,"[192, 224, 288, 320]",0.9695888161659241,1.0,0.9756710529327393,flame_steak,cam00,cam00_0191,191,/leonardo_work/EUHPC_D21_034/proj_adags/repo/adags/refine-logs/depth_occlusion_support/r031_da3_depth_full/depth_npz/flame_steak/cam00_0191.npz,/leonardo_work/EUHPC_D21_034/proj_adags/data/n3v/flame_steak/motion_priors/masks/cam00_0191.png,/leonardo_work/EUHPC_D21_034/proj_adags/data/n3v/flame_steak/flow/cam00_0191.npz,0,0.18119074404239655,0.4402293562889099,0.2857292592525482,0.48035377264022827,0.38535287976264954,0.054946720600128174,0.06260284781455994,0.15508326888084412,0.6593723297119141,0.7097324132919312,0.05625094845890999,flame_steak_depth_076_cam00_0191
65,"[192, 240, 288, 336]",0.9692423343658447,1.0,0.9753938674926759,flame_steak,cam00,cam00_0067,67,/leonardo_work/EUHPC_D21_034/proj_adags/repo/adags/refine-logs/depth_occlusion_support/r031_da3_depth_full/depth_npz/flame_steak/cam00_0067.npz,/leonardo_work/EUHPC_D21_034/proj_adags/data/n3v/flame_steak/motion_priors/masks/cam00_0067.png,/leonardo_work/EUHPC_D21_034/proj_adags/data/n3v/flame_steak/flow/cam00_0067.npz,2,0.16548222303390503,0.38558223843574524,0.29616326093673706,0.4577847123146057,0.373198926448822,0.04036681726574898,0.04069652035832405,0.8062713742256165,0.674305260181427,0.6897809505462646,0.05095818266272545,flame_steak_depth_077_cam00_0067
76,"[384, 160, 480, 256]",0.9691566824913025,1.0,0.975325345993042,flame_steak,cam00,cam00_0226,226,/leonardo_work/EUHPC_D21_034/proj_adags/repo/adags/refine-logs/depth_occlusion_support/r031_da3_depth_full/depth_npz/flame_steak/cam00_0226.npz,/leonardo_work/EUHPC_D21_034/proj_adags/data/n3v/flame_steak/motion_priors/masks/cam00_0226.png,/leonardo_work/EUHPC_D21_034/proj_adags/data/n3v/flame_steak/flow/cam00_0226.npz,0,0.187866672873497,0.3407038748264313,0.304287850856781,0.4777529239654541,0.3660072684288025,0.03041151724755764,0.0412304662168026,0.8459204435348511,0.6535689830780029,0.7148500680923462,0.04088033735752106,flame_steak_depth_078_cam00_0226
19,"[416, 192, 512, 288]",0.9690282940864563,1.0,0.9752226352691651,flame_steak,cam00,cam00_0176,176,/leonardo_work/EUHPC_D21_034/proj_adags/repo/adags/refine-logs/depth_occlusion_support/r031_da3_depth_full/depth_npz/flame_steak/cam00_0176.npz,/leonardo_work/EUHPC_D21_034/proj_adags/data/n3v/flame_steak/motion_priors/masks/cam00_0176.png,/leonardo_work/EUHPC_D21_034/proj_adags/data/n3v/flame_steak/flow/cam00_0176.npz,0,0.19683781266212463,0.29539787769317627,0.3009326457977295,0.4486168622970581,0.38196253776550293,0.05485043674707413,0.06834494322538376,0.4417474865913391,0.6574349403381348,0.7083523273468018,0.04991071671247482,flame_steak_depth_079_cam00_0176
137,"[368, 176, 464, 272]",0.9688562750816345,1.0,0.9750850200653076,flame_steak,cam00,cam00_0208,208,/leonardo_work/EUHPC_D21_034/proj_adags/repo/adags/refine-logs/depth_occlusion_support/r031_da3_depth_full/depth_npz/flame_steak/cam00_0208.npz,/leonardo_work/EUHPC_D21_034/proj_adags/data/n3v/flame_steak/motion_priors/masks/cam00_0208.png,/leonardo_work/EUHPC_D21_034/proj_adags/data/n3v/flame_steak/flow/cam00_0208.npz,2,0.18944083154201508,0.32775530219078064,0.3085056245326996,0.4542001783847809,0.3732244372367859,0.043491706252098083,0.04868235066533089,0.8230804204940796,0.6530612707138062,0.713090717792511,0.05057596042752266,flame_steak_depth_080_cam00_0208
126,"[240, 160, 336, 256]",0.9685662984848022,1.0,0.9748530387878418,flame_steak,cam00,cam00_0216,216,/leonardo_work/EUHPC_D21_034/proj_adags/repo/adags/refine-logs/depth_occlusion_support/r031_da3_depth_full/depth_npz/flame_steak/cam00_0216.npz,/leonardo_work/EUHPC_D21_034/proj_adags/data/n3v/flame_steak/motion_priors/masks/cam00_0216.png,/leonardo_work/EUHPC_D21_034/proj_adags/data/n3v/flame_steak/flow/cam00_0216.npz,2,0.1921359747648239,0.44544416666030884,0.32703453302383423,0.4743558168411255,0.37642529606819153,0.050987359136343,0.053082291036844254,0.5277126431465149,0.6523697972297668,0.7145787477493286,0.0531785786151886,flame_steak_depth_081_cam00_0216
9,"[240, 176, 336, 272]",0.9684402942657471,1.0,0.9747522354125977,flame_steak,cam00,cam00_0087,87,/leonardo_work/EUHPC_D21_034/proj_adags/repo/adags/refine-logs/depth_occlusion_support/r031_da3_depth_full/depth_npz/flame_steak/cam00_0087.npz,/leonardo_work/EUHPC_D21_034/proj_adags/data/n3v/flame_steak/motion_priors/masks/cam00_0087.png,/leonardo_work/EUHPC_D21_034/proj_adags/data/n3v/flame_steak/flow/cam00_0087.npz,0,0.1890932321548462,0.4520972669124603,0.2657356560230255,0.3988390564918518,0.37563809752464294,0.046730391681194305,0.051147837191820145,0.7307400703430176,0.6713817119598389,0.6971744894981384,0.05832253769040108,flame_steak_depth_082_cam00_0087
15,"[256, 128, 352, 224]",0.9682871103286743,1.0,0.9746296882629395,flame_steak,cam00,cam00_0058,58,/leonardo_work/EUHPC_D21_034/proj_adags/repo/adags/refine-logs/depth_occlusion_support/r031_da3_depth_full/depth_npz/flame_steak/cam00_0058.npz,/leonardo_work/EUHPC_D21_034/proj_adags/data/n3v/flame_steak/motion_priors/masks/cam00_0058.png,/leonardo_work/EUHPC_D21_034/proj_adags/data/n3v/flame_steak/flow/cam00_0058.npz,0,0.19342753291130066,0.2743547558784485,0.321725994348526,0.44714033603668213,0.36638933420181274,0.03637535870075226,0.026916073635220528,0.8754478693008423,0.6728639006614685,0.6896700859069824,0.05240829661488533,flame_steak_depth_083_cam00_0058
27,"[256, 176, 352, 272]",0.9679862260818481,1.0,0.9743889808654786,flame_steak,cam00,cam00_0152,152,/leonardo_work/EUHPC_D21_034/proj_adags/repo/adags/refine-logs/depth_occlusion_support/r031_da3_depth_full/depth_npz/flame_steak/cam00_0152.npz,/leonardo_work/EUHPC_D21_034/proj_adags/data/n3v/flame_steak/motion_priors/masks/cam00_0152.png,/leonardo_work/EUHPC_D21_034/proj_adags/data/n3v/flame_steak/flow/cam00_0152.npz,0,0.192673459649086,0.2574561834335327,0.2951411008834839,0.4313771724700928,0.37564539909362793,0.03406743332743645,0.04936802014708519,0.8578714728355408,0.6687586903572083,0.7121716141700745,0.04804337024688721,flame_steak_depth_084_cam00_0152
66,"[416, 176, 512, 272]",0.9675191640853882,1.0,0.9740153312683106,flame_steak,cam00,cam00_0166,166,/leonardo_work/EUHPC_D21_034/proj_adags/repo/adags/refine-logs/depth_occlusion_support/r031_da3_depth_full/depth_npz/flame_steak/cam00_0166.npz,/leonardo_work/EUHPC_D21_034/proj_adags/data/n3v/flame_steak/motion_priors/masks/cam00_0166.png,/leonardo_work/EUHPC_D21_034/proj_adags/data/n3v/flame_steak/flow/cam00_0166.npz,3,0.18305888772010803,0.3226335346698761,0.3032473623752594,0.45457082986831665,0.3699520528316498,0.03415204957127571,0.045111048966646194,0.6436282396316528,0.6644988059997559,0.7101438045501709,0.04895661771297455,flame_steak_depth_085_cam00_0166
37,"[208, 208, 304, 304]",0.9674155712127686,1.0,0.9739324569702148,flame_steak,cam00,cam00_0035,35,/leonardo_work/EUHPC_D21_034/proj_adags/repo/adags/refine-logs/depth_occlusion_support/r031_da3_depth_full/depth_npz/flame_steak/cam00_0035.npz,/leonardo_work/EUHPC_D21_034/proj_adags/data/n3v/flame_steak/motion_priors/masks/cam00_0035.png,/leonardo_work/EUHPC_D21_034/proj_adags/data/n3v/flame_steak/flow/cam00_0035.npz,0,0.1857271045446396,0.478598952293396,0.26359236240386963,0.42346712946891785,0.3749478757381439,0.048626914620399475,0.03786048665642738,0.8193807601928711,0.6755686402320862,0.6850075125694275,0.05149504542350769,flame_steak_depth_086_cam00_0035
31,"[416, 224, 512, 320]",0.967230498790741,1.0,0.9737843990325927,flame_steak,cam00,cam00_0068,68,/leonardo_work/EUHPC_D21_034/proj_adags/repo/adags/refine-logs/depth_occlusion_support/r031_da3_depth_full/depth_npz/flame_steak/cam00_0068.npz,/leonardo_work/EUHPC_D21_034/proj_adags/data/n3v/flame_steak/motion_priors/masks/cam00_0068.png,/leonardo_work/EUHPC_D21_034/proj_adags/data/n3v/flame_steak/flow/cam00_0068.npz,0,0.16022522747516632,0.34549444913864136,0.3274996876716614,0.4693593382835388,0.3710912764072418,0.03730028122663498,0.045936767011880875,0.7331880331039429,0.6727122068405151,0.6900610327720642,0.05382923036813736,flame_steak_depth_087_cam00_0068
47,"[208, 208, 304, 304]",0.9671868085861206,1.0,0.9737494468688965,flame_steak,cam00,cam00_0034,34,/leonardo_work/EUHPC_D21_034/proj_adags/repo/adags/refine-logs/depth_occlusion_support/r031_da3_depth_full/depth_npz/flame_steak/cam00_0034.npz,/leonardo_work/EUHPC_D21_034/proj_adags/data/n3v/flame_steak/motion_priors/masks/cam00_0034.png,/leonardo_work/EUHPC_D21_034/proj_adags/data/n3v/flame_steak/flow/cam00_0034.npz,0,0.18481279909610748,0.3430021405220032,0.26403382420539856,0.42601776123046875,0.3781176209449768,0.04812506586313248,0.04932425171136856,0.6974808573722839,0.6747225522994995,0.6856202483177185,0.05025792866945267,flame_steak_depth_088_cam00_0034
50,"[240, 144, 336, 240]",0.967093825340271,1.0,0.9736750602722168,flame_steak,cam00,cam00_0233,233,/leonardo_work/EUHPC_D21_034/proj_adags/repo/adags/refine-logs/depth_occlusion_support/r031_da3_depth_full/depth_npz/flame_steak/cam00_0233.npz,/leonardo_work/EUHPC_D21_034/proj_adags/data/n3v/flame_steak/motion_priors/masks/cam00_0233.png,/leonardo_work/EUHPC_D21_034/proj_adags/data/n3v/flame_steak/flow/cam00_0233.npz,2,0.18910923600196838,0.49172982573509216,0.30755963921546936,0.44497257471084595,0.3669251501560211,0.035357072949409485,0.03182953596115112,0.8692944049835205,0.6533414125442505,0.7152965068817139,0.04595135524868965,flame_steak_depth_089_cam00_0233
39,"[384, 144, 480, 240]",0.9668639898300171,1.0,0.9734911918640137,flame_steak,cam00,cam00_0226,226,/leonardo_work/EUHPC_D21_034/proj_adags/repo/adags/refine-logs/depth_occlusion_support/r031_da3_depth_full/depth_npz/flame_steak/cam00_0226.npz,/leonardo_work/EUHPC_D21_034/proj_adags/data/n3v/flame_steak/motion_priors/masks/cam00_0226.png,/leonardo_work/EUHPC_D21_034/proj_adags/data/n3v/flame_steak/flow/cam00_0226.npz,1,0.187866672873497,0.3407038748264313,0.304287850856781,0.4777529239654541,0.3660072684288025,0.03041151724755764,0.0412304662168026,0.8459204435348511,0.6535689830780029,0.7148500680923462,0.04088033735752106,flame_steak_depth_090_cam00_0226
122,"[240, 176, 336, 272]",0.9666685461997986,1.0,0.9733348369598389,flame_steak,cam00,cam00_0264,264,/leonardo_work/EUHPC_D21_034/proj_adags/repo/adags/refine-logs/depth_occlusion_support/r031_da3_depth_full/depth_npz/flame_steak/cam00_0264.npz,/leonardo_work/EUHPC_D21_034/proj_adags/data/n3v/flame_steak/motion_priors/masks/cam00_0264.png,/leonardo_work/EUHPC_D21_034/proj_adags/data/n3v/flame_steak/flow/cam00_0264.npz,1,0.18745331466197968,0.30307868123054504,0.3176489770412445,0.44312798976898193,0.359295129776001,0.021535776555538177,0.03486689180135727,0.8406538963317871,0.6565304398536682,0.7056505084037781,0.03627907484769821,flame_steak_depth_091_cam00_0264
12,"[240, 176, 336, 272]",0.9666453003883362,1.0,0.973316240310669,flame_steak,cam00,cam00_0085,85,/leonardo_work/EUHPC_D21_034/proj_adags/repo/adags/refine-logs/depth_occlusion_support/r031_da3_depth_full/depth_npz/flame_steak/cam00_0085.npz,/leonardo_work/EUHPC_D21_034/proj_adags/data/n3v/flame_steak/motion_priors/masks/cam00_0085.png,/leonardo_work/EUHPC_D21_034/proj_adags/data/n3v/flame_steak/flow/cam00_0085.npz,1,0.15648822486400604,0.3977954089641571,0.2612777054309845,0.3794560730457306,0.37670376896858215,0.04587549343705177,0.05321650579571724,0.7149288654327393,0.6713262796401978,0.6964129209518433,0.05595042183995247,flame_steak_depth_092_cam00_0085
40,"[384, 144, 480, 240]",0.9664367437362671,1.0,0.9731493949890138,flame_steak,cam00,cam00_0037,37,/leonardo_work/EUHPC_D21_034/proj_adags/repo/adags/refine-logs/depth_occlusion_support/r031_da3_depth_full/depth_npz/flame_steak/cam00_0037.npz,/leonardo_work/EUHPC_D21_034/proj_adags/data/n3v/flame_steak/motion_priors/masks/cam00_0037.png,/leonardo_work/EUHPC_D21_034/proj_adags/data/n3v/flame_steak/flow/cam00_0037.npz,1,0.18284228444099426,0.3876575827598572,0.2733725905418396,0.4404052793979645,0.37643030285835266,0.04769032448530197,0.0454815998673439,0.7816661596298218,0.6754169464111328,0.6855239868164062,0.054444871842861176,flame_steak_depth_093_cam00_0037
87,"[400, 160, 496, 256]",0.9664342403411865,1.0,0.9731473922729492,flame_steak,cam00,cam00_0083,83,/leonardo_work/EUHPC_D21_034/proj_adags/repo/adags/refine-logs/depth_occlusion_support/r031_da3_depth_full/depth_npz/flame_steak/cam00_0083.npz,/leonardo_work/EUHPC_D21_034/proj_adags/data/n3v/flame_steak/motion_priors/masks/cam00_0083.png,/leonardo_work/EUHPC_D21_034/proj_adags/data/n3v/flame_steak/flow/cam00_0083.npz,0,0.16037239134311676,0.4262978732585907,0.29024016857147217,0.4749250113964081,0.3743137717247009,0.04343918710947037,0.05139000713825226,0.7628730535507202,0.6708623766899109,0.695167064666748,0.05466661974787712,flame_steak_depth_094_cam00_0083
192,"[368, 176, 464, 272]",0.9663257598876953,1.0,0.9730606079101562,flame_steak,cam00,cam00_0209,209,/leonardo_work/EUHPC_D21_034/proj_adags/repo/adags/refine-logs/depth_occlusion_support/r031_da3_depth_full/depth_npz/flame_steak/cam00_0209.npz,/leonardo_work/EUHPC_D21_034/proj_adags/data/n3v/flame_steak/motion_priors/masks/cam00_0209.png,/leonardo_work/EUHPC_D21_034/proj_adags/data/n3v/flame_steak/flow/cam00_0209.npz,0,0.19067369401454926,0.47959762811660767,0.3105735778808594,0.4508763551712036,0.3730359673500061,0.04470256716012955,0.044647131115198135,0.5815097689628601,0.6525973677635193,0.7138405442237854,0.05337114632129669,flame_steak_depth_095_cam00_0209
138,"[304, 128, 400, 224]",0.9662961959838867,1.0,0.9730369567871093,flame_steak,cam00,cam00_0090,90,/leonardo_work/EUHPC_D21_034/proj_adags/repo/adags/refine-logs/depth_occlusion_support/r031_da3_depth_full/depth_npz/flame_steak/cam00_0090.npz,/leonardo_work/EUHPC_D21_034/proj_adags/data/n3v/flame_steak/motion_priors/masks/cam00_0090.png,/leonardo_work/EUHPC_D21_034/proj_adags/data/n3v/flame_steak/flow/cam00_0090.npz,1,0.19364111125469208,0.29490840435028076,0.3187710642814636,0.46332553029060364,0.3757227063179016,0.041881121695041656,0.05156799033284187,0.3712025582790375,0.6717085242271423,0.6996954083442688,0.057184621691703796,flame_steak_depth_096_cam00_0090
25,"[416, 192, 512, 288]",0.9659535884857178,1.0,0.9727628707885743,flame_steak,cam00,cam00_0175,175,/leonardo_work/EUHPC_D21_034/proj_adags/repo/adags/refine-logs/depth_occlusion_support/r031_da3_depth_full/depth_npz/flame_steak/cam00_0175.npz,/leonardo_work/EUHPC_D21_034/proj_adags/data/n3v/flame_steak/motion_priors/masks/cam00_0175.png,/leonardo_work/EUHPC_D21_034/proj_adags/data/n3v/flame_steak/flow/cam00_0175.npz,0,0.19558842480182648,0.38368403911590576,0.2971906065940857,0.47313690185546875,0.37952449917793274,0.056096307933330536,0.05825251340866089,0.44479069113731384,0.6584824323654175,0.7076783180236816,0.05113908275961876,flame_steak_depth_097_cam00_0175
73,"[240, 160, 336, 256]",0.9659408926963806,1.0,0.9727527141571046,flame_steak,cam00,cam00_0031,31,/leonardo_work/EUHPC_D21_034/proj_adags/repo/adags/refine-logs/depth_occlusion_support/r031_da3_depth_full/depth_npz/flame_steak/cam00_0031.npz,/leonardo_work/EUHPC_D21_034/proj_adags/data/n3v/flame_steak/motion_priors/masks/cam00_0031.png,/leonardo_work/EUHPC_D21_034/proj_adags/data/n3v/flame_steak/flow/cam00_0031.npz,0,0.18380150198936462,0.45169931650161743,0.2782104015350342,0.4266951382160187,0.3730420470237732,0.04553411900997162,0.03106217086315155,0.8131805658340454,0.6756970286369324,0.6848207712173462,0.04812506586313248,flame_steak_depth_098_cam00_0031
13,"[192, 224, 288, 320]",0.9658188223838806,1.0,0.9726550579071045,flame_steak,cam00,cam00_0071,71,/leonardo_work/EUHPC_D21_034/proj_adags/repo/adags/refine-logs/depth_occlusion_support/r031_da3_depth_full/depth_npz/flame_steak/cam00_0071.npz,/leonardo_work/EUHPC_D21_034/proj_adags/data/n3v/flame_steak/motion_priors/masks/cam00_0071.png,/leonardo_work/EUHPC_D21_034/proj_adags/data/n3v/flame_steak/flow/cam00_0071.npz,0,0.1630927473306656,0.41380825638771057,0.30252721905708313,0.46243730187416077,0.3669503927230835,0.03279530256986618,0.03461013361811638,0.2997443974018097,0.6740631461143494,0.6918583512306213,0.04200949892401695,flame_steak_depth_099_cam00_0071
21,"[208, 208, 304, 304]",0.9651570916175842,1.0,0.9721256732940675,flame_steak,cam00,cam00_0186,186,/leonardo_work/EUHPC_D21_034/proj_adags/repo/adags/refine-logs/depth_occlusion_support/r031_da3_depth_full/depth_npz/flame_steak/cam00_0186.npz,/leonardo_work/EUHPC_D21_034/proj_adags/data/n3v/flame_steak/motion_priors/masks/cam00_0186.png,/leonardo_work/EUHPC_D21_034/proj_adags/data/n3v/flame_steak/flow/cam00_0186.npz,0,0.19084472954273224,0.3138754367828369,0.2984084188938141,0.48256468772888184,0.3878212571144104,0.06015487387776375,0.0805789977312088,0.6600900888442993,0.656501293182373,0.707328200340271,0.05584246665239334,flame_steak_depth_100_cam00_0186
55,"[192, 240, 288, 336]",0.9649848937988281,1.0,0.9719879150390625,flame_steak,cam00,cam00_0185,185,/leonardo_work/EUHPC_D21_034/proj_adags/repo/adags/refine-logs/depth_occlusion_support/r031_da3_depth_full/depth_npz/flame_steak/cam00_0185.npz,/leonardo_work/EUHPC_D21_034/proj_adags/data/n3v/flame_steak/motion_priors/masks/cam00_0185.png,/leonardo_work/EUHPC_D21_034/proj_adags/data/n3v/flame_steak/flow/cam00_0185.npz,0,0.1938154697418213,0.4255920946598053,0.3008389472961426,0.45533642172813416,0.3874748945236206,0.05973472073674202,0.07724986225366592,0.44985878467559814,0.6572861671447754,0.7071968913078308,0.058129966259002686,flame_steak_depth_101_cam00_0185
19,"[224, 192, 320, 288]",0.9649839997291565,1.0,0.9719871997833252,flame_steak,cam00,cam00_0056,56,/leonardo_work/EUHPC_D21_034/proj_adags/repo/adags/refine-logs/depth_occlusion_support/r031_da3_depth_full/depth_npz/flame_steak/cam00_0056.npz,/leonardo_work/EUHPC_D21_034/proj_adags/data/n3v/flame_steak/motion_priors/masks/cam00_0056.png,/leonardo_work/EUHPC_D21_034/proj_adags/data/n3v/flame_steak/flow/cam00_0056.npz,0,0.19169417023658752,0.4200730621814728,0.2977965772151947,0.43871018290519714,0.3687097728252411,0.028456635773181915,0.04069943726062775,0.8695511221885681,0.6740747690200806,0.6885583996772766,0.04802294448018074,flame_steak_depth_102_cam00_0056
86,"[192, 240, 288, 336]",0.9649759531021118,1.0,0.9719807624816894,flame_steak,cam00,cam00_0068,68,/leonardo_work/EUHPC_D21_034/proj_adags/repo/adags/refine-logs/depth_occlusion_support/r031_da3_depth_full/depth_npz/flame_steak/cam00_0068.npz,/leonardo_work/EUHPC_D21_034/proj_adags/data/n3v/flame_steak/motion_priors/masks/cam00_0068.png,/leonardo_work/EUHPC_D21_034/proj_adags/data/n3v/flame_steak/flow/cam00_0068.npz,1,0.16022522747516632,0.34549444913864136,0.3274996876716614,0.4693593382835388,0.3710912764072418,0.03730028122663498,0.045936767011880875,0.7331880331039429,0.6727122068405151,0.6900610327720642,0.05382923036813736,flame_steak_depth_103_cam00_0068
72,"[384, 160, 480, 256]",0.9648204445838928,1.0,0.9718563556671143,flame_steak,cam00,cam00_0222,222,/leonardo_work/EUHPC_D21_034/proj_adags/repo/adags/refine-logs/depth_occlusion_support/r031_da3_depth_full/depth_npz/flame_steak/cam00_0222.npz,/leonardo_work/EUHPC_D21_034/proj_adags/data/n3v/flame_steak/motion_priors/masks/cam00_0222.png,/leonardo_work/EUHPC_D21_034/proj_adags/data/n3v/flame_steak/flow/cam00_0222.npz,1,0.1802118420600891,0.2939497232437134,0.27412310242652893,0.45488306879997253,0.3655388355255127,0.035771388560533524,0.02555641159415245,0.8759351372718811,0.6516870260238647,0.7152060270309448,0.04809005185961723,flame_steak_depth_104_cam00_0222
13,"[208, 208, 304, 304]",0.964327871799469,1.0,0.9714622974395752,flame_steak,cam00,cam00_0038,38,/leonardo_work/EUHPC_D21_034/proj_adags/repo/adags/refine-logs/depth_occlusion_support/r031_da3_depth_full/depth_npz/flame_steak/cam00_0038.npz,/leonardo_work/EUHPC_D21_034/proj_adags/data/n3v/flame_steak/motion_priors/masks/cam00_0038.png,/leonardo_work/EUHPC_D21_034/proj_adags/data/n3v/flame_steak/flow/cam00_0038.npz,0,0.1642935574054718,0.24788205325603485,0.3083762228488922,0.4488165080547333,0.3750154674053192,0.046018462628126144,0.04526568949222565,0.7310259938240051,0.6752126812934875,0.6866677403450012,0.05166427418589592,flame_steak_depth_105_cam00_0038
45,"[416, 208, 512, 304]",0.9642968773841858,1.0,0.9714375019073487,flame_steak,cam00,cam00_0100,100,/leonardo_work/EUHPC_D21_034/proj_adags/repo/adags/refine-logs/depth_occlusion_support/r031_da3_depth_full/depth_npz/flame_steak/cam00_0100.npz,/leonardo_work/EUHPC_D21_034/proj_adags/data/n3v/flame_steak/motion_priors/masks/cam00_0100.png,/leonardo_work/EUHPC_D21_034/proj_adags/data/n3v/flame_steak/flow/cam00_0100.npz,0,0.19513900578022003,0.5193964242935181,0.3260396718978882,0.4534521996974945,0.36775967478752136,0.02204054407775402,0.05094942823052406,0.7707100510597229,0.6710053086280823,0.7025430798530579,0.048489782959222794,flame_steak_depth_106_cam00_0100
30,"[368, 128, 464, 224]",0.9642292261123657,1.0,0.9713833808898926,flame_steak,cam00,cam00_0240,240,/leonardo_work/EUHPC_D21_034/proj_adags/repo/adags/refine-logs/depth_occlusion_support/r031_da3_depth_full/depth_npz/flame_steak/cam00_0240.npz,/leonardo_work/EUHPC_D21_034/proj_adags/data/n3v/flame_steak/motion_priors/masks/cam00_0240.png,/leonardo_work/EUHPC_D21_034/proj_adags/data/n3v/flame_steak/flow/cam00_0240.npz,0,0.18318864703178406,0.45708131790161133,0.28657403588294983,0.44013160467147827,0.3617868423461914,0.02138405479490757,0.03702893108129501,0.8589218258857727,0.6544384360313416,0.7136246562004089,0.042896490544080734,flame_steak_depth_107_cam00_0240
23,"[192, 224, 288, 320]",0.9642211198806763,1.0,0.971376895904541,flame_steak,cam00,cam00_0290,290,/leonardo_work/EUHPC_D21_034/proj_adags/repo/adags/refine-logs/depth_occlusion_support/r031_da3_depth_full/depth_npz/flame_steak/cam00_0290.npz,/leonardo_work/EUHPC_D21_034/proj_adags/data/n3v/flame_steak/motion_priors/masks/cam00_0290.png,/leonardo_work/EUHPC_D21_034/proj_adags/data/n3v/flame_steak/flow/cam00_0290.npz,0,0.15455082058906555,0.47831064462661743,0.29157865047454834,0.4527607262134552,0.357539564371109,0.017275888472795486,0.04297526925802231,0.613721489906311,0.6641165614128113,0.6879135966300964,0.035044874995946884,flame_steak_depth_108_cam00_0290
66,"[288, 128, 384, 224]",0.9641612768173218,1.0,0.9713290214538575,flame_steak,cam00,cam00_0172,172,/leonardo_work/EUHPC_D21_034/proj_adags/repo/adags/refine-logs/depth_occlusion_support/r031_da3_depth_full/depth_npz/flame_steak/cam00_0172.npz,/leonardo_work/EUHPC_D21_034/proj_adags/data/n3v/flame_steak/motion_priors/masks/cam00_0172.png,/leonardo_work/EUHPC_D21_034/proj_adags/data/n3v/flame_steak/flow/cam00_0172.npz,0,0.19276167452335358,0.24293330311775208,0.29120442271232605,0.4377093017101288,0.37900790572166443,0.05919785797595978,0.045624569058418274,0.21482382714748383,0.6614876985549927,0.7110483050346375,0.05830211192369461,flame_steak_depth_109_cam00_0172
75,"[384, 176, 480, 272]",0.9641025066375732,1.0,0.9712820053100586,flame_steak,cam00,cam00_0222,222,/leonardo_work/EUHPC_D21_034/proj_adags/repo/adags/refine-logs/depth_occlusion_support/r031_da3_depth_full/depth_npz/flame_steak/cam00_0222.npz,/leonardo_work/EUHPC_D21_034/proj_adags/data/n3v/flame_steak/motion_priors/masks/cam00_0222.png,/leonardo_work/EUHPC_D21_034/proj_adags/data/n3v/flame_steak/flow/cam00_0222.npz,2,0.1802118420600891,0.2939497232437134,0.27412310242652893,0.45488306879997253,0.3655388355255127,0.035771388560533524,0.02555641159415245,0.8759351372718811,0.6516870260238647,0.7152060270309448,0.04809005185961723,flame_steak_depth_110_cam00_0222
99,"[240, 176, 336, 272]",0.9639628529548645,1.0,0.9711702823638917,flame_steak,cam00,cam00_0031,31,/leonardo_work/EUHPC_D21_034/proj_adags/repo/adags/refine-logs/depth_occlusion_support/r031_da3_depth_full/depth_npz/flame_steak/cam00_0031.npz,/leonardo_work/EUHPC_D21_034/proj_adags/data/n3v/flame_steak/motion_priors/masks/cam00_0031.png,/leonardo_work/EUHPC_D21_034/proj_adags/data/n3v/flame_steak/flow/cam00_0031.npz,1,0.18380150198936462,0.45169931650161743,0.2782104015350342,0.4266951382160187,0.3730420470237732,0.04553411900997162,0.03106217086315155,0.8131805658340454,0.6756970286369324,0.6848207712173462,0.04812506586313248,flame_steak_depth_111_cam00_0031
18,"[192, 224, 288, 320]",0.963948667049408,1.0,0.9711589336395263,flame_steak,cam00,cam00_0032,32,/leonardo_work/EUHPC_D21_034/proj_adags/repo/adags/refine-logs/depth_occlusion_support/r031_da3_depth_full/depth_npz/flame_steak/cam00_0032.npz,/leonardo_work/EUHPC_D21_034/proj_adags/data/n3v/flame_steak/motion_priors/masks/cam00_0032.png,/leonardo_work/EUHPC_D21_034/proj_adags/data/n3v/flame_steak/flow/cam00_0032.npz,0,0.16528941690921783,0.4078041613101959,0.2922765016555786,0.4492524266242981,0.375512957572937,0.047544438391923904,0.043339986354112625,0.2016356736421585,0.6752739548683167,0.6849200129508972,0.05126454308629036,flame_steak_depth_112_cam00_0032
65,"[256, 128, 352, 224]",0.9639393091201782,1.0,0.9711514472961427,flame_steak,cam00,cam00_0220,220,/leonardo_work/EUHPC_D21_034/proj_adags/repo/adags/refine-logs/depth_occlusion_support/r031_da3_depth_full/depth_npz/flame_steak/cam00_0220.npz,/leonardo_work/EUHPC_D21_034/proj_adags/data/n3v/flame_steak/motion_priors/masks/cam00_0220.png,/leonardo_work/EUHPC_D21_034/proj_adags/data/n3v/flame_steak/flow/cam00_0220.npz,0,0.1856888383626938,0.5472308993339539,0.2534898519515991,0.4454768896102905,0.3753484785556793,0.04505561292171478,0.05626845359802246,0.5924833416938782,0.6520838141441345,0.715343177318573,0.05068391561508179,flame_steak_depth_113_cam00_0220
34,"[384, 144, 480, 240]",0.9639261960983276,1.0,0.9711409568786622,flame_steak,cam00,cam00_0228,228,/leonardo_work/EUHPC_D21_034/proj_adags/repo/adags/refine-logs/depth_occlusion_support/r031_da3_depth_full/depth_npz/flame_steak/cam00_0228.npz,/leonardo_work/EUHPC_D21_034/proj_adags/data/n3v/flame_steak/motion_priors/masks/cam00_0228.png,/leonardo_work/EUHPC_D21_034/proj_adags/data/n3v/flame_steak/flow/cam00_0228.npz,0,0.18526676297187805,0.3669831156730652,0.3215571343898773,0.47601833939552307,0.3694308400154114,0.03555547818541527,0.04662243276834488,0.7958988547325134,0.6534464359283447,0.7145553827285767,0.04884282872080803,flame_steak_depth_114_cam00_0228
60,"[224, 192, 320, 288]",0.9639108180999756,1.0,0.9711286544799804,flame_steak,cam00,cam00_0222,222,/leonardo_work/EUHPC_D21_034/proj_adags/repo/adags/refine-logs/depth_occlusion_support/r031_da3_depth_full/depth_npz/flame_steak/cam00_0222.npz,/leonardo_work/EUHPC_D21_034/proj_adags/data/n3v/flame_steak/motion_priors/masks/cam00_0222.png,/leonardo_work/EUHPC_D21_034/proj_adags/data/n3v/flame_steak/flow/cam00_0222.npz,3,0.1802118420600891,0.2939497232437134,0.27412310242652893,0.45488306879997253,0.3655388355255127,0.035771388560533524,0.02555641159415245,0.8759351372718811,0.6516870260238647,0.7152060270309448,0.04809005185961723,flame_steak_depth_115_cam00_0222
36,"[240, 144, 336, 240]",0.9637794494628906,1.0,0.9710235595703125,flame_steak,cam00,cam00_0031,31,/leonardo_work/EUHPC_D21_034/proj_adags/repo/adags/refine-logs/depth_occlusion_support/r031_da3_depth_full/depth_npz/flame_steak/cam00_0031.npz,/leonardo_work/EUHPC_D21_034/proj_adags/data/n3v/flame_steak/motion_priors/masks/cam00_0031.png,/leonardo_work/EUHPC_D21_034/proj_adags/data/n3v/flame_steak/flow/cam00_0031.npz,2,0.18380150198936462,0.45169931650161743,0.2782104015350342,0.4266951382160187,0.3730420470237732,0.04553411900997162,0.03106217086315155,0.8131805658340454,0.6756970286369324,0.6848207712173462,0.04812506586313248,flame_steak_depth_116_cam00_0031
38,"[208, 208, 304, 304]",0.9637237191200256,1.0,0.9709789752960205,flame_steak,cam00,cam00_0070,70,/leonardo_work/EUHPC_D21_034/proj_adags/repo/adags/refine-logs/depth_occlusion_support/r031_da3_depth_full/depth_npz/flame_steak/cam00_0070.npz,/leonardo_work/EUHPC_D21_034/proj_adags/data/n3v/flame_steak/motion_priors/masks/cam00_0070.png,/leonardo_work/EUHPC_D21_034/proj_adags/data/n3v/flame_steak/flow/cam00_0070.npz,0,0.16195109486579895,0.2989242374897003,0.3125036358833313,0.4634372293949127,0.3703157305717468,0.029434077441692352,0.050027426332235336,0.6538665890693665,0.6744482517242432,0.6916190981864929,0.044816356152296066,flame_steak_depth_117_cam00_0070
48,"[256, 128, 352, 224]",0.9634845852851868,1.0,0.9707876682281495,flame_steak,cam00,cam00_0072,72,/leonardo_work/EUHPC_D21_034/proj_adags/repo/adags/refine-logs/depth_occlusion_support/r031_da3_depth_full/depth_npz/flame_steak/cam00_0072.npz,/leonardo_work/EUHPC_D21_034/proj_adags/data/n3v/flame_steak/motion_priors/masks/cam00_0072.png,/leonardo_work/EUHPC_D21_034/proj_adags/data/n3v/flame_steak/flow/cam00_0072.npz,2,0.19082944095134735,0.3128376007080078,0.313900887966156,0.4509117305278778,0.3678595721721649,0.031333521008491516,0.0387270525097847,0.46481800079345703,0.6741623282432556,0.6918029189109802,0.04457126930356026,flame_steak_depth_118_cam00_0072
140,"[320, 128, 416, 224]",0.9634678363800049,1.0,0.970774269104004,flame_steak,cam00,cam00_0090,90,/leonardo_work/EUHPC_D21_034/proj_adags/repo/adags/refine-logs/depth_occlusion_support/r031_da3_depth_full/depth_npz/flame_steak/cam00_0090.npz,/leonardo_work/EUHPC_D21_034/proj_adags/data/n3v/flame_steak/motion_priors/masks/cam00_0090.png,/leonardo_work/EUHPC_D21_034/proj_adags/data/n3v/flame_steak/flow/cam00_0090.npz,2,0.19364111125469208,0.29490840435028076,0.3187710642814636,0.46332553029060364,0.3757227063179016,0.041881121695041656,0.05156799033284187,0.3712025582790375,0.6717085242271423,0.6996954083442688,0.057184621691703796,flame_steak_depth_119_cam00_0090
140,"[336, 128, 432, 224]",0.9634678363800049,1.0,0.970774269104004,flame_steak,cam00,cam00_0090,90,/leonardo_work/EUHPC_D21_034/proj_adags/repo/adags/refine-logs/depth_occlusion_support/r031_da3_depth_full/depth_npz/flame_steak/cam00_0090.npz,/leonardo_work/EUHPC_D21_034/proj_adags/data/n3v/flame_steak/motion_priors/masks/cam00_0090.png,/leonardo_work/EUHPC_D21_034/proj_adags/data/n3v/flame_steak/flow/cam00_0090.npz,3,0.19364111125469208,0.29490840435028076,0.3187710642814636,0.46332553029060364,0.3757227063179016,0.041881121695041656,0.05156799033284187,0.3712025582790375,0.6717085242271423,0.6996954083442688,0.057184621691703796,flame_steak_depth_120_cam00_0090
44,"[224, 192, 320, 288]",0.9634117484092712,1.0,0.970729398727417,flame_steak,cam00,cam00_0184,184,/leonardo_work/EUHPC_D21_034/proj_adags/repo/adags/refine-logs/depth_occlusion_support/r031_da3_depth_full/depth_npz/flame_steak/cam00_0184.npz,/leonardo_work/EUHPC_D21_034/proj_adags/data/n3v/flame_steak/motion_priors/masks/cam00_0184.png,/leonardo_work/EUHPC_D21_034/proj_adags/data/n3v/flame_steak/flow/cam00_0184.npz,1,0.19264376163482666,0.3372859060764313,0.2987726628780365,0.46117785573005676,0.38572439551353455,0.05923578888177872,0.06964917480945587,0.5664775967597961,0.6561599373817444,0.7074915766716003,0.05876019597053528,flame_steak_depth_121_cam00_0184
14,"[256, 176, 352, 272]",0.963256299495697,1.0,0.9706050395965578,flame_steak,cam00,cam00_0159,159,/leonardo_work/EUHPC_D21_034/proj_adags/repo/adags/refine-logs/depth_occlusion_support/r031_da3_depth_full/depth_npz/flame_steak/cam00_0159.npz,/leonardo_work/EUHPC_D21_034/proj_adags/data/n3v/flame_steak/motion_priors/masks/cam00_0159.png,/leonardo_work/EUHPC_D21_034/proj_adags/data/n3v/flame_steak/flow/cam00_0159.npz,0,0.1884346306324005,0.3384605348110199,0.312898188829422,0.4352875053882599,0.3699451982975006,0.030081812292337418,0.04053312912583351,0.8519251346588135,0.6665470600128174,0.7094435095787048,0.047319769859313965,flame_steak_depth_122_cam00_0159
41,"[208, 208, 304, 304]",0.9632490277290344,1.0,0.9705992221832276,flame_steak,cam00,cam00_0088,88,/leonardo_work/EUHPC_D21_034/proj_adags/repo/adags/refine-logs/depth_occlusion_support/r031_da3_depth_full/depth_npz/flame_steak/cam00_0088.npz,/leonardo_work/EUHPC_D21_034/proj_adags/data/n3v/flame_steak/motion_priors/masks/cam00_0088.png,/leonardo_work/EUHPC_D21_034/proj_adags/data/n3v/flame_steak/flow/cam00_0088.npz,0,0.19247575104236603,0.36503082513809204,0.29037919640541077,0.4999946653842926,0.37647438049316406,0.04561289772391319,0.051354993134737015,0.7031645774841309,0.6714925765991211,0.6981227397918701,0.05569949746131897,flame_steak_depth_123_cam00_0088
78,"[384, 176, 480, 272]",0.9630042910575867,1.0,0.9704034328460693,flame_steak,cam00,cam00_0226,226,/leonardo_work/EUHPC_D21_034/proj_adags/repo/adags/refine-logs/depth_occlusion_support/r031_da3_depth_full/depth_npz/flame_steak/cam00_0226.npz,/leonardo_work/EUHPC_D21_034/proj_adags/data/n3v/flame_steak/motion_priors/masks/cam00_0226.png,/leonardo_work/EUHPC_D21_034/proj_adags/data/n3v/flame_steak/flow/cam00_0226.npz,2,0.187866672873497,0.3407038748264313,0.304287850856781,0.4777529239654541,0.3660072684288025,0.03041151724755764,0.0412304662168026,0.8459204435348511,0.6535689830780029,0.7148500680923462,0.04088033735752106,flame_steak_depth_124_cam00_0226
225,"[256, 176, 352, 272]",0.962949275970459,1.0,0.9703594207763673,flame_steak,cam00,cam00_0081,81,/leonardo_work/EUHPC_D21_034/proj_adags/repo/adags/refine-logs/depth_occlusion_support/r031_da3_depth_full/depth_npz/flame_steak/cam00_0081.npz,/leonardo_work/EUHPC_D21_034/proj_adags/data/n3v/flame_steak/motion_priors/masks/cam00_0081.png,/leonardo_work/EUHPC_D21_034/proj_adags/data/n3v/flame_steak/flow/cam00_0081.npz,1,0.18471357226371765,0.5803637504577637,0.2740669250488281,0.47284892201423645,0.3748228847980499,0.043815575540065765,0.054526567459106445,0.7370831966400146,0.6711629033088684,0.6942421197891235,0.055539023131132126,flame_steak_depth_125_cam00_0081
98,"[384, 176, 480, 272]",0.9629029035568237,1.0,0.9703223228454589,flame_steak,cam00,cam00_0072,72,/leonardo_work/EUHPC_D21_034/proj_adags/repo/adags/refine-logs/depth_occlusion_support/r031_da3_depth_full/depth_npz/flame_steak/cam00_0072.npz,/leonardo_work/EUHPC_D21_034/proj_adags/data/n3v/flame_steak/motion_priors/masks/cam00_0072.png,/leonardo_work/EUHPC_D21_034/proj_adags/data/n3v/flame_steak/flow/cam00_0072.npz,3,0.19082944095134735,0.3128376007080078,0.313900887966156,0.4509117305278778,0.3678595721721649,0.031333521008491516,0.0387270525097847,0.46481800079345703,0.6741623282432556,0.6918029189109802,0.04457126930356026,flame_steak_depth_126_cam00_0072
39,"[192, 240, 288, 336]",0.962855339050293,1.0,0.9702842712402344,flame_steak,cam00,cam00_0092,92,/leonardo_work/EUHPC_D21_034/proj_adags/repo/adags/refine-logs/depth_occlusion_support/r031_da3_depth_full/depth_npz/flame_steak/cam00_0092.npz,/leonardo_work/EUHPC_D21_034/proj_adags/data/n3v/flame_steak/motion_priors/masks/cam00_0092.png,/leonardo_work/EUHPC_D21_034/proj_adags/data/n3v/flame_steak/flow/cam00_0092.npz,0,0.18990154564380646,0.3133901357650757,0.3093520402908325,0.4815109670162201,0.3735833168029785,0.0374111533164978,0.050354212522506714,0.7855467200279236,0.6713671088218689,0.6998587846755981,0.053155235946178436,flame_steak_depth_127_cam00_0092
183,"[240, 160, 336, 256]",0.9628015756607056,1.0,0.9702412605285644,flame_steak,cam00,cam00_0238,238,/leonardo_work/EUHPC_D21_034/proj_adags/repo/adags/refine-logs/depth_occlusion_support/r031_da3_depth_full/depth_npz/flame_steak/cam00_0238.npz,/leonardo_work/EUHPC_D21_034/proj_adags/data/n3v/flame_steak/motion_priors/masks/cam00_0238.png,/leonardo_work/EUHPC_D21_034/proj_adags/data/n3v/flame_steak/flow/cam00_0238.npz,0,0.1861158162355423,0.3893240690231323,0.29675939679145813,0.483697772026062,0.36115697026252747,0.026635972782969475,0.024126723408699036,0.8554468154907227,0.6540358066558838,0.7140739560127258,0.045467011630535126,flame_steak_depth_128_cam00_0238
49,"[272, 144, 368, 240]",0.9625323414802551,1.0,0.9700258731842042,flame_steak,cam00,cam00_0170,170,/leonardo_work/EUHPC_D21_034/proj_adags/repo/adags/refine-logs/depth_occlusion_support/r031_da3_depth_full/depth_npz/flame_steak/cam00_0170.npz,/leonardo_work/EUHPC_D21_034/proj_adags/data/n3v/flame_steak/motion_priors/masks/cam00_0170.png,/leonardo_work/EUHPC_D21_034/proj_adags/data/n3v/flame_steak/flow/cam00_0170.npz,2,0.18907056748867035,0.38674449920654297,0.2752223014831543,0.4539014399051666,0.38179337978363037,0.0552414134144783,0.05721379816532135,0.5684558153152466,0.6626256108283997,0.7106485366821289,0.05908406525850296,flame_steak_depth_129_cam00_0170
61,"[256, 128, 352, 224]",0.9624983072280884,1.0,0.9699986457824707,flame_steak,cam00,cam00_0228,228,/leonardo_work/EUHPC_D21_034/proj_adags/repo/adags/refine-logs/depth_occlusion_support/r031_da3_depth_full/depth_npz/flame_steak/cam00_0228.npz,/leonardo_work/EUHPC_D21_034/proj_adags/data/n3v/flame_steak/motion_priors/masks/cam00_0228.png,/leonardo_work/EUHPC_D21_034/proj_adags/data/n3v/flame_steak/flow/cam00_0228.npz,1,0.18526676297187805,0.3669831156730652,0.3215571343898773,0.47601833939552307,0.3694308400154114,0.03555547818541527,0.04662243276834488,0.7958988547325134,0.6534464359283447,0.7145553827285767,0.04884282872080803,flame_steak_depth_130_cam00_0228
90,"[384, 160, 480, 256]",0.9622784852981567,1.0,0.9698227882385255,flame_steak,cam00,cam00_0067,67,/leonardo_work/EUHPC_D21_034/proj_adags/repo/adags/refine-logs/depth_occlusion_support/r031_da3_depth_full/depth_npz/flame_steak/cam00_0067.npz,/leonardo_work/EUHPC_D21_034/proj_adags/data/n3v/flame_steak/motion_priors/masks/cam00_0067.png,/leonardo_work/EUHPC_D21_034/proj_adags/data/n3v/flame_steak/flow/cam00_0067.npz,3,0.16548222303390503,0.38558223843574524,0.29616326093673706,0.4577847123146057,0.373198926448822,0.04036681726574898,0.04069652035832405,0.8062713742256165,0.674305260181427,0.6897809505462646,0.05095818266272545,flame_steak_depth_131_cam00_0067
38,"[416, 208, 512, 304]",0.962261974811554,1.0,0.9698095798492432,flame_steak,cam00,cam00_0060,60,/leonardo_work/EUHPC_D21_034/proj_adags/repo/adags/refine-logs/depth_occlusion_support/r031_da3_depth_full/depth_npz/flame_steak/cam00_0060.npz,/leonardo_work/EUHPC_D21_034/proj_adags/data/n3v/flame_steak/motion_priors/masks/cam00_0060.png,/leonardo_work/EUHPC_D21_034/proj_adags/data/n3v/flame_steak/flow/cam00_0060.npz,1,0.19353947043418884,0.28343847393989563,0.3244139552116394,0.44726860523223877,0.3752354681491852,0.0445450097322464,0.041388023644685745,0.6143984198570251,0.6740864515304565,0.6907350420951843,0.055752016603946686,flame_steak_depth_132_cam00_0060
99,"[192, 240, 288, 336]",0.9622398018836975,1.0,0.969791841506958,flame_steak,cam00,cam00_0086,86,/leonardo_work/EUHPC_D21_034/proj_adags/repo/adags/refine-logs/depth_occlusion_support/r031_da3_depth_full/depth_npz/flame_steak/cam00_0086.npz,/leonardo_work/EUHPC_D21_034/proj_adags/data/n3v/flame_steak/motion_priors/masks/cam00_0086.png,/leonardo_work/EUHPC_D21_034/proj_adags/data/n3v/flame_steak/flow/cam00_0086.npz,1,0.18559207022190094,0.3116227984428406,0.26268357038497925,0.41024354100227356,0.3793518543243408,0.04687044024467468,0.061202339828014374,0.6830117702484131,0.6708856821060181,0.6966259479522705,0.05532894656062126,flame_steak_depth_133_cam00_0086
165,"[240, 160, 336, 256]",0.9621848464012146,1.0,0.9697478771209718,flame_steak,cam00,cam00_0215,215,/leonardo_work/EUHPC_D21_034/proj_adags/repo/adags/refine-logs/depth_occlusion_support/r031_da3_depth_full/depth_npz/flame_steak/cam00_0215.npz,/leonardo_work/EUHPC_D21_034/proj_adags/data/n3v/flame_steak/motion_priors/masks/cam00_0215.png,/leonardo_work/EUHPC_D21_034/proj_adags/data/n3v/flame_steak/flow/cam00_0215.npz,1,0.1851348578929901,0.4056454002857208,0.26813018321990967,0.4485083818435669,0.37639400362968445,0.04996323585510254,0.05823500454425812,0.49838942289352417,0.6524398326873779,0.7152293920516968,0.05273508280515671,flame_steak_depth_134_cam00_0215
101,"[384, 176, 480, 272]",0.9621361494064331,1.0,0.9697089195251465,flame_steak,cam00,cam00_0066,66,/leonardo_work/EUHPC_D21_034/proj_adags/repo/adags/refine-logs/depth_occlusion_support/r031_da3_depth_full/depth_npz/flame_steak/cam00_0066.npz,/leonardo_work/EUHPC_D21_034/proj_adags/data/n3v/flame_steak/motion_priors/masks/cam00_0066.png,/leonardo_work/EUHPC_D21_034/proj_adags/data/n3v/flame_steak/flow/cam00_0066.npz,3,0.16385716199874878,0.37157610058784485,0.311806321144104,0.4588219225406647,0.3712080121040344,0.04278269782662392,0.03564009070396423,0.8218433260917664,0.6734387278556824,0.6893811821937561,0.0516788624227047,flame_steak_depth_135_cam00_0066
89,"[400, 176, 496, 272]",0.9619318246841431,1.0,0.9695454597473145,flame_steak,cam00,cam00_0083,83,/leonardo_work/EUHPC_D21_034/proj_adags/repo/adags/refine-logs/depth_occlusion_support/r031_da3_depth_full/depth_npz/flame_steak/cam00_0083.npz,/leonardo_work/EUHPC_D21_034/proj_adags/data/n3v/flame_steak/motion_priors/masks/cam00_0083.png,/leonardo_work/EUHPC_D21_034/proj_adags/data/n3v/flame_steak/flow/cam00_0083.npz,1,0.16037239134311676,0.4262978732585907,0.29024016857147217,0.4749250113964081,0.3743137717247009,0.04343918710947037,0.05139000713825226,0.7628730535507202,0.6708623766899109,0.695167064666748,0.05466661974787712,flame_steak_depth_136_cam00_0083
25,"[192, 224, 288, 320]",0.9617459177970886,1.0,0.969396734237671,flame_steak,cam00,cam00_0031,31,/leonardo_work/EUHPC_D21_034/proj_adags/repo/adags/refine-logs/depth_occlusion_support/r031_da3_depth_full/depth_npz/flame_steak/cam00_0031.npz,/leonardo_work/EUHPC_D21_034/proj_adags/data/n3v/flame_steak/motion_priors/masks/cam00_0031.png,/leonardo_work/EUHPC_D21_034/proj_adags/data/n3v/flame_steak/flow/cam00_0031.npz,3,0.18380150198936462,0.45169931650161743,0.2782104015350342,0.4266951382160187,0.3730420470237732,0.04553411900997162,0.03106217086315155,0.8131805658340454,0.6756970286369324,0.6848207712173462,0.04812506586313248,flame_steak_depth_137_cam00_0031
44,"[416, 208, 512, 304]",0.9615307450294495,1.0,0.9692245960235597,flame_steak,cam00,cam00_0044,44,/leonardo_work/EUHPC_D21_034/proj_adags/repo/adags/refine-logs/depth_occlusion_support/r031_da3_depth_full/depth_npz/flame_steak/cam00_0044.npz,/leonardo_work/EUHPC_D21_034/proj_adags/data/n3v/flame_steak/motion_priors/masks/cam00_0044.png,/leonardo_work/EUHPC_D21_034/proj_adags/data/n3v/flame_steak/flow/cam00_0044.npz,0,0.19165536761283875,0.37132102251052856,0.29160550236701965,0.47337064146995544,0.3716527819633484,0.04234212264418602,0.03627907484769821,0.7534662485122681,0.6739172339439392,0.68595290184021,0.04851895943284035,flame_steak_depth_138_cam00_0044
63,"[240, 160, 336, 256]",0.9614678621292114,1.0,0.9691742897033693,flame_steak,cam00,cam00_0032,32,/leonardo_work/EUHPC_D21_034/proj_adags/repo/adags/refine-logs/depth_occlusion_support/r031_da3_depth_full/depth_npz/flame_steak/cam00_0032.npz,/leonardo_work/EUHPC_D21_034/proj_adags/data/n3v/flame_steak/motion_priors/masks/cam00_0032.png,/leonardo_work/EUHPC_D21_034/proj_adags/data/n3v/flame_steak/flow/cam00_0032.npz,1,0.16528941690921783,0.4078041613101959,0.2922765016555786,0.4492524266242981,0.375512957572937,0.047544438391923904,0.043339986354112625,0.2016356736421585,0.6752739548683167,0.6849200129508972,0.05126454308629036,flame_steak_depth_139_cam00_0032
29,"[288, 128, 384, 224]",0.961415708065033,1.0,0.9691325664520265,flame_steak,cam00,cam00_0152,152,/leonardo_work/EUHPC_D21_034/proj_adags/repo/adags/refine-logs/depth_occlusion_support/r031_da3_depth_full/depth_npz/flame_steak/cam00_0152.npz,/leonardo_work/EUHPC_D21_034/proj_adags/data/n3v/flame_steak/motion_priors/masks/cam00_0152.png,/leonardo_work/EUHPC_D21_034/proj_adags/data/n3v/flame_steak/flow/cam00_0152.npz,1,0.192673459649086,0.2574561834335327,0.2951411008834839,0.4313771724700928,0.37564539909362793,0.03406743332743645,0.04936802014708519,0.8578714728355408,0.6687586903572083,0.7121716141700745,0.04804337024688721,flame_steak_depth_140_cam00_0152
74,"[384, 160, 480, 256]",0.9614077210426331,1.0,0.9691261768341064,flame_steak,cam00,cam00_0037,37,/leonardo_work/EUHPC_D21_034/proj_adags/repo/adags/refine-logs/depth_occlusion_support/r031_da3_depth_full/depth_npz/flame_steak/cam00_0037.npz,/leonardo_work/EUHPC_D21_034/proj_adags/data/n3v/flame_steak/motion_priors/masks/cam00_0037.png,/leonardo_work/EUHPC_D21_034/proj_adags/data/n3v/flame_steak/flow/cam00_0037.npz,2,0.18284228444099426,0.3876575827598572,0.2733725905418396,0.4404052793979645,0.37643030285835266,0.04769032448530197,0.0454815998673439,0.7816661596298218,0.6754169464111328,0.6855239868164062,0.054444871842861176,flame_steak_depth_141_cam00_0037
26,"[256, 128, 352, 224]",0.961247444152832,1.0,0.9689979553222656,flame_steak,cam00,cam00_0062,62,/leonardo_work/EUHPC_D21_034/proj_adags/repo/adags/refine-logs/depth_occlusion_support/r031_da3_depth_full/depth_npz/flame_steak/cam00_0062.npz,/leonardo_work/EUHPC_D21_034/proj_adags/data/n3v/flame_steak/motion_priors/masks/cam00_0062.png,/leonardo_work/EUHPC_D21_034/proj_adags/data/n3v/flame_steak/flow/cam00_0062.npz,0,0.19192786514759064,0.5054507851600647,0.3194124400615692,0.44685688614845276,0.37789100408554077,0.04613808915019035,0.0512382835149765,0.3880904018878937,0.6727968454360962,0.6906416416168213,0.057310085743665695,flame_steak_depth_142_cam00_0062
124,"[240, 176, 336, 272]",0.9612311124801636,1.0,0.9689848899841309,flame_steak,cam00,cam00_0030,30,/leonardo_work/EUHPC_D21_034/proj_adags/repo/adags/refine-logs/depth_occlusion_support/r031_da3_depth_full/depth_npz/flame_steak/cam00_0030.npz,/leonardo_work/EUHPC_D21_034/proj_adags/data/n3v/flame_steak/motion_priors/masks/cam00_0030.png,/leonardo_work/EUHPC_D21_034/proj_adags/data/n3v/flame_steak/flow/cam00_0030.npz,3,0.18260252475738525,0.37405550479888916,0.27765214443206787,0.4432770609855652,0.37312668561935425,0.04345377907156944,0.037927594035863876,0.8165505528450012,0.6761142611503601,0.6838608384132385,0.05289847403764725,flame_steak_depth_143_cam00_0030
135,"[368, 160, 464, 256]",0.9610298275947571,1.0,0.9688238620758056,flame_steak,cam00,cam00_0209,209,/leonardo_work/EUHPC_D21_034/proj_adags/repo/adags/refine-logs/depth_occlusion_support/r031_da3_depth_full/depth_npz/flame_steak/cam00_0209.npz,/leonardo_work/EUHPC_D21_034/proj_adags/data/n3v/flame_steak/motion_priors/masks/cam00_0209.png,/leonardo_work/EUHPC_D21_034/proj_adags/data/n3v/flame_steak/flow/cam00_0209.npz,1,0.19067369401454926,0.47959762811660767,0.3105735778808594,0.4508763551712036,0.3730359673500061,0.04470256716012955,0.044647131115198135,0.5815097689628601,0.6525973677635193,0.7138405442237854,0.05337114632129669,flame_steak_depth_144_cam00_0209
39,"[368, 128, 464, 224]",0.9608018398284912,1.0,0.9686414718627929,flame_steak,cam00,cam00_0215,215,/leonardo_work/EUHPC_D21_034/proj_adags/repo/adags/refine-logs/depth_occlusion_support/r031_da3_depth_full/depth_npz/flame_steak/cam00_0215.npz,/leonardo_work/EUHPC_D21_034/proj_adags/data/n3v/flame_steak/motion_priors/masks/cam00_0215.png,/leonardo_work/EUHPC_D21_034/proj_adags/data/n3v/flame_steak/flow/cam00_0215.npz,2,0.1851348578929901,0.4056454002857208,0.26813018321990967,0.4485083818435669,0.37639400362968445,0.04996323585510254,0.05823500454425812,0.49838942289352417,0.6524398326873779,0.7152293920516968,0.05273508280515671,flame_steak_depth_145_cam00_0215
123,"[304, 128, 400, 224]",0.9607940316200256,1.0,0.9686352252960206,flame_steak,cam00,cam00_0170,170,/leonardo_work/EUHPC_D21_034/proj_adags/repo/adags/refine-logs/depth_occlusion_support/r031_da3_depth_full/depth_npz/flame_steak/cam00_0170.npz,/leonardo_work/EUHPC_D21_034/proj_adags/data/n3v/flame_steak/motion_priors/masks/cam00_0170.png,/leonardo_work/EUHPC_D21_034/proj_adags/data/n3v/flame_steak/flow/cam00_0170.npz,3,0.18907056748867035,0.38674449920654297,0.2752223014831543,0.4539014399051666,0.38179337978363037,0.0552414134144783,0.05721379816532135,0.5684558153152466,0.6626256108283997,0.7106485366821289,0.05908406525850296,flame_steak_depth_146_cam00_0170
36,"[368, 128, 464, 224]",0.9607124328613281,1.0,0.9685699462890625,flame_steak,cam00,cam00_0258,258,/leonardo_work/EUHPC_D21_034/proj_adags/repo/adags/refine-logs/depth_occlusion_support/r031_da3_depth_full/depth_npz/flame_steak/cam00_0258.npz,/leonardo_work/EUHPC_D21_034/proj_adags/data/n3v/flame_steak/motion_priors/masks/cam00_0258.png,/leonardo_work/EUHPC_D21_034/proj_adags/data/n3v/flame_steak/flow/cam00_0258.npz,3,0.1895303577184677,0.4289032816886902,0.29629871249198914,0.49204233288764954,0.3642338812351227,0.02825239486992359,0.030910449102520943,0.8838276267051697,0.657043993473053,0.7086119651794434,0.042852725833654404,flame_steak_depth_147_cam00_0258
31,"[208, 208, 304, 304]",0.9606710076332092,1.0,0.9685368061065673,flame_steak,cam00,cam00_0036,36,/leonardo_work/EUHPC_D21_034/proj_adags/repo/adags/refine-logs/depth_occlusion_support/r031_da3_depth_full/depth_npz/flame_steak/cam00_0036.npz,/leonardo_work/EUHPC_D21_034/proj_adags/data/n3v/flame_steak/motion_priors/masks/cam00_0036.png,/leonardo_work/EUHPC_D21_034/proj_adags/data/n3v/flame_steak/flow/cam00_0036.npz,0,0.18351073563098907,0.25631141662597656,0.2756507992744446,0.44861510396003723,0.37645184993743896,0.04792957752943039,0.04652614891529083,0.18648973107337952,0.6754636168479919,0.6851009130477905,0.05534353479743004,flame_steak_depth_148_cam00_0036
76,"[384, 176, 480, 272]",0.9605297446250916,1.0,0.9684237957000732,flame_steak,cam00,cam00_0037,37,/leonardo_work/EUHPC_D21_034/proj_adags/repo/adags/refine-logs/depth_occlusion_support/r031_da3_depth_full/depth_npz/flame_steak/cam00_0037.npz,/leonardo_work/EUHPC_D21_034/proj_adags/data/n3v/flame_steak/motion_priors/masks/cam00_0037.png,/leonardo_work/EUHPC_D21_034/proj_adags/data/n3v/flame_steak/flow/cam00_0037.npz,3,0.18284228444099426,0.3876575827598572,0.2733725905418396,0.4404052793979645,0.37643030285835266,0.04769032448530197,0.0454815998673439,0.7816661596298218,0.6754169464111328,0.6855239868164062,0.054444871842861176,flame_steak_depth_149_cam00_0037
52,"[416, 224, 512, 320]",0.9603776335716248,1.0,0.9683021068572999,flame_steak,cam00,cam00_0092,92,/leonardo_work/EUHPC_D21_034/proj_adags/repo/adags/refine-logs/depth_occlusion_support/r031_da3_depth_full/depth_npz/flame_steak/cam00_0092.npz,/leonardo_work/EUHPC_D21_034/proj_adags/data/n3v/flame_steak/motion_priors/masks/cam00_0092.png,/leonardo_work/EUHPC_D21_034/proj_adags/data/n3v/flame_steak/flow/cam00_0092.npz,1,0.18990154564380646,0.3133901357650757,0.3093520402908325,0.4815109670162201,0.3735833168029785,0.0374111533164978,0.050354212522506714,0.7855467200279236,0.6713671088218689,0.6998587846755981,0.053155235946178436,flame_steak_depth_150_cam00_0092
105,"[240, 160, 336, 256]",0.9603560566902161,1.0,0.9682848453521729,flame_steak,cam00,cam00_0001,1,/leonardo_work/EUHPC_D21_034/proj_adags/repo/adags/refine-logs/depth_occlusion_support/r031_da3_depth_full/depth_npz/flame_steak/cam00_0001.npz,/leonardo_work/EUHPC_D21_034/proj_adags/data/n3v/flame_steak/motion_priors/masks/cam00_0001.png,/leonardo_work/EUHPC_D21_034/proj_adags/data/n3v/flame_steak/flow/cam00_0001.npz,0,0.18426130712032318,0.3947502672672272,0.2649107277393341,0.42484575510025024,0.36930716037750244,0.029343627393245697,0.04188695549964905,0.888536810874939,0.6866443753242493,0.6723416447639465,0.05293932184576988,flame_steak_depth_151_cam00_0001
47,"[400, 192, 496, 288]",0.9600512981414795,1.0,0.9680410385131837,flame_steak,cam00,cam00_0221,221,/leonardo_work/EUHPC_D21_034/proj_adags/repo/adags/refine-logs/depth_occlusion_support/r031_da3_depth_full/depth_npz/flame_steak/cam00_0221.npz,/leonardo_work/EUHPC_D21_034/proj_adags/data/n3v/flame_steak/motion_priors/masks/cam00_0221.png,/leonardo_work/EUHPC_D21_034/proj_adags/data/n3v/flame_steak/flow/cam00_0221.npz,1,0.1851227730512619,0.6163539290428162,0.2845163643360138,0.44811421632766724,0.36607688665390015,0.040649838745594025,0.022901276126503944,0.8766645789146423,0.651786208152771,0.7144853472709656,0.05209026113152504,flame_steak_depth_152_cam00_0221
153,"[240, 176, 336, 272]",0.9597794413566589,1.0,0.9678235530853272,flame_steak,cam00,cam00_0001,1,/leonardo_work/EUHPC_D21_034/proj_adags/repo/adags/refine-logs/depth_occlusion_support/r031_da3_depth_full/depth_npz/flame_steak/cam00_0001.npz,/leonardo_work/EUHPC_D21_034/proj_adags/data/n3v/flame_steak/motion_priors/masks/cam00_0001.png,/leonardo_work/EUHPC_D21_034/proj_adags/data/n3v/flame_steak/flow/cam00_0001.npz,1,0.18426130712032318,0.3947502672672272,0.2649107277393341,0.42484575510025024,0.36930716037750244,0.029343627393245697,0.04188695549964905,0.888536810874939,0.6866443753242493,0.6723416447639465,0.05293932184576988,flame_steak_depth_153_cam00_0001
44,"[192, 240, 288, 336]",0.9595223069190979,1.0,0.9676178455352784,flame_steak,cam00,cam00_0038,38,/leonardo_work/EUHPC_D21_034/proj_adags/repo/adags/refine-logs/depth_occlusion_support/r031_da3_depth_full/depth_npz/flame_steak/cam00_0038.npz,/leonardo_work/EUHPC_D21_034/proj_adags/data/n3v/flame_steak/motion_priors/masks/cam00_0038.png,/leonardo_work/EUHPC_D21_034/proj_adags/data/n3v/flame_steak/flow/cam00_0038.npz,1,0.1642935574054718,0.24788205325603485,0.3083762228488922,0.4488165080547333,0.3750154674053192,0.046018462628126144,0.04526568949222565,0.7310259938240051,0.6752126812934875,0.6866677403450012,0.05166427418589592,flame_steak_depth_154_cam00_0038
81,"[192, 240, 288, 336]",0.959475040435791,1.0,0.9675800323486328,flame_steak,cam00,cam00_0035,35,/leonardo_work/EUHPC_D21_034/proj_adags/repo/adags/refine-logs/depth_occlusion_support/r031_da3_depth_full/depth_npz/flame_steak/cam00_0035.npz,/leonardo_work/EUHPC_D21_034/proj_adags/data/n3v/flame_steak/motion_priors/masks/cam00_0035.png,/leonardo_work/EUHPC_D21_034/proj_adags/data/n3v/flame_steak/flow/cam00_0035.npz,1,0.1857271045446396,0.478598952293396,0.26359236240386963,0.42346712946891785,0.3749478757381439,0.048626914620399475,0.03786048665642738,0.8193807601928711,0.6755686402320862,0.6850075125694275,0.05149504542350769,flame_steak_depth_155_cam00_0035
103,"[416, 160, 512, 256]",0.959379255771637,1.0,0.9675034046173097,flame_steak,cam00,cam00_0158,158,/leonardo_work/EUHPC_D21_034/proj_adags/repo/adags/refine-logs/depth_occlusion_support/r031_da3_depth_full/depth_npz/flame_steak/cam00_0158.npz,/leonardo_work/EUHPC_D21_034/proj_adags/data/n3v/flame_steak/motion_priors/masks/cam00_0158.png,/leonardo_work/EUHPC_D21_034/proj_adags/data/n3v/flame_steak/flow/cam00_0158.npz,0,0.18759150803089142,0.3687857687473297,0.32601410150527954,0.437676340341568,0.36947646737098694,0.03403825685381889,0.031032994389533997,0.8925982713699341,0.6671159863471985,0.7099016308784485,0.04829137772321701,flame_steak_depth_156_cam00_0158
54,"[288, 128, 384, 224]",0.9593636989593506,1.0,0.9674909591674805,flame_steak,cam00,cam00_0144,144,/leonardo_work/EUHPC_D21_034/proj_adags/repo/adags/refine-logs/depth_occlusion_support/r031_da3_depth_full/depth_npz/flame_steak/cam00_0144.npz,/leonardo_work/EUHPC_D21_034/proj_adags/data/n3v/flame_steak/motion_priors/masks/cam00_0144.png,/leonardo_work/EUHPC_D21_034/proj_adags/data/n3v/flame_steak/flow/cam00_0144.npz,0,0.19035762548446655,0.3460862338542938,0.3216839134693146,0.4904548227787018,0.36110010743141174,0.014862924814224243,0.036276157945394516,0.849255383014679,0.6686798930168152,0.709566056728363,0.04035806283354759,flame_steak_depth_157_cam00_0144
69,"[224, 192, 320, 288]",0.9592688679695129,1.0,0.9674150943756104,flame_steak,cam00,cam00_0086,86,/leonardo_work/EUHPC_D21_034/proj_adags/repo/adags/refine-logs/depth_occlusion_support/r031_da3_depth_full/depth_npz/flame_steak/cam00_0086.npz,/leonardo_work/EUHPC_D21_034/proj_adags/data/n3v/flame_steak/motion_priors/masks/cam00_0086.png,/leonardo_work/EUHPC_D21_034/proj_adags/data/n3v/flame_steak/flow/cam00_0086.npz,2,0.18559207022190094,0.3116227984428406,0.26268357038497925,0.41024354100227356,0.3793518543243408,0.04687044024467468,0.061202339828014374,0.6830117702484131,0.6708856821060181,0.6966259479522705,0.05532894656062126,flame_steak_depth_158_cam00_0086
37,"[368, 128, 464, 224]",0.9588939547538757,1.0,0.9671151638031006,flame_steak,cam00,cam00_0186,186,/leonardo_work/EUHPC_D21_034/proj_adags/repo/adags/refine-logs/depth_occlusion_support/r031_da3_depth_full/depth_npz/flame_steak/cam00_0186.npz,/leonardo_work/EUHPC_D21_034/proj_adags/data/n3v/flame_steak/motion_priors/masks/cam00_0186.png,/leonardo_work/EUHPC_D21_034/proj_adags/data/n3v/flame_steak/flow/cam00_0186.npz,1,0.19084472954273224,0.3138754367828369,0.2984084188938141,0.48256468772888184,0.3878212571144104,0.06015487387776375,0.0805789977312088,0.6600900888442993,0.656501293182373,0.707328200340271,0.05584246665239334,flame_steak_depth_159_cam00_0186
77,"[192, 240, 288, 336]",0.9588453769683838,1.0,0.967076301574707,flame_steak,cam00,cam00_0088,88,/leonardo_work/EUHPC_D21_034/proj_adags/repo/adags/refine-logs/depth_occlusion_support/r031_da3_depth_full/depth_npz/flame_steak/cam00_0088.npz,/leonardo_work/EUHPC_D21_034/proj_adags/data/n3v/flame_steak/motion_priors/masks/cam00_0088.png,/leonardo_work/EUHPC_D21_034/proj_adags/data/n3v/flame_steak/flow/cam00_0088.npz,1,0.19247575104236603,0.36503082513809204,0.29037919640541077,0.4999946653842926,0.37647438049316406,0.04561289772391319,0.051354993134737015,0.7031645774841309,0.6714925765991211,0.6981227397918701,0.05569949746131897,flame_steak_depth_160_cam00_0088
43,"[208, 208, 304, 304]",0.9587514400482178,1.0,0.9670011520385742,flame_steak,cam00,cam00_0188,188,/leonardo_work/EUHPC_D21_034/proj_adags/repo/adags/refine-logs/depth_occlusion_support/r031_da3_depth_full/depth_npz/flame_steak/cam00_0188.npz,/leonardo_work/EUHPC_D21_034/proj_adags/data/n3v/flame_steak/motion_priors/masks/cam00_0188.png,/leonardo_work/EUHPC_D21_034/proj_adags/data/n3v/flame_steak/flow/cam00_0188.npz,0,0.18616905808448792,0.391458660364151,0.3128766715526581,0.463411420583725,0.3831668794155121,0.05939042568206787,0.06372325867414474,0.6947877407073975,0.6579747200012207,0.7084952592849731,0.05992437154054642,flame_steak_depth_161_cam00_0188
215,"[240, 176, 336, 272]",0.9585925340652466,1.0,0.9668740272521974,flame_steak,cam00,cam00_0238,238,/leonardo_work/EUHPC_D21_034/proj_adags/repo/adags/refine-logs/depth_occlusion_support/r031_da3_depth_full/depth_npz/flame_steak/cam00_0238.npz,/leonardo_work/EUHPC_D21_034/proj_adags/data/n3v/flame_steak/motion_priors/masks/cam00_0238.png,/leonardo_work/EUHPC_D21_034/proj_adags/data/n3v/flame_steak/flow/cam00_0238.npz,1,0.1861158162355423,0.3893240690231323,0.29675939679145813,0.483697772026062,0.36115697026252747,0.026635972782969475,0.024126723408699036,0.8554468154907227,0.6540358066558838,0.7140739560127258,0.045467011630535126,flame_steak_depth_162_cam00_0238
49,"[240, 144, 336, 240]",0.9585416316986084,1.0,0.9668333053588867,flame_steak,cam00,cam00_0002,2,/leonardo_work/EUHPC_D21_034/proj_adags/repo/adags/refine-logs/depth_occlusion_support/r031_da3_depth_full/depth_npz/flame_steak/cam00_0002.npz,/leonardo_work/EUHPC_D21_034/proj_adags/data/n3v/flame_steak/motion_priors/masks/cam00_0002.png,/leonardo_work/EUHPC_D21_034/proj_adags/data/n3v/flame_steak/flow/cam00_0002.npz,1,0.19030886888504028,0.28354641795158386,0.31623443961143494,0.4517275393009186,0.36596131324768066,0.026580534875392914,0.03838276118040085,0.5739119648933411,0.6852584481239319,0.6724787950515747,0.04754151776432991,flame_steak_depth_163_cam00_0002
56,"[256, 128, 352, 224]",0.9584669470787048,1.0,0.9667735576629639,flame_steak,cam00,cam00_0036,36,/leonardo_work/EUHPC_D21_034/proj_adags/repo/adags/refine-logs/depth_occlusion_support/r031_da3_depth_full/depth_npz/flame_steak/cam00_0036.npz,/leonardo_work/EUHPC_D21_034/proj_adags/data/n3v/flame_steak/motion_priors/masks/cam00_0036.png,/leonardo_work/EUHPC_D21_034/proj_adags/data/n3v/flame_steak/flow/cam00_0036.npz,1,0.18351073563098907,0.25631141662597656,0.2756507992744446,0.44861510396003723,0.37645184993743896,0.04792957752943039,0.04652614891529083,0.18648973107337952,0.6754636168479919,0.6851009130477905,0.05534353479743004,flame_steak_depth_164_cam00_0036
50,"[224, 160, 320, 256]",0.9584448337554932,1.0,0.9667558670043945,flame_steak,cam00,cam00_0192,192,/leonardo_work/EUHPC_D21_034/proj_adags/repo/adags/refine-logs/depth_occlusion_support/r031_da3_depth_full/depth_npz/flame_steak/cam00_0192.npz,/leonardo_work/EUHPC_D21_034/proj_adags/data/n3v/flame_steak/motion_priors/masks/cam00_0192.png,/leonardo_work/EUHPC_D21_034/proj_adags/data/n3v/flame_steak/flow/cam00_0192.npz,1,0.19116652011871338,0.2841072678565979,0.3000817894935608,0.4464437663555145,0.383944571018219,0.053444091230630875,0.06257950514554977,0.362857848405838,0.6583977937698364,0.7117543816566467,0.055401887744665146,flame_steak_depth_165_cam00_0192
50,"[224, 176, 320, 272]",0.9584448337554932,1.0,0.9667558670043945,flame_steak,cam00,cam00_0192,192,/leonardo_work/EUHPC_D21_034/proj_adags/repo/adags/refine-logs/depth_occlusion_support/r031_da3_depth_full/depth_npz/flame_steak/cam00_0192.npz,/leonardo_work/EUHPC_D21_034/proj_adags/data/n3v/flame_steak/motion_priors/masks/cam00_0192.png,/leonardo_work/EUHPC_D21_034/proj_adags/data/n3v/flame_steak/flow/cam00_0192.npz,2,0.19116652011871338,0.2841072678565979,0.3000817894935608,0.4464437663555145,0.383944571018219,0.053444091230630875,0.06257950514554977,0.362857848405838,0.6583977937698364,0.7117543816566467,0.055401887744665146,flame_steak_depth_166_cam00_0192
44,"[208, 208, 304, 304]",0.9584006667137146,1.0,0.9667205333709716,flame_steak,cam00,cam00_0087,87,/leonardo_work/EUHPC_D21_034/proj_adags/repo/adags/refine-logs/depth_occlusion_support/r031_da3_depth_full/depth_npz/flame_steak/cam00_0087.npz,/leonardo_work/EUHPC_D21_034/proj_adags/data/n3v/flame_steak/motion_priors/masks/cam00_0087.png,/leonardo_work/EUHPC_D21_034/proj_adags/data/n3v/flame_steak/flow/cam00_0087.npz,1,0.1890932321548462,0.4520972669124603,0.2657356560230255,0.3988390564918518,0.37563809752464294,0.046730391681194305,0.051147837191820145,0.7307400703430176,0.6713817119598389,0.6971744894981384,0.05832253769040108,flame_steak_depth_167_cam00_0087
10,"[400, 192, 496, 288]",0.9583193063735962,1.0,0.9666554450988769,flame_steak,cam00,cam00_0003,3,/leonardo_work/EUHPC_D21_034/proj_adags/repo/adags/refine-logs/depth_occlusion_support/r031_da3_depth_full/depth_npz/flame_steak/cam00_0003.npz,/leonardo_work/EUHPC_D21_034/proj_adags/data/n3v/flame_steak/motion_priors/masks/cam00_0003.png,/leonardo_work/EUHPC_D21_034/proj_adags/data/n3v/flame_steak/flow/cam00_0003.npz,0,0.1610507369041443,0.36840835213661194,0.28975972533226013,0.4519690275192261,0.36434221267700195,0.024056697264313698,0.035225775092840195,0.8711996674537659,0.6844618916511536,0.6734620928764343,0.04693463072180748,flame_steak_depth_168_cam00_0003
82,"[256, 160, 352, 256]",0.9583051800727844,1.0,0.9666441440582276,flame_steak,cam00,cam00_0178,178,/leonardo_work/EUHPC_D21_034/proj_adags/repo/adags/refine-logs/depth_occlusion_support/r031_da3_depth_full/depth_npz/flame_steak/cam00_0178.npz,/leonardo_work/EUHPC_D21_034/proj_adags/data/n3v/flame_steak/motion_priors/masks/cam00_0178.png,/leonardo_work/EUHPC_D21_034/proj_adags/data/n3v/flame_steak/flow/cam00_0178.npz,0,0.1672486662864685,0.37858840823173523,0.30776870250701904,0.44639310240745544,0.3840080797672272,0.05485043674707413,0.07566845417022705,0.45537328720092773,0.6579426527023315,0.7074682116508484,0.05758435279130936,flame_steak_depth_169_cam00_0178
86,"[288, 128, 384, 224]",0.9581634402275085,1.0,0.9665307521820068,flame_steak,cam00,cam00_0088,88,/leonardo_work/EUHPC_D21_034/proj_adags/repo/adags/refine-logs/depth_occlusion_support/r031_da3_depth_full/depth_npz/flame_steak/cam00_0088.npz,/leonardo_work/EUHPC_D21_034/proj_adags/data/n3v/flame_steak/motion_priors/masks/cam00_0088.png,/leonardo_work/EUHPC_D21_034/proj_adags/data/n3v/flame_steak/flow/cam00_0088.npz,2,0.19247575104236603,0.36503082513809204,0.29037919640541077,0.4999946653842926,0.37647438049316406,0.04561289772391319,0.051354993134737015,0.7031645774841309,0.6714925765991211,0.6981227397918701,0.05569949746131897,flame_steak_depth_170_cam00_0088
61,"[256, 128, 352, 224]",0.9581480026245117,1.0,0.9665184020996094,flame_steak,cam00,cam00_0221,221,/leonardo_work/EUHPC_D21_034/proj_adags/repo/adags/refine-logs/depth_occlusion_support/r031_da3_depth_full/depth_npz/flame_steak/cam00_0221.npz,/leonardo_work/EUHPC_D21_034/proj_adags/data/n3v/flame_steak/motion_priors/masks/cam00_0221.png,/leonardo_work/EUHPC_D21_034/proj_adags/data/n3v/flame_steak/flow/cam00_0221.npz,2,0.1851227730512619,0.6163539290428162,0.2845163643360138,0.44811421632766724,0.36607688665390015,0.040649838745594025,0.022901276126503944,0.8766645789146423,0.651786208152771,0.7144853472709656,0.05209026113152504,flame_steak_depth_171_cam00_0221
28,"[368, 128, 464, 224]",0.9580713510513306,1.0,0.9664570808410644,flame_steak,cam00,cam00_0214,214,/leonardo_work/EUHPC_D21_034/proj_adags/repo/adags/refine-logs/depth_occlusion_support/r031_da3_depth_full/depth_npz/flame_steak/cam00_0214.npz,/leonardo_work/EUHPC_D21_034/proj_adags/data/n3v/flame_steak/motion_priors/masks/cam00_0214.png,/leonardo_work/EUHPC_D21_034/proj_adags/data/n3v/flame_steak/flow/cam00_0214.npz,0,0.1847134381532669,0.29175829887390137,0.2769615054130554,0.4559434950351715,0.3701498508453369,0.04860649257898331,0.03885543346405029,0.5380764007568359,0.6520605087280273,0.7144182920455933,0.05069267004728317,flame_steak_depth_172_cam00_0214
29,"[400, 192, 496, 288]",0.957992434501648,1.0,0.9663939476013184,flame_steak,cam00,cam00_0216,216,/leonardo_work/EUHPC_D21_034/proj_adags/repo/adags/refine-logs/depth_occlusion_support/r031_da3_depth_full/depth_npz/flame_steak/cam00_0216.npz,/leonardo_work/EUHPC_D21_034/proj_adags/data/n3v/flame_steak/motion_priors/masks/cam00_0216.png,/leonardo_work/EUHPC_D21_034/proj_adags/data/n3v/flame_steak/flow/cam00_0216.npz,3,0.1921359747648239,0.44544416666030884,0.32703453302383423,0.4743558168411255,0.37642529606819153,0.050987359136343,0.053082291036844254,0.5277126431465149,0.6523697972297668,0.7145787477493286,0.0531785786151886,flame_steak_depth_173_cam00_0216
20,"[288, 128, 384, 224]",0.9578026533126831,1.0,0.9662421226501465,flame_steak,cam00,cam00_0158,158,/leonardo_work/EUHPC_D21_034/proj_adags/repo/adags/refine-logs/depth_occlusion_support/r031_da3_depth_full/depth_npz/flame_steak/cam00_0158.npz,/leonardo_work/EUHPC_D21_034/proj_adags/data/n3v/flame_steak/motion_priors/masks/cam00_0158.png,/leonardo_work/EUHPC_D21_034/proj_adags/data/n3v/flame_steak/flow/cam00_0158.npz,1,0.18759150803089142,0.3687857687473297,0.32601410150527954,0.437676340341568,0.36947646737098694,0.03403825685381889,0.031032994389533997,0.8925982713699341,0.6671159863471985,0.7099016308784485,0.04829137772321701,flame_steak_depth_174_cam00_0158
97,"[224, 160, 320, 256]",0.9577606320381165,1.0,0.9662085056304932,flame_steak,cam00,cam00_0194,194,/leonardo_work/EUHPC_D21_034/proj_adags/repo/adags/refine-logs/depth_occlusion_support/r031_da3_depth_full/depth_npz/flame_steak/cam00_0194.npz,/leonardo_work/EUHPC_D21_034/proj_adags/data/n3v/flame_steak/motion_priors/masks/cam00_0194.png,/leonardo_work/EUHPC_D21_034/proj_adags/data/n3v/flame_steak/flow/cam00_0194.npz,1,0.1922270953655243,0.38834241032600403,0.28515058755874634,0.4342011511325836,0.3795231878757477,0.04938552528619766,0.05225073918700218,0.3047424852848053,0.6572248935699463,0.7119206786155701,0.05219530314207077,flame_steak_depth_175_cam00_0194
97,"[224, 176, 320, 272]",0.9577606320381165,1.0,0.9662085056304932,flame_steak,cam00,cam00_0194,194,/leonardo_work/EUHPC_D21_034/proj_adags/repo/adags/refine-logs/depth_occlusion_support/r031_da3_depth_full/depth_npz/flame_steak/cam00_0194.npz,/leonardo_work/EUHPC_D21_034/proj_adags/data/n3v/flame_steak/motion_priors/masks/cam00_0194.png,/leonardo_work/EUHPC_D21_034/proj_adags/data/n3v/flame_steak/flow/cam00_0194.npz,2,0.1922270953655243,0.38834241032600403,0.28515058755874634,0.4342011511325836,0.3795231878757477,0.04938552528619766,0.05225073918700218,0.3047424852848053,0.6572248935699463,0.7119206786155701,0.05219530314207077,flame_steak_depth_176_cam00_0194
30,"[224, 144, 320, 240]",0.9577558636665344,1.0,0.9662046909332276,flame_steak,cam00,cam00_0192,192,/leonardo_work/EUHPC_D21_034/proj_adags/repo/adags/refine-logs/depth_occlusion_support/r031_da3_depth_full/depth_npz/flame_steak/cam00_0192.npz,/leonardo_work/EUHPC_D21_034/proj_adags/data/n3v/flame_steak/motion_priors/masks/cam00_0192.png,/leonardo_work/EUHPC_D21_034/proj_adags/data/n3v/flame_steak/flow/cam00_0192.npz,3,0.19116652011871338,0.2841072678565979,0.3000817894935608,0.4464437663555145,0.383944571018219,0.053444091230630875,0.06257950514554977,0.362857848405838,0.6583977937698364,0.7117543816566467,0.055401887744665146,flame_steak_depth_177_cam00_0192
29,"[192, 224, 288, 320]",0.9577057957649231,1.0,0.9661646366119385,flame_steak,cam00,cam00_0261,261,/leonardo_work/EUHPC_D21_034/proj_adags/repo/adags/refine-logs/depth_occlusion_support/r031_da3_depth_full/depth_npz/flame_steak/cam00_0261.npz,/leonardo_work/EUHPC_D21_034/proj_adags/data/n3v/flame_steak/motion_priors/masks/cam00_0261.png,/leonardo_work/EUHPC_D21_034/proj_adags/data/n3v/flame_steak/flow/cam00_0261.npz,0,0.1677698940038681,0.4048042595386505,0.29370903968811035,0.4564705491065979,0.36467936635017395,0.02605826035141945,0.03574221208691597,0.8687137365341187,0.6574991345405579,0.7064645290374756,0.038960471749305725,flame_steak_depth_178_cam00_0261
137,"[368, 128, 464, 224]",0.9576741456985474,1.0,0.9661393165588379,flame_steak,cam00,cam00_0088,88,/leonardo_work/EUHPC_D21_034/proj_adags/repo/adags/refine-logs/depth_occlusion_support/r031_da3_depth_full/depth_npz/flame_steak/cam00_0088.npz,/leonardo_work/EUHPC_D21_034/proj_adags/data/n3v/flame_steak/motion_priors/masks/cam00_0088.png,/leonardo_work/EUHPC_D21_034/proj_adags/data/n3v/flame_steak/flow/cam00_0088.npz,3,0.19247575104236603,0.36503082513809204,0.29037919640541077,0.4999946653842926,0.37647438049316406,0.04561289772391319,0.051354993134737015,0.7031645774841309,0.6714925765991211,0.6981227397918701,0.05569949746131897,flame_steak_depth_179_cam00_0088
22,"[400, 192, 496, 288]",0.9575973153114319,1.0,0.9660778522491456,flame_steak,cam00,cam00_0214,214,/leonardo_work/EUHPC_D21_034/proj_adags/repo/adags/refine-logs/depth_occlusion_support/r031_da3_depth_full/depth_npz/flame_steak/cam00_0214.npz,/leonardo_work/EUHPC_D21_034/proj_adags/data/n3v/flame_steak/motion_priors/masks/cam00_0214.png,/leonardo_work/EUHPC_D21_034/proj_adags/data/n3v/flame_steak/flow/cam00_0214.npz,1,0.1847134381532669,0.29175829887390137,0.2769615054130554,0.4559434950351715,0.3701498508453369,0.04860649257898331,0.03885543346405029,0.5380764007568359,0.6520605087280273,0.7144182920455933,0.05069267004728317,flame_steak_depth_180_cam00_0214
117,"[416, 256, 512, 352]",0.9575814604759216,1.0,0.9660651683807373,flame_steak,cam00,cam00_0084,84,/leonardo_work/EUHPC_D21_034/proj_adags/repo/adags/refine-logs/depth_occlusion_support/r031_da3_depth_full/depth_npz/flame_steak/cam00_0084.npz,/leonardo_work/EUHPC_D21_034/proj_adags/data/n3v/flame_steak/motion_priors/masks/cam00_0084.png,/leonardo_work/EUHPC_D21_034/proj_adags/data/n3v/flame_steak/flow/cam00_0084.npz,3,0.1550932079553604,0.28092750906944275,0.25809741020202637,0.4014255702495575,0.3765106797218323,0.04399355873465538,0.055915407836437225,0.7505397796630859,0.6706522703170776,0.696223258972168,0.05485919117927551,flame_steak_depth_181_cam00_0084
183,"[240, 160, 336, 256]",0.9575135111808777,1.0,0.9660108089447021,flame_steak,cam00,cam00_0239,239,/leonardo_work/EUHPC_D21_034/proj_adags/repo/adags/refine-logs/depth_occlusion_support/r031_da3_depth_full/depth_npz/flame_steak/cam00_0239.npz,/leonardo_work/EUHPC_D21_034/proj_adags/data/n3v/flame_steak/motion_priors/masks/cam00_0239.png,/leonardo_work/EUHPC_D21_034/proj_adags/data/n3v/flame_steak/flow/cam00_0239.npz,0,0.18767648935317993,0.4217016100883484,0.30420464277267456,0.4863921105861664,0.36489149928092957,0.024158818647265434,0.037877991795539856,0.8999772667884827,0.6547943949699402,0.7138376235961914,0.046499889343976974,flame_steak_depth_182_cam00_0239
16,"[192, 224, 288, 320]",0.9572119116783142,1.0,0.9657695293426514,flame_steak,cam00,cam00_0008,8,/leonardo_work/EUHPC_D21_034/proj_adags/repo/adags/refine-logs/depth_occlusion_support/r031_da3_depth_full/depth_npz/flame_steak/cam00_0008.npz,/leonardo_work/EUHPC_D21_034/proj_adags/data/n3v/flame_steak/motion_priors/masks/cam00_0008.png,/leonardo_work/EUHPC_D21_034/proj_adags/data/n3v/flame_steak/flow/cam00_0008.npz,0,0.18350400030612946,0.4486258625984192,0.2605697214603424,0.46518224477767944,0.3580178916454315,0.014186011627316475,0.03281864523887634,0.8891932964324951,0.6804675459861755,0.6764439940452576,0.039386458694934845,flame_steak_depth_183_cam00_0008
66,"[256, 128, 352, 224]",0.9569992423057556,1.0,0.9655993938446046,flame_steak,cam00,cam00_0035,35,/leonardo_work/EUHPC_D21_034/proj_adags/repo/adags/refine-logs/depth_occlusion_support/r031_da3_depth_full/depth_npz/flame_steak/cam00_0035.npz,/leonardo_work/EUHPC_D21_034/proj_adags/data/n3v/flame_steak/motion_priors/masks/cam00_0035.png,/leonardo_work/EUHPC_D21_034/proj_adags/data/n3v/flame_steak/flow/cam00_0035.npz,2,0.1857271045446396,0.478598952293396,0.26359236240386963,0.42346712946891785,0.3749478757381439,0.048626914620399475,0.03786048665642738,0.8193807601928711,0.6755686402320862,0.6850075125694275,0.05149504542350769,flame_steak_depth_184_cam00_0035
63,"[240, 144, 336, 240]",0.9569604992866516,1.0,0.9655683994293214,flame_steak,cam00,cam00_0264,264,/leonardo_work/EUHPC_D21_034/proj_adags/repo/adags/refine-logs/depth_occlusion_support/r031_da3_depth_full/depth_npz/flame_steak/cam00_0264.npz,/leonardo_work/EUHPC_D21_034/proj_adags/data/n3v/flame_steak/motion_priors/masks/cam00_0264.png,/leonardo_work/EUHPC_D21_034/proj_adags/data/n3v/flame_steak/flow/cam00_0264.npz,2,0.18745331466197968,0.30307868123054504,0.3176489770412445,0.44312798976898193,0.359295129776001,0.021535776555538177,0.03486689180135727,0.8406538963317871,0.6565304398536682,0.7056505084037781,0.03627907484769821,flame_steak_depth_185_cam00_0264
68,"[368, 144, 464, 240]",0.9569181799888611,1.0,0.965534543991089,flame_steak,cam00,cam00_0209,209,/leonardo_work/EUHPC_D21_034/proj_adags/repo/adags/refine-logs/depth_occlusion_support/r031_da3_depth_full/depth_npz/flame_steak/cam00_0209.npz,/leonardo_work/EUHPC_D21_034/proj_adags/data/n3v/flame_steak/motion_priors/masks/cam00_0209.png,/leonardo_work/EUHPC_D21_034/proj_adags/data/n3v/flame_steak/flow/cam00_0209.npz,2,0.19067369401454926,0.47959762811660767,0.3105735778808594,0.4508763551712036,0.3730359673500061,0.04470256716012955,0.044647131115198135,0.5815097689628601,0.6525973677635193,0.7138405442237854,0.05337114632129669,flame_steak_depth_186_cam00_0209
47,"[192, 240, 288, 336]",0.9567065238952637,1.0,0.965365219116211,flame_steak,cam00,cam00_0065,65,/leonardo_work/EUHPC_D21_034/proj_adags/repo/adags/refine-logs/depth_occlusion_support/r031_da3_depth_full/depth_npz/flame_steak/cam00_0065.npz,/leonardo_work/EUHPC_D21_034/proj_adags/data/n3v/flame_steak/motion_priors/masks/cam00_0065.png,/leonardo_work/EUHPC_D21_034/proj_adags/data/n3v/flame_steak/flow/cam00_0065.npz,0,0.1654372364282608,0.40733274817466736,0.3212321400642395,0.4779582619667053,0.3746298849582672,0.043821413069963455,0.042727261781692505,0.7636666297912598,0.67318195104599,0.6893024444580078,0.0523032583296299,flame_steak_depth_187_cam00_0065
215,"[240, 160, 336, 256]",0.956476092338562,1.0,0.9651808738708496,flame_steak,cam00,cam00_0214,214,/leonardo_work/EUHPC_D21_034/proj_adags/repo/adags/refine-logs/depth_occlusion_support/r031_da3_depth_full/depth_npz/flame_steak/cam00_0214.npz,/leonardo_work/EUHPC_D21_034/proj_adags/data/n3v/flame_steak/motion_priors/masks/cam00_0214.png,/leonardo_work/EUHPC_D21_034/proj_adags/data/n3v/flame_steak/flow/cam00_0214.npz,2,0.1847134381532669,0.29175829887390137,0.2769615054130554,0.4559434950351715,0.3701498508453369,0.04860649257898331,0.03885543346405029,0.5380764007568359,0.6520605087280273,0.7144182920455933,0.05069267004728317,flame_steak_depth_188_cam00_0214
58,"[416, 160, 512, 256]",0.9564494490623474,1.0,0.9651595592498781,flame_steak,cam00,cam00_0153,153,/leonardo_work/EUHPC_D21_034/proj_adags/repo/adags/refine-logs/depth_occlusion_support/r031_da3_depth_full/depth_npz/flame_steak/cam00_0153.npz,/leonardo_work/EUHPC_D21_034/proj_adags/data/n3v/flame_steak/motion_priors/masks/cam00_0153.png,/leonardo_work/EUHPC_D21_034/proj_adags/data/n3v/flame_steak/flow/cam00_0153.npz,0,0.19479991495609283,0.27041709423065186,0.28693580627441406,0.4339907765388489,0.37337660789489746,0.03684511408209801,0.0375395342707634,0.3410974144935608,0.6694852113723755,0.7118244171142578,0.048025861382484436,flame_steak_depth_189_cam00_0153
84,"[240, 144, 336, 240]",0.9562389850616455,1.0,0.9649911880493165,flame_steak,cam00,cam00_0215,215,/leonardo_work/EUHPC_D21_034/proj_adags/repo/adags/refine-logs/depth_occlusion_support/r031_da3_depth_full/depth_npz/flame_steak/cam00_0215.npz,/leonardo_work/EUHPC_D21_034/proj_adags/data/n3v/flame_steak/motion_priors/masks/cam00_0215.png,/leonardo_work/EUHPC_D21_034/proj_adags/data/n3v/flame_steak/flow/cam00_0215.npz,3,0.1851348578929901,0.4056454002857208,0.26813018321990967,0.4485083818435669,0.37639400362968445,0.04996323585510254,0.05823500454425812,0.49838942289352417,0.6524398326873779,0.7152293920516968,0.05273508280515671,flame_steak_depth_190_cam00_0215
140,"[240, 176, 336, 272]",0.9562330842018127,1.0,0.9649864673614503,flame_steak,cam00,cam00_0028,28,/leonardo_work/EUHPC_D21_034/proj_adags/repo/adags/refine-logs/depth_occlusion_support/r031_da3_depth_full/depth_npz/flame_steak/cam00_0028.npz,/leonardo_work/EUHPC_D21_034/proj_adags/data/n3v/flame_steak/motion_priors/masks/cam00_0028.png,/leonardo_work/EUHPC_D21_034/proj_adags/data/n3v/flame_steak/flow/cam00_0028.npz,2,0.1860266476869583,0.42499053478240967,0.3104473948478699,0.4899482727050781,0.3710910975933075,0.03958778455853462,0.035762637853622437,0.8501715660095215,0.6755774021148682,0.6826383471488953,0.05165844038128853,flame_steak_depth_191_cam00_0028
145,"[416, 192, 512, 288]",0.9561755061149597,1.0,0.9649404048919679,flame_steak,cam00,cam00_0158,158,/leonardo_work/EUHPC_D21_034/proj_adags/repo/adags/refine-logs/depth_occlusion_support/r031_da3_depth_full/depth_npz/flame_steak/cam00_0158.npz,/leonardo_work/EUHPC_D21_034/proj_adags/data/n3v/flame_steak/motion_priors/masks/cam00_0158.png,/leonardo_work/EUHPC_D21_034/proj_adags/data/n3v/flame_steak/flow/cam00_0158.npz,2,0.18759150803089142,0.3687857687473297,0.32601410150527954,0.437676340341568,0.36947646737098694,0.03403825685381889,0.031032994389533997,0.8925982713699341,0.6671159863471985,0.7099016308784485,0.04829137772321701,flame_steak_depth_192_cam00_0158
106,"[272, 128, 368, 224]",0.9561640024185181,1.0,0.9649312019348144,flame_steak,cam00,cam00_0042,42,/leonardo_work/EUHPC_D21_034/proj_adags/repo/adags/refine-logs/depth_occlusion_support/r031_da3_depth_full/depth_npz/flame_steak/cam00_0042.npz,/leonardo_work/EUHPC_D21_034/proj_adags/data/n3v/flame_steak/motion_priors/masks/cam00_0042.png,/leonardo_work/EUHPC_D21_034/proj_adags/data/n3v/flame_steak/flow/cam00_0042.npz,1,0.19611488282680511,0.3593577444553375,0.3251476287841797,0.4622306525707245,0.3740745186805725,0.04728475958108902,0.04143470525741577,0.739081859588623,0.6748800873756409,0.6866268515586853,0.0507364347577095,flame_steak_depth_193_cam00_0042
72,"[192, 240, 288, 336]",0.9561576843261719,1.0,0.9649261474609376,flame_steak,cam00,cam00_0036,36,/leonardo_work/EUHPC_D21_034/proj_adags/repo/adags/refine-logs/depth_occlusion_support/r031_da3_depth_full/depth_npz/flame_steak/cam00_0036.npz,/leonardo_work/EUHPC_D21_034/proj_adags/data/n3v/flame_steak/motion_priors/masks/cam00_0036.png,/leonardo_work/EUHPC_D21_034/proj_adags/data/n3v/flame_steak/flow/cam00_0036.npz,2,0.18351073563098907,0.25631141662597656,0.2756507992744446,0.44861510396003723,0.37645184993743896,0.04792957752943039,0.04652614891529083,0.18648973107337952,0.6754636168479919,0.6851009130477905,0.05534353479743004,flame_steak_depth_194_cam00_0036
22,"[192, 224, 288, 320]",0.9561553597450256,1.0,0.9649242877960205,flame_steak,cam00,cam00_0085,85,/leonardo_work/EUHPC_D21_034/proj_adags/repo/adags/refine-logs/depth_occlusion_support/r031_da3_depth_full/depth_npz/flame_steak/cam00_0085.npz,/leonardo_work/EUHPC_D21_034/proj_adags/data/n3v/flame_steak/motion_priors/masks/cam00_0085.png,/leonardo_work/EUHPC_D21_034/proj_adags/data/n3v/flame_steak/flow/cam00_0085.npz,2,0.15648822486400604,0.3977954089641571,0.2612777054309845,0.3794560730457306,0.37670376896858215,0.04587549343705177,0.05321650579571724,0.7149288654327393,0.6713262796401978,0.6964129209518433,0.05595042183995247,flame_steak_depth_195_cam00_0085
273,"[240, 176, 336, 272]",0.9560946822166443,1.0,0.9648757457733155,flame_steak,cam00,cam00_0214,214,/leonardo_work/EUHPC_D21_034/proj_adags/repo/adags/refine-logs/depth_occlusion_support/r031_da3_depth_full/depth_npz/flame_steak/cam00_0214.npz,/leonardo_work/EUHPC_D21_034/proj_adags/data/n3v/flame_steak/motion_priors/masks/cam00_0214.png,/leonardo_work/EUHPC_D21_034/proj_adags/data/n3v/flame_steak/flow/cam00_0214.npz,3,0.1847134381532669,0.29175829887390137,0.2769615054130554,0.4559434950351715,0.3701498508453369,0.04860649257898331,0.03885543346405029,0.5380764007568359,0.6520605087280273,0.7144182920455933,0.05069267004728317,flame_steak_depth_196_cam00_0214
211,"[240, 176, 336, 272]",0.9560282230377197,1.0,0.9648225784301758,flame_steak,cam00,cam00_0239,239,/leonardo_work/EUHPC_D21_034/proj_adags/repo/adags/refine-logs/depth_occlusion_support/r031_da3_depth_full/depth_npz/flame_steak/cam00_0239.npz,/leonardo_work/EUHPC_D21_034/proj_adags/data/n3v/flame_steak/motion_priors/masks/cam00_0239.png,/leonardo_work/EUHPC_D21_034/proj_adags/data/n3v/flame_steak/flow/cam00_0239.npz,1,0.18767648935317993,0.4217016100883484,0.30420464277267456,0.4863921105861664,0.36489149928092957,0.024158818647265434,0.037877991795539856,0.8999772667884827,0.6547943949699402,0.7138376235961914,0.046499889343976974,flame_steak_depth_197_cam00_0239
95,"[384, 160, 480, 256]",0.9557654857635498,1.0,0.96461238861084,flame_steak,cam00,cam00_0038,38,/leonardo_work/EUHPC_D21_034/proj_adags/repo/adags/refine-logs/depth_occlusion_support/r031_da3_depth_full/depth_npz/flame_steak/cam00_0038.npz,/leonardo_work/EUHPC_D21_034/proj_adags/data/n3v/flame_steak/motion_priors/masks/cam00_0038.png,/leonardo_work/EUHPC_D21_034/proj_adags/data/n3v/flame_steak/flow/cam00_0038.npz,2,0.1642935574054718,0.24788205325603485,0.3083762228488922,0.4488165080547333,0.3750154674053192,0.046018462628126144,0.04526568949222565,0.7310259938240051,0.6752126812934875,0.6866677403450012,0.05166427418589592,flame_steak_depth_198_cam00_0038
40,"[192, 256, 288, 352]",0.9557479619979858,1.0,0.9645983695983886,flame_steak,cam00,cam00_0092,92,/leonardo_work/EUHPC_D21_034/proj_adags/repo/adags/refine-logs/depth_occlusion_support/r031_da3_depth_full/depth_npz/flame_steak/cam00_0092.npz,/leonardo_work/EUHPC_D21_034/proj_adags/data/n3v/flame_steak/motion_priors/masks/cam00_0092.png,/leonardo_work/EUHPC_D21_034/proj_adags/data/n3v/flame_steak/flow/cam00_0092.npz,2,0.18990154564380646,0.3133901357650757,0.3093520402908325,0.4815109670162201,0.3735833168029785,0.0374111533164978,0.050354212522506714,0.7855467200279236,0.6713671088218689,0.6998587846755981,0.053155235946178436,flame_steak_depth_199_cam00_0092
153,"[416, 240, 512, 336]",0.9556890726089478,1.0,0.9645512580871582,flame_steak,cam00,cam00_0092,92,/leonardo_work/EUHPC_D21_034/proj_adags/repo/adags/refine-logs/depth_occlusion_support/r031_da3_depth_full/depth_npz/flame_steak/cam00_0092.npz,/leonardo_work/EUHPC_D21_034/proj_adags/data/n3v/flame_steak/motion_priors/masks/cam00_0092.png,/leonardo_work/EUHPC_D21_034/proj_adags/data/n3v/flame_steak/flow/cam00_0092.npz,3,0.18990154564380646,0.3133901357650757,0.3093520402908325,0.4815109670162201,0.3735833168029785,0.0374111533164978,0.050354212522506714,0.7855467200279236,0.6713671088218689,0.6998587846755981,0.053155235946178436,flame_steak_depth_200_cam00_0092
24,"[224, 192, 320, 288]",0.9555902481079102,1.0,0.9644721984863283,flame_steak,cam00,cam00_0046,46,/leonardo_work/EUHPC_D21_034/proj_adags/repo/adags/refine-logs/depth_occlusion_support/r031_da3_depth_full/depth_npz/flame_steak/cam00_0046.npz,/leonardo_work/EUHPC_D21_034/proj_adags/data/n3v/flame_steak/motion_priors/masks/cam00_0046.png,/leonardo_work/EUHPC_D21_034/proj_adags/data/n3v/flame_steak/flow/cam00_0046.npz,0,0.19625680148601532,0.28532740473747253,0.3184569180011749,0.434155136346817,0.36860114336013794,0.03462763875722885,0.03832440450787544,0.7325519919395447,0.6742848753929138,0.6865130662918091,0.04644737020134926,flame_steak_depth_201_cam00_0046
145,"[304, 128, 400, 224]",0.9552450180053711,1.0,0.9641960144042969,flame_steak,cam00,cam00_0172,172,/leonardo_work/EUHPC_D21_034/proj_adags/repo/adags/refine-logs/depth_occlusion_support/r031_da3_depth_full/depth_npz/flame_steak/cam00_0172.npz,/leonardo_work/EUHPC_D21_034/proj_adags/data/n3v/flame_steak/motion_priors/masks/cam00_0172.png,/leonardo_work/EUHPC_D21_034/proj_adags/data/n3v/flame_steak/flow/cam00_0172.npz,1,0.19276167452335358,0.24293330311775208,0.29120442271232605,0.4377093017101288,0.37900790572166443,0.05919785797595978,0.045624569058418274,0.21482382714748383,0.6614876985549927,0.7110483050346375,0.05830211192369461,flame_steak_depth_202_cam00_0172
41,"[288, 128, 384, 224]",0.9551718235015869,1.0,0.9641374588012697,flame_steak,cam00,cam00_0148,148,/leonardo_work/EUHPC_D21_034/proj_adags/repo/adags/refine-logs/depth_occlusion_support/r031_da3_depth_full/depth_npz/flame_steak/cam00_0148.npz,/leonardo_work/EUHPC_D21_034/proj_adags/data/n3v/flame_steak/motion_priors/masks/cam00_0148.png,/leonardo_work/EUHPC_D21_034/proj_adags/data/n3v/flame_steak/flow/cam00_0148.npz,2,0.19510921835899353,0.3124150335788727,0.29857203364372253,0.4488339424133301,0.36881425976753235,0.024777377024292946,0.04665161296725273,0.7185906171798706,0.6695143580436707,0.7106368541717529,0.045286111533641815,flame_steak_depth_203_cam00_0148
50,"[352, 128, 448, 224]",0.9548740386962891,1.0,0.9638992309570313,flame_steak,cam00,cam00_0202,202,/leonardo_work/EUHPC_D21_034/proj_adags/repo/adags/refine-logs/depth_occlusion_support/r031_da3_depth_full/depth_npz/flame_steak/cam00_0202.npz,/leonardo_work/EUHPC_D21_034/proj_adags/data/n3v/flame_steak/motion_priors/masks/cam00_0202.png,/leonardo_work/EUHPC_D21_034/proj_adags/data/n3v/flame_steak/flow/cam00_0202.npz,0,0.19071438908576965,0.29343751072883606,0.3203781247138977,0.44006988406181335,0.3684651255607605,0.02944283001124859,0.042584292590618134,0.8829202055931091,0.6537352800369263,0.715874195098877,0.044209469109773636,flame_steak_depth_204_cam00_0202
83,"[256, 128, 352, 224]",0.9548335075378418,1.0,0.9638668060302735,flame_steak,cam00,cam00_0234,234,/leonardo_work/EUHPC_D21_034/proj_adags/repo/adags/refine-logs/depth_occlusion_support/r031_da3_depth_full/depth_npz/flame_steak/cam00_0234.npz,/leonardo_work/EUHPC_D21_034/proj_adags/data/n3v/flame_steak/motion_priors/masks/cam00_0234.png,/leonardo_work/EUHPC_D21_034/proj_adags/data/n3v/flame_steak/flow/cam00_0234.npz,3,0.19002319872379303,0.2888435423374176,0.30061957240104675,0.45827311277389526,0.36894774436950684,0.035389166325330734,0.036483317613601685,0.8912532329559326,0.653525173664093,0.7160609364509583,0.04647946357727051,flame_steak_depth_205_cam00_0234
30,"[416, 208, 512, 304]",0.9546173810958862,1.0,0.963693904876709,flame_steak,cam00,cam00_0098,98,/leonardo_work/EUHPC_D21_034/proj_adags/repo/adags/refine-logs/depth_occlusion_support/r031_da3_depth_full/depth_npz/flame_steak/cam00_0098.npz,/leonardo_work/EUHPC_D21_034/proj_adags/data/n3v/flame_steak/motion_priors/masks/cam00_0098.png,/leonardo_work/EUHPC_D21_034/proj_adags/data/n3v/flame_steak/flow/cam00_0098.npz,0,0.16600550711154938,0.31210845708847046,0.3223225176334381,0.4387131333351135,0.36320024728775024,0.017576415091753006,0.04625479876995087,0.8041881322860718,0.6706202030181885,0.7019653916358948,0.04544075205922127,flame_steak_depth_206_cam00_0098
100,"[192, 240, 288, 336]",0.9546141028404236,1.0,0.9636912822723389,flame_steak,cam00,cam00_0034,34,/leonardo_work/EUHPC_D21_034/proj_adags/repo/adags/refine-logs/depth_occlusion_support/r031_da3_depth_full/depth_npz/flame_steak/cam00_0034.npz,/leonardo_work/EUHPC_D21_034/proj_adags/data/n3v/flame_steak/motion_priors/masks/cam00_0034.png,/leonardo_work/EUHPC_D21_034/proj_adags/data/n3v/flame_steak/flow/cam00_0034.npz,1,0.18481279909610748,0.3430021405220032,0.26403382420539856,0.42601776123046875,0.3781176209449768,0.04812506586313248,0.04932425171136856,0.6974808573722839,0.6747225522994995,0.6856202483177185,0.05025792866945267,flame_steak_depth_207_cam00_0034
120,"[272, 176, 368, 272]",0.9545477032661438,1.0,0.9636381626129151,flame_steak,cam00,cam00_0156,156,/leonardo_work/EUHPC_D21_034/proj_adags/repo/adags/refine-logs/depth_occlusion_support/r031_da3_depth_full/depth_npz/flame_steak/cam00_0156.npz,/leonardo_work/EUHPC_D21_034/proj_adags/data/n3v/flame_steak/motion_priors/masks/cam00_0156.png,/leonardo_work/EUHPC_D21_034/proj_adags/data/n3v/flame_steak/flow/cam00_0156.npz,1,0.19013871252536774,0.3423783481121063,0.30022621154785156,0.4799724221229553,0.372936874628067,0.03939521312713623,0.03454594314098358,0.855006217956543,0.6682509779930115,0.7113808989524841,0.05049426481127739,flame_steak_depth_208_cam00_0156
9,"[400, 128, 496, 224]",0.9544353485107422,1.0,0.9635482788085938,flame_steak,cam00,cam00_0136,136,/leonardo_work/EUHPC_D21_034/proj_adags/repo/adags/refine-logs/depth_occlusion_support/r031_da3_depth_full/depth_npz/flame_steak/cam00_0136.npz,/leonardo_work/EUHPC_D21_034/proj_adags/data/n3v/flame_steak/motion_priors/masks/cam00_0136.png,/leonardo_work/EUHPC_D21_034/proj_adags/data/n3v/flame_steak/flow/cam00_0136.npz,0,0.19188521802425385,0.3693922758102417,0.30997544527053833,0.4742814600467682,0.36567068099975586,0.02386704459786415,0.03474143147468567,0.5139555335044861,0.6696339845657349,0.7096331715583801,0.04347420111298561,flame_steak_depth_209_cam00_0136
54,"[384, 128, 480, 224]",0.9541778564453125,1.0,0.9633422851562501,flame_steak,cam00,cam00_0177,177,/leonardo_work/EUHPC_D21_034/proj_adags/repo/adags/refine-logs/depth_occlusion_support/r031_da3_depth_full/depth_npz/flame_steak/cam00_0177.npz,/leonardo_work/EUHPC_D21_034/proj_adags/data/n3v/flame_steak/motion_priors/masks/cam00_0177.png,/leonardo_work/EUHPC_D21_034/proj_adags/data/n3v/flame_steak/flow/cam00_0177.npz,0,0.16639475524425507,0.49599647521972656,0.29817214608192444,0.4471246898174286,0.38354602456092834,0.05513053759932518,0.07249687612056732,0.4277277886867523,0.6585057973861694,0.7075265645980835,0.052673809230327606,flame_steak_depth_210_cam00_0177
60,"[256, 128, 352, 224]",0.9541135430335999,1.0,0.96329083442688,flame_steak,cam00,cam00_0230,230,/leonardo_work/EUHPC_D21_034/proj_adags/repo/adags/refine-logs/depth_occlusion_support/r031_da3_depth_full/depth_npz/flame_steak/cam00_0230.npz,/leonardo_work/EUHPC_D21_034/proj_adags/data/n3v/flame_steak/motion_priors/masks/cam00_0230.png,/leonardo_work/EUHPC_D21_034/proj_adags/data/n3v/flame_steak/flow/cam00_0230.npz,0,0.18073652684688568,0.282097190618515,0.28162896633148193,0.45225533843040466,0.3656212389469147,0.03652416542172432,0.0326552540063858,0.862598180770874,0.6537411212921143,0.7135692238807678,0.04679166153073311,flame_steak_depth_211_cam00_0230
25,"[368, 128, 464, 224]",0.9539676904678345,1.0,0.9631741523742676,flame_steak,cam00,cam00_0243,243,/leonardo_work/EUHPC_D21_034/proj_adags/repo/adags/refine-logs/depth_occlusion_support/r031_da3_depth_full/depth_npz/flame_steak/cam00_0243.npz,/leonardo_work/EUHPC_D21_034/proj_adags/data/n3v/flame_steak/motion_priors/masks/cam00_0243.png,/leonardo_work/EUHPC_D21_034/proj_adags/data/n3v/flame_steak/flow/cam00_0243.npz,0,0.1562994420528412,0.38579970598220825,0.28037503361701965,0.47154611349105835,0.3588502109050751,0.015901638194918633,0.03430960699915886,0.9019787907600403,0.6557281017303467,0.7123700380325317,0.04448665305972099,flame_steak_depth_212_cam00_0243
19,"[256, 128, 352, 224]",0.9538500905036926,1.0,0.9630800724029542,flame_steak,cam00,cam00_0059,59,/leonardo_work/EUHPC_D21_034/proj_adags/repo/adags/refine-logs/depth_occlusion_support/r031_da3_depth_full/depth_npz/flame_steak/cam00_0059.npz,/leonardo_work/EUHPC_D21_034/proj_adags/data/n3v/flame_steak/motion_priors/masks/cam00_0059.png,/leonardo_work/EUHPC_D21_034/proj_adags/data/n3v/flame_steak/flow/cam00_0059.npz,0,0.19555678963661194,0.4077885150909424,0.2987472712993622,0.4428013861179352,0.3719957768917084,0.040988292545080185,0.03696766123175621,0.6736371517181396,0.6729426980018616,0.690466582775116,0.05193854123353958,flame_steak_depth_213_cam00_0059
70,"[400, 192, 496, 288]",0.9537649154663086,1.0,0.9630119323730468,flame_steak,cam00,cam00_0044,44,/leonardo_work/EUHPC_D21_034/proj_adags/repo/adags/refine-logs/depth_occlusion_support/r031_da3_depth_full/depth_npz/flame_steak/cam00_0044.npz,/leonardo_work/EUHPC_D21_034/proj_adags/data/n3v/flame_steak/motion_priors/masks/cam00_0044.png,/leonardo_work/EUHPC_D21_034/proj_adags/data/n3v/flame_steak/flow/cam00_0044.npz,1,0.19165536761283875,0.37132102251052856,0.29160550236701965,0.47337064146995544,0.3716527819633484,0.04234212264418602,0.03627907484769821,0.7534662485122681,0.6739172339439392,0.68595290184021,0.04851895943284035,flame_steak_depth_214_cam00_0044
39,"[416, 224, 512, 320]",0.9535432457923889,1.0,0.9628345966339111,flame_steak,cam00,cam00_0038,38,/leonardo_work/EUHPC_D21_034/proj_adags/repo/adags/refine-logs/depth_occlusion_support/r031_da3_depth_full/depth_npz/flame_steak/cam00_0038.npz,/leonardo_work/EUHPC_D21_034/proj_adags/data/n3v/flame_steak/motion_priors/masks/cam00_0038.png,/leonardo_work/EUHPC_D21_034/proj_adags/data/n3v/flame_steak/flow/cam00_0038.npz,3,0.1642935574054718,0.24788205325603485,0.3083762228488922,0.4488165080547333,0.3750154674053192,0.046018462628126144,0.04526568949222565,0.7310259938240051,0.6752126812934875,0.6866677403450012,0.05166427418589592,flame_steak_depth_215_cam00_0038
60,"[240, 128, 336, 224]",0.953487753868103,1.0,0.9627902030944824,flame_steak,cam00,cam00_0207,207,/leonardo_work/EUHPC_D21_034/proj_adags/repo/adags/refine-logs/depth_occlusion_support/r031_da3_depth_full/depth_npz/flame_steak/cam00_0207.npz,/leonardo_work/EUHPC_D21_034/proj_adags/data/n3v/flame_steak/motion_priors/masks/cam00_0207.png,/leonardo_work/EUHPC_D21_034/proj_adags/data/n3v/flame_steak/flow/cam00_0207.npz,0,0.18893131613731384,0.40744394063949585,0.2853953540325165,0.49550408124923706,0.36961913108825684,0.043039459735155106,0.04142887145280838,0.7856167554855347,0.6532772183418274,0.7137179970741272,0.051530059427022934,flame_steak_depth_216_cam00_0207
47,"[256, 128, 352, 224]",0.9533413648605347,1.0,0.9626730918884279,flame_steak,cam00,cam00_0068,68,/leonardo_work/EUHPC_D21_034/proj_adags/repo/adags/refine-logs/depth_occlusion_support/r031_da3_depth_full/depth_npz/flame_steak/cam00_0068.npz,/leonardo_work/EUHPC_D21_034/proj_adags/data/n3v/flame_steak/motion_priors/masks/cam00_0068.png,/leonardo_work/EUHPC_D21_034/proj_adags/data/n3v/flame_steak/flow/cam00_0068.npz,2,0.16022522747516632,0.34549444913864136,0.3274996876716614,0.4693593382835388,0.3710912764072418,0.03730028122663498,0.045936767011880875,0.7331880331039429,0.6727122068405151,0.6900610327720642,0.05382923036813736,flame_steak_depth_217_cam00_0068
109,"[192, 240, 288, 336]",0.9530423283576965,1.0,0.9624338626861573,flame_steak,cam00,cam00_0221,221,/leonardo_work/EUHPC_D21_034/proj_adags/repo/adags/refine-logs/depth_occlusion_support/r031_da3_depth_full/depth_npz/flame_steak/cam00_0221.npz,/leonardo_work/EUHPC_D21_034/proj_adags/data/n3v/flame_steak/motion_priors/masks/cam00_0221.png,/leonardo_work/EUHPC_D21_034/proj_adags/data/n3v/flame_steak/flow/cam00_0221.npz,3,0.1851227730512619,0.6163539290428162,0.2845163643360138,0.44811421632766724,0.36607688665390015,0.040649838745594025,0.022901276126503944,0.8766645789146423,0.651786208152771,0.7144853472709656,0.05209026113152504,flame_steak_depth_218_cam00_0221
26,"[208, 208, 304, 304]",0.9529284238815308,1.0,0.9623427391052246,flame_steak,cam00,cam00_0068,68,/leonardo_work/EUHPC_D21_034/proj_adags/repo/adags/refine-logs/depth_occlusion_support/r031_da3_depth_full/depth_npz/flame_steak/cam00_0068.npz,/leonardo_work/EUHPC_D21_034/proj_adags/data/n3v/flame_steak/motion_priors/masks/cam00_0068.png,/leonardo_work/EUHPC_D21_034/proj_adags/data/n3v/flame_steak/flow/cam00_0068.npz,3,0.16022522747516632,0.34549444913864136,0.3274996876716614,0.4693593382835388,0.3710912764072418,0.03730028122663498,0.045936767011880875,0.7331880331039429,0.6727122068405151,0.6900610327720642,0.05382923036813736,flame_steak_depth_219_cam00_0068
96,"[416, 160, 512, 256]",0.9528918266296387,1.0,0.962313461303711,flame_steak,cam00,cam00_0156,156,/leonardo_work/EUHPC_D21_034/proj_adags/repo/adags/refine-logs/depth_occlusion_support/r031_da3_depth_full/depth_npz/flame_steak/cam00_0156.npz,/leonardo_work/EUHPC_D21_034/proj_adags/data/n3v/flame_steak/motion_priors/masks/cam00_0156.png,/leonardo_work/EUHPC_D21_034/proj_adags/data/n3v/flame_steak/flow/cam00_0156.npz,2,0.19013871252536774,0.3423783481121063,0.30022621154785156,0.4799724221229553,0.372936874628067,0.03939521312713623,0.03454594314098358,0.855006217956543,0.6682509779930115,0.7113808989524841,0.05049426481127739,flame_steak_depth_220_cam00_0156
39,"[208, 208, 304, 304]",0.9528420567512512,1.0,0.962273645401001,flame_steak,cam00,cam00_0089,89,/leonardo_work/EUHPC_D21_034/proj_adags/repo/adags/refine-logs/depth_occlusion_support/r031_da3_depth_full/depth_npz/flame_steak/cam00_0089.npz,/leonardo_work/EUHPC_D21_034/proj_adags/data/n3v/flame_steak/motion_priors/masks/cam00_0089.png,/leonardo_work/EUHPC_D21_034/proj_adags/data/n3v/flame_steak/flow/cam00_0089.npz,0,0.1926937699317932,0.4011584222316742,0.2655658423900604,0.5229192972183228,0.37772780656814575,0.044367026537656784,0.05557403340935707,0.7148996591567993,0.6712416410446167,0.6992518901824951,0.05509844422340393,flame_steak_depth_221_cam00_0089
33,"[400, 192, 496, 288]",0.952841579914093,1.0,0.9622732639312745,flame_steak,cam00,cam00_0217,217,/leonardo_work/EUHPC_D21_034/proj_adags/repo/adags/refine-logs/depth_occlusion_support/r031_da3_depth_full/depth_npz/flame_steak/cam00_0217.npz,/leonardo_work/EUHPC_D21_034/proj_adags/data/n3v/flame_steak/motion_priors/masks/cam00_0217.png,/leonardo_work/EUHPC_D21_034/proj_adags/data/n3v/flame_steak/flow/cam00_0217.npz,0,0.1940285861492157,0.33928537368774414,0.3236404359340668,0.4700053036212921,0.37569326162338257,0.05152130499482155,0.054996322840452194,0.4879235029220581,0.6513047814369202,0.7143978476524353,0.05190061032772064,flame_steak_depth_222_cam00_0217
136,"[192, 256, 288, 352]",0.9528102874755859,1.0,0.9622482299804689,flame_steak,cam00,cam00_0185,185,/leonardo_work/EUHPC_D21_034/proj_adags/repo/adags/refine-logs/depth_occlusion_support/r031_da3_depth_full/depth_npz/flame_steak/cam00_0185.npz,/leonardo_work/EUHPC_D21_034/proj_adags/data/n3v/flame_steak/motion_priors/masks/cam00_0185.png,/leonardo_work/EUHPC_D21_034/proj_adags/data/n3v/flame_steak/flow/cam00_0185.npz,1,0.1938154697418213,0.4255920946598053,0.3008389472961426,0.45533642172813416,0.3874748945236206,0.05973472073674202,0.07724986225366592,0.44985878467559814,0.6572861671447754,0.7071968913078308,0.058129966259002686,flame_steak_depth_223_cam00_0185
8,"[256, 128, 352, 224]",0.9526788592338562,1.0,0.9621430873870851,flame_steak,cam00,cam00_0054,54,/leonardo_work/EUHPC_D21_034/proj_adags/repo/adags/refine-logs/depth_occlusion_support/r031_da3_depth_full/depth_npz/flame_steak/cam00_0054.npz,/leonardo_work/EUHPC_D21_034/proj_adags/data/n3v/flame_steak/motion_priors/masks/cam00_0054.png,/leonardo_work/EUHPC_D21_034/proj_adags/data/n3v/flame_steak/flow/cam00_0054.npz,0,0.19335295259952545,0.36098161339759827,0.3243449330329895,0.47980135679244995,0.36181581020355225,0.016803216189146042,0.036702144891023636,0.8797894716262817,0.6747400164604187,0.6895446181297302,0.039354365319013596,flame_steak_depth_224_cam00_0054
52,"[416, 224, 512, 320]",0.9526770710945129,1.0,0.9621416568756105,flame_steak,cam00,cam00_0039,39,/leonardo_work/EUHPC_D21_034/proj_adags/repo/adags/refine-logs/depth_occlusion_support/r031_da3_depth_full/depth_npz/flame_steak/cam00_0039.npz,/leonardo_work/EUHPC_D21_034/proj_adags/data/n3v/flame_steak/motion_priors/masks/cam00_0039.png,/leonardo_work/EUHPC_D21_034/proj_adags/data/n3v/flame_steak/flow/cam00_0039.npz,1,0.16575105488300323,0.4507073760032654,0.30343616008758545,0.448280394077301,0.3762015998363495,0.04694921895861626,0.04443997144699097,0.6626985669136047,0.6754081845283508,0.6856465339660645,0.051191601902246475,flame_steak_depth_225_cam00_0039
47,"[416, 208, 512, 304]",0.952643871307373,1.0,0.9621150970458985,flame_steak,cam00,cam00_0046,46,/leonardo_work/EUHPC_D21_034/proj_adags/repo/adags/refine-logs/depth_occlusion_support/r031_da3_depth_full/depth_npz/flame_steak/cam00_0046.npz,/leonardo_work/EUHPC_D21_034/proj_adags/data/n3v/flame_steak/motion_priors/masks/cam00_0046.png,/leonardo_work/EUHPC_D21_034/proj_adags/data/n3v/flame_steak/flow/cam00_0046.npz,1,0.19625680148601532,0.28532740473747253,0.3184569180011749,0.434155136346817,0.36860114336013794,0.03462763875722885,0.03832440450787544,0.7325519919395447,0.6742848753929138,0.6865130662918091,0.04644737020134926,flame_steak_depth_226_cam00_0046
58,"[416, 240, 512, 336]",0.9526415467262268,1.0,0.9621132373809815,flame_steak,cam00,cam00_0033,33,/leonardo_work/EUHPC_D21_034/proj_adags/repo/adags/refine-logs/depth_occlusion_support/r031_da3_depth_full/depth_npz/flame_steak/cam00_0033.npz,/leonardo_work/EUHPC_D21_034/proj_adags/data/n3v/flame_steak/motion_priors/masks/cam00_0033.png,/leonardo_work/EUHPC_D21_034/proj_adags/data/n3v/flame_steak/flow/cam00_0033.npz,0,0.16579239070415497,0.5494343042373657,0.2907821536064148,0.44848328828811646,0.3787873387336731,0.04752401262521744,0.052192382514476776,0.6000986099243164,0.6752623319625854,0.6860112547874451,0.051354993134737015,flame_steak_depth_227_cam00_0033
89,"[384, 176, 480, 272]",0.9524462223052979,1.0,0.9619569778442383,flame_steak,cam00,cam00_0223,223,/leonardo_work/EUHPC_D21_034/proj_adags/repo/adags/refine-logs/depth_occlusion_support/r031_da3_depth_full/depth_npz/flame_steak/cam00_0223.npz,/leonardo_work/EUHPC_D21_034/proj_adags/data/n3v/flame_steak/motion_priors/masks/cam00_0223.png,/leonardo_work/EUHPC_D21_034/proj_adags/data/n3v/flame_steak/flow/cam00_0223.npz,0,0.18084877729415894,0.5118760466575623,0.26718249917030334,0.4553059935569763,0.3599717617034912,0.028757162392139435,0.024065449833869934,0.9046251773834229,0.6525710821151733,0.7149989008903503,0.046806249767541885,flame_steak_depth_228_cam00_0223
42,"[416, 144, 512, 240]",0.9523277282714844,1.0,0.9618621826171876,flame_steak,cam00,cam00_0158,158,/leonardo_work/EUHPC_D21_034/proj_adags/repo/adags/refine-logs/depth_occlusion_support/r031_da3_depth_full/depth_npz/flame_steak/cam00_0158.npz,/leonardo_work/EUHPC_D21_034/proj_adags/data/n3v/flame_steak/motion_priors/masks/cam00_0158.png,/leonardo_work/EUHPC_D21_034/proj_adags/data/n3v/flame_steak/flow/cam00_0158.npz,3,0.18759150803089142,0.3687857687473297,0.32601410150527954,0.437676340341568,0.36947646737098694,0.03403825685381889,0.031032994389533997,0.8925982713699341,0.6671159863471985,0.7099016308784485,0.04829137772321701,flame_steak_depth_229_cam00_0158
171,"[240, 176, 336, 272]",0.9522202014923096,1.0,0.9617761611938478,flame_steak,cam00,cam00_0002,2,/leonardo_work/EUHPC_D21_034/proj_adags/repo/adags/refine-logs/depth_occlusion_support/r031_da3_depth_full/depth_npz/flame_steak/cam00_0002.npz,/leonardo_work/EUHPC_D21_034/proj_adags/data/n3v/flame_steak/motion_priors/masks/cam00_0002.png,/leonardo_work/EUHPC_D21_034/proj_adags/data/n3v/flame_steak/flow/cam00_0002.npz,2,0.19030886888504028,0.28354641795158386,0.31623443961143494,0.4517275393009186,0.36596131324768066,0.026580534875392914,0.03838276118040085,0.5739119648933411,0.6852584481239319,0.6724787950515747,0.04754151776432991,flame_steak_depth_230_cam00_0002
29,"[400, 192, 496, 288]",0.952176570892334,1.0,0.9617412567138672,flame_steak,cam00,cam00_0033,33,/leonardo_work/EUHPC_D21_034/proj_adags/repo/adags/refine-logs/depth_occlusion_support/r031_da3_depth_full/depth_npz/flame_steak/cam00_0033.npz,/leonardo_work/EUHPC_D21_034/proj_adags/data/n3v/flame_steak/motion_priors/masks/cam00_0033.png,/leonardo_work/EUHPC_D21_034/proj_adags/data/n3v/flame_steak/flow/cam00_0033.npz,1,0.16579239070415497,0.5494343042373657,0.2907821536064148,0.44848328828811646,0.3787873387336731,0.04752401262521744,0.052192382514476776,0.6000986099243164,0.6752623319625854,0.6860112547874451,0.051354993134737015,flame_steak_depth_231_cam00_0033
69,"[240, 160, 336, 256]",0.9520578980445862,1.0,0.961646318435669,flame_steak,cam00,cam00_0232,232,/leonardo_work/EUHPC_D21_034/proj_adags/repo/adags/refine-logs/depth_occlusion_support/r031_da3_depth_full/depth_npz/flame_steak/cam00_0232.npz,/leonardo_work/EUHPC_D21_034/proj_adags/data/n3v/flame_steak/motion_priors/masks/cam00_0232.png,/leonardo_work/EUHPC_D21_034/proj_adags/data/n3v/flame_steak/flow/cam00_0232.npz,0,0.18975047767162323,0.31923815608024597,0.29495081305503845,0.4416895806789398,0.36828455328941345,0.035882264375686646,0.03837108984589577,0.8572441339492798,0.6533414125442505,0.7142577767372131,0.04512563720345497,flame_steak_depth_232_cam00_0232
144,"[256, 160, 352, 256]",0.9519150853157043,1.0,0.9615320682525634,flame_steak,cam00,cam00_0080,80,/leonardo_work/EUHPC_D21_034/proj_adags/repo/adags/refine-logs/depth_occlusion_support/r031_da3_depth_full/depth_npz/flame_steak/cam00_0080.npz,/leonardo_work/EUHPC_D21_034/proj_adags/data/n3v/flame_steak/motion_priors/masks/cam00_0080.png,/leonardo_work/EUHPC_D21_034/proj_adags/data/n3v/flame_steak/flow/cam00_0080.npz,0,0.1838841736316681,0.5473632216453552,0.24934105575084686,0.47245505452156067,0.3737388253211975,0.043065719306468964,0.04982610419392586,0.6556493043899536,0.6716647148132324,0.695085346698761,0.05339157208800316,flame_steak_depth_233_cam00_0080
17,"[192, 224, 288, 320]",0.9518834352493286,1.0,0.961506748199463,flame_steak,cam00,cam00_0193,193,/leonardo_work/EUHPC_D21_034/proj_adags/repo/adags/refine-logs/depth_occlusion_support/r031_da3_depth_full/depth_npz/flame_steak/cam00_0193.npz,/leonardo_work/EUHPC_D21_034/proj_adags/data/n3v/flame_steak/motion_priors/masks/cam00_0193.png,/leonardo_work/EUHPC_D21_034/proj_adags/data/n3v/flame_steak/flow/cam00_0193.npz,0,0.19335894286632538,0.37692031264305115,0.29721835255622864,0.4449407160282135,0.3786269426345825,0.05137833580374718,0.05008869990706444,0.4906078279018402,0.6582285761833191,0.7115939259529114,0.05596792697906494,flame_steak_depth_234_cam00_0193
109,"[416, 224, 512, 320]",0.9518392086029053,1.0,0.9614713668823243,flame_steak,cam00,cam00_0043,43,/leonardo_work/EUHPC_D21_034/proj_adags/repo/adags/refine-logs/depth_occlusion_support/r031_da3_depth_full/depth_npz/flame_steak/cam00_0043.npz,/leonardo_work/EUHPC_D21_034/proj_adags/data/n3v/flame_steak/motion_priors/masks/cam00_0043.png,/leonardo_work/EUHPC_D21_034/proj_adags/data/n3v/flame_steak/flow/cam00_0043.npz,1,0.16731004416942596,0.3647925555706024,0.32135874032974243,0.45764634013175964,0.3757784068584442,0.04528319463133812,0.042213741689920425,0.8481320738792419,0.6746466755867004,0.6864255666732788,0.04750942438840866,flame_steak_depth_235_cam00_0043
44,"[384, 144, 480, 240]",0.9518308043479919,1.0,0.9614646434783936,flame_steak,cam00,cam00_0223,223,/leonardo_work/EUHPC_D21_034/proj_adags/repo/adags/refine-logs/depth_occlusion_support/r031_da3_depth_full/depth_npz/flame_steak/cam00_0223.npz,/leonardo_work/EUHPC_D21_034/proj_adags/data/n3v/flame_steak/motion_priors/masks/cam00_0223.png,/leonardo_work/EUHPC_D21_034/proj_adags/data/n3v/flame_steak/flow/cam00_0223.npz,1,0.18084877729415894,0.5118760466575623,0.26718249917030334,0.4553059935569763,0.3599717617034912,0.028757162392139435,0.024065449833869934,0.9046251773834229,0.6525710821151733,0.7149989008903503,0.046806249767541885,flame_steak_depth_236_cam00_0223
72,"[240, 176, 336, 272]",0.9515371322631836,1.0,0.961229705810547,flame_steak,cam00,cam00_0232,232,/leonardo_work/EUHPC_D21_034/proj_adags/repo/adags/refine-logs/depth_occlusion_support/r031_da3_depth_full/depth_npz/flame_steak/cam00_0232.npz,/leonardo_work/EUHPC_D21_034/proj_adags/data/n3v/flame_steak/motion_priors/masks/cam00_0232.png,/leonardo_work/EUHPC_D21_034/proj_adags/data/n3v/flame_steak/flow/cam00_0232.npz,1,0.18975047767162323,0.31923815608024597,0.29495081305503845,0.4416895806789398,0.36828455328941345,0.035882264375686646,0.03837108984589577,0.8572441339492798,0.6533414125442505,0.7142577767372131,0.04512563720345497,flame_steak_depth_237_cam00_0232
93,"[416, 240, 512, 336]",0.9514134526252747,1.0,0.9611307621002199,flame_steak,cam00,cam00_0087,87,/leonardo_work/EUHPC_D21_034/proj_adags/repo/adags/refine-logs/depth_occlusion_support/r031_da3_depth_full/depth_npz/flame_steak/cam00_0087.npz,/leonardo_work/EUHPC_D21_034/proj_adags/data/n3v/flame_steak/motion_priors/masks/cam00_0087.png,/leonardo_work/EUHPC_D21_034/proj_adags/data/n3v/flame_steak/flow/cam00_0087.npz,2,0.1890932321548462,0.4520972669124603,0.2657356560230255,0.3988390564918518,0.37563809752464294,0.046730391681194305,0.051147837191820145,0.7307400703430176,0.6713817119598389,0.6971744894981384,0.05832253769040108,flame_steak_depth_238_cam00_0087
82,"[192, 240, 288, 336]",0.9512153267860413,1.0,0.960972261428833,flame_steak,cam00,cam00_0295,295,/leonardo_work/EUHPC_D21_034/proj_adags/repo/adags/refine-logs/depth_occlusion_support/r031_da3_depth_full/depth_npz/flame_steak/cam00_0295.npz,/leonardo_work/EUHPC_D21_034/proj_adags/data/n3v/flame_steak/motion_priors/masks/cam00_0295.png,/leonardo_work/EUHPC_D21_034/proj_adags/data/n3v/flame_steak/flow/cam00_0295.npz,0,0.1597074568271637,0.410084068775177,0.2868017852306366,0.493254154920578,0.3588411808013916,0.016149643808603287,0.046330660581588745,0.35388582944869995,0.6664536595344543,0.6844415068626404,0.03482896089553833,flame_steak_depth_239_cam00_0295
153,"[384, 160, 480, 256]",0.9511970281600952,1.0,0.9609576225280763,flame_steak,cam00,cam00_0074,74,/leonardo_work/EUHPC_D21_034/proj_adags/repo/adags/refine-logs/depth_occlusion_support/r031_da3_depth_full/depth_npz/flame_steak/cam00_0074.npz,/leonardo_work/EUHPC_D21_034/proj_adags/data/n3v/flame_steak/motion_priors/masks/cam00_0074.png,/leonardo_work/EUHPC_D21_034/proj_adags/data/n3v/flame_steak/flow/cam00_0074.npz,0,0.19164222478866577,0.26564353704452515,0.2954075038433075,0.4796712398529053,0.37041375041007996,0.03393905609846115,0.046768318861722946,0.6379678845405579,0.6735379099845886,0.6930487751960754,0.0492979921400547,flame_steak_depth_240_cam00_0074
13,"[416, 208, 512, 304]",0.9511942267417908,1.0,0.9609553813934326,flame_steak,cam00,cam00_0063,63,/leonardo_work/EUHPC_D21_034/proj_adags/repo/adags/refine-logs/depth_occlusion_support/r031_da3_depth_full/depth_npz/flame_steak/cam00_0063.npz,/leonardo_work/EUHPC_D21_034/proj_adags/data/n3v/flame_steak/motion_priors/masks/cam00_0063.png,/leonardo_work/EUHPC_D21_034/proj_adags/data/n3v/flame_steak/flow/cam00_0063.npz,0,0.16328927874565125,0.5667737126350403,0.3135916292667389,0.4454286992549896,0.3789520561695099,0.04657283425331116,0.052930571138858795,0.621768593788147,0.6719565391540527,0.6886109113693237,0.054757069796323776,flame_steak_depth_241_cam00_0063
50,"[224, 144, 320, 240]",0.9511718153953552,1.0,0.9609374523162841,flame_steak,cam00,cam00_0193,193,/leonardo_work/EUHPC_D21_034/proj_adags/repo/adags/refine-logs/depth_occlusion_support/r031_da3_depth_full/depth_npz/flame_steak/cam00_0193.npz,/leonardo_work/EUHPC_D21_034/proj_adags/data/n3v/flame_steak/motion_priors/masks/cam00_0193.png,/leonardo_work/EUHPC_D21_034/proj_adags/data/n3v/flame_steak/flow/cam00_0193.npz,1,0.19335894286632538,0.37692031264305115,0.29721835255622864,0.4449407160282135,0.3786269426345825,0.05137833580374718,0.05008869990706444,0.4906078279018402,0.6582285761833191,0.7115939259529114,0.05596792697906494,flame_steak_depth_242_cam00_0193
59,"[368, 128, 464, 224]",0.9510579109191895,1.0,0.9608463287353517,flame_steak,cam00,cam00_0232,232,/leonardo_work/EUHPC_D21_034/proj_adags/repo/adags/refine-logs/depth_occlusion_support/r031_da3_depth_full/depth_npz/flame_steak/cam00_0232.npz,/leonardo_work/EUHPC_D21_034/proj_adags/data/n3v/flame_steak/motion_priors/masks/cam00_0232.png,/leonardo_work/EUHPC_D21_034/proj_adags/data/n3v/flame_steak/flow/cam00_0232.npz,2,0.18975047767162323,0.31923815608024597,0.29495081305503845,0.4416895806789398,0.36828455328941345,0.035882264375686646,0.03837108984589577,0.8572441339492798,0.6533414125442505,0.7142577767372131,0.04512563720345497,flame_steak_depth_243_cam00_0232
50,"[416, 208, 512, 304]",0.9510120153427124,1.0,0.96080961227417,flame_steak,cam00,cam00_0058,58,/leonardo_work/EUHPC_D21_034/proj_adags/repo/adags/refine-logs/depth_occlusion_support/r031_da3_depth_full/depth_npz/flame_steak/cam00_0058.npz,/leonardo_work/EUHPC_D21_034/proj_adags/data/n3v/flame_steak/motion_priors/masks/cam00_0058.png,/leonardo_work/EUHPC_D21_034/proj_adags/data/n3v/flame_steak/flow/cam00_0058.npz,1,0.19342753291130066,0.2743547558784485,0.321725994348526,0.44714033603668213,0.36638933420181274,0.03637535870075226,0.026916073635220528,0.8754478693008423,0.6728639006614685,0.6896700859069824,0.05240829661488533,flame_steak_depth_244_cam00_0058
34,"[368, 128, 464, 224]",0.9509074091911316,1.0,0.9607259273529054,flame_steak,cam00,cam00_0257,257,/leonardo_work/EUHPC_D21_034/proj_adags/repo/adags/refine-logs/depth_occlusion_support/r031_da3_depth_full/depth_npz/flame_steak/cam00_0257.npz,/leonardo_work/EUHPC_D21_034/proj_adags/data/n3v/flame_steak/motion_priors/masks/cam00_0257.png,/leonardo_work/EUHPC_D21_034/proj_adags/data/n3v/flame_steak/flow/cam00_0257.npz,0,0.18471963703632355,0.529823899269104,0.2834126353263855,0.4723658561706543,0.3639702796936035,0.029676249250769615,0.029040183871984482,0.2394932508468628,0.657008945941925,0.7090175151824951,0.043115321546792984,flame_steak_depth_245_cam00_0257
30,"[368, 128, 464, 224]",0.950843095779419,1.0,0.9606744766235351,flame_steak,cam00,cam00_0239,239,/leonardo_work/EUHPC_D21_034/proj_adags/repo/adags/refine-logs/depth_occlusion_support/r031_da3_depth_full/depth_npz/flame_steak/cam00_0239.npz,/leonardo_work/EUHPC_D21_034/proj_adags/data/n3v/flame_steak/motion_priors/masks/cam00_0239.png,/leonardo_work/EUHPC_D21_034/proj_adags/data/n3v/flame_steak/flow/cam00_0239.npz,2,0.18767648935317993,0.4217016100883484,0.30420464277267456,0.4863921105861664,0.36489149928092957,0.024158818647265434,0.037877991795539856,0.8999772667884827,0.6547943949699402,0.7138376235961914,0.046499889343976974,flame_steak_depth_246_cam00_0239
63,"[240, 192, 336, 288]",0.9508244395256042,1.0,0.9606595516204834,flame_steak,cam00,cam00_0157,157,/leonardo_work/EUHPC_D21_034/proj_adags/repo/adags/refine-logs/depth_occlusion_support/r031_da3_depth_full/depth_npz/flame_steak/cam00_0157.npz,/leonardo_work/EUHPC_D21_034/proj_adags/data/n3v/flame_steak/motion_priors/masks/cam00_0157.png,/leonardo_work/EUHPC_D21_034/proj_adags/data/n3v/flame_steak/flow/cam00_0157.npz,0,0.19149141013622284,0.37739792466163635,0.2997000813484192,0.48247793316841125,0.3741099238395691,0.03802679479122162,0.04253469035029411,0.8665313124656677,0.6672502160072327,0.7110190987586975,0.04584048315882683,flame_steak_depth_247_cam00_0157
86,"[384, 160, 480, 256]",0.950787365436554,1.0,0.9606298923492431,flame_steak,cam00,cam00_0223,223,/leonardo_work/EUHPC_D21_034/proj_adags/repo/adags/refine-logs/depth_occlusion_support/r031_da3_depth_full/depth_npz/flame_steak/cam00_0223.npz,/leonardo_work/EUHPC_D21_034/proj_adags/data/n3v/flame_steak/motion_priors/masks/cam00_0223.png,/leonardo_work/EUHPC_D21_034/proj_adags/data/n3v/flame_steak/flow/cam00_0223.npz,2,0.18084877729415894,0.5118760466575623,0.26718249917030334,0.4553059935569763,0.3599717617034912,0.028757162392139435,0.024065449833869934,0.9046251773834229,0.6525710821151733,0.7149989008903503,0.046806249767541885,flame_steak_depth_248_cam00_0223
42,"[224, 192, 320, 288]",0.9507631659507751,1.0,0.9606105327606203,flame_steak,cam00,cam00_0091,91,/leonardo_work/EUHPC_D21_034/proj_adags/repo/adags/refine-logs/depth_occlusion_support/r031_da3_depth_full/depth_npz/flame_steak/cam00_0091.npz,/leonardo_work/EUHPC_D21_034/proj_adags/data/n3v/flame_steak/motion_priors/masks/cam00_0091.png,/leonardo_work/EUHPC_D21_034/proj_adags/data/n3v/flame_steak/flow/cam00_0091.npz,0,0.16424450278282166,0.39207446575164795,0.31663015484809875,0.4557679295539856,0.37176260352134705,0.03992332145571709,0.04173523187637329,0.6356686949729919,0.6714867353439331,0.6994823813438416,0.05802201107144356,flame_steak_depth_249_cam00_0091
46,"[288, 128, 384, 224]",0.950728714466095,1.0,0.960582971572876,flame_steak,cam00,cam00_0146,146,/leonardo_work/EUHPC_D21_034/proj_adags/repo/adags/refine-logs/depth_occlusion_support/r031_da3_depth_full/depth_npz/flame_steak/cam00_0146.npz,/leonardo_work/EUHPC_D21_034/proj_adags/data/n3v/flame_steak/motion_priors/masks/cam00_0146.png,/leonardo_work/EUHPC_D21_034/proj_adags/data/n3v/flame_steak/flow/cam00_0146.npz,0,0.1906992793083191,0.46650221943855286,0.30367401242256165,0.4406384825706482,0.36345699429512024,0.017856517806649208,0.04055355116724968,0.2744680941104889,0.6686740517616272,0.7099803686141968,0.04169146716594696,flame_steak_depth_250_cam00_0146
14,"[208, 208, 304, 304]",0.9506928324699402,1.0,0.9605542659759523,flame_steak,cam00,cam00_0224,224,/leonardo_work/EUHPC_D21_034/proj_adags/repo/adags/refine-logs/depth_occlusion_support/r031_da3_depth_full/depth_npz/flame_steak/cam00_0224.npz,/leonardo_work/EUHPC_D21_034/proj_adags/data/n3v/flame_steak/motion_priors/masks/cam00_0224.png,/leonardo_work/EUHPC_D21_034/proj_adags/data/n3v/flame_steak/flow/cam00_0224.npz,0,0.15406213700771332,0.2837187349796295,0.27799803018569946,0.42892420291900635,0.35883256793022156,0.021611638367176056,0.027487950399518013,0.8512044548988342,0.6526207327842712,0.7147567272186279,0.045630406588315964,flame_steak_depth_251_cam00_0224
22,"[256, 176, 352, 272]",0.9506781101226807,1.0,0.9605424880981446,flame_steak,cam00,cam00_0154,154,/leonardo_work/EUHPC_D21_034/proj_adags/repo/adags/refine-logs/depth_occlusion_support/r031_da3_depth_full/depth_npz/flame_steak/cam00_0154.npz,/leonardo_work/EUHPC_D21_034/proj_adags/data/n3v/flame_steak/motion_priors/masks/cam00_0154.png,/leonardo_work/EUHPC_D21_034/proj_adags/data/n3v/flame_steak/flow/cam00_0154.npz,0,0.1870267540216446,0.4119657874107361,0.3023707866668701,0.4437302350997925,0.37490707635879517,0.03727402165532112,0.04493890330195427,0.8195266127586365,0.6686156988143921,0.7109082341194153,0.04635108634829521,flame_steak_depth_252_cam00_0154
114,"[416, 240, 512, 336]",0.950649082660675,1.0,0.96051926612854,flame_steak,cam00,cam00_0089,89,/leonardo_work/EUHPC_D21_034/proj_adags/repo/adags/refine-logs/depth_occlusion_support/r031_da3_depth_full/depth_npz/flame_steak/cam00_0089.npz,/leonardo_work/EUHPC_D21_034/proj_adags/data/n3v/flame_steak/motion_priors/masks/cam00_0089.png,/leonardo_work/EUHPC_D21_034/proj_adags/data/n3v/flame_steak/flow/cam00_0089.npz,1,0.1926937699317932,0.4011584222316742,0.2655658423900604,0.5229192972183228,0.37772780656814575,0.044367026537656784,0.05557403340935707,0.7148996591567993,0.6712416410446167,0.6992518901824951,0.05509844422340393,flame_steak_depth_253_cam00_0089
25,"[224, 192, 320, 288]",0.9506282210350037,1.0,0.9605025768280029,flame_steak,cam00,cam00_0057,57,/leonardo_work/EUHPC_D21_034/proj_adags/repo/adags/refine-logs/depth_occlusion_support/r031_da3_depth_full/depth_npz/flame_steak/cam00_0057.npz,/leonardo_work/EUHPC_D21_034/proj_adags/data/n3v/flame_steak/motion_priors/masks/cam00_0057.png,/leonardo_work/EUHPC_D21_034/proj_adags/data/n3v/flame_steak/flow/cam00_0057.npz,0,0.1927277147769928,0.4304001033306122,0.29434025287628174,0.44313618540763855,0.3671272099018097,0.030647853389382362,0.03480853885412216,0.8892720937728882,0.6735379099845886,0.6889931559562683,0.051261626183986664,flame_steak_depth_254_cam00_0057
69,"[384, 160, 480, 256]",0.9506222009658813,1.0,0.9604977607727052,flame_steak,cam00,cam00_0228,228,/leonardo_work/EUHPC_D21_034/proj_adags/repo/adags/refine-logs/depth_occlusion_support/r031_da3_depth_full/depth_npz/flame_steak/cam00_0228.npz,/leonardo_work/EUHPC_D21_034/proj_adags/data/n3v/flame_steak/motion_priors/masks/cam00_0228.png,/leonardo_work/EUHPC_D21_034/proj_adags/data/n3v/flame_steak/flow/cam00_0228.npz,2,0.18526676297187805,0.3669831156730652,0.3215571343898773,0.47601833939552307,0.3694308400154114,0.03555547818541527,0.04662243276834488,0.7958988547325134,0.6534464359283447,0.7145553827285767,0.04884282872080803,flame_steak_depth_255_cam00_0228
46,"[240, 144, 336, 240]",0.9505361318588257,1.0,0.9604289054870605,flame_steak,cam00,cam00_0003,3,/leonardo_work/EUHPC_D21_034/proj_adags/repo/adags/refine-logs/depth_occlusion_support/r031_da3_depth_full/depth_npz/flame_steak/cam00_0003.npz,/leonardo_work/EUHPC_D21_034/proj_adags/data/n3v/flame_steak/motion_priors/masks/cam00_0003.png,/leonardo_work/EUHPC_D21_034/proj_adags/data/n3v/flame_steak/flow/cam00_0003.npz,1,0.1610507369041443,0.36840835213661194,0.28975972533226013,0.4519690275192261,0.36434221267700195,0.024056697264313698,0.035225775092840195,0.8711996674537659,0.6844618916511536,0.6734620928764343,0.04693463072180748,flame_steak_depth_256_cam00_0003
56,"[416, 208, 512, 304]",0.9504732489585876,1.0,0.9603785991668701,flame_steak,cam00,cam00_0047,47,/leonardo_work/EUHPC_D21_034/proj_adags/repo/adags/refine-logs/depth_occlusion_support/r031_da3_depth_full/depth_npz/flame_steak/cam00_0047.npz,/leonardo_work/EUHPC_D21_034/proj_adags/data/n3v/flame_steak/motion_priors/masks/cam00_0047.png,/leonardo_work/EUHPC_D21_034/proj_adags/data/n3v/flame_steak/flow/cam00_0047.npz,0,0.19756430387496948,0.4219786822795868,0.31590744853019714,0.43932250142097473,0.3680371642112732,0.029953433200716972,0.044498324394226074,0.7363246083259583,0.674328625202179,0.6867727637290955,0.04513439163565636,flame_steak_depth_257_cam00_0047
103,"[240, 160, 336, 256]",0.950393557548523,1.0,0.9603148460388184,flame_steak,cam00,cam00_0003,3,/leonardo_work/EUHPC_D21_034/proj_adags/repo/adags/refine-logs/depth_occlusion_support/r031_da3_depth_full/depth_npz/flame_steak/cam00_0003.npz,/leonardo_work/EUHPC_D21_034/proj_adags/data/n3v/flame_steak/motion_priors/masks/cam00_0003.png,/leonardo_work/EUHPC_D21_034/proj_adags/data/n3v/flame_steak/flow/cam00_0003.npz,2,0.1610507369041443,0.36840835213661194,0.28975972533226013,0.4519690275192261,0.36434221267700195,0.024056697264313698,0.035225775092840195,0.8711996674537659,0.6844618916511536,0.6734620928764343,0.04693463072180748,flame_steak_depth_258_cam00_0003
37,"[368, 128, 464, 224]",0.9503628611564636,1.0,0.960290288925171,flame_steak,cam00,cam00_0238,238,/leonardo_work/EUHPC_D21_034/proj_adags/repo/adags/refine-logs/depth_occlusion_support/r031_da3_depth_full/depth_npz/flame_steak/cam00_0238.npz,/leonardo_work/EUHPC_D21_034/proj_adags/data/n3v/flame_steak/motion_priors/masks/cam00_0238.png,/leonardo_work/EUHPC_D21_034/proj_adags/data/n3v/flame_steak/flow/cam00_0238.npz,2,0.1861158162355423,0.3893240690231323,0.29675939679145813,0.483697772026062,0.36115697026252747,0.026635972782969475,0.024126723408699036,0.8554468154907227,0.6540358066558838,0.7140739560127258,0.045467011630535126,flame_steak_depth_259_cam00_0238
25,"[224, 192, 320, 288]",0.9499890208244324,1.0,0.9599912166595459,flame_steak,cam00,cam00_0104,104,/leonardo_work/EUHPC_D21_034/proj_adags/repo/adags/refine-logs/depth_occlusion_support/r031_da3_depth_full/depth_npz/flame_steak/cam00_0104.npz,/leonardo_work/EUHPC_D21_034/proj_adags/data/n3v/flame_steak/motion_priors/masks/cam00_0104.png,/leonardo_work/EUHPC_D21_034/proj_adags/data/n3v/flame_steak/flow/cam00_0104.npz,0,0.1643456071615219,0.39420250058174133,0.30633774399757385,0.4709695875644684,0.37007513642311096,0.03114970214664936,0.04453333839774132,0.7536821961402893,0.6708886027336121,0.7047168016433716,0.04856856167316437,flame_steak_depth_260_cam00_0104
37,"[256, 128, 352, 224]",0.9497108459472656,1.0,0.9597686767578126,flame_steak,cam00,cam00_0074,74,/leonardo_work/EUHPC_D21_034/proj_adags/repo/adags/refine-logs/depth_occlusion_support/r031_da3_depth_full/depth_npz/flame_steak/cam00_0074.npz,/leonardo_work/EUHPC_D21_034/proj_adags/data/n3v/flame_steak/motion_priors/masks/cam00_0074.png,/leonardo_work/EUHPC_D21_034/proj_adags/data/n3v/flame_steak/flow/cam00_0074.npz,1,0.19164222478866577,0.26564353704452515,0.2954075038433075,0.4796712398529053,0.37041375041007996,0.03393905609846115,0.046768318861722946,0.6379678845405579,0.6735379099845886,0.6930487751960754,0.0492979921400547,flame_steak_depth_261_cam00_0074
43,"[416, 240, 512, 336]",0.9496358633041382,1.0,0.9597086906433105,flame_steak,cam00,cam00_0081,81,/leonardo_work/EUHPC_D21_034/proj_adags/repo/adags/refine-logs/depth_occlusion_support/r031_da3_depth_full/depth_npz/flame_steak/cam00_0081.npz,/leonardo_work/EUHPC_D21_034/proj_adags/data/n3v/flame_steak/motion_priors/masks/cam00_0081.png,/leonardo_work/EUHPC_D21_034/proj_adags/data/n3v/flame_steak/flow/cam00_0081.npz,2,0.18471357226371765,0.5803637504577637,0.2740669250488281,0.47284892201423645,0.3748228847980499,0.043815575540065765,0.054526567459106445,0.7370831966400146,0.6711629033088684,0.6942421197891235,0.055539023131132126,flame_steak_depth_262_cam00_0081
65,"[224, 192, 320, 288]",0.9496298432350159,1.0,0.9597038745880127,flame_steak,cam00,cam00_0087,87,/leonardo_work/EUHPC_D21_034/proj_adags/repo/adags/refine-logs/depth_occlusion_support/r031_da3_depth_full/depth_npz/flame_steak/cam00_0087.npz,/leonardo_work/EUHPC_D21_034/proj_adags/data/n3v/flame_steak/motion_priors/masks/cam00_0087.png,/leonardo_work/EUHPC_D21_034/proj_adags/data/n3v/flame_steak/flow/cam00_0087.npz,3,0.1890932321548462,0.4520972669124603,0.2657356560230255,0.3988390564918518,0.37563809752464294,0.046730391681194305,0.051147837191820145,0.7307400703430176,0.6713817119598389,0.6971744894981384,0.05832253769040108,flame_steak_depth_263_cam00_0087
72,"[192, 240, 288, 336]",0.949539840221405,1.0,0.959631872177124,flame_steak,cam00,cam00_0186,186,/leonardo_work/EUHPC_D21_034/proj_adags/repo/adags/refine-logs/depth_occlusion_support/r031_da3_depth_full/depth_npz/flame_steak/cam00_0186.npz,/leonardo_work/EUHPC_D21_034/proj_adags/data/n3v/flame_steak/motion_priors/masks/cam00_0186.png,/leonardo_work/EUHPC_D21_034/proj_adags/data/n3v/flame_steak/flow/cam00_0186.npz,2,0.19084472954273224,0.3138754367828369,0.2984084188938141,0.48256468772888184,0.3878212571144104,0.06015487387776375,0.0805789977312088,0.6600900888442993,0.656501293182373,0.707328200340271,0.05584246665239334,flame_steak_depth_264_cam00_0186
120,"[272, 176, 368, 272]",0.9495338797569275,1.0,0.959627103805542,flame_steak,cam00,cam00_0148,148,/leonardo_work/EUHPC_D21_034/proj_adags/repo/adags/refine-logs/depth_occlusion_support/r031_da3_depth_full/depth_npz/flame_steak/cam00_0148.npz,/leonardo_work/EUHPC_D21_034/proj_adags/data/n3v/flame_steak/motion_priors/masks/cam00_0148.png,/leonardo_work/EUHPC_D21_034/proj_adags/data/n3v/flame_steak/flow/cam00_0148.npz,3,0.19510921835899353,0.3124150335788727,0.29857203364372253,0.4488339424133301,0.36881425976753235,0.024777377024292946,0.04665161296725273,0.7185906171798706,0.6695143580436707,0.7106368541717529,0.045286111533641815,flame_steak_depth_265_cam00_0148
156,"[320, 128, 416, 224]",0.9494560360908508,1.0,0.9595648288726808,flame_steak,cam00,cam00_0172,172,/leonardo_work/EUHPC_D21_034/proj_adags/repo/adags/refine-logs/depth_occlusion_support/r031_da3_depth_full/depth_npz/flame_steak/cam00_0172.npz,/leonardo_work/EUHPC_D21_034/proj_adags/data/n3v/flame_steak/motion_priors/masks/cam00_0172.png,/leonardo_work/EUHPC_D21_034/proj_adags/data/n3v/flame_steak/flow/cam00_0172.npz,2,0.19276167452335358,0.24293330311775208,0.29120442271232605,0.4377093017101288,0.37900790572166443,0.05919785797595978,0.045624569058418274,0.21482382714748383,0.6614876985549927,0.7110483050346375,0.05830211192369461,flame_steak_depth_266_cam00_0172
156,"[336, 128, 432, 224]",0.9494560360908508,1.0,0.9595648288726808,flame_steak,cam00,cam00_0172,172,/leonardo_work/EUHPC_D21_034/proj_adags/repo/adags/refine-logs/depth_occlusion_support/r031_da3_depth_full/depth_npz/flame_steak/cam00_0172.npz,/leonardo_work/EUHPC_D21_034/proj_adags/data/n3v/flame_steak/motion_priors/masks/cam00_0172.png,/leonardo_work/EUHPC_D21_034/proj_adags/data/n3v/flame_steak/flow/cam00_0172.npz,3,0.19276167452335358,0.24293330311775208,0.29120442271232605,0.4377093017101288,0.37900790572166443,0.05919785797595978,0.045624569058418274,0.21482382714748383,0.6614876985549927,0.7110483050346375,0.05830211192369461,flame_steak_depth_267_cam00_0172
132,"[192, 240, 288, 336]",0.9494027495384216,1.0,0.9595221996307373,flame_steak,cam00,cam00_0290,290,/leonardo_work/EUHPC_D21_034/proj_adags/repo/adags/refine-logs/depth_occlusion_support/r031_da3_depth_full/depth_npz/flame_steak/cam00_0290.npz,/leonardo_work/EUHPC_D21_034/proj_adags/data/n3v/flame_steak/motion_priors/masks/cam00_0290.png,/leonardo_work/EUHPC_D21_034/proj_adags/data/n3v/flame_steak/flow/cam00_0290.npz,1,0.15455082058906555,0.47831064462661743,0.29157865047454834,0.4527607262134552,0.357539564371109,0.017275888472795486,0.04297526925802231,0.613721489906311,0.6641165614128113,0.6879135966300964,0.035044874995946884,flame_steak_depth_268_cam00_0290
244,"[384, 176, 480, 272]",0.9492973685264587,1.0,0.959437894821167,flame_steak,cam00,cam00_0044,44,/leonardo_work/EUHPC_D21_034/proj_adags/repo/adags/refine-logs/depth_occlusion_support/r031_da3_depth_full/depth_npz/flame_steak/cam00_0044.npz,/leonardo_work/EUHPC_D21_034/proj_adags/data/n3v/flame_steak/motion_priors/masks/cam00_0044.png,/leonardo_work/EUHPC_D21_034/proj_adags/data/n3v/flame_steak/flow/cam00_0044.npz,2,0.19165536761283875,0.37132102251052856,0.29160550236701965,0.47337064146995544,0.3716527819633484,0.04234212264418602,0.03627907484769821,0.7534662485122681,0.6739172339439392,0.68595290184021,0.04851895943284035,flame_steak_depth_269_cam00_0044
89,"[224, 160, 320, 256]",0.9491816163063049,1.0,0.9593452930450439,flame_steak,cam00,cam00_0193,193,/leonardo_work/EUHPC_D21_034/proj_adags/repo/adags/refine-logs/depth_occlusion_support/r031_da3_depth_full/depth_npz/flame_steak/cam00_0193.npz,/leonardo_work/EUHPC_D21_034/proj_adags/data/n3v/flame_steak/motion_priors/masks/cam00_0193.png,/leonardo_work/EUHPC_D21_034/proj_adags/data/n3v/flame_steak/flow/cam00_0193.npz,2,0.19335894286632538,0.37692031264305115,0.29721835255622864,0.4449407160282135,0.3786269426345825,0.05137833580374718,0.05008869990706444,0.4906078279018402,0.6582285761833191,0.7115939259529114,0.05596792697906494,flame_steak_depth_270_cam00_0193
89,"[224, 176, 320, 272]",0.9491816163063049,1.0,0.9593452930450439,flame_steak,cam00,cam00_0193,193,/leonardo_work/EUHPC_D21_034/proj_adags/repo/adags/refine-logs/depth_occlusion_support/r031_da3_depth_full/depth_npz/flame_steak/cam00_0193.npz,/leonardo_work/EUHPC_D21_034/proj_adags/data/n3v/flame_steak/motion_priors/masks/cam00_0193.png,/leonardo_work/EUHPC_D21_034/proj_adags/data/n3v/flame_steak/flow/cam00_0193.npz,3,0.19335894286632538,0.37692031264305115,0.29721835255622864,0.4449407160282135,0.3786269426345825,0.05137833580374718,0.05008869990706444,0.4906078279018402,0.6582285761833191,0.7115939259529114,0.05596792697906494,flame_steak_depth_271_cam00_0193
31,"[224, 192, 320, 288]",0.9491187334060669,1.0,0.9592949867248535,flame_steak,cam00,cam00_0044,44,/leonardo_work/EUHPC_D21_034/proj_adags/repo/adags/refine-logs/depth_occlusion_support/r031_da3_depth_full/depth_npz/flame_steak/cam00_0044.npz,/leonardo_work/EUHPC_D21_034/proj_adags/data/n3v/flame_steak/motion_priors/masks/cam00_0044.png,/leonardo_work/EUHPC_D21_034/proj_adags/data/n3v/flame_steak/flow/cam00_0044.npz,3,0.19165536761283875,0.37132102251052856,0.29160550236701965,0.47337064146995544,0.3716527819633484,0.04234212264418602,0.03627907484769821,0.7534662485122681,0.6739172339439392,0.68595290184021,0.04851895943284035,flame_steak_depth_272_cam00_0044
128,"[192, 240, 288, 336]",0.9491096138954163,1.0,0.959287691116333,flame_steak,cam00,cam00_0071,71,/leonardo_work/EUHPC_D21_034/proj_adags/repo/adags/refine-logs/depth_occlusion_support/r031_da3_depth_full/depth_npz/flame_steak/cam00_0071.npz,/leonardo_work/EUHPC_D21_034/proj_adags/data/n3v/flame_steak/motion_priors/masks/cam00_0071.png,/leonardo_work/EUHPC_D21_034/proj_adags/data/n3v/flame_steak/flow/cam00_0071.npz,1,0.1630927473306656,0.41380825638771057,0.30252721905708313,0.46243730187416077,0.3669503927230835,0.03279530256986618,0.03461013361811638,0.2997443974018097,0.6740631461143494,0.6918583512306213,0.04200949892401695,flame_steak_depth_273_cam00_0071
173,"[416, 240, 512, 336]",0.9490940570831299,1.0,0.9592752456665039,flame_steak,cam00,cam00_0093,93,/leonardo_work/EUHPC_D21_034/proj_adags/repo/adags/refine-logs/depth_occlusion_support/r031_da3_depth_full/depth_npz/flame_steak/cam00_0093.npz,/leonardo_work/EUHPC_D21_034/proj_adags/data/n3v/flame_steak/motion_priors/masks/cam00_0093.png,/leonardo_work/EUHPC_D21_034/proj_adags/data/n3v/flame_steak/flow/cam00_0093.npz,0,0.19327889382839203,0.4566459357738495,0.31060659885406494,0.47196975350379944,0.3717857003211975,0.03387778252363205,0.0486735999584198,0.8046374320983887,0.6711395382881165,0.7003693580627441,0.05120910704135895,flame_steak_depth_274_cam00_0093
66,"[384, 128, 480, 224]",0.9486349821090698,1.0,0.958907985687256,flame_steak,cam00,cam00_0174,174,/leonardo_work/EUHPC_D21_034/proj_adags/repo/adags/refine-logs/depth_occlusion_support/r031_da3_depth_full/depth_npz/flame_steak/cam00_0174.npz,/leonardo_work/EUHPC_D21_034/proj_adags/data/n3v/flame_steak/motion_priors/masks/cam00_0174.png,/leonardo_work/EUHPC_D21_034/proj_adags/data/n3v/flame_steak/flow/cam00_0174.npz,0,0.19377875328063965,0.3101811707019806,0.3283460736274719,0.4776158034801483,0.3843041956424713,0.05835463106632233,0.06616248190402985,0.4934438467025757,0.6580768823623657,0.7087841033935547,0.05625678226351738,flame_steak_depth_275_cam00_0174
53,"[224, 144, 320, 240]",0.9485793709754944,1.0,0.9588634967803955,flame_steak,cam00,cam00_0194,194,/leonardo_work/EUHPC_D21_034/proj_adags/repo/adags/refine-logs/depth_occlusion_support/r031_da3_depth_full/depth_npz/flame_steak/cam00_0194.npz,/leonardo_work/EUHPC_D21_034/proj_adags/data/n3v/flame_steak/motion_priors/masks/cam00_0194.png,/leonardo_work/EUHPC_D21_034/proj_adags/data/n3v/flame_steak/flow/cam00_0194.npz,3,0.1922270953655243,0.38834241032600403,0.28515058755874634,0.4342011511325836,0.3795231878757477,0.04938552528619766,0.05225073918700218,0.3047424852848053,0.6572248935699463,0.7119206786155701,0.05219530314207077,flame_steak_depth_276_cam00_0194
13,"[240, 176, 336, 272]",0.948500394821167,1.0,0.9588003158569336,flame_steak,cam00,cam00_0079,79,/leonardo_work/EUHPC_D21_034/proj_adags/repo/adags/refine-logs/depth_occlusion_support/r031_da3_depth_full/depth_npz/flame_steak/cam00_0079.npz,/leonardo_work/EUHPC_D21_034/proj_adags/data/n3v/flame_steak/motion_priors/masks/cam00_0079.png,/leonardo_work/EUHPC_D21_034/proj_adags/data/n3v/flame_steak/flow/cam00_0079.npz,0,0.17988261580467224,0.41675254702568054,0.28948941826820374,0.44255051016807556,0.37301144003868103,0.041557252407073975,0.048644423484802246,0.6382975578308105,0.6719915270805359,0.6947323083877563,0.048402249813079834,flame_steak_depth_277_cam00_0079
97,"[192, 240, 288, 336]",0.9483610987663269,1.0,0.9586888790130617,flame_steak,cam00,cam00_0069,69,/leonardo_work/EUHPC_D21_034/proj_adags/repo/adags/refine-logs/depth_occlusion_support/r031_da3_depth_full/depth_npz/flame_steak/cam00_0069.npz,/leonardo_work/EUHPC_D21_034/proj_adags/data/n3v/flame_steak/motion_priors/masks/cam00_0069.png,/leonardo_work/EUHPC_D21_034/proj_adags/data/n3v/flame_steak/flow/cam00_0069.npz,0,0.16014260053634644,0.42362180352211,0.3247338533401489,0.45570501685142517,0.37306657433509827,0.03295869752764702,0.05576077103614807,0.6455510258674622,0.6740164160728455,0.6907379627227783,0.05167010799050331,flame_steak_depth_278_cam00_0069
76,"[240, 192, 336, 288]",0.9482226967811584,1.0,0.9585781574249268,flame_steak,cam00,cam00_0156,156,/leonardo_work/EUHPC_D21_034/proj_adags/repo/adags/refine-logs/depth_occlusion_support/r031_da3_depth_full/depth_npz/flame_steak/cam00_0156.npz,/leonardo_work/EUHPC_D21_034/proj_adags/data/n3v/flame_steak/motion_priors/masks/cam00_0156.png,/leonardo_work/EUHPC_D21_034/proj_adags/data/n3v/flame_steak/flow/cam00_0156.npz,3,0.19013871252536774,0.3423783481121063,0.30022621154785156,0.4799724221229553,0.372936874628067,0.03939521312713623,0.03454594314098358,0.855006217956543,0.6682509779930115,0.7113808989524841,0.05049426481127739,flame_steak_depth_279_cam00_0156
65,"[416, 160, 512, 256]",0.9479666948318481,1.0,0.9583733558654786,flame_steak,cam00,cam00_0154,154,/leonardo_work/EUHPC_D21_034/proj_adags/repo/adags/refine-logs/depth_occlusion_support/r031_da3_depth_full/depth_npz/flame_steak/cam00_0154.npz,/leonardo_work/EUHPC_D21_034/proj_adags/data/n3v/flame_steak/motion_priors/masks/cam00_0154.png,/leonardo_work/EUHPC_D21_034/proj_adags/data/n3v/flame_steak/flow/cam00_0154.npz,1,0.1870267540216446,0.4119657874107361,0.3023707866668701,0.4437302350997925,0.37490707635879517,0.03727402165532112,0.04493890330195427,0.8195266127586365,0.6686156988143921,0.7109082341194153,0.04635108634829521,flame_steak_depth_280_cam00_0154
65,"[416, 176, 512, 272]",0.9479666948318481,1.0,0.9583733558654786,flame_steak,cam00,cam00_0154,154,/leonardo_work/EUHPC_D21_034/proj_adags/repo/adags/refine-logs/depth_occlusion_support/r031_da3_depth_full/depth_npz/flame_steak/cam00_0154.npz,/leonardo_work/EUHPC_D21_034/proj_adags/data/n3v/flame_steak/motion_priors/masks/cam00_0154.png,/leonardo_work/EUHPC_D21_034/proj_adags/data/n3v/flame_steak/flow/cam00_0154.npz,2,0.1870267540216446,0.4119657874107361,0.3023707866668701,0.4437302350997925,0.37490707635879517,0.03727402165532112,0.04493890330195427,0.8195266127586365,0.6686156988143921,0.7109082341194153,0.04635108634829521,flame_steak_depth_281_cam00_0154
38,"[192, 224, 288, 320]",0.9478448629379272,1.0,0.9582758903503419,flame_steak,cam00,cam00_0288,288,/leonardo_work/EUHPC_D21_034/proj_adags/repo/adags/refine-logs/depth_occlusion_support/r031_da3_depth_full/depth_npz/flame_steak/cam00_0288.npz,/leonardo_work/EUHPC_D21_034/proj_adags/data/n3v/flame_steak/motion_priors/masks/cam00_0288.png,/leonardo_work/EUHPC_D21_034/proj_adags/data/n3v/flame_steak/flow/cam00_0288.npz,0,0.19018718600273132,0.33947134017944336,0.30505821108818054,0.46520695090293884,0.35922232270240784,0.017801079899072647,0.04841683804988861,0.6369524598121643,0.6628385782241821,0.6883716583251953,0.037040602415800095,flame_steak_depth_282_cam00_0288
157,"[224, 160, 320, 256]",0.947546124458313,1.0,0.9580368995666504,flame_steak,cam00,cam00_0200,200,/leonardo_work/EUHPC_D21_034/proj_adags/repo/adags/refine-logs/depth_occlusion_support/r031_da3_depth_full/depth_npz/flame_steak/cam00_0200.npz,/leonardo_work/EUHPC_D21_034/proj_adags/data/n3v/flame_steak/motion_priors/masks/cam00_0200.png,/leonardo_work/EUHPC_D21_034/proj_adags/data/n3v/flame_steak/flow/cam00_0200.npz,0,0.1907026320695877,0.3449314832687378,0.29334115982055664,0.4399775564670563,0.36348631978034973,0.019079046323895454,0.044760920107364655,0.8764370083808899,0.6549461483955383,0.7141819000244141,0.04039891064167023,flame_steak_depth_283_cam00_0200
69,"[272, 144, 368, 240]",0.9475317597389221,1.0,0.9580254077911377,flame_steak,cam00,cam00_0130,130,/leonardo_work/EUHPC_D21_034/proj_adags/repo/adags/refine-logs/depth_occlusion_support/r031_da3_depth_full/depth_npz/flame_steak/cam00_0130.npz,/leonardo_work/EUHPC_D21_034/proj_adags/data/n3v/flame_steak/motion_priors/masks/cam00_0130.png,/leonardo_work/EUHPC_D21_034/proj_adags/data/n3v/flame_steak/flow/cam00_0130.npz,0,0.1649240106344223,0.30511051416397095,0.30208978056907654,0.5039561986923218,0.36822548508644104,0.026571782305836678,0.0333467535674572,0.8830252289772034,0.6693830490112305,0.7101233601570129,0.04450124129652977,flame_steak_depth_284_cam00_0130
70,"[208, 208, 304, 304]",0.9474714994430542,1.0,0.9579771995544435,flame_steak,cam00,cam00_0079,79,/leonardo_work/EUHPC_D21_034/proj_adags/repo/adags/refine-logs/depth_occlusion_support/r031_da3_depth_full/depth_npz/flame_steak/cam00_0079.npz,/leonardo_work/EUHPC_D21_034/proj_adags/data/n3v/flame_steak/motion_priors/masks/cam00_0079.png,/leonardo_work/EUHPC_D21_034/proj_adags/data/n3v/flame_steak/flow/cam00_0079.npz,1,0.17988261580467224,0.41675254702568054,0.28948941826820374,0.44255051016807556,0.37301144003868103,0.041557252407073975,0.048644423484802246,0.6382975578308105,0.6719915270805359,0.6947323083877563,0.048402249813079834,flame_steak_depth_285_cam00_0079
30,"[256, 128, 352, 224]",0.9474378228187561,1.0,0.957950258255005,flame_steak,cam00,cam00_0182,182,/leonardo_work/EUHPC_D21_034/proj_adags/repo/adags/refine-logs/depth_occlusion_support/r031_da3_depth_full/depth_npz/flame_steak/cam00_0182.npz,/leonardo_work/EUHPC_D21_034/proj_adags/data/n3v/flame_steak/motion_priors/masks/cam00_0182.png,/leonardo_work/EUHPC_D21_034/proj_adags/data/n3v/flame_steak/flow/cam00_0182.npz,0,0.16468435525894165,0.4958805739879608,0.3070763349533081,0.43747657537460327,0.3823447823524475,0.05897319316864014,0.06647176295518875,0.5960779786109924,0.6580505967140198,0.707301914691925,0.05895860493183136,flame_steak_depth_286_cam00_0182
49,"[192, 224, 288, 320]",0.9472627639770508,1.0,0.9578102111816407,flame_steak,cam00,cam00_0079,79,/leonardo_work/EUHPC_D21_034/proj_adags/repo/adags/refine-logs/depth_occlusion_support/r031_da3_depth_full/depth_npz/flame_steak/cam00_0079.npz,/leonardo_work/EUHPC_D21_034/proj_adags/data/n3v/flame_steak/motion_priors/masks/cam00_0079.png,/leonardo_work/EUHPC_D21_034/proj_adags/data/n3v/flame_steak/flow/cam00_0079.npz,2,0.17988261580467224,0.41675254702568054,0.28948941826820374,0.44255051016807556,0.37301144003868103,0.041557252407073975,0.048644423484802246,0.6382975578308105,0.6719915270805359,0.6947323083877563,0.048402249813079834,flame_steak_depth_287_cam00_0079
124,"[192, 256, 288, 352]",0.9472326636314392,1.0,0.9577861309051514,flame_steak,cam00,cam00_0184,184,/leonardo_work/EUHPC_D21_034/proj_adags/repo/adags/refine-logs/depth_occlusion_support/r031_da3_depth_full/depth_npz/flame_steak/cam00_0184.npz,/leonardo_work/EUHPC_D21_034/proj_adags/data/n3v/flame_steak/motion_priors/masks/cam00_0184.png,/leonardo_work/EUHPC_D21_034/proj_adags/data/n3v/flame_steak/flow/cam00_0184.npz,2,0.19264376163482666,0.3372859060764313,0.2987726628780365,0.46117785573005676,0.38572439551353455,0.05923578888177872,0.06964917480945587,0.5664775967597961,0.6561599373817444,0.7074915766716003,0.05876019597053528,flame_steak_depth_288_cam00_0184
69,"[208, 208, 304, 304]",0.9470077753067017,1.0,0.9576062202453615,flame_steak,cam00,cam00_0001,1,/leonardo_work/EUHPC_D21_034/proj_adags/repo/adags/refine-logs/depth_occlusion_support/r031_da3_depth_full/depth_npz/flame_steak/cam00_0001.npz,/leonardo_work/EUHPC_D21_034/proj_adags/data/n3v/flame_steak/motion_priors/masks/cam00_0001.png,/leonardo_work/EUHPC_D21_034/proj_adags/data/n3v/flame_steak/flow/cam00_0001.npz,2,0.18426130712032318,0.3947502672672272,0.2649107277393341,0.42484575510025024,0.36930716037750244,0.029343627393245697,0.04188695549964905,0.888536810874939,0.6866443753242493,0.6723416447639465,0.05293932184576988,flame_steak_depth_289_cam00_0001
48,"[384, 144, 480, 240]",0.9469130635261536,1.0,0.9575304508209228,flame_steak,cam00,cam00_0071,71,/leonardo_work/EUHPC_D21_034/proj_adags/repo/adags/refine-logs/depth_occlusion_support/r031_da3_depth_full/depth_npz/flame_steak/cam00_0071.npz,/leonardo_work/EUHPC_D21_034/proj_adags/data/n3v/flame_steak/motion_priors/masks/cam00_0071.png,/leonardo_work/EUHPC_D21_034/proj_adags/data/n3v/flame_steak/flow/cam00_0071.npz,2,0.1630927473306656,0.41380825638771057,0.30252721905708313,0.46243730187416077,0.3669503927230835,0.03279530256986618,0.03461013361811638,0.2997443974018097,0.6740631461143494,0.6918583512306213,0.04200949892401695,flame_steak_depth_290_cam00_0071
29,"[416, 192, 512, 288]",0.9468482732772827,1.0,0.9574786186218263,flame_steak,cam00,cam00_0174,174,/leonardo_work/EUHPC_D21_034/proj_adags/repo/adags/refine-logs/depth_occlusion_support/r031_da3_depth_full/depth_npz/flame_steak/cam00_0174.npz,/leonardo_work/EUHPC_D21_034/proj_adags/data/n3v/flame_steak/motion_priors/masks/cam00_0174.png,/leonardo_work/EUHPC_D21_034/proj_adags/data/n3v/flame_steak/flow/cam00_0174.npz,1,0.19377875328063965,0.3101811707019806,0.3283460736274719,0.4776158034801483,0.3843041956424713,0.05835463106632233,0.06616248190402985,0.4934438467025757,0.6580768823623657,0.7087841033935547,0.05625678226351738,flame_steak_depth_291_cam00_0174
132,"[224, 160, 320, 256]",0.9466664791107178,1.0,0.9573331832885743,flame_steak,cam00,cam00_0196,196,/leonardo_work/EUHPC_D21_034/proj_adags/repo/adags/refine-logs/depth_occlusion_support/r031_da3_depth_full/depth_npz/flame_steak/cam00_0196.npz,/leonardo_work/EUHPC_D21_034/proj_adags/data/n3v/flame_steak/motion_priors/masks/cam00_0196.png,/leonardo_work/EUHPC_D21_034/proj_adags/data/n3v/flame_steak/flow/cam00_0196.npz,3,0.19165880978107452,0.2762691080570221,0.2972511351108551,0.43095216155052185,0.36747920513153076,0.035149913281202316,0.03142397105693817,0.8685269951820374,0.6561190485954285,0.7132219672203064,0.04880489781498909,flame_steak_depth_292_cam00_0196
31,"[240, 144, 336, 240]",0.9466327428817749,1.0,0.95730619430542,flame_steak,cam00,cam00_0032,32,/leonardo_work/EUHPC_D21_034/proj_adags/repo/adags/refine-logs/depth_occlusion_support/r031_da3_depth_full/depth_npz/flame_steak/cam00_0032.npz,/leonardo_work/EUHPC_D21_034/proj_adags/data/n3v/flame_steak/motion_priors/masks/cam00_0032.png,/leonardo_work/EUHPC_D21_034/proj_adags/data/n3v/flame_steak/flow/cam00_0032.npz,2,0.16528941690921783,0.4078041613101959,0.2922765016555786,0.4492524266242981,0.375512957572937,0.047544438391923904,0.043339986354112625,0.2016356736421585,0.6752739548683167,0.6849200129508972,0.05126454308629036,flame_steak_depth_293_cam00_0032
46,"[400, 208, 496, 304]",0.9466033577919006,1.0,0.9572826862335206,flame_steak,cam00,cam00_0208,208,/leonardo_work/EUHPC_D21_034/proj_adags/repo/adags/refine-logs/depth_occlusion_support/r031_da3_depth_full/depth_npz/flame_steak/cam00_0208.npz,/leonardo_work/EUHPC_D21_034/proj_adags/data/n3v/flame_steak/motion_priors/masks/cam00_0208.png,/leonardo_work/EUHPC_D21_034/proj_adags/data/n3v/flame_steak/flow/cam00_0208.npz,3,0.18944083154201508,0.32775530219078064,0.3085056245326996,0.4542001783847809,0.3732244372367859,0.043491706252098083,0.04868235066533089,0.8230804204940796,0.6530612707138062,0.713090717792511,0.05057596042752266,flame_steak_depth_294_cam00_0208
60,"[416, 176, 512, 272]",0.94656902551651,1.0,0.9572552204132081,flame_steak,cam00,cam00_0153,153,/leonardo_work/EUHPC_D21_034/proj_adags/repo/adags/refine-logs/depth_occlusion_support/r031_da3_depth_full/depth_npz/flame_steak/cam00_0153.npz,/leonardo_work/EUHPC_D21_034/proj_adags/data/n3v/flame_steak/motion_priors/masks/cam00_0153.png,/leonardo_work/EUHPC_D21_034/proj_adags/data/n3v/flame_steak/flow/cam00_0153.npz,1,0.19479991495609283,0.27041709423065186,0.28693580627441406,0.4339907765388489,0.37337660789489746,0.03684511408209801,0.0375395342707634,0.3410974144935608,0.6694852113723755,0.7118244171142578,0.048025861382484436,flame_steak_depth_295_cam00_0153
161,"[224, 176, 320, 272]",0.9464737772941589,1.0,0.9571790218353271,flame_steak,cam00,cam00_0200,200,/leonardo_work/EUHPC_D21_034/proj_adags/repo/adags/refine-logs/depth_occlusion_support/r031_da3_depth_full/depth_npz/flame_steak/cam00_0200.npz,/leonardo_work/EUHPC_D21_034/proj_adags/data/n3v/flame_steak/motion_priors/masks/cam00_0200.png,/leonardo_work/EUHPC_D21_034/proj_adags/data/n3v/flame_steak/flow/cam00_0200.npz,1,0.1907026320695877,0.3449314832687378,0.29334115982055664,0.4399775564670563,0.36348631978034973,0.019079046323895454,0.044760920107364655,0.8764370083808899,0.6549461483955383,0.7141819000244141,0.04039891064167023,flame_steak_depth_296_cam00_0200
70,"[416, 224, 512, 320]",0.9463912844657898,1.0,0.9571130275726318,flame_steak,cam00,cam00_0093,93,/leonardo_work/EUHPC_D21_034/proj_adags/repo/adags/refine-logs/depth_occlusion_support/r031_da3_depth_full/depth_npz/flame_steak/cam00_0093.npz,/leonardo_work/EUHPC_D21_034/proj_adags/data/n3v/flame_steak/motion_priors/masks/cam00_0093.png,/leonardo_work/EUHPC_D21_034/proj_adags/data/n3v/flame_steak/flow/cam00_0093.npz,1,0.19327889382839203,0.4566459357738495,0.31060659885406494,0.47196975350379944,0.3717857003211975,0.03387778252363205,0.0486735999584198,0.8046374320983887,0.6711395382881165,0.7003693580627441,0.05120910704135895,flame_steak_depth_297_cam00_0093
14,"[256, 128, 352, 224]",0.9463053941726685,1.0,0.9570443153381347,flame_steak,cam00,cam00_0057,57,/leonardo_work/EUHPC_D21_034/proj_adags/repo/adags/refine-logs/depth_occlusion_support/r031_da3_depth_full/depth_npz/flame_steak/cam00_0057.npz,/leonardo_work/EUHPC_D21_034/proj_adags/data/n3v/flame_steak/motion_priors/masks/cam00_0057.png,/leonardo_work/EUHPC_D21_034/proj_adags/data/n3v/flame_steak/flow/cam00_0057.npz,1,0.1927277147769928,0.4304001033306122,0.29434025287628174,0.44313618540763855,0.3671272099018097,0.030647853389382362,0.03480853885412216,0.8892720937728882,0.6735379099845886,0.6889931559562683,0.051261626183986664,flame_steak_depth_298_cam00_0057
102,"[240, 144, 336, 240]",0.9462969899177551,1.0,0.9570375919342042,flame_steak,cam00,cam00_0238,238,/leonardo_work/EUHPC_D21_034/proj_adags/repo/adags/refine-logs/depth_occlusion_support/r031_da3_depth_full/depth_npz/flame_steak/cam00_0238.npz,/leonardo_work/EUHPC_D21_034/proj_adags/data/n3v/flame_steak/motion_priors/masks/cam00_0238.png,/leonardo_work/EUHPC_D21_034/proj_adags/data/n3v/flame_steak/flow/cam00_0238.npz,3,0.1861158162355423,0.3893240690231323,0.29675939679145813,0.483697772026062,0.36115697026252747,0.026635972782969475,0.024126723408699036,0.8554468154907227,0.6540358066558838,0.7140739560127258,0.045467011630535126,flame_steak_depth_299_cam00_0238
362,"[240, 176, 336, 272]",0.9462923407554626,1.0,0.9570338726043701,flame_steak,cam00,cam00_0212,212,/leonardo_work/EUHPC_D21_034/proj_adags/repo/adags/refine-logs/depth_occlusion_support/r031_da3_depth_full/depth_npz/flame_steak/cam00_0212.npz,/leonardo_work/EUHPC_D21_034/proj_adags/data/n3v/flame_steak/motion_priors/masks/cam00_0212.png,/leonardo_work/EUHPC_D21_034/proj_adags/data/n3v/flame_steak/flow/cam00_0212.npz,1,0.1873188018798828,0.49603548645973206,0.25248757004737854,0.46073558926582336,0.37490954995155334,0.04768448695540428,0.054570335894823074,0.7902384400367737,0.651806652545929,0.7137792706489563,0.05021708086133003,flame_steak_depth_300_cam00_0212
43,"[192, 224, 288, 320]",0.9462816119194031,1.0,0.9570252895355225,flame_steak,cam00,cam00_0217,217,/leonardo_work/EUHPC_D21_034/proj_adags/repo/adags/refine-logs/depth_occlusion_support/r031_da3_depth_full/depth_npz/flame_steak/cam00_0217.npz,/leonardo_work/EUHPC_D21_034/proj_adags/data/n3v/flame_steak/motion_priors/masks/cam00_0217.png,/leonardo_work/EUHPC_D21_034/proj_adags/data/n3v/flame_steak/flow/cam00_0217.npz,1,0.1940285861492157,0.33928537368774414,0.3236404359340668,0.4700053036212921,0.37569326162338257,0.05152130499482155,0.054996322840452194,0.4879235029220581,0.6513047814369202,0.7143978476524353,0.05190061032772064,flame_steak_depth_301_cam00_0217
19,"[368, 128, 464, 224]",0.9462184906005859,1.0,0.9569747924804688,flame_steak,cam00,cam00_0212,212,/leonardo_work/EUHPC_D21_034/proj_adags/repo/adags/refine-logs/depth_occlusion_support/r031_da3_depth_full/depth_npz/flame_steak/cam00_0212.npz,/leonardo_work/EUHPC_D21_034/proj_adags/data/n3v/flame_steak/motion_priors/masks/cam00_0212.png,/leonardo_work/EUHPC_D21_034/proj_adags/data/n3v/flame_steak/flow/cam00_0212.npz,2,0.1873188018798828,0.49603548645973206,0.25248757004737854,0.46073558926582336,0.37490954995155334,0.04768448695540428,0.054570335894823074,0.7902384400367737,0.651806652545929,0.7137792706489563,0.05021708086133003,flame_steak_depth_302_cam00_0212
46,"[272, 128, 368, 224]",0.9460944533348083,1.0,0.9568755626678467,flame_steak,cam00,cam00_0082,82,/leonardo_work/EUHPC_D21_034/proj_adags/repo/adags/refine-logs/depth_occlusion_support/r031_da3_depth_full/depth_npz/flame_steak/cam00_0082.npz,/leonardo_work/EUHPC_D21_034/proj_adags/data/n3v/flame_steak/motion_priors/masks/cam00_0082.png,/leonardo_work/EUHPC_D21_034/proj_adags/data/n3v/flame_steak/flow/cam00_0082.npz,0,0.15816113352775574,0.24948832392692566,0.29177284240722656,0.48385751247406006,0.3712845742702484,0.0422312468290329,0.04370178282260895,0.7109111547470093,0.6718602180480957,0.6941079497337341,0.05607588589191437,flame_steak_depth_303_cam00_0082
26,"[368, 128, 464, 224]",0.9459980726242065,1.0,0.9567984580993654,flame_steak,cam00,cam00_0253,253,/leonardo_work/EUHPC_D21_034/proj_adags/repo/adags/refine-logs/depth_occlusion_support/r031_da3_depth_full/depth_npz/flame_steak/cam00_0253.npz,/leonardo_work/EUHPC_D21_034/proj_adags/data/n3v/flame_steak/motion_priors/masks/cam00_0253.png,/leonardo_work/EUHPC_D21_034/proj_adags/data/n3v/flame_steak/flow/cam00_0253.npz,0,0.16218240559101105,0.47324463725090027,0.31690022349357605,0.4674590528011322,0.36189761757850647,0.02018195018172264,0.04314158111810684,0.22795361280441284,0.6570644378662109,0.7092451453208923,0.0432291105389595,flame_steak_depth_304_cam00_0253
85,"[416, 272, 512, 368]",0.9458215236663818,1.0,0.9566572189331055,flame_steak,cam00,cam00_0028,28,/leonardo_work/EUHPC_D21_034/proj_adags/repo/adags/refine-logs/depth_occlusion_support/r031_da3_depth_full/depth_npz/flame_steak/cam00_0028.npz,/leonardo_work/EUHPC_D21_034/proj_adags/data/n3v/flame_steak/motion_priors/masks/cam00_0028.png,/leonardo_work/EUHPC_D21_034/proj_adags/data/n3v/flame_steak/flow/cam00_0028.npz,3,0.1860266476869583,0.42499053478240967,0.3104473948478699,0.4899482727050781,0.3710910975933075,0.03958778455853462,0.035762637853622437,0.8501715660095215,0.6755774021148682,0.6826383471488953,0.05165844038128853,flame_steak_depth_305_cam00_0028
69,"[256, 128, 352, 224]",0.9457947015762329,1.0,0.9566357612609864,flame_steak,cam00,cam00_0034,34,/leonardo_work/EUHPC_D21_034/proj_adags/repo/adags/refine-logs/depth_occlusion_support/r031_da3_depth_full/depth_npz/flame_steak/cam00_0034.npz,/leonardo_work/EUHPC_D21_034/proj_adags/data/n3v/flame_steak/motion_priors/masks/cam00_0034.png,/leonardo_work/EUHPC_D21_034/proj_adags/data/n3v/flame_steak/flow/cam00_0034.npz,2,0.18481279909610748,0.3430021405220032,0.26403382420539856,0.42601776123046875,0.3781176209449768,0.04812506586313248,0.04932425171136856,0.6974808573722839,0.6747225522994995,0.6856202483177185,0.05025792866945267,flame_steak_depth_306_cam00_0034
41,"[416, 144, 512, 240]",0.9456443786621094,1.0,0.9565155029296875,flame_steak,cam00,cam00_0164,164,/leonardo_work/EUHPC_D21_034/proj_adags/repo/adags/refine-logs/depth_occlusion_support/r031_da3_depth_full/depth_npz/flame_steak/cam00_0164.npz,/leonardo_work/EUHPC_D21_034/proj_adags/data/n3v/flame_steak/motion_priors/masks/cam00_0164.png,/leonardo_work/EUHPC_D21_034/proj_adags/data/n3v/flame_steak/flow/cam00_0164.npz,0,0.1881607323884964,0.43418088555336,0.32493358850479126,0.4425770342350006,0.365212619304657,0.029127715155482292,0.03377274423837662,0.6756445169448853,0.6655608415603638,0.708956241607666,0.048332225531339645,flame_steak_depth_307_cam00_0164
108,"[416, 224, 512, 320]",0.9455931186676025,1.0,0.956474494934082,flame_steak,cam00,cam00_0042,42,/leonardo_work/EUHPC_D21_034/proj_adags/repo/adags/refine-logs/depth_occlusion_support/r031_da3_depth_full/depth_npz/flame_steak/cam00_0042.npz,/leonardo_work/EUHPC_D21_034/proj_adags/data/n3v/flame_steak/motion_priors/masks/cam00_0042.png,/leonardo_work/EUHPC_D21_034/proj_adags/data/n3v/flame_steak/flow/cam00_0042.npz,2,0.19611488282680511,0.3593577444553375,0.3251476287841797,0.4622306525707245,0.3740745186805725,0.04728475958108902,0.04143470525741577,0.739081859588623,0.6748800873756409,0.6866268515586853,0.0507364347577095,flame_steak_depth_308_cam00_0042
134,"[416, 224, 512, 320]",0.9455627799034119,1.0,0.9564502239227295,flame_steak,cam00,cam00_0100,100,/leonardo_work/EUHPC_D21_034/proj_adags/repo/adags/refine-logs/depth_occlusion_support/r031_da3_depth_full/depth_npz/flame_steak/cam00_0100.npz,/leonardo_work/EUHPC_D21_034/proj_adags/data/n3v/flame_steak/motion_priors/masks/cam00_0100.png,/leonardo_work/EUHPC_D21_034/proj_adags/data/n3v/flame_steak/flow/cam00_0100.npz,1,0.19513900578022003,0.5193964242935181,0.3260396718978882,0.4534521996974945,0.36775967478752136,0.02204054407775402,0.05094942823052406,0.7707100510597229,0.6710053086280823,0.7025430798530579,0.048489782959222794,flame_steak_depth_309_cam00_0100
13,"[240, 176, 336, 272]",0.9454850554466248,1.0,0.9563880443572998,flame_steak,cam00,cam00_0070,70,/leonardo_work/EUHPC_D21_034/proj_adags/repo/adags/refine-logs/depth_occlusion_support/r031_da3_depth_full/depth_npz/flame_steak/cam00_0070.npz,/leonardo_work/EUHPC_D21_034/proj_adags/data/n3v/flame_steak/motion_priors/masks/cam00_0070.png,/leonardo_work/EUHPC_D21_034/proj_adags/data/n3v/flame_steak/flow/cam00_0070.npz,1,0.16195109486579895,0.2989242374897003,0.3125036358833313,0.4634372293949127,0.3703157305717468,0.029434077441692352,0.050027426332235336,0.6538665890693665,0.6744482517242432,0.6916190981864929,0.044816356152296066,flame_steak_depth_310_cam00_0070
30,"[384, 128, 480, 224]",0.9454807639122009,1.0,0.9563846111297607,flame_steak,cam00,cam00_0081,81,/leonardo_work/EUHPC_D21_034/proj_adags/repo/adags/refine-logs/depth_occlusion_support/r031_da3_depth_full/depth_npz/flame_steak/cam00_0081.npz,/leonardo_work/EUHPC_D21_034/proj_adags/data/n3v/flame_steak/motion_priors/masks/cam00_0081.png,/leonardo_work/EUHPC_D21_034/proj_adags/data/n3v/flame_steak/flow/cam00_0081.npz,3,0.18471357226371765,0.5803637504577637,0.2740669250488281,0.47284892201423645,0.3748228847980499,0.043815575540065765,0.054526567459106445,0.7370831966400146,0.6711629033088684,0.6942421197891235,0.055539023131132126,flame_steak_depth_311_cam00_0081
50,"[208, 208, 304, 304]",0.9454624652862549,1.0,0.956369972229004,flame_steak,cam00,cam00_0086,86,/leonardo_work/EUHPC_D21_034/proj_adags/repo/adags/refine-logs/depth_occlusion_support/r031_da3_depth_full/depth_npz/flame_steak/cam00_0086.npz,/leonardo_work/EUHPC_D21_034/proj_adags/data/n3v/flame_steak/motion_priors/masks/cam00_0086.png,/leonardo_work/EUHPC_D21_034/proj_adags/data/n3v/flame_steak/flow/cam00_0086.npz,3,0.18559207022190094,0.3116227984428406,0.26268357038497925,0.41024354100227356,0.3793518543243408,0.04687044024467468,0.061202339828014374,0.6830117702484131,0.6708856821060181,0.6966259479522705,0.05532894656062126,flame_steak_depth_312_cam00_0086
240,"[240, 176, 336, 272]",0.9454179406166077,1.0,0.9563343524932861,flame_steak,cam00,cam00_0240,240,/leonardo_work/EUHPC_D21_034/proj_adags/repo/adags/refine-logs/depth_occlusion_support/r031_da3_depth_full/depth_npz/flame_steak/cam00_0240.npz,/leonardo_work/EUHPC_D21_034/proj_adags/data/n3v/flame_steak/motion_priors/masks/cam00_0240.png,/leonardo_work/EUHPC_D21_034/proj_adags/data/n3v/flame_steak/flow/cam00_0240.npz,1,0.18318864703178406,0.45708131790161133,0.28657403588294983,0.44013160467147827,0.3617868423461914,0.02138405479490757,0.03702893108129501,0.8589218258857727,0.6544384360313416,0.7136246562004089,0.042896490544080734,flame_steak_depth_313_cam00_0240
13,"[224, 192, 320, 288]",0.9453303217887878,1.0,0.9562642574310303,flame_steak,cam00,cam00_0055,55,/leonardo_work/EUHPC_D21_034/proj_adags/repo/adags/refine-logs/depth_occlusion_support/r031_da3_depth_full/depth_npz/flame_steak/cam00_0055.npz,/leonardo_work/EUHPC_D21_034/proj_adags/data/n3v/flame_steak/motion_priors/masks/cam00_0055.png,/leonardo_work/EUHPC_D21_034/proj_adags/data/n3v/flame_steak/flow/cam00_0055.npz,0,0.19434228539466858,0.42501068115234375,0.30042773485183716,0.4669938087463379,0.36242255568504333,0.021795455366373062,0.03131893277168274,0.9020021557807922,0.6744424104690552,0.6895329356193542,0.047518178820610046,flame_steak_depth_314_cam00_0055
91,"[400, 208, 496, 304]",0.945235013961792,1.0,0.9561880111694336,flame_steak,cam00,cam00_0027,27,/leonardo_work/EUHPC_D21_034/proj_adags/repo/adags/refine-logs/depth_occlusion_support/r031_da3_depth_full/depth_npz/flame_steak/cam00_0027.npz,/leonardo_work/EUHPC_D21_034/proj_adags/data/n3v/flame_steak/motion_priors/masks/cam00_0027.png,/leonardo_work/EUHPC_D21_034/proj_adags/data/n3v/flame_steak/flow/cam00_0027.npz,0,0.18264691531658173,0.612697184085846,0.28001222014427185,0.4837733507156372,0.36823418736457825,0.0337844155728817,0.037189409136772156,0.7593863606452942,0.6756620407104492,0.6828483939170837,0.0486735999584198,flame_steak_depth_315_cam00_0027
61,"[416, 192, 512, 288]",0.9451975226402283,1.0,0.9561580181121827,flame_steak,cam00,cam00_0152,152,/leonardo_work/EUHPC_D21_034/proj_adags/repo/adags/refine-logs/depth_occlusion_support/r031_da3_depth_full/depth_npz/flame_steak/cam00_0152.npz,/leonardo_work/EUHPC_D21_034/proj_adags/data/n3v/flame_steak/motion_priors/masks/cam00_0152.png,/leonardo_work/EUHPC_D21_034/proj_adags/data/n3v/flame_steak/flow/cam00_0152.npz,2,0.192673459649086,0.2574561834335327,0.2951411008834839,0.4313771724700928,0.37564539909362793,0.03406743332743645,0.04936802014708519,0.8578714728355408,0.6687586903572083,0.7121716141700745,0.04804337024688721,flame_steak_depth_316_cam00_0152
126,"[368, 128, 464, 224]",0.9451742172241211,1.0,0.9561393737792969,flame_steak,cam00,cam00_0085,85,/leonardo_work/EUHPC_D21_034/proj_adags/repo/adags/refine-logs/depth_occlusion_support/r031_da3_depth_full/depth_npz/flame_steak/cam00_0085.npz,/leonardo_work/EUHPC_D21_034/proj_adags/data/n3v/flame_steak/motion_priors/masks/cam00_0085.png,/leonardo_work/EUHPC_D21_034/proj_adags/data/n3v/flame_steak/flow/cam00_0085.npz,3,0.15648822486400604,0.3977954089641571,0.2612777054309845,0.3794560730457306,0.37670376896858215,0.04587549343705177,0.05321650579571724,0.7149288654327393,0.6713262796401978,0.6964129209518433,0.05595042183995247,flame_steak_depth_317_cam00_0085
47,"[224, 192, 320, 288]",0.9450531005859375,1.0,0.95604248046875,flame_steak,cam00,cam00_0063,63,/leonardo_work/EUHPC_D21_034/proj_adags/repo/adags/refine-logs/depth_occlusion_support/r031_da3_depth_full/depth_npz/flame_steak/cam00_0063.npz,/leonardo_work/EUHPC_D21_034/proj_adags/data/n3v/flame_steak/motion_priors/masks/cam00_0063.png,/leonardo_work/EUHPC_D21_034/proj_adags/data/n3v/flame_steak/flow/cam00_0063.npz,1,0.16328927874565125,0.5667737126350403,0.3135916292667389,0.4454286992549896,0.3789520561695099,0.04657283425331116,0.052930571138858795,0.621768593788147,0.6719565391540527,0.6886109113693237,0.054757069796323776,flame_steak_depth_318_cam00_0063
35,"[256, 128, 352, 224]",0.9450526833534241,1.0,0.9560421466827393,flame_steak,cam00,cam00_0064,64,/leonardo_work/EUHPC_D21_034/proj_adags/repo/adags/refine-logs/depth_occlusion_support/r031_da3_depth_full/depth_npz/flame_steak/cam00_0064.npz,/leonardo_work/EUHPC_D21_034/proj_adags/data/n3v/flame_steak/motion_priors/masks/cam00_0064.png,/leonardo_work/EUHPC_D21_034/proj_adags/data/n3v/flame_steak/flow/cam00_0064.npz,1,0.16493667662143707,0.34221184253692627,0.3211919963359833,0.4833635985851288,0.37358009815216064,0.04581422358751297,0.041075825691223145,0.6342244148254395,0.6718777418136597,0.6882987022399902,0.05351411551237106,flame_steak_depth_319_cam00_0064
116,"[416, 224, 512, 320]",0.9450488090515137,1.0,0.956039047241211,flame_steak,cam00,cam00_0046,46,/leonardo_work/EUHPC_D21_034/proj_adags/repo/adags/refine-logs/depth_occlusion_support/r031_da3_depth_full/depth_npz/flame_steak/cam00_0046.npz,/leonardo_work/EUHPC_D21_034/proj_adags/data/n3v/flame_steak/motion_priors/masks/cam00_0046.png,/leonardo_work/EUHPC_D21_034/proj_adags/data/n3v/flame_steak/flow/cam00_0046.npz,2,0.19625680148601532,0.28532740473747253,0.3184569180011749,0.434155136346817,0.36860114336013794,0.03462763875722885,0.03832440450787544,0.7325519919395447,0.6742848753929138,0.6865130662918091,0.04644737020134926,flame_steak_depth_320_cam00_0046
173,"[272, 176, 368, 272]",0.9449812769889832,1.0,0.9559850215911865,flame_steak,cam00,cam00_0152,152,/leonardo_work/EUHPC_D21_034/proj_adags/repo/adags/refine-logs/depth_occlusion_support/r031_da3_depth_full/depth_npz/flame_steak/cam00_0152.npz,/leonardo_work/EUHPC_D21_034/proj_adags/data/n3v/flame_steak/motion_priors/masks/cam00_0152.png,/leonardo_work/EUHPC_D21_034/proj_adags/data/n3v/flame_steak/flow/cam00_0152.npz,3,0.192673459649086,0.2574561834335327,0.2951411008834839,0.4313771724700928,0.37564539909362793,0.03406743332743645,0.04936802014708519,0.8578714728355408,0.6687586903572083,0.7121716141700745,0.04804337024688721,flame_steak_depth_321_cam00_0152
8,"[224, 192, 320, 288]",0.9448832273483276,1.0,0.9559065818786621,flame_steak,cam00,cam00_0180,180,/leonardo_work/EUHPC_D21_034/proj_adags/repo/adags/refine-logs/depth_occlusion_support/r031_da3_depth_full/depth_npz/flame_steak/cam00_0180.npz,/leonardo_work/EUHPC_D21_034/proj_adags/data/n3v/flame_steak/motion_priors/masks/cam00_0180.png,/leonardo_work/EUHPC_D21_034/proj_adags/data/n3v/flame_steak/flow/cam00_0180.npz,0,0.1639859676361084,0.3607243001461029,0.29020434617996216,0.44230833649635315,0.382246196269989,0.05846550688147545,0.062427785247564316,0.5684937238693237,0.657049834728241,0.7087870240211487,0.05288388580083847,flame_steak_depth_322_cam00_0180
69,"[256, 128, 352, 224]",0.9448273181915283,1.0,0.9558618545532227,flame_steak,cam00,cam00_0184,184,/leonardo_work/EUHPC_D21_034/proj_adags/repo/adags/refine-logs/depth_occlusion_support/r031_da3_depth_full/depth_npz/flame_steak/cam00_0184.npz,/leonardo_work/EUHPC_D21_034/proj_adags/data/n3v/flame_steak/motion_priors/masks/cam00_0184.png,/leonardo_work/EUHPC_D21_034/proj_adags/data/n3v/flame_steak/flow/cam00_0184.npz,3,0.19264376163482666,0.3372859060764313,0.2987726628780365,0.46117785573005676,0.38572439551353455,0.05923578888177872,0.06964917480945587,0.5664775967597961,0.6561599373817444,0.7074915766716003,0.05876019597053528,flame_steak_depth_323_cam00_0184
102,"[416, 160, 512, 256]",0.9448129534721375,1.0,0.95585036277771,flame_steak,cam00,cam00_0164,164,/leonardo_work/EUHPC_D21_034/proj_adags/repo/adags/refine-logs/depth_occlusion_support/r031_da3_depth_full/depth_npz/flame_steak/cam00_0164.npz,/leonardo_work/EUHPC_D21_034/proj_adags/data/n3v/flame_steak/motion_priors/masks/cam00_0164.png,/leonardo_work/EUHPC_D21_034/proj_adags/data/n3v/flame_steak/flow/cam00_0164.npz,1,0.1881607323884964,0.43418088555336,0.32493358850479126,0.4425770342350006,0.365212619304657,0.029127715155482292,0.03377274423837662,0.6756445169448853,0.6655608415603638,0.708956241607666,0.048332225531339645,flame_steak_depth_324_cam00_0164
44,"[400, 144, 496, 240]",0.944562554359436,1.0,0.9556500434875488,flame_steak,cam00,cam00_0083,83,/leonardo_work/EUHPC_D21_034/proj_adags/repo/adags/refine-logs/depth_occlusion_support/r031_da3_depth_full/depth_npz/flame_steak/cam00_0083.npz,/leonardo_work/EUHPC_D21_034/proj_adags/data/n3v/flame_steak/motion_priors/masks/cam00_0083.png,/leonardo_work/EUHPC_D21_034/proj_adags/data/n3v/flame_steak/flow/cam00_0083.npz,2,0.16037239134311676,0.4262978732585907,0.29024016857147217,0.4749250113964081,0.3743137717247009,0.04343918710947037,0.05139000713825226,0.7628730535507202,0.6708623766899109,0.695167064666748,0.05466661974787712,flame_steak_depth_325_cam00_0083
59,"[416, 208, 512, 304]",0.9444864392280579,1.0,0.9555891513824464,flame_steak,cam00,cam00_0057,57,/leonardo_work/EUHPC_D21_034/proj_adags/repo/adags/refine-logs/depth_occlusion_support/r031_da3_depth_full/depth_npz/flame_steak/cam00_0057.npz,/leonardo_work/EUHPC_D21_034/proj_adags/data/n3v/flame_steak/motion_priors/masks/cam00_0057.png,/leonardo_work/EUHPC_D21_034/proj_adags/data/n3v/flame_steak/flow/cam00_0057.npz,2,0.1927277147769928,0.4304001033306122,0.29434025287628174,0.44313618540763855,0.3671272099018097,0.030647853389382362,0.03480853885412216,0.8892720937728882,0.6735379099845886,0.6889931559562683,0.051261626183986664,flame_steak_depth_326_cam00_0057
56,"[384, 160, 480, 256]",0.9443098902702332,1.0,0.9554479122161865,flame_steak,cam00,cam00_0036,36,/leonardo_work/EUHPC_D21_034/proj_adags/repo/adags/refine-logs/depth_occlusion_support/r031_da3_depth_full/depth_npz/flame_steak/cam00_0036.npz,/leonardo_work/EUHPC_D21_034/proj_adags/data/n3v/flame_steak/motion_priors/masks/cam00_0036.png,/leonardo_work/EUHPC_D21_034/proj_adags/data/n3v/flame_steak/flow/cam00_0036.npz,3,0.18351073563098907,0.25631141662597656,0.2756507992744446,0.44861510396003723,0.37645184993743896,0.04792957752943039,0.04652614891529083,0.18648973107337952,0.6754636168479919,0.6851009130477905,0.05534353479743004,flame_steak_depth_327_cam00_0036
68,"[416, 240, 512, 336]",0.9441777467727661,1.0,0.955342197418213,flame_steak,cam00,cam00_0078,78,/leonardo_work/EUHPC_D21_034/proj_adags/repo/adags/refine-logs/depth_occlusion_support/r031_da3_depth_full/depth_npz/flame_steak/cam00_0078.npz,/leonardo_work/EUHPC_D21_034/proj_adags/data/n3v/flame_steak/motion_priors/masks/cam00_0078.png,/leonardo_work/EUHPC_D21_034/proj_adags/data/n3v/flame_steak/flow/cam00_0078.npz,0,0.18095383048057556,0.645263135433197,0.275734543800354,0.4368193447589874,0.3715391457080841,0.040381405502557755,0.04398772120475769,0.655888557434082,0.6718339920043945,0.6936819553375244,0.05081521347165108,flame_steak_depth_328_cam00_0078
69,"[224, 192, 320, 288]",0.9441760778427124,1.0,0.9553408622741699,flame_steak,cam00,cam00_0035,35,/leonardo_work/EUHPC_D21_034/proj_adags/repo/adags/refine-logs/depth_occlusion_support/r031_da3_depth_full/depth_npz/flame_steak/cam00_0035.npz,/leonardo_work/EUHPC_D21_034/proj_adags/data/n3v/flame_steak/motion_priors/masks/cam00_0035.png,/leonardo_work/EUHPC_D21_034/proj_adags/data/n3v/flame_steak/flow/cam00_0035.npz,3,0.1857271045446396,0.478598952293396,0.26359236240386963,0.42346712946891785,0.3749478757381439,0.048626914620399475,0.03786048665642738,0.8193807601928711,0.6755686402320862,0.6850075125694275,0.05149504542350769,flame_steak_depth_329_cam00_0035
16,"[432, 208, 528, 304]",0.9441710710525513,1.0,0.9553368568420411,flame_steak,cam00,cam00_0168,168,/leonardo_work/EUHPC_D21_034/proj_adags/repo/adags/refine-logs/depth_occlusion_support/r031_da3_depth_full/depth_npz/flame_steak/cam00_0168.npz,/leonardo_work/EUHPC_D21_034/proj_adags/data/n3v/flame_steak/motion_priors/masks/cam00_0168.png,/leonardo_work/EUHPC_D21_034/proj_adags/data/n3v/flame_steak/flow/cam00_0168.npz,0,0.19050194323062897,0.45745357871055603,0.3132050037384033,0.4314316511154175,0.3768371343612671,0.04486595839262009,0.049977824091911316,0.4807808995246887,0.6646184325218201,0.7115734815597534,0.05444778874516487,flame_steak_depth_330_cam00_0168
94,"[224, 192, 320, 288]",0.9441133141517639,1.0,0.9552906513214112,flame_steak,cam00,cam00_0079,79,/leonardo_work/EUHPC_D21_034/proj_adags/repo/adags/refine-logs/depth_occlusion_support/r031_da3_depth_full/depth_npz/flame_steak/cam00_0079.npz,/leonardo_work/EUHPC_D21_034/proj_adags/data/n3v/flame_steak/motion_priors/masks/cam00_0079.png,/leonardo_work/EUHPC_D21_034/proj_adags/data/n3v/flame_steak/flow/cam00_0079.npz,3,0.17988261580467224,0.41675254702568054,0.28948941826820374,0.44255051016807556,0.37301144003868103,0.041557252407073975,0.048644423484802246,0.6382975578308105,0.6719915270805359,0.6947323083877563,0.048402249813079834,flame_steak_depth_331_cam00_0079
37,"[416, 192, 512, 288]",0.9440736770629883,1.0,0.9552589416503907,flame_steak,cam00,cam00_0150,150,/leonardo_work/EUHPC_D21_034/proj_adags/repo/adags/refine-logs/depth_occlusion_support/r031_da3_depth_full/depth_npz/flame_steak/cam00_0150.npz,/leonardo_work/EUHPC_D21_034/proj_adags/data/n3v/flame_steak/motion_priors/masks/cam00_0150.png,/leonardo_work/EUHPC_D21_034/proj_adags/data/n3v/flame_steak/flow/cam00_0150.npz,2,0.1913621574640274,0.35956767201423645,0.3083498179912567,0.4747697710990906,0.37106582522392273,0.028395364060997963,0.0483614020049572,0.8327351808547974,0.6687178611755371,0.7110044956207275,0.048063792288303375,flame_steak_depth_332_cam00_0150
209,"[240, 160, 336, 256]",0.9440420269966125,1.0,0.9552336215972901,flame_steak,cam00,cam00_0240,240,/leonardo_work/EUHPC_D21_034/proj_adags/repo/adags/refine-logs/depth_occlusion_support/r031_da3_depth_full/depth_npz/flame_steak/cam00_0240.npz,/leonardo_work/EUHPC_D21_034/proj_adags/data/n3v/flame_steak/motion_priors/masks/cam00_0240.png,/leonardo_work/EUHPC_D21_034/proj_adags/data/n3v/flame_steak/flow/cam00_0240.npz,2,0.18318864703178406,0.45708131790161133,0.28657403588294983,0.44013160467147827,0.3617868423461914,0.02138405479490757,0.03702893108129501,0.8589218258857727,0.6544384360313416,0.7136246562004089,0.042896490544080734,flame_steak_depth_333_cam00_0240
32,"[416, 144, 512, 240]",0.9438636898994446,1.0,0.9550909519195556,flame_steak,cam00,cam00_0165,165,/leonardo_work/EUHPC_D21_034/proj_adags/repo/adags/refine-logs/depth_occlusion_support/r031_da3_depth_full/depth_npz/flame_steak/cam00_0165.npz,/leonardo_work/EUHPC_D21_034/proj_adags/data/n3v/flame_steak/motion_priors/masks/cam00_0165.png,/leonardo_work/EUHPC_D21_034/proj_adags/data/n3v/flame_steak/flow/cam00_0165.npz,0,0.1886380910873413,0.4033774435520172,0.32368308305740356,0.4451617896556854,0.3673599064350128,0.031129278242588043,0.0405418798327446,0.6271634697914124,0.6646797060966492,0.709577739238739,0.04467339068651199,flame_steak_depth_334_cam00_0165
112,"[256, 144, 352, 240]",0.9435945153236389,1.0,0.9548756122589113,flame_steak,cam00,cam00_0078,78,/leonardo_work/EUHPC_D21_034/proj_adags/repo/adags/refine-logs/depth_occlusion_support/r031_da3_depth_full/depth_npz/flame_steak/cam00_0078.npz,/leonardo_work/EUHPC_D21_034/proj_adags/data/n3v/flame_steak/motion_priors/masks/cam00_0078.png,/leonardo_work/EUHPC_D21_034/proj_adags/data/n3v/flame_steak/flow/cam00_0078.npz,1,0.18095383048057556,0.645263135433197,0.275734543800354,0.4368193447589874,0.3715391457080841,0.040381405502557755,0.04398772120475769,0.655888557434082,0.6718339920043945,0.6936819553375244,0.05081521347165108,flame_steak_depth_335_cam00_0078
24,"[240, 128, 336, 224]",0.9434412121772766,1.0,0.9547529697418213,flame_steak,cam00,cam00_0188,188,/leonardo_work/EUHPC_D21_034/proj_adags/repo/adags/refine-logs/depth_occlusion_support/r031_da3_depth_full/depth_npz/flame_steak/cam00_0188.npz,/leonardo_work/EUHPC_D21_034/proj_adags/data/n3v/flame_steak/motion_priors/masks/cam00_0188.png,/leonardo_work/EUHPC_D21_034/proj_adags/data/n3v/flame_steak/flow/cam00_0188.npz,1,0.18616905808448792,0.391458660364151,0.3128766715526581,0.463411420583725,0.3831668794155121,0.05939042568206787,0.06372325867414474,0.6947877407073975,0.6579747200012207,0.7084952592849731,0.05992437154054642,flame_steak_depth_336_cam00_0188
14,"[368, 176, 464, 272]",0.9433500170707703,1.0,0.9546800136566163,flame_steak,cam00,cam00_0202,202,/leonardo_work/EUHPC_D21_034/proj_adags/repo/adags/refine-logs/depth_occlusion_support/r031_da3_depth_full/depth_npz/flame_steak/cam00_0202.npz,/leonardo_work/EUHPC_D21_034/proj_adags/data/n3v/flame_steak/motion_priors/masks/cam00_0202.png,/leonardo_work/EUHPC_D21_034/proj_adags/data/n3v/flame_steak/flow/cam00_0202.npz,1,0.19071438908576965,0.29343751072883606,0.3203781247138977,0.44006988406181335,0.3684651255607605,0.02944283001124859,0.042584292590618134,0.8829202055931091,0.6537352800369263,0.715874195098877,0.044209469109773636,flame_steak_depth_337_cam00_0202
67,"[384, 128, 480, 224]",0.9431703686714172,1.0,0.9545362949371339,flame_steak,cam00,cam00_0089,89,/leonardo_work/EUHPC_D21_034/proj_adags/repo/adags/refine-logs/depth_occlusion_support/r031_da3_depth_full/depth_npz/flame_steak/cam00_0089.npz,/leonardo_work/EUHPC_D21_034/proj_adags/data/n3v/flame_steak/motion_priors/masks/cam00_0089.png,/leonardo_work/EUHPC_D21_034/proj_adags/data/n3v/flame_steak/flow/cam00_0089.npz,2,0.1926937699317932,0.4011584222316742,0.2655658423900604,0.5229192972183228,0.37772780656814575,0.044367026537656784,0.05557403340935707,0.7148996591567993,0.6712416410446167,0.6992518901824951,0.05509844422340393,flame_steak_depth_338_cam00_0089
81,"[416, 240, 512, 336]",0.9431572556495667,1.0,0.9545258045196534,flame_steak,cam00,cam00_0223,223,/leonardo_work/EUHPC_D21_034/proj_adags/repo/adags/refine-logs/depth_occlusion_support/r031_da3_depth_full/depth_npz/flame_steak/cam00_0223.npz,/leonardo_work/EUHPC_D21_034/proj_adags/data/n3v/flame_steak/motion_priors/masks/cam00_0223.png,/leonardo_work/EUHPC_D21_034/proj_adags/data/n3v/flame_steak/flow/cam00_0223.npz,3,0.18084877729415894,0.5118760466575623,0.26718249917030334,0.4553059935569763,0.3599717617034912,0.028757162392139435,0.024065449833869934,0.9046251773834229,0.6525710821151733,0.7149989008903503,0.046806249767541885,flame_steak_depth_339_cam00_0223
70,"[208, 224, 304, 320]",0.9431182742118835,1.0,0.954494619369507,flame_steak,cam00,cam00_0048,48,/leonardo_work/EUHPC_D21_034/proj_adags/repo/adags/refine-logs/depth_occlusion_support/r031_da3_depth_full/depth_npz/flame_steak/cam00_0048.npz,/leonardo_work/EUHPC_D21_034/proj_adags/data/n3v/flame_steak/motion_priors/masks/cam00_0048.png,/leonardo_work/EUHPC_D21_034/proj_adags/data/n3v/flame_steak/flow/cam00_0048.npz,0,0.19120730459690094,0.37817031145095825,0.3226471245288849,0.46037355065345764,0.36335766315460205,0.023207636550068855,0.03875622898340225,0.7732980847358704,0.6746291518211365,0.6873796582221985,0.04475800320506096,flame_steak_depth_340_cam00_0048
150,"[368, 128, 464, 224]",0.9430922269821167,1.0,0.9544737815856934,flame_steak,cam00,cam00_0089,89,/leonardo_work/EUHPC_D21_034/proj_adags/repo/adags/refine-logs/depth_occlusion_support/r031_da3_depth_full/depth_npz/flame_steak/cam00_0089.npz,/leonardo_work/EUHPC_D21_034/proj_adags/data/n3v/flame_steak/motion_priors/masks/cam00_0089.png,/leonardo_work/EUHPC_D21_034/proj_adags/data/n3v/flame_steak/flow/cam00_0089.npz,3,0.1926937699317932,0.4011584222316742,0.2655658423900604,0.5229192972183228,0.37772780656814575,0.044367026537656784,0.05557403340935707,0.7148996591567993,0.6712416410446167,0.6992518901824951,0.05509844422340393,flame_steak_depth_341_cam00_0089
70,"[240, 192, 336, 288]",0.943085789680481,1.0,0.9544686317443849,flame_steak,cam00,cam00_0155,155,/leonardo_work/EUHPC_D21_034/proj_adags/repo/adags/refine-logs/depth_occlusion_support/r031_da3_depth_full/depth_npz/flame_steak/cam00_0155.npz,/leonardo_work/EUHPC_D21_034/proj_adags/data/n3v/flame_steak/motion_priors/masks/cam00_0155.png,/leonardo_work/EUHPC_D21_034/proj_adags/data/n3v/flame_steak/flow/cam00_0155.npz,1,0.1877191662788391,0.41771548986434937,0.29417866468429565,0.4386695623397827,0.37340617179870605,0.03732654079794884,0.03827480226755142,0.8907864093780518,0.6683764457702637,0.711249589920044,0.05019957199692726,flame_steak_depth_342_cam00_0155
29,"[368, 128, 464, 224]",0.9430650472640991,1.0,0.9544520378112793,flame_steak,cam00,cam00_0242,242,/leonardo_work/EUHPC_D21_034/proj_adags/repo/adags/refine-logs/depth_occlusion_support/r031_da3_depth_full/depth_npz/flame_steak/cam00_0242.npz,/leonardo_work/EUHPC_D21_034/proj_adags/data/n3v/flame_steak/motion_priors/masks/cam00_0242.png,/leonardo_work/EUHPC_D21_034/proj_adags/data/n3v/flame_steak/flow/cam00_0242.npz,0,0.18634670972824097,0.25959500670433044,0.2826007604598999,0.473885715007782,0.3586973249912262,0.015215970575809479,0.03819602355360985,0.30046215653419495,0.6547127366065979,0.7126880288124084,0.04219623655080795,flame_steak_depth_343_cam00_0242
13,"[256, 176, 352, 272]",0.9429347515106201,1.0,0.954347801208496,flame_steak,cam00,cam00_0171,171,/leonardo_work/EUHPC_D21_034/proj_adags/repo/adags/refine-logs/depth_occlusion_support/r031_da3_depth_full/depth_npz/flame_steak/cam00_0171.npz,/leonardo_work/EUHPC_D21_034/proj_adags/data/n3v/flame_steak/motion_priors/masks/cam00_0171.png,/leonardo_work/EUHPC_D21_034/proj_adags/data/n3v/flame_steak/flow/cam00_0171.npz,0,0.1892300397157669,0.45627787709236145,0.29288551211357117,0.4484902620315552,0.37905481457710266,0.05923578888177872,0.04326412454247475,0.6019076108932495,0.661659836769104,0.7103042602539062,0.060373704880476,flame_steak_depth_344_cam00_0171
57,"[368, 128, 464, 224]",0.9429115653038025,1.0,0.954329252243042,flame_steak,cam00,cam00_0032,32,/leonardo_work/EUHPC_D21_034/proj_adags/repo/adags/refine-logs/depth_occlusion_support/r031_da3_depth_full/depth_npz/flame_steak/cam00_0032.npz,/leonardo_work/EUHPC_D21_034/proj_adags/data/n3v/flame_steak/motion_priors/masks/cam00_0032.png,/leonardo_work/EUHPC_D21_034/proj_adags/data/n3v/flame_steak/flow/cam00_0032.npz,3,0.16528941690921783,0.4078041613101959,0.2922765016555786,0.4492524266242981,0.375512957572937,0.047544438391923904,0.043339986354112625,0.2016356736421585,0.6752739548683167,0.6849200129508972,0.05126454308629036,flame_steak_depth_345_cam00_0032
45,"[224, 192, 320, 288]",0.9428940415382385,1.0,0.9543152332305909,flame_steak,cam00,cam00_0042,42,/leonardo_work/EUHPC_D21_034/proj_adags/repo/adags/refine-logs/depth_occlusion_support/r031_da3_depth_full/depth_npz/flame_steak/cam00_0042.npz,/leonardo_work/EUHPC_D21_034/proj_adags/data/n3v/flame_steak/motion_priors/masks/cam00_0042.png,/leonardo_work/EUHPC_D21_034/proj_adags/data/n3v/flame_steak/flow/cam00_0042.npz,3,0.19611488282680511,0.3593577444553375,0.3251476287841797,0.4622306525707245,0.3740745186805725,0.04728475958108902,0.04143470525741577,0.739081859588623,0.6748800873756409,0.6866268515586853,0.0507364347577095,flame_steak_depth_346_cam00_0042
90,"[400, 208, 496, 304]",0.9428126811981201,1.0,0.9542501449584961,flame_steak,cam00,cam00_0211,211,/leonardo_work/EUHPC_D21_034/proj_adags/repo/adags/refine-logs/depth_occlusion_support/r031_da3_depth_full/depth_npz/flame_steak/cam00_0211.npz,/leonardo_work/EUHPC_D21_034/proj_adags/data/n3v/flame_steak/motion_priors/masks/cam00_0211.png,/leonardo_work/EUHPC_D21_034/proj_adags/data/n3v/flame_steak/flow/cam00_0211.npz,0,0.19487117230892181,0.40427345037460327,0.2970227897167206,0.4594475328922272,0.3745785355567932,0.047144707292318344,0.05059930309653282,0.8054602146148682,0.6516257524490356,0.7121337056159973,0.051343321800231934,flame_steak_depth_347_cam00_0211
111,"[240, 144, 336, 240]",0.9427226781845093,1.0,0.9541781425476075,flame_steak,cam00,cam00_0240,240,/leonardo_work/EUHPC_D21_034/proj_adags/repo/adags/refine-logs/depth_occlusion_support/r031_da3_depth_full/depth_npz/flame_steak/cam00_0240.npz,/leonardo_work/EUHPC_D21_034/proj_adags/data/n3v/flame_steak/motion_priors/masks/cam00_0240.png,/leonardo_work/EUHPC_D21_034/proj_adags/data/n3v/flame_steak/flow/cam00_0240.npz,3,0.18318864703178406,0.45708131790161133,0.28657403588294983,0.44013160467147827,0.3617868423461914,0.02138405479490757,0.03702893108129501,0.8589218258857727,0.6544384360313416,0.7136246562004089,0.042896490544080734,flame_steak_depth_348_cam00_0240
39,"[240, 144, 336, 240]",0.9426548480987549,1.0,0.954123878479004,flame_steak,cam00,cam00_0232,232,/leonardo_work/EUHPC_D21_034/proj_adags/repo/adags/refine-logs/depth_occlusion_support/r031_da3_depth_full/depth_npz/flame_steak/cam00_0232.npz,/leonardo_work/EUHPC_D21_034/proj_adags/data/n3v/flame_steak/motion_priors/masks/cam00_0232.png,/leonardo_work/EUHPC_D21_034/proj_adags/data/n3v/flame_steak/flow/cam00_0232.npz,3,0.18975047767162323,0.31923815608024597,0.29495081305503845,0.4416895806789398,0.36828455328941345,0.035882264375686646,0.03837108984589577,0.8572441339492798,0.6533414125442505,0.7142577767372131,0.04512563720345497,flame_steak_depth_349_cam00_0232
40,"[240, 128, 336, 224]",0.9426392316818237,1.0,0.954111385345459,flame_steak,cam00,cam00_0209,209,/leonardo_work/EUHPC_D21_034/proj_adags/repo/adags/refine-logs/depth_occlusion_support/r031_da3_depth_full/depth_npz/flame_steak/cam00_0209.npz,/leonardo_work/EUHPC_D21_034/proj_adags/data/n3v/flame_steak/motion_priors/masks/cam00_0209.png,/leonardo_work/EUHPC_D21_034/proj_adags/data/n3v/flame_steak/flow/cam00_0209.npz,3,0.19067369401454926,0.47959762811660767,0.3105735778808594,0.4508763551712036,0.3730359673500061,0.04470256716012955,0.044647131115198135,0.5815097689628601,0.6525973677635193,0.7138405442237854,0.05337114632129669,flame_steak_depth_350_cam00_0209
19,"[416, 160, 512, 256]",0.9426025748252869,1.0,0.9540820598602295,flame_steak,cam00,cam00_0150,150,/leonardo_work/EUHPC_D21_034/proj_adags/repo/adags/refine-logs/depth_occlusion_support/r031_da3_depth_full/depth_npz/flame_steak/cam00_0150.npz,/leonardo_work/EUHPC_D21_034/proj_adags/data/n3v/flame_steak/motion_priors/masks/cam00_0150.png,/leonardo_work/EUHPC_D21_034/proj_adags/data/n3v/flame_steak/flow/cam00_0150.npz,3,0.1913621574640274,0.35956767201423645,0.3083498179912567,0.4747697710990906,0.37106582522392273,0.028395364060997963,0.0483614020049572,0.8327351808547974,0.6687178611755371,0.7110044956207275,0.048063792288303375,flame_steak_depth_351_cam00_0150
69,"[384, 128, 480, 224]",0.9425168037414551,1.0,0.9540134429931642,flame_steak,cam00,cam00_0176,176,/leonardo_work/EUHPC_D21_034/proj_adags/repo/adags/refine-logs/depth_occlusion_support/r031_da3_depth_full/depth_npz/flame_steak/cam00_0176.npz,/leonardo_work/EUHPC_D21_034/proj_adags/data/n3v/flame_steak/motion_priors/masks/cam00_0176.png,/leonardo_work/EUHPC_D21_034/proj_adags/data/n3v/flame_steak/flow/cam00_0176.npz,1,0.19683781266212463,0.29539787769317627,0.3009326457977295,0.4486168622970581,0.38196253776550293,0.05485043674707413,0.06834494322538376,0.4417474865913391,0.6574349403381348,0.7083523273468018,0.04991071671247482,flame_steak_depth_352_cam00_0176
177,"[208, 224, 304, 320]",0.9423215985298157,1.0,0.9538572788238526,flame_steak,cam00,cam00_0106,106,/leonardo_work/EUHPC_D21_034/proj_adags/repo/adags/refine-logs/depth_occlusion_support/r031_da3_depth_full/depth_npz/flame_steak/cam00_0106.npz,/leonardo_work/EUHPC_D21_034/proj_adags/data/n3v/flame_steak/motion_priors/masks/cam00_0106.png,/leonardo_work/EUHPC_D21_034/proj_adags/data/n3v/flame_steak/flow/cam00_0106.npz,0,0.19658401608467102,0.3326663672924042,0.3049662411212921,0.44482332468032837,0.3711864650249481,0.031371451914310455,0.04628981277346611,0.7506856918334961,0.6710841059684753,0.7044863104820251,0.047950003296136856,flame_steak_depth_353_cam00_0106
70,"[416, 224, 512, 320]",0.9423141479492188,1.0,0.9538513183593751,flame_steak,cam00,cam00_0040,40,/leonardo_work/EUHPC_D21_034/proj_adags/repo/adags/refine-logs/depth_occlusion_support/r031_da3_depth_full/depth_npz/flame_steak/cam00_0040.npz,/leonardo_work/EUHPC_D21_034/proj_adags/data/n3v/flame_steak/motion_priors/masks/cam00_0040.png,/leonardo_work/EUHPC_D21_034/proj_adags/data/n3v/flame_steak/flow/cam00_0040.npz,1,0.16568788886070251,0.31341320276260376,0.3174019157886505,0.4459739923477173,0.37506064772605896,0.04707759991288185,0.04235962778329849,0.8267626166343689,0.6757203936576843,0.6856610774993896,0.049983661621809006,flame_steak_depth_354_cam00_0040
59,"[432, 240, 528, 336]",0.9423085451126099,1.0,0.953846836090088,flame_steak,cam00,cam00_0176,176,/leonardo_work/EUHPC_D21_034/proj_adags/repo/adags/refine-logs/depth_occlusion_support/r031_da3_depth_full/depth_npz/flame_steak/cam00_0176.npz,/leonardo_work/EUHPC_D21_034/proj_adags/data/n3v/flame_steak/motion_priors/masks/cam00_0176.png,/leonardo_work/EUHPC_D21_034/proj_adags/data/n3v/flame_steak/flow/cam00_0176.npz,2,0.19683781266212463,0.29539787769317627,0.3009326457977295,0.4486168622970581,0.38196253776550293,0.05485043674707413,0.06834494322538376,0.4417474865913391,0.6574349403381348,0.7083523273468018,0.04991071671247482,flame_steak_depth_355_cam00_0176
76,"[208, 208, 304, 304]",0.9421502351760864,1.0,0.9537201881408692,flame_steak,cam00,cam00_0004,4,/leonardo_work/EUHPC_D21_034/proj_adags/repo/adags/refine-logs/depth_occlusion_support/r031_da3_depth_full/depth_npz/flame_steak/cam00_0004.npz,/leonardo_work/EUHPC_D21_034/proj_adags/data/n3v/flame_steak/motion_priors/masks/cam00_0004.png,/leonardo_work/EUHPC_D21_034/proj_adags/data/n3v/flame_steak/flow/cam00_0004.npz,2,0.18852850794792175,0.2828035056591034,0.31327542662620544,0.4538824260234833,0.3651256263256073,0.02404794469475746,0.03819894418120384,0.8812074661254883,0.6838958859443665,0.6751076579093933,0.04741021990776062,flame_steak_depth_356_cam00_0004
161,"[384, 176, 480, 272]",0.9421457648277283,1.0,0.9537166118621827,flame_steak,cam00,cam00_0074,74,/leonardo_work/EUHPC_D21_034/proj_adags/repo/adags/refine-logs/depth_occlusion_support/r031_da3_depth_full/depth_npz/flame_steak/cam00_0074.npz,/leonardo_work/EUHPC_D21_034/proj_adags/data/n3v/flame_steak/motion_priors/masks/cam00_0074.png,/leonardo_work/EUHPC_D21_034/proj_adags/data/n3v/flame_steak/flow/cam00_0074.npz,2,0.19164222478866577,0.26564353704452515,0.2954075038433075,0.4796712398529053,0.37041375041007996,0.03393905609846115,0.046768318861722946,0.6379678845405579,0.6735379099845886,0.6930487751960754,0.0492979921400547,flame_steak_depth_357_cam00_0074
54,"[416, 208, 512, 304]",0.9420794248580933,1.0,0.9536635398864746,flame_steak,cam00,cam00_0182,182,/leonardo_work/EUHPC_D21_034/proj_adags/repo/adags/refine-logs/depth_occlusion_support/r031_da3_depth_full/depth_npz/flame_steak/cam00_0182.npz,/leonardo_work/EUHPC_D21_034/proj_adags/data/n3v/flame_steak/motion_priors/masks/cam00_0182.png,/leonardo_work/EUHPC_D21_034/proj_adags/data/n3v/flame_steak/flow/cam00_0182.npz,1,0.16468435525894165,0.4958805739879608,0.3070763349533081,0.43747657537460327,0.3823447823524475,0.05897319316864014,0.06647176295518875,0.5960779786109924,0.6580505967140198,0.707301914691925,0.05895860493183136,flame_steak_depth_358_cam00_0182
274,"[400, 176, 496, 272]",0.9420530200004578,1.0,0.9536424160003663,flame_steak,cam00,cam00_0174,174,/leonardo_work/EUHPC_D21_034/proj_adags/repo/adags/refine-logs/depth_occlusion_support/r031_da3_depth_full/depth_npz/flame_steak/cam00_0174.npz,/leonardo_work/EUHPC_D21_034/proj_adags/data/n3v/flame_steak/motion_priors/masks/cam00_0174.png,/leonardo_work/EUHPC_D21_034/proj_adags/data/n3v/flame_steak/flow/cam00_0174.npz,2,0.19377875328063965,0.3101811707019806,0.3283460736274719,0.4776158034801483,0.3843041956424713,0.05835463106632233,0.06616248190402985,0.4934438467025757,0.6580768823623657,0.7087841033935547,0.05625678226351738,flame_steak_depth_359_cam00_0174
25,"[256, 176, 352, 272]",0.9420068860054016,1.0,0.9536055088043214,flame_steak,cam00,cam00_0153,153,/leonardo_work/EUHPC_D21_034/proj_adags/repo/adags/refine-logs/depth_occlusion_support/r031_da3_depth_full/depth_npz/flame_steak/cam00_0153.npz,/leonardo_work/EUHPC_D21_034/proj_adags/data/n3v/flame_steak/motion_priors/masks/cam00_0153.png,/leonardo_work/EUHPC_D21_034/proj_adags/data/n3v/flame_steak/flow/cam00_0153.npz,2,0.19479991495609283,0.27041709423065186,0.28693580627441406,0.4339907765388489,0.37337660789489746,0.03684511408209801,0.0375395342707634,0.3410974144935608,0.6694852113723755,0.7118244171142578,0.048025861382484436,flame_steak_depth_360_cam00_0153
13,"[256, 128, 352, 224]",1.0,1.0,1.0,sear_steak,cam00,cam00_0088,88,/leonardo_work/EUHPC_D21_034/proj_adags/repo/adags/refine-logs/depth_occlusion_support/r031_da3_depth_full/depth_npz/sear_steak/cam00_0088.npz,/leonardo_work/EUHPC_D21_034/proj_adags/data/n3v/sear_steak/motion_priors/masks/cam00_0088.png,/leonardo_work/EUHPC_D21_034/proj_adags/data/n3v/sear_steak/flow/cam00_0088.npz,0,0.1868228167295456,0.31690773367881775,0.2578025460243225,0.4681386947631836,0.3799409866333008,0.035958126187324524,0.04600679129362106,0.6346504092216492,0.6769516468048096,0.7319538593292236,0.04951682314276695,sear_steak_depth_001_cam00_0088
33,"[224, 192, 320, 288]",0.9856953620910645,1.0,0.9885562896728517,sear_steak,cam00,cam00_0088,88,/leonardo_work/EUHPC_D21_034/proj_adags/repo/adags/refine-logs/depth_occlusion_support/r031_da3_depth_full/depth_npz/sear_steak/cam00_0088.npz,/leonardo_work/EUHPC_D21_034/proj_adags/data/n3v/sear_steak/motion_priors/masks/cam00_0088.png,/leonardo_work/EUHPC_D21_034/proj_adags/data/n3v/sear_steak/flow/cam00_0088.npz,1,0.1868228167295456,0.31690773367881775,0.2578025460243225,0.4681386947631836,0.3799409866333008,0.035958126187324524,0.04600679129362106,0.6346504092216492,0.6769516468048096,0.7319538593292236,0.04951682314276695,sear_steak_depth_002_cam00_0088
28,"[256, 144, 352, 240]",0.9819211959838867,1.0,0.9855369567871095,sear_steak,cam00,cam00_0118,118,/leonardo_work/EUHPC_D21_034/proj_adags/repo/adags/refine-logs/depth_occlusion_support/r031_da3_depth_full/depth_npz/sear_steak/cam00_0118.npz,/leonardo_work/EUHPC_D21_034/proj_adags/data/n3v/sear_steak/motion_priors/masks/cam00_0118.png,/leonardo_work/EUHPC_D21_034/proj_adags/data/n3v/sear_steak/flow/cam00_0118.npz,0,0.18695607781410217,0.38249340653419495,0.2767775356769562,0.4709681570529938,0.3660789132118225,0.005546608008444309,0.03442047908902168,0.9057047367095947,0.6799394488334656,0.7363712787628174,0.04357340559363365,sear_steak_depth_003_cam00_0118
21,"[256, 128, 352, 224]",0.9786895513534546,1.0,0.9829516410827637,sear_steak,cam00,cam00_0089,89,/leonardo_work/EUHPC_D21_034/proj_adags/repo/adags/refine-logs/depth_occlusion_support/r031_da3_depth_full/depth_npz/sear_steak/cam00_0089.npz,/leonardo_work/EUHPC_D21_034/proj_adags/data/n3v/sear_steak/motion_priors/masks/cam00_0089.png,/leonardo_work/EUHPC_D21_034/proj_adags/data/n3v/sear_steak/flow/cam00_0089.npz,0,0.18702121078968048,0.33913350105285645,0.2621091902256012,0.46210992336273193,0.3797813057899475,0.03721858561038971,0.04025886207818985,0.7063244581222534,0.6781654357910156,0.7334097623825073,0.045359056442976,sear_steak_depth_004_cam00_0089
15,"[256, 160, 352, 256]",0.976974368095398,1.0,0.9815794944763183,sear_steak,cam00,cam00_0286,286,/leonardo_work/EUHPC_D21_034/proj_adags/repo/adags/refine-logs/depth_occlusion_support/r031_da3_depth_full/depth_npz/sear_steak/cam00_0286.npz,/leonardo_work/EUHPC_D21_034/proj_adags/data/n3v/sear_steak/motion_priors/masks/cam00_0286.png,/leonardo_work/EUHPC_D21_034/proj_adags/data/n3v/sear_steak/flow/cam00_0286.npz,0,0.16442713141441345,0.5784996151924133,0.2608945965766907,0.4818616807460785,0.3692411184310913,0.028905967250466347,0.047588203102350235,0.6501172780990601,0.683563232421875,0.6906737685203552,0.03489023447036743,sear_steak_depth_005_cam00_0286
43,"[256, 144, 352, 240]",0.9767975807189941,1.0,0.9814380645751954,sear_steak,cam00,cam00_0169,169,/leonardo_work/EUHPC_D21_034/proj_adags/repo/adags/refine-logs/depth_occlusion_support/r031_da3_depth_full/depth_npz/sear_steak/cam00_0169.npz,/leonardo_work/EUHPC_D21_034/proj_adags/data/n3v/sear_steak/motion_priors/masks/cam00_0169.png,/leonardo_work/EUHPC_D21_034/proj_adags/data/n3v/sear_steak/flow/cam00_0169.npz,0,0.18382714688777924,0.5248932838439941,0.2777723968029022,0.46861082315444946,0.3828716278076172,0.03625865280628204,0.04768448695540428,0.7956216335296631,0.6804033517837524,0.7403393983840942,0.0481746681034565,sear_steak_depth_006_cam00_0169
20,"[256, 128, 352, 224]",0.9766525030136108,1.0,0.9813220024108886,sear_steak,cam00,cam00_0108,108,/leonardo_work/EUHPC_D21_034/proj_adags/repo/adags/refine-logs/depth_occlusion_support/r031_da3_depth_full/depth_npz/sear_steak/cam00_0108.npz,/leonardo_work/EUHPC_D21_034/proj_adags/data/n3v/sear_steak/motion_priors/masks/cam00_0108.png,/leonardo_work/EUHPC_D21_034/proj_adags/data/n3v/sear_steak/flow/cam00_0108.npz,0,0.18984518945217133,0.6322229504585266,0.24251040816307068,0.4779391586780548,0.3775719702243805,0.03067411296069622,0.043252453207969666,0.7518994212150574,0.679034948348999,0.7315394878387451,0.048212599009275436,sear_steak_depth_007_cam00_0108
107,"[256, 160, 352, 256]",0.9750334620475769,1.0,0.9800267696380616,sear_steak,cam00,cam00_0169,169,/leonardo_work/EUHPC_D21_034/proj_adags/repo/adags/refine-logs/depth_occlusion_support/r031_da3_depth_full/depth_npz/sear_steak/cam00_0169.npz,/leonardo_work/EUHPC_D21_034/proj_adags/data/n3v/sear_steak/motion_priors/masks/cam00_0169.png,/leonardo_work/EUHPC_D21_034/proj_adags/data/n3v/sear_steak/flow/cam00_0169.npz,1,0.18382714688777924,0.5248932838439941,0.2777723968029022,0.46861082315444946,0.3828716278076172,0.03625865280628204,0.04768448695540428,0.7956216335296631,0.6804033517837524,0.7403393983840942,0.0481746681034565,sear_steak_depth_008_cam00_0169
42,"[256, 144, 352, 240]",0.9746890068054199,1.0,0.979751205444336,sear_steak,cam00,cam00_0115,115,/leonardo_work/EUHPC_D21_034/proj_adags/repo/adags/refine-logs/depth_occlusion_support/r031_da3_depth_full/depth_npz/sear_steak/cam00_0115.npz,/leonardo_work/EUHPC_D21_034/proj_adags/data/n3v/sear_steak/motion_priors/masks/cam00_0115.png,/leonardo_work/EUHPC_D21_034/proj_adags/data/n3v/sear_steak/flow/cam00_0115.npz,0,0.1841588020324707,0.34784621000289917,0.26360705494880676,0.482514351606369,0.37340807914733887,0.018685152754187584,0.038140587508678436,0.8848371505737305,0.6792742013931274,0.7345972657203674,0.04154558107256889,sear_steak_depth_009_cam00_0115
17,"[416, 224, 512, 320]",0.973281979560852,1.0,0.9786255836486817,sear_steak,cam00,cam00_0021,21,/leonardo_work/EUHPC_D21_034/proj_adags/repo/adags/refine-logs/depth_occlusion_support/r031_da3_depth_full/depth_npz/sear_steak/cam00_0021.npz,/leonardo_work/EUHPC_D21_034/proj_adags/data/n3v/sear_steak/motion_priors/masks/cam00_0021.png,/leonardo_work/EUHPC_D21_034/proj_adags/data/n3v/sear_steak/flow/cam00_0021.npz,0,0.18681080639362335,0.3527402877807617,0.27028608322143555,0.4453514814376831,0.3711787462234497,0.022355658933520317,0.041338421404361725,0.8053989410400391,0.6770829558372498,0.7143161296844482,0.04531529173254967,sear_steak_depth_010_cam00_0021
41,"[224, 192, 320, 288]",0.9729848504066467,1.0,0.9783878803253174,sear_steak,cam00,cam00_0092,92,/leonardo_work/EUHPC_D21_034/proj_adags/repo/adags/refine-logs/depth_occlusion_support/r031_da3_depth_full/depth_npz/sear_steak/cam00_0092.npz,/leonardo_work/EUHPC_D21_034/proj_adags/data/n3v/sear_steak/motion_priors/masks/cam00_0092.png,/leonardo_work/EUHPC_D21_034/proj_adags/data/n3v/sear_steak/flow/cam00_0092.npz,0,0.19421075284481049,0.36748048663139343,0.2643825113773346,0.48817428946495056,0.381535142660141,0.0414172001183033,0.04270975664258003,0.8114911913871765,0.677803635597229,0.7333543300628662,0.04831763729453087,sear_steak_depth_011_cam00_0092
106,"[256, 160, 352, 256]",0.9726549983024597,1.0,0.9781239986419679,sear_steak,cam00,cam00_0115,115,/leonardo_work/EUHPC_D21_034/proj_adags/repo/adags/refine-logs/depth_occlusion_support/r031_da3_depth_full/depth_npz/sear_steak/cam00_0115.npz,/leonardo_work/EUHPC_D21_034/proj_adags/data/n3v/sear_steak/motion_priors/masks/cam00_0115.png,/leonardo_work/EUHPC_D21_034/proj_adags/data/n3v/sear_steak/flow/cam00_0115.npz,1,0.1841588020324707,0.34784621000289917,0.26360705494880676,0.482514351606369,0.37340807914733887,0.018685152754187584,0.038140587508678436,0.8848371505737305,0.6792742013931274,0.7345972657203674,0.04154558107256889,sear_steak_depth_012_cam00_0115
47,"[400, 160, 496, 256]",0.9716408848762512,1.0,0.9773127079010011,sear_steak,cam00,cam00_0031,31,/leonardo_work/EUHPC_D21_034/proj_adags/repo/adags/refine-logs/depth_occlusion_support/r031_da3_depth_full/depth_npz/sear_steak/cam00_0031.npz,/leonardo_work/EUHPC_D21_034/proj_adags/data/n3v/sear_steak/motion_priors/masks/cam00_0031.png,/leonardo_work/EUHPC_D21_034/proj_adags/data/n3v/sear_steak/flow/cam00_0031.npz,0,0.19329942762851715,0.40694546699523926,0.27174270153045654,0.5069100260734558,0.3784565031528473,0.03409077599644661,0.05326610803604126,0.599847674369812,0.6777365207672119,0.715349018573761,0.05777692049741745,sear_steak_depth_013_cam00_0031
125,"[256, 160, 352, 256]",0.9705253839492798,1.0,0.976420307159424,sear_steak,cam00,cam00_0114,114,/leonardo_work/EUHPC_D21_034/proj_adags/repo/adags/refine-logs/depth_occlusion_support/r031_da3_depth_full/depth_npz/sear_steak/cam00_0114.npz,/leonardo_work/EUHPC_D21_034/proj_adags/data/n3v/sear_steak/motion_priors/masks/cam00_0114.png,/leonardo_work/EUHPC_D21_034/proj_adags/data/n3v/sear_steak/flow/cam00_0114.npz,0,0.18474963307380676,0.4006904363632202,0.26111987233161926,0.4785482883453369,0.37573671340942383,0.027056125923991203,0.0327194407582283,0.8675845861434937,0.6801465749740601,0.7334885597229004,0.04670704901218414,sear_steak_depth_014_cam00_0114
90,"[256, 160, 352, 256]",0.9704509973526001,1.0,0.9763607978820801,sear_steak,cam00,cam00_0116,116,/leonardo_work/EUHPC_D21_034/proj_adags/repo/adags/refine-logs/depth_occlusion_support/r031_da3_depth_full/depth_npz/sear_steak/cam00_0116.npz,/leonardo_work/EUHPC_D21_034/proj_adags/data/n3v/sear_steak/motion_priors/masks/cam00_0116.png,/leonardo_work/EUHPC_D21_034/proj_adags/data/n3v/sear_steak/flow/cam00_0116.npz,0,0.18594986200332642,0.2936076521873474,0.2824613153934479,0.49348849058151245,0.3678845465183258,0.016362639144062996,0.025185858830809593,0.8869875073432922,0.6790640950202942,0.7358052134513855,0.044580020010471344,sear_steak_depth_015_cam00_0116
32,"[416, 224, 512, 320]",0.970413327217102,1.0,0.9763306617736818,sear_steak,cam00,cam00_0116,116,/leonardo_work/EUHPC_D21_034/proj_adags/repo/adags/refine-logs/depth_occlusion_support/r031_da3_depth_full/depth_npz/sear_steak/cam00_0116.npz,/leonardo_work/EUHPC_D21_034/proj_adags/data/n3v/sear_steak/motion_priors/masks/cam00_0116.png,/leonardo_work/EUHPC_D21_034/proj_adags/data/n3v/sear_steak/flow/cam00_0116.npz,1,0.18594986200332642,0.2936076521873474,0.2824613153934479,0.49348849058151245,0.3678845465183258,0.016362639144062996,0.025185858830809593,0.8869875073432922,0.6790640950202942,0.7358052134513855,0.044580020010471344,sear_steak_depth_016_cam00_0116
31,"[400, 144, 496, 240]",0.9683360457420349,1.0,0.974668836593628,sear_steak,cam00,cam00_0031,31,/leonardo_work/EUHPC_D21_034/proj_adags/repo/adags/refine-logs/depth_occlusion_support/r031_da3_depth_full/depth_npz/sear_steak/cam00_0031.npz,/leonardo_work/EUHPC_D21_034/proj_adags/data/n3v/sear_steak/motion_priors/masks/cam00_0031.png,/leonardo_work/EUHPC_D21_034/proj_adags/data/n3v/sear_steak/flow/cam00_0031.npz,1,0.19329942762851715,0.40694546699523926,0.27174270153045654,0.5069100260734558,0.3784565031528473,0.03409077599644661,0.05326610803604126,0.599847674369812,0.6777365207672119,0.715349018573761,0.05777692049741745,sear_steak_depth_017_cam00_0031
48,"[400, 176, 496, 272]",0.967648983001709,1.0,0.9741191864013672,sear_steak,cam00,cam00_0031,31,/leonardo_work/EUHPC_D21_034/proj_adags/repo/adags/refine-logs/depth_occlusion_support/r031_da3_depth_full/depth_npz/sear_steak/cam00_0031.npz,/leonardo_work/EUHPC_D21_034/proj_adags/data/n3v/sear_steak/motion_priors/masks/cam00_0031.png,/leonardo_work/EUHPC_D21_034/proj_adags/data/n3v/sear_steak/flow/cam00_0031.npz,2,0.19329942762851715,0.40694546699523926,0.27174270153045654,0.5069100260734558,0.3784565031528473,0.03409077599644661,0.05326610803604126,0.599847674369812,0.6777365207672119,0.715349018573761,0.05777692049741745,sear_steak_depth_018_cam00_0031
31,"[416, 224, 512, 320]",0.9676201939582825,1.0,0.9740961551666261,sear_steak,cam00,cam00_0024,24,/leonardo_work/EUHPC_D21_034/proj_adags/repo/adags/refine-logs/depth_occlusion_support/r031_da3_depth_full/depth_npz/sear_steak/cam00_0024.npz,/leonardo_work/EUHPC_D21_034/proj_adags/data/n3v/sear_steak/motion_priors/masks/cam00_0024.png,/leonardo_work/EUHPC_D21_034/proj_adags/data/n3v/sear_steak/flow/cam00_0024.npz,0,0.1872754991054535,0.4400050938129425,0.2630583643913269,0.4843829274177551,0.37033867835998535,0.02698318287730217,0.038435280323028564,0.7810242176055908,0.6766190528869629,0.7143161296844482,0.05006827414035797,sear_steak_depth_019_cam00_0024
137,"[256, 160, 352, 256]",0.9673867225646973,1.0,0.9739093780517578,sear_steak,cam00,cam00_0027,27,/leonardo_work/EUHPC_D21_034/proj_adags/repo/adags/refine-logs/depth_occlusion_support/r031_da3_depth_full/depth_npz/sear_steak/cam00_0027.npz,/leonardo_work/EUHPC_D21_034/proj_adags/data/n3v/sear_steak/motion_priors/masks/cam00_0027.png,/leonardo_work/EUHPC_D21_034/proj_adags/data/n3v/sear_steak/flow/cam00_0027.npz,0,0.19593746960163116,0.4243242144584656,0.28571683168411255,0.4626004099845886,0.3728054165840149,0.025547659024596214,0.041507650166749954,0.8333771228790283,0.6766132116317749,0.714745044708252,0.0504271574318409,sear_steak_depth_020_cam00_0027
34,"[400, 144, 496, 240]",0.9673556089401245,1.0,0.9738844871520997,sear_steak,cam00,cam00_0082,82,/leonardo_work/EUHPC_D21_034/proj_adags/repo/adags/refine-logs/depth_occlusion_support/r031_da3_depth_full/depth_npz/sear_steak/cam00_0082.npz,/leonardo_work/EUHPC_D21_034/proj_adags/data/n3v/sear_steak/motion_priors/masks/cam00_0082.png,/leonardo_work/EUHPC_D21_034/proj_adags/data/n3v/sear_steak/flow/cam00_0082.npz,0,0.19244544208049774,0.2223142385482788,0.2812158763408661,0.43788695335388184,0.37290510535240173,0.018790191039443016,0.04349754378199577,0.5532807111740112,0.676055908203125,0.7321872711181641,0.04312990978360176,sear_steak_depth_021_cam00_0082
53,"[400, 144, 496, 240]",0.9656094312667847,1.0,0.9724875450134278,sear_steak,cam00,cam00_0080,80,/leonardo_work/EUHPC_D21_034/proj_adags/repo/adags/refine-logs/depth_occlusion_support/r031_da3_depth_full/depth_npz/sear_steak/cam00_0080.npz,/leonardo_work/EUHPC_D21_034/proj_adags/data/n3v/sear_steak/motion_priors/masks/cam00_0080.png,/leonardo_work/EUHPC_D21_034/proj_adags/data/n3v/sear_steak/flow/cam00_0080.npz,0,0.188179150223732,0.4699660539627075,0.2792632579803467,0.46619749069213867,0.367820680141449,0.015300584957003593,0.03169240057468414,0.897791862487793,0.6757787466049194,0.7322485446929932,0.03711354732513428,sear_steak_depth_022_cam00_0080
87,"[400, 160, 496, 256]",0.9653375744819641,1.0,0.9722700595855713,sear_steak,cam00,cam00_0080,80,/leonardo_work/EUHPC_D21_034/proj_adags/repo/adags/refine-logs/depth_occlusion_support/r031_da3_depth_full/depth_npz/sear_steak/cam00_0080.npz,/leonardo_work/EUHPC_D21_034/proj_adags/data/n3v/sear_steak/motion_priors/masks/cam00_0080.png,/leonardo_work/EUHPC_D21_034/proj_adags/data/n3v/sear_steak/flow/cam00_0080.npz,1,0.188179150223732,0.4699660539627075,0.2792632579803467,0.46619749069213867,0.367820680141449,0.015300584957003593,0.03169240057468414,0.897791862487793,0.6757787466049194,0.7322485446929932,0.03711354732513428,sear_steak_depth_023_cam00_0080
87,"[400, 176, 496, 272]",0.9653375744819641,1.0,0.9722700595855713,sear_steak,cam00,cam00_0080,80,/leonardo_work/EUHPC_D21_034/proj_adags/repo/adags/refine-logs/depth_occlusion_support/r031_da3_depth_full/depth_npz/sear_steak/cam00_0080.npz,/leonardo_work/EUHPC_D21_034/proj_adags/data/n3v/sear_steak/motion_priors/masks/cam00_0080.png,/leonardo_work/EUHPC_D21_034/proj_adags/data/n3v/sear_steak/flow/cam00_0080.npz,2,0.188179150223732,0.4699660539627075,0.2792632579803467,0.46619749069213867,0.367820680141449,0.015300584957003593,0.03169240057468414,0.897791862487793,0.6757787466049194,0.7322485446929932,0.03711354732513428,sear_steak_depth_024_cam00_0080
36,"[416, 224, 512, 320]",0.9648709893226624,1.0,0.97189679145813,sear_steak,cam00,cam00_0025,25,/leonardo_work/EUHPC_D21_034/proj_adags/repo/adags/refine-logs/depth_occlusion_support/r031_da3_depth_full/depth_npz/sear_steak/cam00_0025.npz,/leonardo_work/EUHPC_D21_034/proj_adags/data/n3v/sear_steak/motion_priors/masks/cam00_0025.png,/leonardo_work/EUHPC_D21_034/proj_adags/data/n3v/sear_steak/flow/cam00_0025.npz,0,0.18930584192276,0.477932333946228,0.2698187232017517,0.4910469055175781,0.37539026141166687,0.029133550822734833,0.04978817328810692,0.7975882291793823,0.6760267615318298,0.7137792706489563,0.052755504846572876,sear_steak_depth_025_cam00_0025
53,"[400, 160, 496, 256]",0.9635707139968872,1.0,0.9708565711975099,sear_steak,cam00,cam00_0082,82,/leonardo_work/EUHPC_D21_034/proj_adags/repo/adags/refine-logs/depth_occlusion_support/r031_da3_depth_full/depth_npz/sear_steak/cam00_0082.npz,/leonardo_work/EUHPC_D21_034/proj_adags/data/n3v/sear_steak/motion_priors/masks/cam00_0082.png,/leonardo_work/EUHPC_D21_034/proj_adags/data/n3v/sear_steak/flow/cam00_0082.npz,1,0.19244544208049774,0.2223142385482788,0.2812158763408661,0.43788695335388184,0.37290510535240173,0.018790191039443016,0.04349754378199577,0.5532807111740112,0.676055908203125,0.7321872711181641,0.04312990978360176,sear_steak_depth_026_cam00_0082
59,"[384, 144, 480, 240]",0.9635643362998962,1.0,0.970851469039917,sear_steak,cam00,cam00_0013,13,/leonardo_work/EUHPC_D21_034/proj_adags/repo/adags/refine-logs/depth_occlusion_support/r031_da3_depth_full/depth_npz/sear_steak/cam00_0013.npz,/leonardo_work/EUHPC_D21_034/proj_adags/data/n3v/sear_steak/motion_priors/masks/cam00_0013.png,/leonardo_work/EUHPC_D21_034/proj_adags/data/n3v/sear_steak/flow/cam00_0013.npz,0,0.19441284239292145,0.43294891715049744,0.2833098769187927,0.5027494430541992,0.3750375807285309,0.03191414847970009,0.045554544776678085,0.80082106590271,0.6758604645729065,0.7147742509841919,0.04847811162471771,sear_steak_depth_027_cam00_0013
37,"[256, 144, 352, 240]",0.9634588360786438,1.0,0.9707670688629151,sear_steak,cam00,cam00_0116,116,/leonardo_work/EUHPC_D21_034/proj_adags/repo/adags/refine-logs/depth_occlusion_support/r031_da3_depth_full/depth_npz/sear_steak/cam00_0116.npz,/leonardo_work/EUHPC_D21_034/proj_adags/data/n3v/sear_steak/motion_priors/masks/cam00_0116.png,/leonardo_work/EUHPC_D21_034/proj_adags/data/n3v/sear_steak/flow/cam00_0116.npz,2,0.18594986200332642,0.2936076521873474,0.2824613153934479,0.49348849058151245,0.3678845465183258,0.016362639144062996,0.025185858830809593,0.8869875073432922,0.6790640950202942,0.7358052134513855,0.044580020010471344,sear_steak_depth_028_cam00_0116
30,"[384, 128, 480, 224]",0.9628763198852539,1.0,0.9703010559082033,sear_steak,cam00,cam00_0021,21,/leonardo_work/EUHPC_D21_034/proj_adags/repo/adags/refine-logs/depth_occlusion_support/r031_da3_depth_full/depth_npz/sear_steak/cam00_0021.npz,/leonardo_work/EUHPC_D21_034/proj_adags/data/n3v/sear_steak/motion_priors/masks/cam00_0021.png,/leonardo_work/EUHPC_D21_034/proj_adags/data/n3v/sear_steak/flow/cam00_0021.npz,1,0.18681080639362335,0.3527402877807617,0.27028608322143555,0.4453514814376831,0.3711787462234497,0.022355658933520317,0.041338421404361725,0.8053989410400391,0.6770829558372498,0.7143161296844482,0.04531529173254967,sear_steak_depth_029_cam00_0021
23,"[384, 128, 480, 224]",0.9628604650497437,1.0,0.970288372039795,sear_steak,cam00,cam00_0089,89,/leonardo_work/EUHPC_D21_034/proj_adags/repo/adags/refine-logs/depth_occlusion_support/r031_da3_depth_full/depth_npz/sear_steak/cam00_0089.npz,/leonardo_work/EUHPC_D21_034/proj_adags/data/n3v/sear_steak/motion_priors/masks/cam00_0089.png,/leonardo_work/EUHPC_D21_034/proj_adags/data/n3v/sear_steak/flow/cam00_0089.npz,1,0.18702121078968048,0.33913350105285645,0.2621091902256012,0.46210992336273193,0.3797813057899475,0.03721858561038971,0.04025886207818985,0.7063244581222534,0.6781654357910156,0.7334097623825073,0.045359056442976,sear_steak_depth_030_cam00_0089
104,"[256, 160, 352, 256]",0.9623128175735474,1.0,0.9698502540588378,sear_steak,cam00,cam00_0204,204,/leonardo_work/EUHPC_D21_034/proj_adags/repo/adags/refine-logs/depth_occlusion_support/r031_da3_depth_full/depth_npz/sear_steak/cam00_0204.npz,/leonardo_work/EUHPC_D21_034/proj_adags/data/n3v/sear_steak/motion_priors/masks/cam00_0204.png,/leonardo_work/EUHPC_D21_034/proj_adags/data/n3v/sear_steak/flow/cam00_0204.npz,0,0.1839064657688141,0.34711968898773193,0.2843501567840576,0.47629544138908386,0.37719106674194336,0.02962956391274929,0.04500892758369446,0.6835982799530029,0.6830205321311951,0.7277785539627075,0.04656407982110977,sear_steak_depth_031_cam00_0204
32,"[224, 192, 320, 288]",0.9619866609573364,1.0,0.9695893287658692,sear_steak,cam00,cam00_0087,87,/leonardo_work/EUHPC_D21_034/proj_adags/repo/adags/refine-logs/depth_occlusion_support/r031_da3_depth_full/depth_npz/sear_steak/cam00_0087.npz,/leonardo_work/EUHPC_D21_034/proj_adags/data/n3v/sear_steak/motion_priors/masks/cam00_0087.png,/leonardo_work/EUHPC_D21_034/proj_adags/data/n3v/sear_steak/flow/cam00_0087.npz,0,0.18795515596866608,0.37748631834983826,0.25682052969932556,0.4695989787578583,0.3816888630390167,0.030770398676395416,0.05643768236041069,0.7192529439926147,0.6768437027931213,0.7335994243621826,0.048615243285894394,sear_steak_depth_032_cam00_0087
33,"[256, 144, 352, 240]",0.9618772268295288,1.0,0.9695017814636231,sear_steak,cam00,cam00_0117,117,/leonardo_work/EUHPC_D21_034/proj_adags/repo/adags/refine-logs/depth_occlusion_support/r031_da3_depth_full/depth_npz/sear_steak/cam00_0117.npz,/leonardo_work/EUHPC_D21_034/proj_adags/data/n3v/sear_steak/motion_priors/masks/cam00_0117.png,/leonardo_work/EUHPC_D21_034/proj_adags/data/n3v/sear_steak/flow/cam00_0117.npz,0,0.18659819662570953,0.536309003829956,0.251212477684021,0.48434704542160034,0.36890196800231934,0.012061902321875095,0.034236662089824677,0.88563072681427,0.679026186466217,0.7358810901641846,0.042820628732442856,sear_steak_depth_033_cam00_0117
55,"[416, 224, 512, 320]",0.9614591598510742,1.0,0.9691673278808595,sear_steak,cam00,cam00_0088,88,/leonardo_work/EUHPC_D21_034/proj_adags/repo/adags/refine-logs/depth_occlusion_support/r031_da3_depth_full/depth_npz/sear_steak/cam00_0088.npz,/leonardo_work/EUHPC_D21_034/proj_adags/data/n3v/sear_steak/motion_priors/masks/cam00_0088.png,/leonardo_work/EUHPC_D21_034/proj_adags/data/n3v/sear_steak/flow/cam00_0088.npz,2,0.1868228167295456,0.31690773367881775,0.2578025460243225,0.4681386947631836,0.3799409866333008,0.035958126187324524,0.04600679129362106,0.6346504092216492,0.6769516468048096,0.7319538593292236,0.04951682314276695,sear_steak_depth_034_cam00_0088
17,"[224, 192, 320, 288]",0.9601852297782898,1.0,0.9681481838226318,sear_steak,cam00,cam00_0086,86,/leonardo_work/EUHPC_D21_034/proj_adags/repo/adags/refine-logs/depth_occlusion_support/r031_da3_depth_full/depth_npz/sear_steak/cam00_0086.npz,/leonardo_work/EUHPC_D21_034/proj_adags/data/n3v/sear_steak/motion_priors/masks/cam00_0086.png,/leonardo_work/EUHPC_D21_034/proj_adags/data/n3v/sear_steak/flow/cam00_0086.npz,0,0.18844380974769592,0.49817636609077454,0.2467859834432602,0.4777679741382599,0.3774168789386749,0.03230220824480057,0.04131216183304787,0.7096448540687561,0.6765606999397278,0.7326920032501221,0.04999533295631409,sear_steak_depth_035_cam00_0086
47,"[384, 128, 480, 224]",0.9601578116416931,1.0,0.9681262493133544,sear_steak,cam00,cam00_0113,113,/leonardo_work/EUHPC_D21_034/proj_adags/repo/adags/refine-logs/depth_occlusion_support/r031_da3_depth_full/depth_npz/sear_steak/cam00_0113.npz,/leonardo_work/EUHPC_D21_034/proj_adags/data/n3v/sear_steak/motion_priors/masks/cam00_0113.png,/leonardo_work/EUHPC_D21_034/proj_adags/data/n3v/sear_steak/flow/cam00_0113.npz,0,0.16151566803455353,0.4807679057121277,0.2721076011657715,0.5000009536743164,0.38016626238822937,0.033005379140377045,0.03634034842252731,0.8903049826622009,0.679469645023346,0.7353267073631287,0.048381827771663666,sear_steak_depth_036_cam00_0113
15,"[384, 144, 480, 240]",0.9588601589202881,1.0,0.9670881271362306,sear_steak,cam00,cam00_0096,96,/leonardo_work/EUHPC_D21_034/proj_adags/repo/adags/refine-logs/depth_occlusion_support/r031_da3_depth_full/depth_npz/sear_steak/cam00_0096.npz,/leonardo_work/EUHPC_D21_034/proj_adags/data/n3v/sear_steak/motion_priors/masks/cam00_0096.png,/leonardo_work/EUHPC_D21_034/proj_adags/data/n3v/sear_steak/flow/cam00_0096.npz,0,0.1942584216594696,0.3378736972808838,0.2644824683666229,0.4996074140071869,0.3794749677181244,0.031403545290231705,0.049627698957920074,0.8456315994262695,0.677806556224823,0.7340633273124695,0.04449540749192238,sear_steak_depth_037_cam00_0096
11,"[256, 128, 352, 224]",0.9586381316184998,1.0,0.9669105052947999,sear_steak,cam00,cam00_0184,184,/leonardo_work/EUHPC_D21_034/proj_adags/repo/adags/refine-logs/depth_occlusion_support/r031_da3_depth_full/depth_npz/sear_steak/cam00_0184.npz,/leonardo_work/EUHPC_D21_034/proj_adags/data/n3v/sear_steak/motion_priors/masks/cam00_0184.png,/leonardo_work/EUHPC_D21_034/proj_adags/data/n3v/sear_steak/flow/cam00_0184.npz,0,0.19429409503936768,0.33510586619377136,0.26271355152130127,0.4908120632171631,0.373105525970459,0.015933731570839882,0.047281842678785324,0.6117870807647705,0.6808059811592102,0.7359540462493896,0.03319503366947174,sear_steak_depth_038_cam00_0184
246,"[256, 176, 352, 272]",0.9586206674575806,1.0,0.9668965339660645,sear_steak,cam00,cam00_0027,27,/leonardo_work/EUHPC_D21_034/proj_adags/repo/adags/refine-logs/depth_occlusion_support/r031_da3_depth_full/depth_npz/sear_steak/cam00_0027.npz,/leonardo_work/EUHPC_D21_034/proj_adags/data/n3v/sear_steak/motion_priors/masks/cam00_0027.png,/leonardo_work/EUHPC_D21_034/proj_adags/data/n3v/sear_steak/flow/cam00_0027.npz,1,0.19593746960163116,0.4243242144584656,0.28571683168411255,0.4626004099845886,0.3728054165840149,0.025547659024596214,0.041507650166749954,0.8333771228790283,0.6766132116317749,0.714745044708252,0.0504271574318409,sear_steak_depth_039_cam00_0027
35,"[256, 128, 352, 224]",0.9585707783699036,1.0,0.966856622695923,sear_steak,cam00,cam00_0106,106,/leonardo_work/EUHPC_D21_034/proj_adags/repo/adags/refine-logs/depth_occlusion_support/r031_da3_depth_full/depth_npz/sear_steak/cam00_0106.npz,/leonardo_work/EUHPC_D21_034/proj_adags/data/n3v/sear_steak/motion_priors/masks/cam00_0106.png,/leonardo_work/EUHPC_D21_034/proj_adags/data/n3v/sear_steak/flow/cam00_0106.npz,0,0.1900932341814041,0.3207952380180359,0.2468702495098114,0.4834716320037842,0.3782748579978943,0.03247435390949249,0.043415848165750504,0.6584065556526184,0.6798840165138245,0.7320122122764587,0.04674205929040909,sear_steak_depth_040_cam00_0106
33,"[384, 128, 480, 224]",0.9584604501724243,1.0,0.9667683601379395,sear_steak,cam00,cam00_0088,88,/leonardo_work/EUHPC_D21_034/proj_adags/repo/adags/refine-logs/depth_occlusion_support/r031_da3_depth_full/depth_npz/sear_steak/cam00_0088.npz,/leonardo_work/EUHPC_D21_034/proj_adags/data/n3v/sear_steak/motion_priors/masks/cam00_0088.png,/leonardo_work/EUHPC_D21_034/proj_adags/data/n3v/sear_steak/flow/cam00_0088.npz,3,0.1868228167295456,0.31690773367881775,0.2578025460243225,0.4681386947631836,0.3799409866333008,0.035958126187324524,0.04600679129362106,0.6346504092216492,0.6769516468048096,0.7319538593292236,0.04951682314276695,sear_steak_depth_041_cam00_0088
83,"[256, 160, 352, 256]",0.958406388759613,1.0,0.9667251110076904,sear_steak,cam00,cam00_0168,168,/leonardo_work/EUHPC_D21_034/proj_adags/repo/adags/refine-logs/depth_occlusion_support/r031_da3_depth_full/depth_npz/sear_steak/cam00_0168.npz,/leonardo_work/EUHPC_D21_034/proj_adags/data/n3v/sear_steak/motion_priors/masks/cam00_0168.png,/leonardo_work/EUHPC_D21_034/proj_adags/data/n3v/sear_steak/flow/cam00_0168.npz,0,0.18398980796337128,0.383574515581131,0.2715962827205658,0.47973188757896423,0.37876826524734497,0.03128683567047119,0.042365461587905884,0.8385064601898193,0.6796680688858032,0.739636242389679,0.04505269601941109,sear_steak_depth_042_cam00_0168
32,"[256, 128, 352, 224]",0.9580833911895752,1.0,0.9664667129516602,sear_steak,cam00,cam00_0090,90,/leonardo_work/EUHPC_D21_034/proj_adags/repo/adags/refine-logs/depth_occlusion_support/r031_da3_depth_full/depth_npz/sear_steak/cam00_0090.npz,/leonardo_work/EUHPC_D21_034/proj_adags/data/n3v/sear_steak/motion_priors/masks/cam00_0090.png,/leonardo_work/EUHPC_D21_034/proj_adags/data/n3v/sear_steak/flow/cam00_0090.npz,0,0.1951419562101364,0.2879156470298767,0.259513258934021,0.4758409857749939,0.3810616433620453,0.03517908975481987,0.04743647947907448,0.7158975601196289,0.6780428886413574,0.7345185279846191,0.0461731031537056,sear_steak_depth_043_cam00_0090
27,"[400, 192, 496, 288]",0.9580631256103516,1.0,0.9664505004882813,sear_steak,cam00,cam00_0019,19,/leonardo_work/EUHPC_D21_034/proj_adags/repo/adags/refine-logs/depth_occlusion_support/r031_da3_depth_full/depth_npz/sear_steak/cam00_0019.npz,/leonardo_work/EUHPC_D21_034/proj_adags/data/n3v/sear_steak/motion_priors/masks/cam00_0019.png,/leonardo_work/EUHPC_D21_034/proj_adags/data/n3v/sear_steak/flow/cam00_0019.npz,0,0.1945791244506836,0.41570016741752625,0.29152947664260864,0.44500043988227844,0.3665623366832733,0.019271617755293846,0.034586790949106216,0.7300252318382263,0.6758779287338257,0.7152585983276367,0.04639485105872154,sear_steak_depth_044_cam00_0019
66,"[384, 160, 480, 256]",0.9579231142997742,1.0,0.9663384914398194,sear_steak,cam00,cam00_0094,94,/leonardo_work/EUHPC_D21_034/proj_adags/repo/adags/refine-logs/depth_occlusion_support/r031_da3_depth_full/depth_npz/sear_steak/cam00_0094.npz,/leonardo_work/EUHPC_D21_034/proj_adags/data/n3v/sear_steak/motion_priors/masks/cam00_0094.png,/leonardo_work/EUHPC_D21_034/proj_adags/data/n3v/sear_steak/flow/cam00_0094.npz,0,0.19454896450042725,0.3272625803947449,0.3176807463169098,0.4834439158439636,0.3823246359825134,0.03656793013215065,0.0444808192551136,0.7368585467338562,0.6784893274307251,0.7342296838760376,0.04521608725190163,sear_steak_depth_045_cam00_0094
66,"[384, 176, 480, 272]",0.9579231142997742,1.0,0.9663384914398194,sear_steak,cam00,cam00_0094,94,/leonardo_work/EUHPC_D21_034/proj_adags/repo/adags/refine-logs/depth_occlusion_support/r031_da3_depth_full/depth_npz/sear_steak/cam00_0094.npz,/leonardo_work/EUHPC_D21_034/proj_adags/data/n3v/sear_steak/motion_priors/masks/cam00_0094.png,/leonardo_work/EUHPC_D21_034/proj_adags/data/n3v/sear_steak/flow/cam00_0094.npz,1,0.19454896450042725,0.3272625803947449,0.3176807463169098,0.4834439158439636,0.3823246359825134,0.03656793013215065,0.0444808192551136,0.7368585467338562,0.6784893274307251,0.7342296838760376,0.04521608725190163,sear_steak_depth_046_cam00_0094
124,"[256, 160, 352, 256]",0.9575534462928772,1.0,0.9660427570343018,sear_steak,cam00,cam00_0028,28,/leonardo_work/EUHPC_D21_034/proj_adags/repo/adags/refine-logs/depth_occlusion_support/r031_da3_depth_full/depth_npz/sear_steak/cam00_0028.npz,/leonardo_work/EUHPC_D21_034/proj_adags/data/n3v/sear_steak/motion_priors/masks/cam00_0028.png,/leonardo_work/EUHPC_D21_034/proj_adags/data/n3v/sear_steak/flow/cam00_0028.npz,0,0.1914295256137848,0.39864957332611084,0.3087818920612335,0.4722931683063507,0.3710686266422272,0.022276880219578743,0.039599452167749405,0.828463613986969,0.6769020557403564,0.7154102921485901,0.054281480610370636,sear_steak_depth_047_cam00_0028
13,"[256, 128, 352, 224]",0.9575082063674927,1.0,0.9660065650939942,sear_steak,cam00,cam00_0021,21,/leonardo_work/EUHPC_D21_034/proj_adags/repo/adags/refine-logs/depth_occlusion_support/r031_da3_depth_full/depth_npz/sear_steak/cam00_0021.npz,/leonardo_work/EUHPC_D21_034/proj_adags/data/n3v/sear_steak/motion_priors/masks/cam00_0021.png,/leonardo_work/EUHPC_D21_034/proj_adags/data/n3v/sear_steak/flow/cam00_0021.npz,2,0.18681080639362335,0.3527402877807617,0.27028608322143555,0.4453514814376831,0.3711787462234497,0.022355658933520317,0.041338421404361725,0.8053989410400391,0.6770829558372498,0.7143161296844482,0.04531529173254967,sear_steak_depth_048_cam00_0021
53,"[256, 144, 352, 240]",0.9570989012718201,1.0,0.965679121017456,sear_steak,cam00,cam00_0114,114,/leonardo_work/EUHPC_D21_034/proj_adags/repo/adags/refine-logs/depth_occlusion_support/r031_da3_depth_full/depth_npz/sear_steak/cam00_0114.npz,/leonardo_work/EUHPC_D21_034/proj_adags/data/n3v/sear_steak/motion_priors/masks/cam00_0114.png,/leonardo_work/EUHPC_D21_034/proj_adags/data/n3v/sear_steak/flow/cam00_0114.npz,1,0.18474963307380676,0.4006904363632202,0.26111987233161926,0.4785482883453369,0.37573671340942383,0.027056125923991203,0.0327194407582283,0.8675845861434937,0.6801465749740601,0.7334885597229004,0.04670704901218414,sear_steak_depth_049_cam00_0114
63,"[208, 208, 304, 304]",0.956947386264801,1.0,0.9655579090118409,sear_steak,cam00,cam00_0232,232,/leonardo_work/EUHPC_D21_034/proj_adags/repo/adags/refine-logs/depth_occlusion_support/r031_da3_depth_full/depth_npz/sear_steak/cam00_0232.npz,/leonardo_work/EUHPC_D21_034/proj_adags/data/n3v/sear_steak/motion_priors/masks/cam00_0232.png,/leonardo_work/EUHPC_D21_034/proj_adags/data/n3v/sear_steak/flow/cam00_0232.npz,0,0.19581648707389832,0.27992957830429077,0.2671085298061371,0.4896447956562042,0.37123462557792664,0.021357795223593712,0.04351213201880455,0.8156431317329407,0.6826149821281433,0.7205309271812439,0.034268759191036224,sear_steak_depth_050_cam00_0232
56,"[368, 128, 464, 224]",0.9569320678710938,1.0,0.965545654296875,sear_steak,cam00,cam00_0004,4,/leonardo_work/EUHPC_D21_034/proj_adags/repo/adags/refine-logs/depth_occlusion_support/r031_da3_depth_full/depth_npz/sear_steak/cam00_0004.npz,/leonardo_work/EUHPC_D21_034/proj_adags/data/n3v/sear_steak/motion_priors/masks/cam00_0004.png,/leonardo_work/EUHPC_D21_034/proj_adags/data/n3v/sear_steak/flow/cam00_0004.npz,0,0.18604716658592224,0.4218392074108124,0.26974642276763916,0.5013957023620605,0.3685586452484131,0.024258021265268326,0.035231608897447586,0.6801086664199829,0.6787168979644775,0.7129331231117249,0.04293442144989967,sear_steak_depth_051_cam00_0004
41,"[384, 128, 480, 224]",0.9566053152084351,1.0,0.9652842521667482,sear_steak,cam00,cam00_0023,23,/leonardo_work/EUHPC_D21_034/proj_adags/repo/adags/refine-logs/depth_occlusion_support/r031_da3_depth_full/depth_npz/sear_steak/cam00_0023.npz,/leonardo_work/EUHPC_D21_034/proj_adags/data/n3v/sear_steak/motion_priors/masks/cam00_0023.png,/leonardo_work/EUHPC_D21_034/proj_adags/data/n3v/sear_steak/flow/cam00_0023.npz,0,0.1957581788301468,0.30874985456466675,0.2819468080997467,0.4381859302520752,0.3760809004306793,0.025378430262207985,0.0541151687502861,0.6229327917098999,0.6769049763679504,0.7147654891014099,0.04839057847857475,sear_steak_depth_052_cam00_0023
43,"[384, 144, 480, 240]",0.9563831686973572,1.0,0.9651065349578858,sear_steak,cam00,cam00_0094,94,/leonardo_work/EUHPC_D21_034/proj_adags/repo/adags/refine-logs/depth_occlusion_support/r031_da3_depth_full/depth_npz/sear_steak/cam00_0094.npz,/leonardo_work/EUHPC_D21_034/proj_adags/data/n3v/sear_steak/motion_priors/masks/cam00_0094.png,/leonardo_work/EUHPC_D21_034/proj_adags/data/n3v/sear_steak/flow/cam00_0094.npz,2,0.19454896450042725,0.3272625803947449,0.3176807463169098,0.4834439158439636,0.3823246359825134,0.03656793013215065,0.0444808192551136,0.7368585467338562,0.6784893274307251,0.7342296838760376,0.04521608725190163,sear_steak_depth_053_cam00_0094
40,"[400, 144, 496, 240]",0.9562987089157104,1.0,0.9650389671325683,sear_steak,cam00,cam00_0032,32,/leonardo_work/EUHPC_D21_034/proj_adags/repo/adags/refine-logs/depth_occlusion_support/r031_da3_depth_full/depth_npz/sear_steak/cam00_0032.npz,/leonardo_work/EUHPC_D21_034/proj_adags/data/n3v/sear_steak/motion_priors/masks/cam00_0032.png,/leonardo_work/EUHPC_D21_034/proj_adags/data/n3v/sear_steak/flow/cam00_0032.npz,0,0.19144997000694275,0.3276047110557556,0.2776096761226654,0.5027502179145813,0.3760506808757782,0.03587350994348526,0.04677123948931694,0.592970609664917,0.6776139736175537,0.7140535712242126,0.059781402349472046,sear_steak_depth_054_cam00_0032
42,"[224, 192, 320, 288]",0.9562250971794128,1.0,0.9649800777435302,sear_steak,cam00,cam00_0090,90,/leonardo_work/EUHPC_D21_034/proj_adags/repo/adags/refine-logs/depth_occlusion_support/r031_da3_depth_full/depth_npz/sear_steak/cam00_0090.npz,/leonardo_work/EUHPC_D21_034/proj_adags/data/n3v/sear_steak/motion_priors/masks/cam00_0090.png,/leonardo_work/EUHPC_D21_034/proj_adags/data/n3v/sear_steak/flow/cam00_0090.npz,1,0.1951419562101364,0.2879156470298767,0.259513258934021,0.4758409857749939,0.3810616433620453,0.03517908975481987,0.04743647947907448,0.7158975601196289,0.6780428886413574,0.7345185279846191,0.0461731031537056,sear_steak_depth_055_cam00_0090
26,"[256, 128, 352, 224]",0.9560359120368958,1.0,0.9648287296295166,sear_steak,cam00,cam00_0018,18,/leonardo_work/EUHPC_D21_034/proj_adags/repo/adags/refine-logs/depth_occlusion_support/r031_da3_depth_full/depth_npz/sear_steak/cam00_0018.npz,/leonardo_work/EUHPC_D21_034/proj_adags/data/n3v/sear_steak/motion_priors/masks/cam00_0018.png,/leonardo_work/EUHPC_D21_034/proj_adags/data/n3v/sear_steak/flow/cam00_0018.npz,0,0.1921416074037552,0.2386356145143509,0.2948393225669861,0.4551142454147339,0.37145549058914185,0.020785920321941376,0.04829137772321701,0.6271226406097412,0.6758925318717957,0.7145641446113586,0.04271850734949112,sear_steak_depth_056_cam00_0018
118,"[416, 240, 512, 336]",0.956010103225708,1.0,0.9648080825805665,sear_steak,cam00,cam00_0116,116,/leonardo_work/EUHPC_D21_034/proj_adags/repo/adags/refine-logs/depth_occlusion_support/r031_da3_depth_full/depth_npz/sear_steak/cam00_0116.npz,/leonardo_work/EUHPC_D21_034/proj_adags/data/n3v/sear_steak/motion_priors/masks/cam00_0116.png,/leonardo_work/EUHPC_D21_034/proj_adags/data/n3v/sear_steak/flow/cam00_0116.npz,3,0.18594986200332642,0.2936076521873474,0.2824613153934479,0.49348849058151245,0.3678845465183258,0.016362639144062996,0.025185858830809593,0.8869875073432922,0.6790640950202942,0.7358052134513855,0.044580020010471344,sear_steak_depth_057_cam00_0116
60,"[256, 144, 352, 240]",0.9559040069580078,1.0,0.9647232055664063,sear_steak,cam00,cam00_0200,200,/leonardo_work/EUHPC_D21_034/proj_adags/repo/adags/refine-logs/depth_occlusion_support/r031_da3_depth_full/depth_npz/sear_steak/cam00_0200.npz,/leonardo_work/EUHPC_D21_034/proj_adags/data/n3v/sear_steak/motion_priors/masks/cam00_0200.png,/leonardo_work/EUHPC_D21_034/proj_adags/data/n3v/sear_steak/flow/cam00_0200.npz,0,0.18579429388046265,0.583288848400116,0.2786162793636322,0.45471179485321045,0.37560415267944336,0.022163089364767075,0.04916961491107941,0.7281578779220581,0.6818097233772278,0.7314023971557617,0.04283521696925163,sear_steak_depth_058_cam00_0200
56,"[272, 128, 368, 224]",0.9558742642402649,1.0,0.964699411392212,sear_steak,cam00,cam00_0205,205,/leonardo_work/EUHPC_D21_034/proj_adags/repo/adags/refine-logs/depth_occlusion_support/r031_da3_depth_full/depth_npz/sear_steak/cam00_0205.npz,/leonardo_work/EUHPC_D21_034/proj_adags/data/n3v/sear_steak/motion_priors/masks/cam00_0205.png,/leonardo_work/EUHPC_D21_034/proj_adags/data/n3v/sear_steak/flow/cam00_0205.npz,0,0.15677912533283234,0.4532203674316406,0.2915663719177246,0.4572674036026001,0.3773862421512604,0.02819112315773964,0.046905454248189926,0.6468639969825745,0.6830117702484131,0.7278135418891907,0.04246758297085762,sear_steak_depth_059_cam00_0205
21,"[256, 128, 352, 224]",0.9558354616165161,1.0,0.964668369293213,sear_steak,cam00,cam00_0019,19,/leonardo_work/EUHPC_D21_034/proj_adags/repo/adags/refine-logs/depth_occlusion_support/r031_da3_depth_full/depth_npz/sear_steak/cam00_0019.npz,/leonardo_work/EUHPC_D21_034/proj_adags/data/n3v/sear_steak/motion_priors/masks/cam00_0019.png,/leonardo_work/EUHPC_D21_034/proj_adags/data/n3v/sear_steak/flow/cam00_0019.npz,1,0.1945791244506836,0.41570016741752625,0.29152947664260864,0.44500043988227844,0.3665623366832733,0.019271617755293846,0.034586790949106216,0.7300252318382263,0.6758779287338257,0.7152585983276367,0.04639485105872154,sear_steak_depth_060_cam00_0019
9,"[192, 224, 288, 320]",0.9557477235794067,1.0,0.9645981788635254,sear_steak,cam00,cam00_0208,208,/leonardo_work/EUHPC_D21_034/proj_adags/repo/adags/refine-logs/depth_occlusion_support/r031_da3_depth_full/depth_npz/sear_steak/cam00_0208.npz,/leonardo_work/EUHPC_D21_034/proj_adags/data/n3v/sear_steak/motion_priors/masks/cam00_0208.png,/leonardo_work/EUHPC_D21_034/proj_adags/data/n3v/sear_steak/flow/cam00_0208.npz,0,0.19032616913318634,0.26677992939949036,0.2573195695877075,0.4712105691432953,0.3735945522785187,0.024934934452176094,0.03659127280116081,0.38561907410621643,0.6830730438232422,0.7276151776313782,0.04095911607146263,sear_steak_depth_061_cam00_0208
36,"[256, 128, 352, 224]",0.9550802707672119,1.0,0.9640642166137696,sear_steak,cam00,cam00_0016,16,/leonardo_work/EUHPC_D21_034/proj_adags/repo/adags/refine-logs/depth_occlusion_support/r031_da3_depth_full/depth_npz/sear_steak/cam00_0016.npz,/leonardo_work/EUHPC_D21_034/proj_adags/data/n3v/sear_steak/motion_priors/masks/cam00_0016.png,/leonardo_work/EUHPC_D21_034/proj_adags/data/n3v/sear_steak/flow/cam00_0016.npz,0,0.19168154895305634,0.288918137550354,0.2414044588804245,0.4740836024284363,0.37112483382225037,0.02252780646085739,0.0445420928299427,0.8156985640525818,0.6763768792152405,0.7146604061126709,0.047118447721004486,sear_steak_depth_062_cam00_0016
63,"[400, 160, 496, 256]",0.9547554850578308,1.0,0.9638043880462648,sear_steak,cam00,cam00_0032,32,/leonardo_work/EUHPC_D21_034/proj_adags/repo/adags/refine-logs/depth_occlusion_support/r031_da3_depth_full/depth_npz/sear_steak/cam00_0032.npz,/leonardo_work/EUHPC_D21_034/proj_adags/data/n3v/sear_steak/motion_priors/masks/cam00_0032.png,/leonardo_work/EUHPC_D21_034/proj_adags/data/n3v/sear_steak/flow/cam00_0032.npz,1,0.19144997000694275,0.3276047110557556,0.2776096761226654,0.5027502179145813,0.3760506808757782,0.03587350994348526,0.04677123948931694,0.592970609664917,0.6776139736175537,0.7140535712242126,0.059781402349472046,sear_steak_depth_063_cam00_0032
63,"[400, 176, 496, 272]",0.9547554850578308,1.0,0.9638043880462648,sear_steak,cam00,cam00_0032,32,/leonardo_work/EUHPC_D21_034/proj_adags/repo/adags/refine-logs/depth_occlusion_support/r031_da3_depth_full/depth_npz/sear_steak/cam00_0032.npz,/leonardo_work/EUHPC_D21_034/proj_adags/data/n3v/sear_steak/motion_priors/masks/cam00_0032.png,/leonardo_work/EUHPC_D21_034/proj_adags/data/n3v/sear_steak/flow/cam00_0032.npz,2,0.19144997000694275,0.3276047110557556,0.2776096761226654,0.5027502179145813,0.3760506808757782,0.03587350994348526,0.04677123948931694,0.592970609664917,0.6776139736175537,0.7140535712242126,0.059781402349472046,sear_steak_depth_064_cam00_0032
317,"[256, 176, 352, 272]",0.9547051787376404,1.0,0.9637641429901123,sear_steak,cam00,cam00_0087,87,/leonardo_work/EUHPC_D21_034/proj_adags/repo/adags/refine-logs/depth_occlusion_support/r031_da3_depth_full/depth_npz/sear_steak/cam00_0087.npz,/leonardo_work/EUHPC_D21_034/proj_adags/data/n3v/sear_steak/motion_priors/masks/cam00_0087.png,/leonardo_work/EUHPC_D21_034/proj_adags/data/n3v/sear_steak/flow/cam00_0087.npz,1,0.18795515596866608,0.37748631834983826,0.25682052969932556,0.4695989787578583,0.3816888630390167,0.030770398676395416,0.05643768236041069,0.7192529439926147,0.6768437027931213,0.7335994243621826,0.048615243285894394,sear_steak_depth_065_cam00_0087
100,"[256, 160, 352, 256]",0.954578697681427,1.0,0.9636629581451417,sear_steak,cam00,cam00_0029,29,/leonardo_work/EUHPC_D21_034/proj_adags/repo/adags/refine-logs/depth_occlusion_support/r031_da3_depth_full/depth_npz/sear_steak/cam00_0029.npz,/leonardo_work/EUHPC_D21_034/proj_adags/data/n3v/sear_steak/motion_priors/masks/cam00_0029.png,/leonardo_work/EUHPC_D21_034/proj_adags/data/n3v/sear_steak/flow/cam00_0029.npz,0,0.1924293488264084,0.40844571590423584,0.2781572639942169,0.46639013290405273,0.3726668357849121,0.027193259447813034,0.04063524678349495,0.3286357820034027,0.6767591238021851,0.7145145535469055,0.0572429783642292,sear_steak_depth_066_cam00_0029
25,"[400, 192, 496, 288]",0.9541904330253601,1.0,0.9633523464202882,sear_steak,cam00,cam00_0016,16,/leonardo_work/EUHPC_D21_034/proj_adags/repo/adags/refine-logs/depth_occlusion_support/r031_da3_depth_full/depth_npz/sear_steak/cam00_0016.npz,/leonardo_work/EUHPC_D21_034/proj_adags/data/n3v/sear_steak/motion_priors/masks/cam00_0016.png,/leonardo_work/EUHPC_D21_034/proj_adags/data/n3v/sear_steak/flow/cam00_0016.npz,1,0.19168154895305634,0.288918137550354,0.2414044588804245,0.4740836024284363,0.37112483382225037,0.02252780646085739,0.0445420928299427,0.8156985640525818,0.6763768792152405,0.7146604061126709,0.047118447721004486,sear_steak_depth_067_cam00_0016
26,"[400, 192, 496, 288]",0.9540567398071289,1.0,0.9632453918457031,sear_steak,cam00,cam00_0015,15,/leonardo_work/EUHPC_D21_034/proj_adags/repo/adags/refine-logs/depth_occlusion_support/r031_da3_depth_full/depth_npz/sear_steak/cam00_0015.npz,/leonardo_work/EUHPC_D21_034/proj_adags/data/n3v/sear_steak/motion_priors/masks/cam00_0015.png,/leonardo_work/EUHPC_D21_034/proj_adags/data/n3v/sear_steak/flow/cam00_0015.npz,0,0.18839862942695618,0.3669922947883606,0.25795575976371765,0.48010891675949097,0.36987733840942383,0.02563227154314518,0.036357853561639786,0.8210788369178772,0.6759158968925476,0.7155911922454834,0.04653490334749222,sear_steak_depth_068_cam00_0015
64,"[256, 128, 352, 224]",0.9539614319801331,1.0,0.9631691455841065,sear_steak,cam00,cam00_0093,93,/leonardo_work/EUHPC_D21_034/proj_adags/repo/adags/refine-logs/depth_occlusion_support/r031_da3_depth_full/depth_npz/sear_steak/cam00_0093.npz,/leonardo_work/EUHPC_D21_034/proj_adags/data/n3v/sear_steak/motion_priors/masks/cam00_0093.png,/leonardo_work/EUHPC_D21_034/proj_adags/data/n3v/sear_steak/flow/cam00_0093.npz,0,0.19317033886909485,0.49271026253700256,0.26835307478904724,0.4981920123100281,0.38646650314331055,0.040655672550201416,0.05495547503232956,0.7508227825164795,0.6780662536621094,0.7347344160079956,0.04782162234187126,sear_steak_depth_069_cam00_0093
30,"[416, 240, 512, 336]",0.9538888931274414,1.0,0.9631111145019531,sear_steak,cam00,cam00_0014,14,/leonardo_work/EUHPC_D21_034/proj_adags/repo/adags/refine-logs/depth_occlusion_support/r031_da3_depth_full/depth_npz/sear_steak/cam00_0014.npz,/leonardo_work/EUHPC_D21_034/proj_adags/data/n3v/sear_steak/motion_priors/masks/cam00_0014.png,/leonardo_work/EUHPC_D21_034/proj_adags/data/n3v/sear_steak/flow/cam00_0014.npz,0,0.1880730539560318,0.46919551491737366,0.2557431757450104,0.47746312618255615,0.37313997745513916,0.0312810018658638,0.040223848074674606,0.8078235983848572,0.6758312582969666,0.7151564359664917,0.04563915729522705,sear_steak_depth_070_cam00_0014
45,"[384, 128, 480, 224]",0.9536994695663452,1.0,0.9629595756530762,sear_steak,cam00,cam00_0026,26,/leonardo_work/EUHPC_D21_034/proj_adags/repo/adags/refine-logs/depth_occlusion_support/r031_da3_depth_full/depth_npz/sear_steak/cam00_0026.npz,/leonardo_work/EUHPC_D21_034/proj_adags/data/n3v/sear_steak/motion_priors/masks/cam00_0026.png,/leonardo_work/EUHPC_D21_034/proj_adags/data/n3v/sear_steak/flow/cam00_0026.npz,0,0.193208247423172,0.37254008650779724,0.2895132303237915,0.4718610346317291,0.37209922075271606,0.026942333206534386,0.03716898337006569,0.8174433708190918,0.6771063208580017,0.7151243686676025,0.05320483818650246,sear_steak_depth_071_cam00_0026
68,"[208, 208, 304, 304]",0.9536837339401245,1.0,0.9629469871520997,sear_steak,cam00,cam00_0281,281,/leonardo_work/EUHPC_D21_034/proj_adags/repo/adags/refine-logs/depth_occlusion_support/r031_da3_depth_full/depth_npz/sear_steak/cam00_0281.npz,/leonardo_work/EUHPC_D21_034/proj_adags/data/n3v/sear_steak/motion_priors/masks/cam00_0281.png,/leonardo_work/EUHPC_D21_034/proj_adags/data/n3v/sear_steak/flow/cam00_0281.npz,0,0.1899995654821396,0.5478977560997009,0.25581493973731995,0.46946054697036743,0.37191540002822876,0.028304914012551308,0.05845966935157776,0.4834272861480713,0.6851884126663208,0.6925936341285706,0.03154359757900238,sear_steak_depth_072_cam00_0281
87,"[384, 160, 480, 256]",0.9535412192344666,1.0,0.9628329753875733,sear_steak,cam00,cam00_0013,13,/leonardo_work/EUHPC_D21_034/proj_adags/repo/adags/refine-logs/depth_occlusion_support/r031_da3_depth_full/depth_npz/sear_steak/cam00_0013.npz,/leonardo_work/EUHPC_D21_034/proj_adags/data/n3v/sear_steak/motion_priors/masks/cam00_0013.png,/leonardo_work/EUHPC_D21_034/proj_adags/data/n3v/sear_steak/flow/cam00_0013.npz,1,0.19441284239292145,0.43294891715049744,0.2833098769187927,0.5027494430541992,0.3750375807285309,0.03191414847970009,0.045554544776678085,0.80082106590271,0.6758604645729065,0.7147742509841919,0.04847811162471771,sear_steak_depth_073_cam00_0013
87,"[384, 176, 480, 272]",0.9535412192344666,1.0,0.9628329753875733,sear_steak,cam00,cam00_0013,13,/leonardo_work/EUHPC_D21_034/proj_adags/repo/adags/refine-logs/depth_occlusion_support/r031_da3_depth_full/depth_npz/sear_steak/cam00_0013.npz,/leonardo_work/EUHPC_D21_034/proj_adags/data/n3v/sear_steak/motion_priors/masks/cam00_0013.png,/leonardo_work/EUHPC_D21_034/proj_adags/data/n3v/sear_steak/flow/cam00_0013.npz,2,0.19441284239292145,0.43294891715049744,0.2833098769187927,0.5027494430541992,0.3750375807285309,0.03191414847970009,0.045554544776678085,0.80082106590271,0.6758604645729065,0.7147742509841919,0.04847811162471771,sear_steak_depth_074_cam00_0013
25,"[384, 128, 480, 224]",0.9535384178161621,1.0,0.9628307342529296,sear_steak,cam00,cam00_0108,108,/leonardo_work/EUHPC_D21_034/proj_adags/repo/adags/refine-logs/depth_occlusion_support/r031_da3_depth_full/depth_npz/sear_steak/cam00_0108.npz,/leonardo_work/EUHPC_D21_034/proj_adags/data/n3v/sear_steak/motion_priors/masks/cam00_0108.png,/leonardo_work/EUHPC_D21_034/proj_adags/data/n3v/sear_steak/flow/cam00_0108.npz,1,0.18984518945217133,0.6322229504585266,0.24251040816307068,0.4779391586780548,0.3775719702243805,0.03067411296069622,0.043252453207969666,0.7518994212150574,0.679034948348999,0.7315394878387451,0.048212599009275436,sear_steak_depth_075_cam00_0108
220,"[256, 176, 352, 272]",0.9534721970558167,1.0,0.9627777576446535,sear_steak,cam00,cam00_0028,28,/leonardo_work/EUHPC_D21_034/proj_adags/repo/adags/refine-logs/depth_occlusion_support/r031_da3_depth_full/depth_npz/sear_steak/cam00_0028.npz,/leonardo_work/EUHPC_D21_034/proj_adags/data/n3v/sear_steak/motion_priors/masks/cam00_0028.png,/leonardo_work/EUHPC_D21_034/proj_adags/data/n3v/sear_steak/flow/cam00_0028.npz,1,0.1914295256137848,0.39864957332611084,0.3087818920612335,0.4722931683063507,0.3710686266422272,0.022276880219578743,0.039599452167749405,0.828463613986969,0.6769020557403564,0.7154102921485901,0.054281480610370636,sear_steak_depth_076_cam00_0028
51,"[256, 144, 352, 240]",0.9533128142356873,1.0,0.9626502513885498,sear_steak,cam00,cam00_0028,28,/leonardo_work/EUHPC_D21_034/proj_adags/repo/adags/refine-logs/depth_occlusion_support/r031_da3_depth_full/depth_npz/sear_steak/cam00_0028.npz,/leonardo_work/EUHPC_D21_034/proj_adags/data/n3v/sear_steak/motion_priors/masks/cam00_0028.png,/leonardo_work/EUHPC_D21_034/proj_adags/data/n3v/sear_steak/flow/cam00_0028.npz,2,0.1914295256137848,0.39864957332611084,0.3087818920612335,0.4722931683063507,0.3710686266422272,0.022276880219578743,0.039599452167749405,0.828463613986969,0.6769020557403564,0.7154102921485901,0.054281480610370636,sear_steak_depth_077_cam00_0028
185,"[256, 176, 352, 272]",0.9531866908073425,1.0,0.9625493526458742,sear_steak,cam00,cam00_0029,29,/leonardo_work/EUHPC_D21_034/proj_adags/repo/adags/refine-logs/depth_occlusion_support/r031_da3_depth_full/depth_npz/sear_steak/cam00_0029.npz,/leonardo_work/EUHPC_D21_034/proj_adags/data/n3v/sear_steak/motion_priors/masks/cam00_0029.png,/leonardo_work/EUHPC_D21_034/proj_adags/data/n3v/sear_steak/flow/cam00_0029.npz,1,0.1924293488264084,0.40844571590423584,0.2781572639942169,0.46639013290405273,0.3726668357849121,0.027193259447813034,0.04063524678349495,0.3286357820034027,0.6767591238021851,0.7145145535469055,0.0572429783642292,sear_steak_depth_078_cam00_0029
53,"[416, 224, 512, 320]",0.9530258774757385,1.0,0.9624207019805908,sear_steak,cam00,cam00_0028,28,/leonardo_work/EUHPC_D21_034/proj_adags/repo/adags/refine-logs/depth_occlusion_support/r031_da3_depth_full/depth_npz/sear_steak/cam00_0028.npz,/leonardo_work/EUHPC_D21_034/proj_adags/data/n3v/sear_steak/motion_priors/masks/cam00_0028.png,/leonardo_work/EUHPC_D21_034/proj_adags/data/n3v/sear_steak/flow/cam00_0028.npz,3,0.1914295256137848,0.39864957332611084,0.3087818920612335,0.4722931683063507,0.3710686266422272,0.022276880219578743,0.039599452167749405,0.828463613986969,0.6769020557403564,0.7154102921485901,0.054281480610370636,sear_steak_depth_079_cam00_0028
61,"[256, 144, 352, 240]",0.9529703259468079,1.0,0.9623762607574464,sear_steak,cam00,cam00_0027,27,/leonardo_work/EUHPC_D21_034/proj_adags/repo/adags/refine-logs/depth_occlusion_support/r031_da3_depth_full/depth_npz/sear_steak/cam00_0027.npz,/leonardo_work/EUHPC_D21_034/proj_adags/data/n3v/sear_steak/motion_priors/masks/cam00_0027.png,/leonardo_work/EUHPC_D21_034/proj_adags/data/n3v/sear_steak/flow/cam00_0027.npz,2,0.19593746960163116,0.4243242144584656,0.28571683168411255,0.4626004099845886,0.3728054165840149,0.025547659024596214,0.041507650166749954,0.8333771228790283,0.6766132116317749,0.714745044708252,0.0504271574318409,sear_steak_depth_080_cam00_0027
129,"[256, 160, 352, 256]",0.952878475189209,1.0,0.9623027801513673,sear_steak,cam00,cam00_0202,202,/leonardo_work/EUHPC_D21_034/proj_adags/repo/adags/refine-logs/depth_occlusion_support/r031_da3_depth_full/depth_npz/sear_steak/cam00_0202.npz,/leonardo_work/EUHPC_D21_034/proj_adags/data/n3v/sear_steak/motion_priors/masks/cam00_0202.png,/leonardo_work/EUHPC_D21_034/proj_adags/data/n3v/sear_steak/flow/cam00_0202.npz,0,0.19274020195007324,0.4804494082927704,0.27043142914772034,0.4851638376712799,0.3792472183704376,0.02774762734770775,0.05258919671177864,0.7547383904457092,0.6833006739616394,0.7299405932426453,0.04522484168410301,sear_steak_depth_081_cam00_0202
42,"[384, 128, 480, 224]",0.9527081251144409,1.0,0.9621665000915527,sear_steak,cam00,cam00_0112,112,/leonardo_work/EUHPC_D21_034/proj_adags/repo/adags/refine-logs/depth_occlusion_support/r031_da3_depth_full/depth_npz/sear_steak/cam00_0112.npz,/leonardo_work/EUHPC_D21_034/proj_adags/data/n3v/sear_steak/motion_priors/masks/cam00_0112.png,/leonardo_work/EUHPC_D21_034/proj_adags/data/n3v/sear_steak/flow/cam00_0112.npz,0,0.1902085542678833,0.3106846809387207,0.26184210181236267,0.4724533259868622,0.38279908895492554,0.035657599568367004,0.04128006845712662,0.8656764030456543,0.6788248419761658,0.7356710433959961,0.05018790066242218,sear_steak_depth_082_cam00_0112
141,"[240, 160, 336, 256]",0.952568531036377,1.0,0.9620548248291017,sear_steak,cam00,cam00_0006,6,/leonardo_work/EUHPC_D21_034/proj_adags/repo/adags/refine-logs/depth_occlusion_support/r031_da3_depth_full/depth_npz/sear_steak/cam00_0006.npz,/leonardo_work/EUHPC_D21_034/proj_adags/data/n3v/sear_steak/motion_priors/masks/cam00_0006.png,/leonardo_work/EUHPC_D21_034/proj_adags/data/n3v/sear_steak/flow/cam00_0006.npz,0,0.18794137239456177,0.3453119397163391,0.27452269196510315,0.45441827178001404,0.3728799819946289,0.02681395411491394,0.04486887529492378,0.8566985130310059,0.678337574005127,0.7139543294906616,0.04485137015581131,sear_steak_depth_083_cam00_0006
43,"[256, 128, 352, 224]",0.9525346159934998,1.0,0.9620276927947999,sear_steak,cam00,cam00_0091,91,/leonardo_work/EUHPC_D21_034/proj_adags/repo/adags/refine-logs/depth_occlusion_support/r031_da3_depth_full/depth_npz/sear_steak/cam00_0091.npz,/leonardo_work/EUHPC_D21_034/proj_adags/data/n3v/sear_steak/motion_priors/masks/cam00_0091.png,/leonardo_work/EUHPC_D21_034/proj_adags/data/n3v/sear_steak/flow/cam00_0091.npz,0,0.19658344984054565,0.3931392729282379,0.25110581517219543,0.45135194063186646,0.38514694571495056,0.036565013229846954,0.05467245727777481,0.7840995192527771,0.678413450717926,0.7344864010810852,0.05139000713825226,sear_steak_depth_084_cam00_0091
46,"[400, 144, 496, 240]",0.9521582126617432,1.0,0.9617265701293947,sear_steak,cam00,cam00_0288,288,/leonardo_work/EUHPC_D21_034/proj_adags/repo/adags/refine-logs/depth_occlusion_support/r031_da3_depth_full/depth_npz/sear_steak/cam00_0288.npz,/leonardo_work/EUHPC_D21_034/proj_adags/data/n3v/sear_steak/motion_priors/masks/cam00_0288.png,/leonardo_work/EUHPC_D21_034/proj_adags/data/n3v/sear_steak/flow/cam00_0288.npz,0,0.19500327110290527,0.31623944640159607,0.2612851560115814,0.4929240345954895,0.3661671280860901,0.02640838921070099,0.03989122807979584,0.6457436084747314,0.6837995648384094,0.6908342242240906,0.031572774052619934,sear_steak_depth_085_cam00_0288
232,"[256, 160, 352, 256]",0.9520926475524902,1.0,0.9616741180419923,sear_steak,cam00,cam00_0176,176,/leonardo_work/EUHPC_D21_034/proj_adags/repo/adags/refine-logs/depth_occlusion_support/r031_da3_depth_full/depth_npz/sear_steak/cam00_0176.npz,/leonardo_work/EUHPC_D21_034/proj_adags/data/n3v/sear_steak/motion_priors/masks/cam00_0176.png,/leonardo_work/EUHPC_D21_034/proj_adags/data/n3v/sear_steak/flow/cam00_0176.npz,0,0.19679366052150726,0.41593724489212036,0.2662810683250427,0.5187265276908875,0.3754581809043884,0.02859085239470005,0.031791605055332184,0.8291580677032471,0.6799102425575256,0.7366572022438049,0.04029679298400879,sear_steak_depth_086_cam00_0176
30,"[256, 144, 352, 240]",0.9520367383956909,1.0,0.9616293907165527,sear_steak,cam00,cam00_0205,205,/leonardo_work/EUHPC_D21_034/proj_adags/repo/adags/refine-logs/depth_occlusion_support/r031_da3_depth_full/depth_npz/sear_steak/cam00_0205.npz,/leonardo_work/EUHPC_D21_034/proj_adags/data/n3v/sear_steak/motion_priors/masks/cam00_0205.png,/leonardo_work/EUHPC_D21_034/proj_adags/data/n3v/sear_steak/flow/cam00_0205.npz,1,0.15677912533283234,0.4532203674316406,0.2915663719177246,0.4572674036026001,0.3773862421512604,0.02819112315773964,0.046905454248189926,0.6468639969825745,0.6830117702484131,0.7278135418891907,0.04246758297085762,sear_steak_depth_087_cam00_0205
38,"[384, 128, 480, 224]",0.9518367648124695,1.0,0.9614694118499756,sear_steak,cam00,cam00_0022,22,/leonardo_work/EUHPC_D21_034/proj_adags/repo/adags/refine-logs/depth_occlusion_support/r031_da3_depth_full/depth_npz/sear_steak/cam00_0022.npz,/leonardo_work/EUHPC_D21_034/proj_adags/data/n3v/sear_steak/motion_priors/masks/cam00_0022.png,/leonardo_work/EUHPC_D21_034/proj_adags/data/n3v/sear_steak/flow/cam00_0022.npz,0,0.1935908943414688,0.41957888007164,0.2859272062778473,0.4384361505508423,0.3715569078922272,0.023651132360100746,0.04078405350446701,0.6494491100311279,0.6764585971832275,0.7145583033561707,0.047068845480680466,sear_steak_depth_088_cam00_0022
101,"[384, 160, 480, 256]",0.9515340924263,1.0,0.9612272739410401,sear_steak,cam00,cam00_0093,93,/leonardo_work/EUHPC_D21_034/proj_adags/repo/adags/refine-logs/depth_occlusion_support/r031_da3_depth_full/depth_npz/sear_steak/cam00_0093.npz,/leonardo_work/EUHPC_D21_034/proj_adags/data/n3v/sear_steak/motion_priors/masks/cam00_0093.png,/leonardo_work/EUHPC_D21_034/proj_adags/data/n3v/sear_steak/flow/cam00_0093.npz,1,0.19317033886909485,0.49271026253700256,0.26835307478904724,0.4981920123100281,0.38646650314331055,0.040655672550201416,0.05495547503232956,0.7508227825164795,0.6780662536621094,0.7347344160079956,0.04782162234187126,sear_steak_depth_089_cam00_0093
101,"[384, 176, 480, 272]",0.9515340924263,1.0,0.9612272739410401,sear_steak,cam00,cam00_0093,93,/leonardo_work/EUHPC_D21_034/proj_adags/repo/adags/refine-logs/depth_occlusion_support/r031_da3_depth_full/depth_npz/sear_steak/cam00_0093.npz,/leonardo_work/EUHPC_D21_034/proj_adags/data/n3v/sear_steak/motion_priors/masks/cam00_0093.png,/leonardo_work/EUHPC_D21_034/proj_adags/data/n3v/sear_steak/flow/cam00_0093.npz,2,0.19317033886909485,0.49271026253700256,0.26835307478904724,0.4981920123100281,0.38646650314331055,0.040655672550201416,0.05495547503232956,0.7508227825164795,0.6780662536621094,0.7347344160079956,0.04782162234187126,sear_steak_depth_090_cam00_0093
148,"[256, 160, 352, 256]",0.950986385345459,1.0,0.9607891082763673,sear_steak,cam00,cam00_0113,113,/leonardo_work/EUHPC_D21_034/proj_adags/repo/adags/refine-logs/depth_occlusion_support/r031_da3_depth_full/depth_npz/sear_steak/cam00_0113.npz,/leonardo_work/EUHPC_D21_034/proj_adags/data/n3v/sear_steak/motion_priors/masks/cam00_0113.png,/leonardo_work/EUHPC_D21_034/proj_adags/data/n3v/sear_steak/flow/cam00_0113.npz,1,0.16151566803455353,0.4807679057121277,0.2721076011657715,0.5000009536743164,0.38016626238822937,0.033005379140377045,0.03634034842252731,0.8903049826622009,0.679469645023346,0.7353267073631287,0.048381827771663666,sear_steak_depth_091_cam00_0113
55,"[256, 144, 352, 240]",0.9508585929870605,1.0,0.9606868743896484,sear_steak,cam00,cam00_0201,201,/leonardo_work/EUHPC_D21_034/proj_adags/repo/adags/refine-logs/depth_occlusion_support/r031_da3_depth_full/depth_npz/sear_steak/cam00_0201.npz,/leonardo_work/EUHPC_D21_034/proj_adags/data/n3v/sear_steak/motion_priors/masks/cam00_0201.png,/leonardo_work/EUHPC_D21_034/proj_adags/data/n3v/sear_steak/flow/cam00_0201.npz,0,0.18509861826896667,0.34203073382377625,0.2530679404735565,0.44307130575180054,0.37765252590179443,0.025109998881816864,0.05332738161087036,0.7404502630233765,0.6827900409698486,0.7300047874450684,0.042263343930244446,sear_steak_depth_092_cam00_0201
92,"[400, 192, 496, 288]",0.9505102634429932,1.0,0.9604082107543945,sear_steak,cam00,cam00_0080,80,/leonardo_work/EUHPC_D21_034/proj_adags/repo/adags/refine-logs/depth_occlusion_support/r031_da3_depth_full/depth_npz/sear_steak/cam00_0080.npz,/leonardo_work/EUHPC_D21_034/proj_adags/data/n3v/sear_steak/motion_priors/masks/cam00_0080.png,/leonardo_work/EUHPC_D21_034/proj_adags/data/n3v/sear_steak/flow/cam00_0080.npz,3,0.188179150223732,0.4699660539627075,0.2792632579803467,0.46619749069213867,0.367820680141449,0.015300584957003593,0.03169240057468414,0.897791862487793,0.6757787466049194,0.7322485446929932,0.03711354732513428,sear_steak_depth_093_cam00_0080
161,"[256, 160, 352, 256]",0.9504762291908264,1.0,0.9603809833526611,sear_steak,cam00,cam00_0086,86,/leonardo_work/EUHPC_D21_034/proj_adags/repo/adags/refine-logs/depth_occlusion_support/r031_da3_depth_full/depth_npz/sear_steak/cam00_0086.npz,/leonardo_work/EUHPC_D21_034/proj_adags/data/n3v/sear_steak/motion_priors/masks/cam00_0086.png,/leonardo_work/EUHPC_D21_034/proj_adags/data/n3v/sear_steak/flow/cam00_0086.npz,1,0.18844380974769592,0.49817636609077454,0.2467859834432602,0.4777679741382599,0.3774168789386749,0.03230220824480057,0.04131216183304787,0.7096448540687561,0.6765606999397278,0.7326920032501221,0.04999533295631409,sear_steak_depth_094_cam00_0086
218,"[256, 160, 352, 256]",0.9503735899925232,1.0,0.9602988719940186,sear_steak,cam00,cam00_0177,177,/leonardo_work/EUHPC_D21_034/proj_adags/repo/adags/refine-logs/depth_occlusion_support/r031_da3_depth_full/depth_npz/sear_steak/cam00_0177.npz,/leonardo_work/EUHPC_D21_034/proj_adags/data/n3v/sear_steak/motion_priors/masks/cam00_0177.png,/leonardo_work/EUHPC_D21_034/proj_adags/data/n3v/sear_steak/flow/cam00_0177.npz,0,0.1975751370191574,0.5099273324012756,0.2843206524848938,0.5041215419769287,0.375851571559906,0.024269692599773407,0.03829522803425789,0.8362189531326294,0.6796184778213501,0.7358285784721375,0.043634675443172455,sear_steak_depth_095_cam00_0177
34,"[384, 128, 480, 224]",0.9503189325332642,1.0,0.9602551460266113,sear_steak,cam00,cam00_0178,178,/leonardo_work/EUHPC_D21_034/proj_adags/repo/adags/refine-logs/depth_occlusion_support/r031_da3_depth_full/depth_npz/sear_steak/cam00_0178.npz,/leonardo_work/EUHPC_D21_034/proj_adags/data/n3v/sear_steak/motion_priors/masks/cam00_0178.png,/leonardo_work/EUHPC_D21_034/proj_adags/data/n3v/sear_steak/flow/cam00_0178.npz,0,0.19695305824279785,0.48104262351989746,0.25377169251441956,0.4739660322666168,0.3701705038547516,0.017932377755641937,0.030577827244997025,0.8728365302085876,0.6796009540557861,0.7370277643203735,0.03433002904057503,sear_steak_depth_096_cam00_0178
84,"[368, 128, 464, 224]",0.9503160119056702,1.0,0.9602528095245362,sear_steak,cam00,cam00_0016,16,/leonardo_work/EUHPC_D21_034/proj_adags/repo/adags/refine-logs/depth_occlusion_support/r031_da3_depth_full/depth_npz/sear_steak/cam00_0016.npz,/leonardo_work/EUHPC_D21_034/proj_adags/data/n3v/sear_steak/motion_priors/masks/cam00_0016.png,/leonardo_work/EUHPC_D21_034/proj_adags/data/n3v/sear_steak/flow/cam00_0016.npz,2,0.19168154895305634,0.288918137550354,0.2414044588804245,0.4740836024284363,0.37112483382225037,0.02252780646085739,0.0445420928299427,0.8156985640525818,0.6763768792152405,0.7146604061126709,0.047118447721004486,sear_steak_depth_097_cam00_0016
20,"[192, 224, 288, 320]",0.9502182006835938,1.0,0.960174560546875,sear_steak,cam00,cam00_0250,250,/leonardo_work/EUHPC_D21_034/proj_adags/repo/adags/refine-logs/depth_occlusion_support/r031_da3_depth_full/depth_npz/sear_steak/cam00_0250.npz,/leonardo_work/EUHPC_D21_034/proj_adags/data/n3v/sear_steak/motion_priors/masks/cam00_0250.png,/leonardo_work/EUHPC_D21_034/proj_adags/data/n3v/sear_steak/flow/cam00_0250.npz,0,0.16406571865081787,0.32043856382369995,0.2542262673377991,0.5013849139213562,0.36746451258659363,0.016800299286842346,0.0396636426448822,0.8622509837150574,0.6821802258491516,0.7131257057189941,0.029031429439783096,sear_steak_depth_098_cam00_0250
57,"[208, 208, 304, 304]",0.9502097964286804,1.0,0.9601678371429443,sear_steak,cam00,cam00_0280,280,/leonardo_work/EUHPC_D21_034/proj_adags/repo/adags/refine-logs/depth_occlusion_support/r031_da3_depth_full/depth_npz/sear_steak/cam00_0280.npz,/leonardo_work/EUHPC_D21_034/proj_adags/data/n3v/sear_steak/motion_priors/masks/cam00_0280.png,/leonardo_work/EUHPC_D21_034/proj_adags/data/n3v/sear_steak/flow/cam00_0280.npz,0,0.1892474889755249,0.27953773736953735,0.24814093112945557,0.470450222492218,0.366916686296463,0.026315022259950638,0.04470256716012955,0.47294095158576965,0.6852409243583679,0.6931275725364685,0.03195791319012642,sear_steak_depth_099_cam00_0280
85,"[384, 144, 480, 240]",0.9501475691795349,1.0,0.9601180553436279,sear_steak,cam00,cam00_0092,92,/leonardo_work/EUHPC_D21_034/proj_adags/repo/adags/refine-logs/depth_occlusion_support/r031_da3_depth_full/depth_npz/sear_steak/cam00_0092.npz,/leonardo_work/EUHPC_D21_034/proj_adags/data/n3v/sear_steak/motion_priors/masks/cam00_0092.png,/leonardo_work/EUHPC_D21_034/proj_adags/data/n3v/sear_steak/flow/cam00_0092.npz,1,0.19421075284481049,0.36748048663139343,0.2643825113773346,0.48817428946495056,0.381535142660141,0.0414172001183033,0.04270975664258003,0.8114911913871765,0.677803635597229,0.7333543300628662,0.04831763729453087,sear_steak_depth_100_cam00_0092
106,"[400, 160, 496, 256]",0.9499324560165405,1.0,0.9599459648132325,sear_steak,cam00,cam00_0210,210,/leonardo_work/EUHPC_D21_034/proj_adags/repo/adags/refine-logs/depth_occlusion_support/r031_da3_depth_full/depth_npz/sear_steak/cam00_0210.npz,/leonardo_work/EUHPC_D21_034/proj_adags/data/n3v/sear_steak/motion_priors/masks/cam00_0210.png,/leonardo_work/EUHPC_D21_034/proj_adags/data/n3v/sear_steak/flow/cam00_0210.npz,0,0.18842646479606628,0.24363583326339722,0.28634002804756165,0.46629050374031067,0.3730871081352234,0.021066023036837578,0.039517756551504135,0.886885404586792,0.6824691295623779,0.7264597415924072,0.04187236726284027,sear_steak_depth_101_cam00_0210
58,"[400, 160, 496, 256]",0.9492723941802979,1.0,0.9594179153442384,sear_steak,cam00,cam00_0283,283,/leonardo_work/EUHPC_D21_034/proj_adags/repo/adags/refine-logs/depth_occlusion_support/r031_da3_depth_full/depth_npz/sear_steak/cam00_0283.npz,/leonardo_work/EUHPC_D21_034/proj_adags/data/n3v/sear_steak/motion_priors/masks/cam00_0283.png,/leonardo_work/EUHPC_D21_034/proj_adags/data/n3v/sear_steak/flow/cam00_0283.npz,0,0.16199001669883728,0.5014272928237915,0.28207331895828247,0.4901222586631775,0.3695523142814636,0.029687918722629547,0.0501120425760746,0.5679131150245667,0.6841205358505249,0.6909567713737488,0.03093087300658226,sear_steak_depth_102_cam00_0283
58,"[400, 176, 496, 272]",0.9492723941802979,1.0,0.9594179153442384,sear_steak,cam00,cam00_0283,283,/leonardo_work/EUHPC_D21_034/proj_adags/repo/adags/refine-logs/depth_occlusion_support/r031_da3_depth_full/depth_npz/sear_steak/cam00_0283.npz,/leonardo_work/EUHPC_D21_034/proj_adags/data/n3v/sear_steak/motion_priors/masks/cam00_0283.png,/leonardo_work/EUHPC_D21_034/proj_adags/data/n3v/sear_steak/flow/cam00_0283.npz,1,0.16199001669883728,0.5014272928237915,0.28207331895828247,0.4901222586631775,0.3695523142814636,0.029687918722629547,0.0501120425760746,0.5679131150245667,0.6841205358505249,0.6909567713737488,0.03093087300658226,sear_steak_depth_103_cam00_0283
245,"[256, 176, 352, 272]",0.9490955471992493,1.0,0.9592764377593994,sear_steak,cam00,cam00_0086,86,/leonardo_work/EUHPC_D21_034/proj_adags/repo/adags/refine-logs/depth_occlusion_support/r031_da3_depth_full/depth_npz/sear_steak/cam00_0086.npz,/leonardo_work/EUHPC_D21_034/proj_adags/data/n3v/sear_steak/motion_priors/masks/cam00_0086.png,/leonardo_work/EUHPC_D21_034/proj_adags/data/n3v/sear_steak/flow/cam00_0086.npz,2,0.18844380974769592,0.49817636609077454,0.2467859834432602,0.4777679741382599,0.3774168789386749,0.03230220824480057,0.04131216183304787,0.7096448540687561,0.6765606999397278,0.7326920032501221,0.04999533295631409,sear_steak_depth_104_cam00_0086
39,"[384, 128, 480, 224]",0.948842465877533,1.0,0.9590739727020263,sear_steak,cam00,cam00_0173,173,/leonardo_work/EUHPC_D21_034/proj_adags/repo/adags/refine-logs/depth_occlusion_support/r031_da3_depth_full/depth_npz/sear_steak/cam00_0173.npz,/leonardo_work/EUHPC_D21_034/proj_adags/data/n3v/sear_steak/motion_priors/masks/cam00_0173.png,/leonardo_work/EUHPC_D21_034/proj_adags/data/n3v/sear_steak/flow/cam00_0173.npz,0,0.193030446767807,0.30346056818962097,0.3096516728401184,0.46840646862983704,0.3823532462120056,0.032912012189626694,0.05203482508659363,0.6397097706794739,0.679029107093811,0.7399717569351196,0.04874070733785629,sear_steak_depth_105_cam00_0173
15,"[416, 224, 512, 320]",0.948839008808136,1.0,0.9590712070465088,sear_steak,cam00,cam00_0095,95,/leonardo_work/EUHPC_D21_034/proj_adags/repo/adags/refine-logs/depth_occlusion_support/r031_da3_depth_full/depth_npz/sear_steak/cam00_0095.npz,/leonardo_work/EUHPC_D21_034/proj_adags/data/n3v/sear_steak/motion_priors/masks/cam00_0095.png,/leonardo_work/EUHPC_D21_034/proj_adags/data/n3v/sear_steak/flow/cam00_0095.npz,0,0.19636310636997223,0.3936954438686371,0.3146805465221405,0.4730803668498993,0.38311171531677246,0.03547378256917,0.051343321800231934,0.8115349411964417,0.6774914264678955,0.7333484888076782,0.0485510528087616,sear_steak_depth_106_cam00_0095
31,"[416, 224, 512, 320]",0.9486916065216064,1.0,0.9589532852172853,sear_steak,cam00,cam00_0092,92,/leonardo_work/EUHPC_D21_034/proj_adags/repo/adags/refine-logs/depth_occlusion_support/r031_da3_depth_full/depth_npz/sear_steak/cam00_0092.npz,/leonardo_work/EUHPC_D21_034/proj_adags/data/n3v/sear_steak/motion_priors/masks/cam00_0092.png,/leonardo_work/EUHPC_D21_034/proj_adags/data/n3v/sear_steak/flow/cam00_0092.npz,2,0.19421075284481049,0.36748048663139343,0.2643825113773346,0.48817428946495056,0.381535142660141,0.0414172001183033,0.04270975664258003,0.8114911913871765,0.677803635597229,0.7333543300628662,0.04831763729453087,sear_steak_depth_107_cam00_0092
27,"[384, 144, 480, 240]",0.9486220479011536,1.0,0.9588976383209229,sear_steak,cam00,cam00_0095,95,/leonardo_work/EUHPC_D21_034/proj_adags/repo/adags/refine-logs/depth_occlusion_support/r031_da3_depth_full/depth_npz/sear_steak/cam00_0095.npz,/leonardo_work/EUHPC_D21_034/proj_adags/data/n3v/sear_steak/motion_priors/masks/cam00_0095.png,/leonardo_work/EUHPC_D21_034/proj_adags/data/n3v/sear_steak/flow/cam00_0095.npz,1,0.19636310636997223,0.3936954438686371,0.3146805465221405,0.4730803668498993,0.38311171531677246,0.03547378256917,0.051343321800231934,0.8115349411964417,0.6774914264678955,0.7333484888076782,0.0485510528087616,sear_steak_depth_108_cam00_0095
139,"[384, 160, 480, 256]",0.9485427737236023,1.0,0.9588342189788819,sear_steak,cam00,cam00_0092,92,/leonardo_work/EUHPC_D21_034/proj_adags/repo/adags/refine-logs/depth_occlusion_support/r031_da3_depth_full/depth_npz/sear_steak/cam00_0092.npz,/leonardo_work/EUHPC_D21_034/proj_adags/data/n3v/sear_steak/motion_priors/masks/cam00_0092.png,/leonardo_work/EUHPC_D21_034/proj_adags/data/n3v/sear_steak/flow/cam00_0092.npz,3,0.19421075284481049,0.36748048663139343,0.2643825113773346,0.48817428946495056,0.381535142660141,0.0414172001183033,0.04270975664258003,0.8114911913871765,0.677803635597229,0.7333543300628662,0.04831763729453087,sear_steak_depth_109_cam00_0092
81,"[256, 160, 352, 256]",0.9484355449676514,1.0,0.9587484359741212,sear_steak,cam00,cam00_0117,117,/leonardo_work/EUHPC_D21_034/proj_adags/repo/adags/refine-logs/depth_occlusion_support/r031_da3_depth_full/depth_npz/sear_steak/cam00_0117.npz,/leonardo_work/EUHPC_D21_034/proj_adags/data/n3v/sear_steak/motion_priors/masks/cam00_0117.png,/leonardo_work/EUHPC_D21_034/proj_adags/data/n3v/sear_steak/flow/cam00_0117.npz,1,0.18659819662570953,0.536309003829956,0.251212477684021,0.48434704542160034,0.36890196800231934,0.012061902321875095,0.034236662089824677,0.88563072681427,0.679026186466217,0.7358810901641846,0.042820628732442856,sear_steak_depth_110_cam00_0117
38,"[384, 128, 480, 224]",0.9483008980751038,1.0,0.9586407184600831,sear_steak,cam00,cam00_0176,176,/leonardo_work/EUHPC_D21_034/proj_adags/repo/adags/refine-logs/depth_occlusion_support/r031_da3_depth_full/depth_npz/sear_steak/cam00_0176.npz,/leonardo_work/EUHPC_D21_034/proj_adags/data/n3v/sear_steak/motion_priors/masks/cam00_0176.png,/leonardo_work/EUHPC_D21_034/proj_adags/data/n3v/sear_steak/flow/cam00_0176.npz,1,0.19679366052150726,0.41593724489212036,0.2662810683250427,0.5187265276908875,0.3754581809043884,0.02859085239470005,0.031791605055332184,0.8291580677032471,0.6799102425575256,0.7366572022438049,0.04029679298400879,sear_steak_depth_111_cam00_0176
56,"[400, 176, 496, 272]",0.948277473449707,1.0,0.9586219787597656,sear_steak,cam00,cam00_0082,82,/leonardo_work/EUHPC_D21_034/proj_adags/repo/adags/refine-logs/depth_occlusion_support/r031_da3_depth_full/depth_npz/sear_steak/cam00_0082.npz,/leonardo_work/EUHPC_D21_034/proj_adags/data/n3v/sear_steak/motion_priors/masks/cam00_0082.png,/leonardo_work/EUHPC_D21_034/proj_adags/data/n3v/sear_steak/flow/cam00_0082.npz,2,0.19244544208049774,0.2223142385482788,0.2812158763408661,0.43788695335388184,0.37290510535240173,0.018790191039443016,0.04349754378199577,0.5532807111740112,0.676055908203125,0.7321872711181641,0.04312990978360176,sear_steak_depth_112_cam00_0082
98,"[192, 240, 288, 336]",0.9480556845664978,1.0,0.9584445476531982,sear_steak,cam00,cam00_0205,205,/leonardo_work/EUHPC_D21_034/proj_adags/repo/adags/refine-logs/depth_occlusion_support/r031_da3_depth_full/depth_npz/sear_steak/cam00_0205.npz,/leonardo_work/EUHPC_D21_034/proj_adags/data/n3v/sear_steak/motion_priors/masks/cam00_0205.png,/leonardo_work/EUHPC_D21_034/proj_adags/data/n3v/sear_steak/flow/cam00_0205.npz,2,0.15677912533283234,0.4532203674316406,0.2915663719177246,0.4572674036026001,0.3773862421512604,0.02819112315773964,0.046905454248189926,0.6468639969825745,0.6830117702484131,0.7278135418891907,0.04246758297085762,sear_steak_depth_113_cam00_0205
221,"[256, 160, 352, 256]",0.9475401639938354,1.0,0.9580321311950684,sear_steak,cam00,cam00_0087,87,/leonardo_work/EUHPC_D21_034/proj_adags/repo/adags/refine-logs/depth_occlusion_support/r031_da3_depth_full/depth_npz/sear_steak/cam00_0087.npz,/leonardo_work/EUHPC_D21_034/proj_adags/data/n3v/sear_steak/motion_priors/masks/cam00_0087.png,/leonardo_work/EUHPC_D21_034/proj_adags/data/n3v/sear_steak/flow/cam00_0087.npz,2,0.18795515596866608,0.37748631834983826,0.25682052969932556,0.4695989787578583,0.3816888630390167,0.030770398676395416,0.05643768236041069,0.7192529439926147,0.6768437027931213,0.7335994243621826,0.048615243285894394,sear_steak_depth_114_cam00_0087
104,"[400, 160, 496, 256]",0.9474054574966431,1.0,0.9579243659973145,sear_steak,cam00,cam00_0288,288,/leonardo_work/EUHPC_D21_034/proj_adags/repo/adags/refine-logs/depth_occlusion_support/r031_da3_depth_full/depth_npz/sear_steak/cam00_0288.npz,/leonardo_work/EUHPC_D21_034/proj_adags/data/n3v/sear_steak/motion_priors/masks/cam00_0288.png,/leonardo_work/EUHPC_D21_034/proj_adags/data/n3v/sear_steak/flow/cam00_0288.npz,1,0.19500327110290527,0.31623944640159607,0.2612851560115814,0.4929240345954895,0.3661671280860901,0.02640838921070099,0.03989122807979584,0.6457436084747314,0.6837995648384094,0.6908342242240906,0.031572774052619934,sear_steak_depth_115_cam00_0288
29,"[384, 128, 480, 224]",0.9471070766448975,1.0,0.9576856613159179,sear_steak,cam00,cam00_0185,185,/leonardo_work/EUHPC_D21_034/proj_adags/repo/adags/refine-logs/depth_occlusion_support/r031_da3_depth_full/depth_npz/sear_steak/cam00_0185.npz,/leonardo_work/EUHPC_D21_034/proj_adags/data/n3v/sear_steak/motion_priors/masks/cam00_0185.png,/leonardo_work/EUHPC_D21_034/proj_adags/data/n3v/sear_steak/flow/cam00_0185.npz,0,0.19640491902828217,0.4893178343772888,0.26796799898147583,0.5030598640441895,0.37632283568382263,0.027286626398563385,0.044159866869449615,0.8101957440376282,0.681328296661377,0.7358723282814026,0.03447591885924339,sear_steak_depth_116_cam00_0185
75,"[208, 208, 304, 304]",0.9466089606285095,1.0,0.9572871685028077,sear_steak,cam00,cam00_0282,282,/leonardo_work/EUHPC_D21_034/proj_adags/repo/adags/refine-logs/depth_occlusion_support/r031_da3_depth_full/depth_npz/sear_steak/cam00_0282.npz,/leonardo_work/EUHPC_D21_034/proj_adags/data/n3v/sear_steak/motion_priors/masks/cam00_0282.png,/leonardo_work/EUHPC_D21_034/proj_adags/data/n3v/sear_steak/flow/cam00_0282.npz,0,0.18902096152305603,0.29554280638694763,0.2686091363430023,0.481594443321228,0.3694728910923004,0.029445746913552284,0.050295859575271606,0.531797468662262,0.6846486330032349,0.6913098096847534,0.03532789647579193,sear_steak_depth_117_cam00_0282
25,"[256, 144, 352, 240]",0.9462285041809082,1.0,0.9569828033447265,sear_steak,cam00,cam00_0030,30,/leonardo_work/EUHPC_D21_034/proj_adags/repo/adags/refine-logs/depth_occlusion_support/r031_da3_depth_full/depth_npz/sear_steak/cam00_0030.npz,/leonardo_work/EUHPC_D21_034/proj_adags/data/n3v/sear_steak/motion_priors/masks/cam00_0030.png,/leonardo_work/EUHPC_D21_034/proj_adags/data/n3v/sear_steak/flow/cam00_0030.npz,0,0.1902131736278534,0.28925445675849915,0.2650502324104309,0.5154457688331604,0.374563068151474,0.03199292719364166,0.04785371571779251,0.6691408753395081,0.6765548586845398,0.7152235507965088,0.05568490922451019,sear_steak_depth_118_cam00_0030
132,"[400, 160, 496, 256]",0.9462090730667114,1.0,0.9569672584533693,sear_steak,cam00,cam00_0212,212,/leonardo_work/EUHPC_D21_034/proj_adags/repo/adags/refine-logs/depth_occlusion_support/r031_da3_depth_full/depth_npz/sear_steak/cam00_0212.npz,/leonardo_work/EUHPC_D21_034/proj_adags/data/n3v/sear_steak/motion_priors/masks/cam00_0212.png,/leonardo_work/EUHPC_D21_034/proj_adags/data/n3v/sear_steak/flow/cam00_0212.npz,0,0.19238713383674622,0.48269233107566833,0.2995033860206604,0.47121119499206543,0.3691399097442627,0.020211126655340195,0.028506238013505936,0.8937974572181702,0.6829447150230408,0.7248228788375854,0.03664379194378853,sear_steak_depth_119_cam00_0212
30,"[256, 128, 352, 224]",0.9460409283638,1.0,0.9568327426910401,sear_steak,cam00,cam00_0107,107,/leonardo_work/EUHPC_D21_034/proj_adags/repo/adags/refine-logs/depth_occlusion_support/r031_da3_depth_full/depth_npz/sear_steak/cam00_0107.npz,/leonardo_work/EUHPC_D21_034/proj_adags/data/n3v/sear_steak/motion_priors/masks/cam00_0107.png,/leonardo_work/EUHPC_D21_034/proj_adags/data/n3v/sear_steak/flow/cam00_0107.npz,0,0.19048167765140533,0.45040956139564514,0.24946659803390503,0.48103049397468567,0.3815244734287262,0.03212130814790726,0.05416477099061012,0.7727524638175964,0.6782471537590027,0.7331121563911438,0.04689669981598854,sear_steak_depth_120_cam00_0107
41,"[384, 128, 480, 224]",0.9459570646286011,1.0,0.9567656517028809,sear_steak,cam00,cam00_0087,87,/leonardo_work/EUHPC_D21_034/proj_adags/repo/adags/refine-logs/depth_occlusion_support/r031_da3_depth_full/depth_npz/sear_steak/cam00_0087.npz,/leonardo_work/EUHPC_D21_034/proj_adags/data/n3v/sear_steak/motion_priors/masks/cam00_0087.png,/leonardo_work/EUHPC_D21_034/proj_adags/data/n3v/sear_steak/flow/cam00_0087.npz,3,0.18795515596866608,0.37748631834983826,0.25682052969932556,0.4695989787578583,0.3816888630390167,0.030770398676395416,0.05643768236041069,0.7192529439926147,0.6768437027931213,0.7335994243621826,0.048615243285894394,sear_steak_depth_121_cam00_0087
39,"[384, 144, 480, 240]",0.9459052681922913,1.0,0.956724214553833,sear_steak,cam00,cam00_0012,12,/leonardo_work/EUHPC_D21_034/proj_adags/repo/adags/refine-logs/depth_occlusion_support/r031_da3_depth_full/depth_npz/sear_steak/cam00_0012.npz,/leonardo_work/EUHPC_D21_034/proj_adags/data/n3v/sear_steak/motion_priors/masks/cam00_0012.png,/leonardo_work/EUHPC_D21_034/proj_adags/data/n3v/sear_steak/flow/cam00_0012.npz,0,0.19103305041790009,0.38584721088409424,0.27707669138908386,0.4938422739505768,0.3759865164756775,0.03339635580778122,0.04356756806373596,0.7706341743469238,0.6763535141944885,0.716559886932373,0.04909083619713783,sear_steak_depth_122_cam00_0012
32,"[384, 128, 480, 224]",0.9458667039871216,1.0,0.9566933631896972,sear_steak,cam00,cam00_0186,186,/leonardo_work/EUHPC_D21_034/proj_adags/repo/adags/refine-logs/depth_occlusion_support/r031_da3_depth_full/depth_npz/sear_steak/cam00_0186.npz,/leonardo_work/EUHPC_D21_034/proj_adags/data/n3v/sear_steak/motion_priors/masks/cam00_0186.png,/leonardo_work/EUHPC_D21_034/proj_adags/data/n3v/sear_steak/flow/cam00_0186.npz,0,0.1871940940618515,0.5643789172172546,0.2589596211910248,0.4547954797744751,0.37804433703422546,0.02914813905954361,0.04184027016162872,0.8616966009140015,0.6812641024589539,0.7357848286628723,0.03833024203777313,sear_steak_depth_123_cam00_0186
63,"[272, 128, 368, 224]",0.9458309412002563,1.0,0.956664752960205,sear_steak,cam00,cam00_0032,32,/leonardo_work/EUHPC_D21_034/proj_adags/repo/adags/refine-logs/depth_occlusion_support/r031_da3_depth_full/depth_npz/sear_steak/cam00_0032.npz,/leonardo_work/EUHPC_D21_034/proj_adags/data/n3v/sear_steak/motion_priors/masks/cam00_0032.png,/leonardo_work/EUHPC_D21_034/proj_adags/data/n3v/sear_steak/flow/cam00_0032.npz,3,0.19144997000694275,0.3276047110557556,0.2776096761226654,0.5027502179145813,0.3760506808757782,0.03587350994348526,0.04677123948931694,0.592970609664917,0.6776139736175537,0.7140535712242126,0.059781402349472046,sear_steak_depth_124_cam00_0032
65,"[384, 144, 480, 240]",0.9455661177635193,1.0,0.9564528942108155,sear_steak,cam00,cam00_0093,93,/leonardo_work/EUHPC_D21_034/proj_adags/repo/adags/refine-logs/depth_occlusion_support/r031_da3_depth_full/depth_npz/sear_steak/cam00_0093.npz,/leonardo_work/EUHPC_D21_034/proj_adags/data/n3v/sear_steak/motion_priors/masks/cam00_0093.png,/leonardo_work/EUHPC_D21_034/proj_adags/data/n3v/sear_steak/flow/cam00_0093.npz,3,0.19317033886909485,0.49271026253700256,0.26835307478904724,0.4981920123100281,0.38646650314331055,0.040655672550201416,0.05495547503232956,0.7508227825164795,0.6780662536621094,0.7347344160079956,0.04782162234187126,sear_steak_depth_125_cam00_0093
53,"[256, 128, 352, 224]",0.9455545544624329,1.0,0.9564436435699464,sear_steak,cam00,cam00_0014,14,/leonardo_work/EUHPC_D21_034/proj_adags/repo/adags/refine-logs/depth_occlusion_support/r031_da3_depth_full/depth_npz/sear_steak/cam00_0014.npz,/leonardo_work/EUHPC_D21_034/proj_adags/data/n3v/sear_steak/motion_priors/masks/cam00_0014.png,/leonardo_work/EUHPC_D21_034/proj_adags/data/n3v/sear_steak/flow/cam00_0014.npz,1,0.1880730539560318,0.46919551491737366,0.2557431757450104,0.47746312618255615,0.37313997745513916,0.0312810018658638,0.040223848074674606,0.8078235983848572,0.6758312582969666,0.7151564359664917,0.04563915729522705,sear_steak_depth_126_cam00_0014
74,"[400, 160, 496, 256]",0.9455217719078064,1.0,0.9564174175262452,sear_steak,cam00,cam00_0285,285,/leonardo_work/EUHPC_D21_034/proj_adags/repo/adags/refine-logs/depth_occlusion_support/r031_da3_depth_full/depth_npz/sear_steak/cam00_0285.npz,/leonardo_work/EUHPC_D21_034/proj_adags/data/n3v/sear_steak/motion_priors/masks/cam00_0285.png,/leonardo_work/EUHPC_D21_034/proj_adags/data/n3v/sear_steak/flow/cam00_0285.npz,0,0.16538016498088837,0.3498236835002899,0.2744898796081543,0.48776358366012573,0.3701511323451996,0.028833024203777313,0.04950806871056557,0.5411458611488342,0.684202253818512,0.6906358599662781,0.034318357706069946,sear_steak_depth_127_cam00_0285
74,"[400, 176, 496, 272]",0.9455217719078064,1.0,0.9564174175262452,sear_steak,cam00,cam00_0285,285,/leonardo_work/EUHPC_D21_034/proj_adags/repo/adags/refine-logs/depth_occlusion_support/r031_da3_depth_full/depth_npz/sear_steak/cam00_0285.npz,/leonardo_work/EUHPC_D21_034/proj_adags/data/n3v/sear_steak/motion_priors/masks/cam00_0285.png,/leonardo_work/EUHPC_D21_034/proj_adags/data/n3v/sear_steak/flow/cam00_0285.npz,1,0.16538016498088837,0.3498236835002899,0.2744898796081543,0.48776358366012573,0.3701511323451996,0.028833024203777313,0.04950806871056557,0.5411458611488342,0.684202253818512,0.6906358599662781,0.034318357706069946,sear_steak_depth_128_cam00_0285
192,"[256, 160, 352, 256]",0.945216953754425,1.0,0.9561735630035402,sear_steak,cam00,cam00_0111,111,/leonardo_work/EUHPC_D21_034/proj_adags/repo/adags/refine-logs/depth_occlusion_support/r031_da3_depth_full/depth_npz/sear_steak/cam00_0111.npz,/leonardo_work/EUHPC_D21_034/proj_adags/data/n3v/sear_steak/motion_priors/masks/cam00_0111.png,/leonardo_work/EUHPC_D21_034/proj_adags/data/n3v/sear_steak/flow/cam00_0111.npz,0,0.18664056062698364,0.3630608022212982,0.2650463283061981,0.47503817081451416,0.3825436532497406,0.034799784421920776,0.04557788744568825,0.8726264238357544,0.6791516542434692,0.734900712966919,0.049613106995821,sear_steak_depth_129_cam00_0111
169,"[256, 176, 352, 272]",0.9451382160186768,1.0,0.9561105728149415,sear_steak,cam00,cam00_0169,169,/leonardo_work/EUHPC_D21_034/proj_adags/repo/adags/refine-logs/depth_occlusion_support/r031_da3_depth_full/depth_npz/sear_steak/cam00_0169.npz,/leonardo_work/EUHPC_D21_034/proj_adags/data/n3v/sear_steak/motion_priors/masks/cam00_0169.png,/leonardo_work/EUHPC_D21_034/proj_adags/data/n3v/sear_steak/flow/cam00_0169.npz,2,0.18382714688777924,0.5248932838439941,0.2777723968029022,0.46861082315444946,0.3828716278076172,0.03625865280628204,0.04768448695540428,0.7956216335296631,0.6804033517837524,0.7403393983840942,0.0481746681034565,sear_steak_depth_130_cam00_0169
58,"[400, 144, 496, 240]",0.9450782537460327,1.0,0.9560626029968262,sear_steak,cam00,cam00_0212,212,/leonardo_work/EUHPC_D21_034/proj_adags/repo/adags/refine-logs/depth_occlusion_support/r031_da3_depth_full/depth_npz/sear_steak/cam00_0212.npz,/leonardo_work/EUHPC_D21_034/proj_adags/data/n3v/sear_steak/motion_priors/masks/cam00_0212.png,/leonardo_work/EUHPC_D21_034/proj_adags/data/n3v/sear_steak/flow/cam00_0212.npz,1,0.19238713383674622,0.48269233107566833,0.2995033860206604,0.47121119499206543,0.3691399097442627,0.020211126655340195,0.028506238013505936,0.8937974572181702,0.6829447150230408,0.7248228788375854,0.03664379194378853,sear_steak_depth_131_cam00_0212
105,"[400, 176, 496, 272]",0.9449200630187988,1.0,0.9559360504150392,sear_steak,cam00,cam00_0288,288,/leonardo_work/EUHPC_D21_034/proj_adags/repo/adags/refine-logs/depth_occlusion_support/r031_da3_depth_full/depth_npz/sear_steak/cam00_0288.npz,/leonardo_work/EUHPC_D21_034/proj_adags/data/n3v/sear_steak/motion_priors/masks/cam00_0288.png,/leonardo_work/EUHPC_D21_034/proj_adags/data/n3v/sear_steak/flow/cam00_0288.npz,2,0.19500327110290527,0.31623944640159607,0.2612851560115814,0.4929240345954895,0.3661671280860901,0.02640838921070099,0.03989122807979584,0.6457436084747314,0.6837995648384094,0.6908342242240906,0.031572774052619934,sear_steak_depth_132_cam00_0288
322,"[256, 176, 352, 272]",0.9447734355926514,1.0,0.9558187484741212,sear_steak,cam00,cam00_0176,176,/leonardo_work/EUHPC_D21_034/proj_adags/repo/adags/refine-logs/depth_occlusion_support/r031_da3_depth_full/depth_npz/sear_steak/cam00_0176.npz,/leonardo_work/EUHPC_D21_034/proj_adags/data/n3v/sear_steak/motion_priors/masks/cam00_0176.png,/leonardo_work/EUHPC_D21_034/proj_adags/data/n3v/sear_steak/flow/cam00_0176.npz,2,0.19679366052150726,0.41593724489212036,0.2662810683250427,0.5187265276908875,0.3754581809043884,0.02859085239470005,0.031791605055332184,0.8291580677032471,0.6799102425575256,0.7366572022438049,0.04029679298400879,sear_steak_depth_133_cam00_0176
151,"[240, 176, 336, 272]",0.9447694420814514,1.0,0.9558155536651611,sear_steak,cam00,cam00_0006,6,/leonardo_work/EUHPC_D21_034/proj_adags/repo/adags/refine-logs/depth_occlusion_support/r031_da3_depth_full/depth_npz/sear_steak/cam00_0006.npz,/leonardo_work/EUHPC_D21_034/proj_adags/data/n3v/sear_steak/motion_priors/masks/cam00_0006.png,/leonardo_work/EUHPC_D21_034/proj_adags/data/n3v/sear_steak/flow/cam00_0006.npz,1,0.18794137239456177,0.3453119397163391,0.27452269196510315,0.45441827178001404,0.3728799819946289,0.02681395411491394,0.04486887529492378,0.8566985130310059,0.678337574005127,0.7139543294906616,0.04485137015581131,sear_steak_depth_134_cam00_0006
39,"[208, 208, 304, 304]",0.9445915222167969,1.0,0.9556732177734375,sear_steak,cam00,cam00_0251,251,/leonardo_work/EUHPC_D21_034/proj_adags/repo/adags/refine-logs/depth_occlusion_support/r031_da3_depth_full/depth_npz/sear_steak/cam00_0251.npz,/leonardo_work/EUHPC_D21_034/proj_adags/data/n3v/sear_steak/motion_priors/masks/cam00_0251.png,/leonardo_work/EUHPC_D21_034/proj_adags/data/n3v/sear_steak/flow/cam00_0251.npz,0,0.19611506164073944,0.4366106390953064,0.2661558985710144,0.4954850971698761,0.36740267276763916,0.017270052805542946,0.04039891064167023,0.7965086698532104,0.682439923286438,0.7116580605506897,0.029337791725993156,sear_steak_depth_135_cam00_0251
158,"[400, 160, 496, 256]",0.9444276690483093,1.0,0.9555421352386475,sear_steak,cam00,cam00_0038,38,/leonardo_work/EUHPC_D21_034/proj_adags/repo/adags/refine-logs/depth_occlusion_support/r031_da3_depth_full/depth_npz/sear_steak/cam00_0038.npz,/leonardo_work/EUHPC_D21_034/proj_adags/data/n3v/sear_steak/motion_priors/masks/cam00_0038.png,/leonardo_work/EUHPC_D21_034/proj_adags/data/n3v/sear_steak/flow/cam00_0038.npz,0,0.19181905686855316,0.26584693789482117,0.2840464413166046,0.43767598271369934,0.36764952540397644,0.018927324563264847,0.03959070146083832,0.5650157928466797,0.6771588325500488,0.7162681221961975,0.04597761482000351,sear_steak_depth_136_cam00_0038
310,"[256, 176, 352, 272]",0.9443800449371338,1.0,0.9555040359497071,sear_steak,cam00,cam00_0111,111,/leonardo_work/EUHPC_D21_034/proj_adags/repo/adags/refine-logs/depth_occlusion_support/r031_da3_depth_full/depth_npz/sear_steak/cam00_0111.npz,/leonardo_work/EUHPC_D21_034/proj_adags/data/n3v/sear_steak/motion_priors/masks/cam00_0111.png,/leonardo_work/EUHPC_D21_034/proj_adags/data/n3v/sear_steak/flow/cam00_0111.npz,1,0.18664056062698364,0.3630608022212982,0.2650463283061981,0.47503817081451416,0.3825436532497406,0.034799784421920776,0.04557788744568825,0.8726264238357544,0.6791516542434692,0.734900712966919,0.049613106995821,sear_steak_depth_137_cam00_0111
173,"[192, 240, 288, 336]",0.9442447423934937,1.0,0.955395793914795,sear_steak,cam00,cam00_0230,230,/leonardo_work/EUHPC_D21_034/proj_adags/repo/adags/refine-logs/depth_occlusion_support/r031_da3_depth_full/depth_npz/sear_steak/cam00_0230.npz,/leonardo_work/EUHPC_D21_034/proj_adags/data/n3v/sear_steak/motion_priors/masks/cam00_0230.png,/leonardo_work/EUHPC_D21_034/proj_adags/data/n3v/sear_steak/flow/cam00_0230.npz,0,0.18805764615535736,0.316241592168808,0.26223066449165344,0.4691707491874695,0.3745560646057129,0.02334185317158699,0.05887690559029579,0.4781636893749237,0.6825683116912842,0.7203237414360046,0.03256480395793915,sear_steak_depth_138_cam00_0230
66,"[272, 128, 368, 224]",0.9441275596618652,1.0,0.9553020477294922,sear_steak,cam00,cam00_0081,81,/leonardo_work/EUHPC_D21_034/proj_adags/repo/adags/refine-logs/depth_occlusion_support/r031_da3_depth_full/depth_npz/sear_steak/cam00_0081.npz,/leonardo_work/EUHPC_D21_034/proj_adags/data/n3v/sear_steak/motion_priors/masks/cam00_0081.png,/leonardo_work/EUHPC_D21_034/proj_adags/data/n3v/sear_steak/flow/cam00_0081.npz,0,0.18805262446403503,0.5694776177406311,0.2576024830341339,0.45269107818603516,0.3728644847869873,0.017433445900678635,0.04432034492492676,0.8791300654411316,0.677272617816925,0.7317145466804504,0.03781088441610336,sear_steak_depth_139_cam00_0081
28,"[400, 192, 496, 288]",0.9440745115280151,1.0,0.9552596092224122,sear_steak,cam00,cam00_0014,14,/leonardo_work/EUHPC_D21_034/proj_adags/repo/adags/refine-logs/depth_occlusion_support/r031_da3_depth_full/depth_npz/sear_steak/cam00_0014.npz,/leonardo_work/EUHPC_D21_034/proj_adags/data/n3v/sear_steak/motion_priors/masks/cam00_0014.png,/leonardo_work/EUHPC_D21_034/proj_adags/data/n3v/sear_steak/flow/cam00_0014.npz,2,0.1880730539560318,0.46919551491737366,0.2557431757450104,0.47746312618255615,0.37313997745513916,0.0312810018658638,0.040223848074674606,0.8078235983848572,0.6758312582969666,0.7151564359664917,0.04563915729522705,sear_steak_depth_140_cam00_0014
102,"[208, 224, 304, 320]",0.9439110159873962,1.0,0.9551288127899171,sear_steak,cam00,cam00_0094,94,/leonardo_work/EUHPC_D21_034/proj_adags/repo/adags/refine-logs/depth_occlusion_support/r031_da3_depth_full/depth_npz/sear_steak/cam00_0094.npz,/leonardo_work/EUHPC_D21_034/proj_adags/data/n3v/sear_steak/motion_priors/masks/cam00_0094.png,/leonardo_work/EUHPC_D21_034/proj_adags/data/n3v/sear_steak/flow/cam00_0094.npz,3,0.19454896450042725,0.3272625803947449,0.3176807463169098,0.4834439158439636,0.3823246359825134,0.03656793013215065,0.0444808192551136,0.7368585467338562,0.6784893274307251,0.7342296838760376,0.04521608725190163,sear_steak_depth_141_cam00_0094
204,"[256, 160, 352, 256]",0.9437819719314575,1.0,0.9550255775451661,sear_steak,cam00,cam00_0174,174,/leonardo_work/EUHPC_D21_034/proj_adags/repo/adags/refine-logs/depth_occlusion_support/r031_da3_depth_full/depth_npz/sear_steak/cam00_0174.npz,/leonardo_work/EUHPC_D21_034/proj_adags/data/n3v/sear_steak/motion_priors/masks/cam00_0174.png,/leonardo_work/EUHPC_D21_034/proj_adags/data/n3v/sear_steak/flow/cam00_0174.npz,0,0.19350700080394745,0.5482926368713379,0.25006189942359924,0.4972320795059204,0.3774832785129547,0.02894681505858898,0.04448957368731499,0.6359370946884155,0.6793325543403625,0.7388805150985718,0.044046077877283096,sear_steak_depth_142_cam00_0174
106,"[256, 144, 352, 240]",0.9437252879142761,1.0,0.954980230331421,sear_steak,cam00,cam00_0177,177,/leonardo_work/EUHPC_D21_034/proj_adags/repo/adags/refine-logs/depth_occlusion_support/r031_da3_depth_full/depth_npz/sear_steak/cam00_0177.npz,/leonardo_work/EUHPC_D21_034/proj_adags/data/n3v/sear_steak/motion_priors/masks/cam00_0177.png,/leonardo_work/EUHPC_D21_034/proj_adags/data/n3v/sear_steak/flow/cam00_0177.npz,1,0.1975751370191574,0.5099273324012756,0.2843206524848938,0.5041215419769287,0.375851571559906,0.024269692599773407,0.03829522803425789,0.8362189531326294,0.6796184778213501,0.7358285784721375,0.043634675443172455,sear_steak_depth_143_cam00_0177
33,"[256, 144, 352, 240]",0.9437069892883301,1.0,0.9549655914306641,sear_steak,cam00,cam00_0168,168,/leonardo_work/EUHPC_D21_034/proj_adags/repo/adags/refine-logs/depth_occlusion_support/r031_da3_depth_full/depth_npz/sear_steak/cam00_0168.npz,/leonardo_work/EUHPC_D21_034/proj_adags/data/n3v/sear_steak/motion_priors/masks/cam00_0168.png,/leonardo_work/EUHPC_D21_034/proj_adags/data/n3v/sear_steak/flow/cam00_0168.npz,1,0.18398980796337128,0.383574515581131,0.2715962827205658,0.47973188757896423,0.37876826524734497,0.03128683567047119,0.042365461587905884,0.8385064601898193,0.6796680688858032,0.739636242389679,0.04505269601941109,sear_steak_depth_144_cam00_0168
51,"[384, 128, 480, 224]",0.9437001347541809,1.0,0.9549601078033447,sear_steak,cam00,cam00_0115,115,/leonardo_work/EUHPC_D21_034/proj_adags/repo/adags/refine-logs/depth_occlusion_support/r031_da3_depth_full/depth_npz/sear_steak/cam00_0115.npz,/leonardo_work/EUHPC_D21_034/proj_adags/data/n3v/sear_steak/motion_priors/masks/cam00_0115.png,/leonardo_work/EUHPC_D21_034/proj_adags/data/n3v/sear_steak/flow/cam00_0115.npz,2,0.1841588020324707,0.34784621000289917,0.26360705494880676,0.482514351606369,0.37340807914733887,0.018685152754187584,0.038140587508678436,0.8848371505737305,0.6792742013931274,0.7345972657203674,0.04154558107256889,sear_steak_depth_145_cam00_0115
24,"[384, 128, 480, 224]",0.9435049891471863,1.0,0.9548039913177491,sear_steak,cam00,cam00_0019,19,/leonardo_work/EUHPC_D21_034/proj_adags/repo/adags/refine-logs/depth_occlusion_support/r031_da3_depth_full/depth_npz/sear_steak/cam00_0019.npz,/leonardo_work/EUHPC_D21_034/proj_adags/data/n3v/sear_steak/motion_priors/masks/cam00_0019.png,/leonardo_work/EUHPC_D21_034/proj_adags/data/n3v/sear_steak/flow/cam00_0019.npz,2,0.1945791244506836,0.41570016741752625,0.29152947664260864,0.44500043988227844,0.3665623366832733,0.019271617755293846,0.034586790949106216,0.7300252318382263,0.6758779287338257,0.7152585983276367,0.04639485105872154,sear_steak_depth_146_cam00_0019
91,"[208, 224, 304, 320]",0.9433632493019104,1.0,0.9546905994415285,sear_steak,cam00,cam00_0168,168,/leonardo_work/EUHPC_D21_034/proj_adags/repo/adags/refine-logs/depth_occlusion_support/r031_da3_depth_full/depth_npz/sear_steak/cam00_0168.npz,/leonardo_work/EUHPC_D21_034/proj_adags/data/n3v/sear_steak/motion_priors/masks/cam00_0168.png,/leonardo_work/EUHPC_D21_034/proj_adags/data/n3v/sear_steak/flow/cam00_0168.npz,2,0.18398980796337128,0.383574515581131,0.2715962827205658,0.47973188757896423,0.37876826524734497,0.03128683567047119,0.042365461587905884,0.8385064601898193,0.6796680688858032,0.739636242389679,0.04505269601941109,sear_steak_depth_147_cam00_0168
41,"[416, 224, 512, 320]",0.9432827234268188,1.0,0.9546261787414552,sear_steak,cam00,cam00_0091,91,/leonardo_work/EUHPC_D21_034/proj_adags/repo/adags/refine-logs/depth_occlusion_support/r031_da3_depth_full/depth_npz/sear_steak/cam00_0091.npz,/leonardo_work/EUHPC_D21_034/proj_adags/data/n3v/sear_steak/motion_priors/masks/cam00_0091.png,/leonardo_work/EUHPC_D21_034/proj_adags/data/n3v/sear_steak/flow/cam00_0091.npz,1,0.19658344984054565,0.3931392729282379,0.25110581517219543,0.45135194063186646,0.38514694571495056,0.036565013229846954,0.05467245727777481,0.7840995192527771,0.678413450717926,0.7344864010810852,0.05139000713825226,sear_steak_depth_148_cam00_0091
117,"[416, 240, 512, 336]",0.9432445168495178,1.0,0.9545956134796143,sear_steak,cam00,cam00_0115,115,/leonardo_work/EUHPC_D21_034/proj_adags/repo/adags/refine-logs/depth_occlusion_support/r031_da3_depth_full/depth_npz/sear_steak/cam00_0115.npz,/leonardo_work/EUHPC_D21_034/proj_adags/data/n3v/sear_steak/motion_priors/masks/cam00_0115.png,/leonardo_work/EUHPC_D21_034/proj_adags/data/n3v/sear_steak/flow/cam00_0115.npz,3,0.1841588020324707,0.34784621000289917,0.26360705494880676,0.482514351606369,0.37340807914733887,0.018685152754187584,0.038140587508678436,0.8848371505737305,0.6792742013931274,0.7345972657203674,0.04154558107256889,sear_steak_depth_149_cam00_0115
97,"[192, 240, 288, 336]",0.9432440400123596,1.0,0.9545952320098878,sear_steak,cam00,cam00_0213,213,/leonardo_work/EUHPC_D21_034/proj_adags/repo/adags/refine-logs/depth_occlusion_support/r031_da3_depth_full/depth_npz/sear_steak/cam00_0213.npz,/leonardo_work/EUHPC_D21_034/proj_adags/data/n3v/sear_steak/motion_priors/masks/cam00_0213.png,/leonardo_work/EUHPC_D21_034/proj_adags/data/n3v/sear_steak/flow/cam00_0213.npz,0,0.19336794316768646,0.353741854429245,0.3078169822692871,0.46216800808906555,0.37065330147743225,0.01791195385158062,0.04083073511719704,0.7241517901420593,0.6831547617912292,0.7247120141983032,0.037691257894039154,sear_steak_depth_150_cam00_0213
48,"[400, 144, 496, 240]",0.9432169795036316,1.0,0.9545735836029052,sear_steak,cam00,cam00_0210,210,/leonardo_work/EUHPC_D21_034/proj_adags/repo/adags/refine-logs/depth_occlusion_support/r031_da3_depth_full/depth_npz/sear_steak/cam00_0210.npz,/leonardo_work/EUHPC_D21_034/proj_adags/data/n3v/sear_steak/motion_priors/masks/cam00_0210.png,/leonardo_work/EUHPC_D21_034/proj_adags/data/n3v/sear_steak/flow/cam00_0210.npz,1,0.18842646479606628,0.24363583326339722,0.28634002804756165,0.46629050374031067,0.3730871081352234,0.021066023036837578,0.039517756551504135,0.886885404586792,0.6824691295623779,0.7264597415924072,0.04187236726284027,sear_steak_depth_151_cam00_0210
335,"[256, 176, 352, 272]",0.9431314468383789,1.0,0.9545051574707031,sear_steak,cam00,cam00_0110,110,/leonardo_work/EUHPC_D21_034/proj_adags/repo/adags/refine-logs/depth_occlusion_support/r031_da3_depth_full/depth_npz/sear_steak/cam00_0110.npz,/leonardo_work/EUHPC_D21_034/proj_adags/data/n3v/sear_steak/motion_priors/masks/cam00_0110.png,/leonardo_work/EUHPC_D21_034/proj_adags/data/n3v/sear_steak/flow/cam00_0110.npz,0,0.18719135224819183,0.37212905287742615,0.2586103081703186,0.4779492914676666,0.37762555480003357,0.0319053940474987,0.03889336436986923,0.8330532312393188,0.6789240837097168,0.7326074242591858,0.049184203147888184,sear_steak_depth_152_cam00_0110
15,"[256, 128, 352, 224]",0.9430731534957886,1.0,0.9544585227966309,sear_steak,cam00,cam00_0109,109,/leonardo_work/EUHPC_D21_034/proj_adags/repo/adags/refine-logs/depth_occlusion_support/r031_da3_depth_full/depth_npz/sear_steak/cam00_0109.npz,/leonardo_work/EUHPC_D21_034/proj_adags/data/n3v/sear_steak/motion_priors/masks/cam00_0109.png,/leonardo_work/EUHPC_D21_034/proj_adags/data/n3v/sear_steak/flow/cam00_0109.npz,0,0.19054913520812988,0.3856498897075653,0.24116793274879456,0.4832378029823303,0.3748951256275177,0.027598824352025986,0.038922540843486786,0.768510103225708,0.6788598895072937,0.7325490713119507,0.05042131990194321,sear_steak_depth_153_cam00_0109
18,"[400, 192, 496, 288]",0.9430403113365173,1.0,0.9544322490692139,sear_steak,cam00,cam00_0011,11,/leonardo_work/EUHPC_D21_034/proj_adags/repo/adags/refine-logs/depth_occlusion_support/r031_da3_depth_full/depth_npz/sear_steak/cam00_0011.npz,/leonardo_work/EUHPC_D21_034/proj_adags/data/n3v/sear_steak/motion_priors/masks/cam00_0011.png,/leonardo_work/EUHPC_D21_034/proj_adags/data/n3v/sear_steak/flow/cam00_0011.npz,0,0.19156332314014435,0.47552597522735596,0.2656400799751282,0.4545350968837738,0.3766559660434723,0.03225260600447655,0.04909083619713783,0.7874345183372498,0.6769254207611084,0.7157779335975647,0.048069629818201065,sear_steak_depth_154_cam00_0011
98,"[192, 240, 288, 336]",0.943006694316864,1.0,0.9544053554534913,sear_steak,cam00,cam00_0206,206,/leonardo_work/EUHPC_D21_034/proj_adags/repo/adags/refine-logs/depth_occlusion_support/r031_da3_depth_full/depth_npz/sear_steak/cam00_0206.npz,/leonardo_work/EUHPC_D21_034/proj_adags/data/n3v/sear_steak/motion_priors/masks/cam00_0206.png,/leonardo_work/EUHPC_D21_034/proj_adags/data/n3v/sear_steak/flow/cam00_0206.npz,0,0.18040934205055237,0.22139200568199158,0.26675060391426086,0.4255681335926056,0.37593063712120056,0.025095410645008087,0.04552828520536423,0.45825308561325073,0.6836420297622681,0.7268186211585999,0.04359382763504982,sear_steak_depth_155_cam00_0206
50,"[192, 224, 288, 320]",0.9424363970756531,1.0,0.9539491176605226,sear_steak,cam00,cam00_0281,281,/leonardo_work/EUHPC_D21_034/proj_adags/repo/adags/refine-logs/depth_occlusion_support/r031_da3_depth_full/depth_npz/sear_steak/cam00_0281.npz,/leonardo_work/EUHPC_D21_034/proj_adags/data/n3v/sear_steak/motion_priors/masks/cam00_0281.png,/leonardo_work/EUHPC_D21_034/proj_adags/data/n3v/sear_steak/flow/cam00_0281.npz,1,0.1899995654821396,0.5478977560997009,0.25581493973731995,0.46946054697036743,0.37191540002822876,0.028304914012551308,0.05845966935157776,0.4834272861480713,0.6851884126663208,0.6925936341285706,0.03154359757900238,sear_steak_depth_156_cam00_0281
157,"[256, 160, 352, 256]",0.9424179792404175,1.0,0.9539343833923339,sear_steak,cam00,cam00_0172,172,/leonardo_work/EUHPC_D21_034/proj_adags/repo/adags/refine-logs/depth_occlusion_support/r031_da3_depth_full/depth_npz/sear_steak/cam00_0172.npz,/leonardo_work/EUHPC_D21_034/proj_adags/data/n3v/sear_steak/motion_priors/masks/cam00_0172.png,/leonardo_work/EUHPC_D21_034/proj_adags/data/n3v/sear_steak/flow/cam00_0172.npz,0,0.19239495694637299,0.4659374952316284,0.3001766502857208,0.4876866340637207,0.37904852628707886,0.03559340909123421,0.03965780884027481,0.7439311146736145,0.680178701877594,0.7400621771812439,0.05140167847275734,sear_steak_depth_157_cam00_0172
62,"[400, 144, 496, 240]",0.9424033164978027,1.0,0.9539226531982423,sear_steak,cam00,cam00_0213,213,/leonardo_work/EUHPC_D21_034/proj_adags/repo/adags/refine-logs/depth_occlusion_support/r031_da3_depth_full/depth_npz/sear_steak/cam00_0213.npz,/leonardo_work/EUHPC_D21_034/proj_adags/data/n3v/sear_steak/motion_priors/masks/cam00_0213.png,/leonardo_work/EUHPC_D21_034/proj_adags/data/n3v/sear_steak/flow/cam00_0213.npz,1,0.19336794316768646,0.353741854429245,0.3078169822692871,0.46216800808906555,0.37065330147743225,0.01791195385158062,0.04083073511719704,0.7241517901420593,0.6831547617912292,0.7247120141983032,0.037691257894039154,sear_steak_depth_158_cam00_0213
191,"[256, 160, 352, 256]",0.9421701431274414,1.0,0.9537361145019532,sear_steak,cam00,cam00_0024,24,/leonardo_work/EUHPC_D21_034/proj_adags/repo/adags/refine-logs/depth_occlusion_support/r031_da3_depth_full/depth_npz/sear_steak/cam00_0024.npz,/leonardo_work/EUHPC_D21_034/proj_adags/data/n3v/sear_steak/motion_priors/masks/cam00_0024.png,/leonardo_work/EUHPC_D21_034/proj_adags/data/n3v/sear_steak/flow/cam00_0024.npz,1,0.1872754991054535,0.4400050938129425,0.2630583643913269,0.4843829274177551,0.37033867835998535,0.02698318287730217,0.038435280323028564,0.7810242176055908,0.6766190528869629,0.7143161296844482,0.05006827414035797,sear_steak_depth_159_cam00_0024
35,"[224, 192, 320, 288]",0.9418842792510986,1.0,0.9535074234008789,sear_steak,cam00,cam00_0089,89,/leonardo_work/EUHPC_D21_034/proj_adags/repo/adags/refine-logs/depth_occlusion_support/r031_da3_depth_full/depth_npz/sear_steak/cam00_0089.npz,/leonardo_work/EUHPC_D21_034/proj_adags/data/n3v/sear_steak/motion_priors/masks/cam00_0089.png,/leonardo_work/EUHPC_D21_034/proj_adags/data/n3v/sear_steak/flow/cam00_0089.npz,2,0.18702121078968048,0.33913350105285645,0.2621091902256012,0.46210992336273193,0.3797813057899475,0.03721858561038971,0.04025886207818985,0.7063244581222534,0.6781654357910156,0.7334097623825073,0.045359056442976,sear_steak_depth_160_cam00_0089
269,"[256, 176, 352, 272]",0.9416075944900513,1.0,0.9532860755920411,sear_steak,cam00,cam00_0024,24,/leonardo_work/EUHPC_D21_034/proj_adags/repo/adags/refine-logs/depth_occlusion_support/r031_da3_depth_full/depth_npz/sear_steak/cam00_0024.npz,/leonardo_work/EUHPC_D21_034/proj_adags/data/n3v/sear_steak/motion_priors/masks/cam00_0024.png,/leonardo_work/EUHPC_D21_034/proj_adags/data/n3v/sear_steak/flow/cam00_0024.npz,2,0.1872754991054535,0.4400050938129425,0.2630583643913269,0.4843829274177551,0.37033867835998535,0.02698318287730217,0.038435280323028564,0.7810242176055908,0.6766190528869629,0.7143161296844482,0.05006827414035797,sear_steak_depth_161_cam00_0024
27,"[208, 208, 304, 304]",0.9413899779319763,1.0,0.9531119823455811,sear_steak,cam00,cam00_0206,206,/leonardo_work/EUHPC_D21_034/proj_adags/repo/adags/refine-logs/depth_occlusion_support/r031_da3_depth_full/depth_npz/sear_steak/cam00_0206.npz,/leonardo_work/EUHPC_D21_034/proj_adags/data/n3v/sear_steak/motion_priors/masks/cam00_0206.png,/leonardo_work/EUHPC_D21_034/proj_adags/data/n3v/sear_steak/flow/cam00_0206.npz,1,0.18040934205055237,0.22139200568199158,0.26675060391426086,0.4255681335926056,0.37593063712120056,0.025095410645008087,0.04552828520536423,0.45825308561325073,0.6836420297622681,0.7268186211585999,0.04359382763504982,sear_steak_depth_162_cam00_0206
39,"[240, 144, 336, 240]",0.9413416981697083,1.0,0.9530733585357667,sear_steak,cam00,cam00_0010,10,/leonardo_work/EUHPC_D21_034/proj_adags/repo/adags/refine-logs/depth_occlusion_support/r031_da3_depth_full/depth_npz/sear_steak/cam00_0010.npz,/leonardo_work/EUHPC_D21_034/proj_adags/data/n3v/sear_steak/motion_priors/masks/cam00_0010.png,/leonardo_work/EUHPC_D21_034/proj_adags/data/n3v/sear_steak/flow/cam00_0010.npz,0,0.19023653864860535,0.5254767537117004,0.2665225565433502,0.4647044241428375,0.37584102153778076,0.03178868442773819,0.046068064868450165,0.8087280988693237,0.677304744720459,0.714838445186615,0.04952266067266464,sear_steak_depth_163_cam00_0010
22,"[400, 144, 496, 240]",0.9412647485733032,1.0,0.9530117988586426,sear_steak,cam00,cam00_0282,282,/leonardo_work/EUHPC_D21_034/proj_adags/repo/adags/refine-logs/depth_occlusion_support/r031_da3_depth_full/depth_npz/sear_steak/cam00_0282.npz,/leonardo_work/EUHPC_D21_034/proj_adags/data/n3v/sear_steak/motion_priors/masks/cam00_0282.png,/leonardo_work/EUHPC_D21_034/proj_adags/data/n3v/sear_steak/flow/cam00_0282.npz,1,0.18902096152305603,0.29554280638694763,0.2686091363430023,0.481594443321228,0.3694728910923004,0.029445746913552284,0.050295859575271606,0.531797468662262,0.6846486330032349,0.6913098096847534,0.03532789647579193,sear_steak_depth_164_cam00_0282
123,"[272, 128, 368, 224]",0.9412407875061035,1.0,0.9529926300048828,sear_steak,cam00,cam00_0110,110,/leonardo_work/EUHPC_D21_034/proj_adags/repo/adags/refine-logs/depth_occlusion_support/r031_da3_depth_full/depth_npz/sear_steak/cam00_0110.npz,/leonardo_work/EUHPC_D21_034/proj_adags/data/n3v/sear_steak/motion_priors/masks/cam00_0110.png,/leonardo_work/EUHPC_D21_034/proj_adags/data/n3v/sear_steak/flow/cam00_0110.npz,1,0.18719135224819183,0.37212905287742615,0.2586103081703186,0.4779492914676666,0.37762555480003357,0.0319053940474987,0.03889336436986923,0.8330532312393188,0.6789240837097168,0.7326074242591858,0.049184203147888184,sear_steak_depth_165_cam00_0110
48,"[224, 192, 320, 288]",0.9410405158996582,1.0,0.9528324127197265,sear_steak,cam00,cam00_0229,229,/leonardo_work/EUHPC_D21_034/proj_adags/repo/adags/refine-logs/depth_occlusion_support/r031_da3_depth_full/depth_npz/sear_steak/cam00_0229.npz,/leonardo_work/EUHPC_D21_034/proj_adags/data/n3v/sear_steak/motion_priors/masks/cam00_0229.png,/leonardo_work/EUHPC_D21_034/proj_adags/data/n3v/sear_steak/flow/cam00_0229.npz,0,0.19682800769805908,0.662155032157898,0.26272472739219666,0.47476914525032043,0.371865838766098,0.023318510502576828,0.05089399218559265,0.6198078989982605,0.6824924349784851,0.7209014892578125,0.03316585719585419,sear_steak_depth_166_cam00_0229
18,"[256, 128, 352, 224]",0.9409723281860352,1.0,0.9527778625488281,sear_steak,cam00,cam00_0020,20,/leonardo_work/EUHPC_D21_034/proj_adags/repo/adags/refine-logs/depth_occlusion_support/r031_da3_depth_full/depth_npz/sear_steak/cam00_0020.npz,/leonardo_work/EUHPC_D21_034/proj_adags/data/n3v/sear_steak/motion_priors/masks/cam00_0020.png,/leonardo_work/EUHPC_D21_034/proj_adags/data/n3v/sear_steak/flow/cam00_0020.npz,0,0.1852051466703415,0.34820473194122314,0.2642774283885956,0.45968952775001526,0.36814650893211365,0.02025781013071537,0.035389166325330734,0.8730611801147461,0.6773426532745361,0.7153898477554321,0.04517523944377899,sear_steak_depth_167_cam00_0020
45,"[256, 128, 352, 224]",0.9409148097038269,1.0,0.9527318477630615,sear_steak,cam00,cam00_0015,15,/leonardo_work/EUHPC_D21_034/proj_adags/repo/adags/refine-logs/depth_occlusion_support/r031_da3_depth_full/depth_npz/sear_steak/cam00_0015.npz,/leonardo_work/EUHPC_D21_034/proj_adags/data/n3v/sear_steak/motion_priors/masks/cam00_0015.png,/leonardo_work/EUHPC_D21_034/proj_adags/data/n3v/sear_steak/flow/cam00_0015.npz,1,0.18839862942695618,0.3669922947883606,0.25795575976371765,0.48010891675949097,0.36987733840942383,0.02563227154314518,0.036357853561639786,0.8210788369178772,0.6759158968925476,0.7155911922454834,0.04653490334749222,sear_steak_depth_168_cam00_0015
137,"[400, 176, 496, 272]",0.9408214092254639,1.0,0.9526571273803712,sear_steak,cam00,cam00_0212,212,/leonardo_work/EUHPC_D21_034/proj_adags/repo/adags/refine-logs/depth_occlusion_support/r031_da3_depth_full/depth_npz/sear_steak/cam00_0212.npz,/leonardo_work/EUHPC_D21_034/proj_adags/data/n3v/sear_steak/motion_priors/masks/cam00_0212.png,/leonardo_work/EUHPC_D21_034/proj_adags/data/n3v/sear_steak/flow/cam00_0212.npz,2,0.19238713383674622,0.48269233107566833,0.2995033860206604,0.47121119499206543,0.3691399097442627,0.020211126655340195,0.028506238013505936,0.8937974572181702,0.6829447150230408,0.7248228788375854,0.03664379194378853,sear_steak_depth_169_cam00_0212
92,"[192, 240, 288, 336]",0.9408190250396729,1.0,0.9526552200317384,sear_steak,cam00,cam00_0226,226,/leonardo_work/EUHPC_D21_034/proj_adags/repo/adags/refine-logs/depth_occlusion_support/r031_da3_depth_full/depth_npz/sear_steak/cam00_0226.npz,/leonardo_work/EUHPC_D21_034/proj_adags/data/n3v/sear_steak/motion_priors/masks/cam00_0226.png,/leonardo_work/EUHPC_D21_034/proj_adags/data/n3v/sear_steak/flow/cam00_0226.npz,0,0.18891359865665436,0.2747664153575897,0.2611825168132782,0.4721491038799286,0.36958032846450806,0.016721520572900772,0.04201825335621834,0.7660971283912659,0.6831576824188232,0.7214003801345825,0.03285949304699898,sear_steak_depth_170_cam00_0226
307,"[256, 176, 352, 272]",0.9407674670219421,1.0,0.9526139736175538,sear_steak,cam00,cam00_0177,177,/leonardo_work/EUHPC_D21_034/proj_adags/repo/adags/refine-logs/depth_occlusion_support/r031_da3_depth_full/depth_npz/sear_steak/cam00_0177.npz,/leonardo_work/EUHPC_D21_034/proj_adags/data/n3v/sear_steak/motion_priors/masks/cam00_0177.png,/leonardo_work/EUHPC_D21_034/proj_adags/data/n3v/sear_steak/flow/cam00_0177.npz,2,0.1975751370191574,0.5099273324012756,0.2843206524848938,0.5041215419769287,0.375851571559906,0.024269692599773407,0.03829522803425789,0.8362189531326294,0.6796184778213501,0.7358285784721375,0.043634675443172455,sear_steak_depth_171_cam00_0177
76,"[272, 128, 368, 224]",0.9407585263252258,1.0,0.9526068210601808,sear_steak,cam00,cam00_0169,169,/leonardo_work/EUHPC_D21_034/proj_adags/repo/adags/refine-logs/depth_occlusion_support/r031_da3_depth_full/depth_npz/sear_steak/cam00_0169.npz,/leonardo_work/EUHPC_D21_034/proj_adags/data/n3v/sear_steak/motion_priors/masks/cam00_0169.png,/leonardo_work/EUHPC_D21_034/proj_adags/data/n3v/sear_steak/flow/cam00_0169.npz,3,0.18382714688777924,0.5248932838439941,0.2777723968029022,0.46861082315444946,0.3828716278076172,0.03625865280628204,0.04768448695540428,0.7956216335296631,0.6804033517837524,0.7403393983840942,0.0481746681034565,sear_steak_depth_172_cam00_0169
123,"[400, 160, 496, 256]",0.9406846165657043,1.0,0.9525476932525636,sear_steak,cam00,cam00_0036,36,/leonardo_work/EUHPC_D21_034/proj_adags/repo/adags/refine-logs/depth_occlusion_support/r031_da3_depth_full/depth_npz/sear_steak/cam00_0036.npz,/leonardo_work/EUHPC_D21_034/proj_adags/data/n3v/sear_steak/motion_priors/masks/cam00_0036.png,/leonardo_work/EUHPC_D21_034/proj_adags/data/n3v/sear_steak/flow/cam00_0036.npz,0,0.18936124444007874,0.28201648592948914,0.2845103442668915,0.4455820620059967,0.37305912375450134,0.025535987690091133,0.044903889298439026,0.4945555031299591,0.6780079007148743,0.7154569625854492,0.05095818266272545,sear_steak_depth_173_cam00_0036
53,"[384, 128, 480, 224]",0.9406774044036865,1.0,0.9525419235229493,sear_steak,cam00,cam00_0025,25,/leonardo_work/EUHPC_D21_034/proj_adags/repo/adags/refine-logs/depth_occlusion_support/r031_da3_depth_full/depth_npz/sear_steak/cam00_0025.npz,/leonardo_work/EUHPC_D21_034/proj_adags/data/n3v/sear_steak/motion_priors/masks/cam00_0025.png,/leonardo_work/EUHPC_D21_034/proj_adags/data/n3v/sear_steak/flow/cam00_0025.npz,1,0.18930584192276,0.477932333946228,0.2698187232017517,0.4910469055175781,0.37539026141166687,0.029133550822734833,0.04978817328810692,0.7975882291793823,0.6760267615318298,0.7137792706489563,0.052755504846572876,sear_steak_depth_174_cam00_0025
16,"[208, 208, 304, 304]",0.9406029582023621,1.0,0.9524823665618898,sear_steak,cam00,cam00_0226,226,/leonardo_work/EUHPC_D21_034/proj_adags/repo/adags/refine-logs/depth_occlusion_support/r031_da3_depth_full/depth_npz/sear_steak/cam00_0226.npz,/leonardo_work/EUHPC_D21_034/proj_adags/data/n3v/sear_steak/motion_priors/masks/cam00_0226.png,/leonardo_work/EUHPC_D21_034/proj_adags/data/n3v/sear_steak/flow/cam00_0226.npz,1,0.18891359865665436,0.2747664153575897,0.2611825168132782,0.4721491038799286,0.36958032846450806,0.016721520572900772,0.04201825335621834,0.7660971283912659,0.6831576824188232,0.7214003801345825,0.03285949304699898,sear_steak_depth_175_cam00_0226
66,"[256, 160, 352, 256]",0.940526008605957,1.0,0.9524208068847657,sear_steak,cam00,cam00_0206,206,/leonardo_work/EUHPC_D21_034/proj_adags/repo/adags/refine-logs/depth_occlusion_support/r031_da3_depth_full/depth_npz/sear_steak/cam00_0206.npz,/leonardo_work/EUHPC_D21_034/proj_adags/data/n3v/sear_steak/motion_priors/masks/cam00_0206.png,/leonardo_work/EUHPC_D21_034/proj_adags/data/n3v/sear_steak/flow/cam00_0206.npz,2,0.18040934205055237,0.22139200568199158,0.26675060391426086,0.4255681335926056,0.37593063712120056,0.025095410645008087,0.04552828520536423,0.45825308561325073,0.6836420297622681,0.7268186211585999,0.04359382763504982,sear_steak_depth_176_cam00_0206
60,"[208, 208, 304, 304]",0.9404840469360352,1.0,0.9523872375488283,sear_steak,cam00,cam00_0235,235,/leonardo_work/EUHPC_D21_034/proj_adags/repo/adags/refine-logs/depth_occlusion_support/r031_da3_depth_full/depth_npz/sear_steak/cam00_0235.npz,/leonardo_work/EUHPC_D21_034/proj_adags/data/n3v/sear_steak/motion_priors/masks/cam00_0235.png,/leonardo_work/EUHPC_D21_034/proj_adags/data/n3v/sear_steak/flow/cam00_0235.npz,0,0.1940186619758606,0.40899261832237244,0.27012136578559875,0.48559701442718506,0.36875346302986145,0.016030017286539078,0.03459262475371361,0.8916850686073303,0.6823932528495789,0.7209540009498596,0.02441849559545517,sear_steak_depth_177_cam00_0235
110,"[400, 176, 496, 272]",0.940467357635498,1.0,0.9523738861083986,sear_steak,cam00,cam00_0210,210,/leonardo_work/EUHPC_D21_034/proj_adags/repo/adags/refine-logs/depth_occlusion_support/r031_da3_depth_full/depth_npz/sear_steak/cam00_0210.npz,/leonardo_work/EUHPC_D21_034/proj_adags/data/n3v/sear_steak/motion_priors/masks/cam00_0210.png,/leonardo_work/EUHPC_D21_034/proj_adags/data/n3v/sear_steak/flow/cam00_0210.npz,2,0.18842646479606628,0.24363583326339722,0.28634002804756165,0.46629050374031067,0.3730871081352234,0.021066023036837578,0.039517756551504135,0.886885404586792,0.6824691295623779,0.7264597415924072,0.04187236726284027,sear_steak_depth_178_cam00_0210
15,"[208, 208, 304, 304]",0.9403620958328247,1.0,0.9522896766662599,sear_steak,cam00,cam00_0098,98,/leonardo_work/EUHPC_D21_034/proj_adags/repo/adags/refine-logs/depth_occlusion_support/r031_da3_depth_full/depth_npz/sear_steak/cam00_0098.npz,/leonardo_work/EUHPC_D21_034/proj_adags/data/n3v/sear_steak/motion_priors/masks/cam00_0098.png,/leonardo_work/EUHPC_D21_034/proj_adags/data/n3v/sear_steak/flow/cam00_0098.npz,0,0.18455514311790466,0.3941946029663086,0.27882200479507446,0.4784069061279297,0.3797178268432617,0.025617683306336403,0.06157580763101578,0.6688432693481445,0.6790115833282471,0.7350553870201111,0.04028220474720001,sear_steak_depth_179_cam00_0098
79,"[192, 224, 288, 320]",0.940120279788971,1.0,0.9520962238311768,sear_steak,cam00,cam00_0283,283,/leonardo_work/EUHPC_D21_034/proj_adags/repo/adags/refine-logs/depth_occlusion_support/r031_da3_depth_full/depth_npz/sear_steak/cam00_0283.npz,/leonardo_work/EUHPC_D21_034/proj_adags/data/n3v/sear_steak/motion_priors/masks/cam00_0283.png,/leonardo_work/EUHPC_D21_034/proj_adags/data/n3v/sear_steak/flow/cam00_0283.npz,2,0.16199001669883728,0.5014272928237915,0.28207331895828247,0.4901222586631775,0.3695523142814636,0.029687918722629547,0.0501120425760746,0.5679131150245667,0.6841205358505249,0.6909567713737488,0.03093087300658226,sear_steak_depth_180_cam00_0283
178,"[240, 160, 336, 256]",0.9400095343589783,1.0,0.9520076274871827,sear_steak,cam00,cam00_0004,4,/leonardo_work/EUHPC_D21_034/proj_adags/repo/adags/refine-logs/depth_occlusion_support/r031_da3_depth_full/depth_npz/sear_steak/cam00_0004.npz,/leonardo_work/EUHPC_D21_034/proj_adags/data/n3v/sear_steak/motion_priors/masks/cam00_0004.png,/leonardo_work/EUHPC_D21_034/proj_adags/data/n3v/sear_steak/flow/cam00_0004.npz,1,0.18604716658592224,0.4218392074108124,0.26974642276763916,0.5013957023620605,0.3685586452484131,0.024258021265268326,0.035231608897447586,0.6801086664199829,0.6787168979644775,0.7129331231117249,0.04293442144989967,sear_steak_depth_181_cam00_0004
217,"[192, 240, 288, 336]",0.9399886727333069,1.0,0.9519909381866456,sear_steak,cam00,cam00_0232,232,/leonardo_work/EUHPC_D21_034/proj_adags/repo/adags/refine-logs/depth_occlusion_support/r031_da3_depth_full/depth_npz/sear_steak/cam00_0232.npz,/leonardo_work/EUHPC_D21_034/proj_adags/data/n3v/sear_steak/motion_priors/masks/cam00_0232.png,/leonardo_work/EUHPC_D21_034/proj_adags/data/n3v/sear_steak/flow/cam00_0232.npz,1,0.19581648707389832,0.27992957830429077,0.2671085298061371,0.4896447956562042,0.37123462557792664,0.021357795223593712,0.04351213201880455,0.8156431317329407,0.6826149821281433,0.7205309271812439,0.034268759191036224,sear_steak_depth_182_cam00_0232
36,"[224, 192, 320, 288]",0.9399348497390747,1.0,0.9519478797912597,sear_steak,cam00,cam00_0230,230,/leonardo_work/EUHPC_D21_034/proj_adags/repo/adags/refine-logs/depth_occlusion_support/r031_da3_depth_full/depth_npz/sear_steak/cam00_0230.npz,/leonardo_work/EUHPC_D21_034/proj_adags/data/n3v/sear_steak/motion_priors/masks/cam00_0230.png,/leonardo_work/EUHPC_D21_034/proj_adags/data/n3v/sear_steak/flow/cam00_0230.npz,1,0.18805764615535736,0.316241592168808,0.26223066449165344,0.4691707491874695,0.3745560646057129,0.02334185317158699,0.05887690559029579,0.4781636893749237,0.6825683116912842,0.7203237414360046,0.03256480395793915,sear_steak_depth_183_cam00_0230
29,"[384, 128, 480, 224]",0.939909040927887,1.0,0.9519272327423096,sear_steak,cam00,cam00_0187,187,/leonardo_work/EUHPC_D21_034/proj_adags/repo/adags/refine-logs/depth_occlusion_support/r031_da3_depth_full/depth_npz/sear_steak/cam00_0187.npz,/leonardo_work/EUHPC_D21_034/proj_adags/data/n3v/sear_steak/motion_priors/masks/cam00_0187.png,/leonardo_work/EUHPC_D21_034/proj_adags/data/n3v/sear_steak/flow/cam00_0187.npz,0,0.18710026144981384,0.3775039315223694,0.26651832461357117,0.4613620340824127,0.3735889792442322,0.022405261173844337,0.03080541081726551,0.886873722076416,0.6815850138664246,0.7355455756187439,0.03581807389855385,sear_steak_depth_184_cam00_0187
29,"[416, 224, 512, 320]",0.9398729205131531,1.0,0.9518983364105225,sear_steak,cam00,cam00_0023,23,/leonardo_work/EUHPC_D21_034/proj_adags/repo/adags/refine-logs/depth_occlusion_support/r031_da3_depth_full/depth_npz/sear_steak/cam00_0023.npz,/leonardo_work/EUHPC_D21_034/proj_adags/data/n3v/sear_steak/motion_priors/masks/cam00_0023.png,/leonardo_work/EUHPC_D21_034/proj_adags/data/n3v/sear_steak/flow/cam00_0023.npz,1,0.1957581788301468,0.30874985456466675,0.2819468080997467,0.4381859302520752,0.3760809004306793,0.025378430262207985,0.0541151687502861,0.6229327917098999,0.6769049763679504,0.7147654891014099,0.04839057847857475,sear_steak_depth_185_cam00_0023
52,"[384, 128, 480, 224]",0.9396734833717346,1.0,0.9517387866973877,sear_steak,cam00,cam00_0168,168,/leonardo_work/EUHPC_D21_034/proj_adags/repo/adags/refine-logs/depth_occlusion_support/r031_da3_depth_full/depth_npz/sear_steak/cam00_0168.npz,/leonardo_work/EUHPC_D21_034/proj_adags/data/n3v/sear_steak/motion_priors/masks/cam00_0168.png,/leonardo_work/EUHPC_D21_034/proj_adags/data/n3v/sear_steak/flow/cam00_0168.npz,3,0.18398980796337128,0.383574515581131,0.2715962827205658,0.47973188757896423,0.37876826524734497,0.03128683567047119,0.042365461587905884,0.8385064601898193,0.6796680688858032,0.739636242389679,0.04505269601941109,sear_steak_depth_186_cam00_0168
406,"[256, 176, 352, 272]",0.9396339058876038,1.0,0.951707124710083,sear_steak,cam00,cam00_0108,108,/leonardo_work/EUHPC_D21_034/proj_adags/repo/adags/refine-logs/depth_occlusion_support/r031_da3_depth_full/depth_npz/sear_steak/cam00_0108.npz,/leonardo_work/EUHPC_D21_034/proj_adags/data/n3v/sear_steak/motion_priors/masks/cam00_0108.png,/leonardo_work/EUHPC_D21_034/proj_adags/data/n3v/sear_steak/flow/cam00_0108.npz,2,0.18984518945217133,0.6322229504585266,0.24251040816307068,0.4779391586780548,0.3775719702243805,0.03067411296069622,0.043252453207969666,0.7518994212150574,0.679034948348999,0.7315394878387451,0.048212599009275436,sear_steak_depth_187_cam00_0108
88,"[240, 160, 336, 256]",0.9396329522132874,1.0,0.9517063617706298,sear_steak,cam00,cam00_0009,9,/leonardo_work/EUHPC_D21_034/proj_adags/repo/adags/refine-logs/depth_occlusion_support/r031_da3_depth_full/depth_npz/sear_steak/cam00_0009.npz,/leonardo_work/EUHPC_D21_034/proj_adags/data/n3v/sear_steak/motion_priors/masks/cam00_0009.png,/leonardo_work/EUHPC_D21_034/proj_adags/data/n3v/sear_steak/flow/cam00_0009.npz,0,0.19652330875396729,0.33928123116493225,0.2664721608161926,0.43489524722099304,0.3752376437187195,0.029647070914506912,0.048212599009275436,0.81929612159729,0.6768874526023865,0.7145233154296875,0.04804044961929321,sear_steak_depth_188_cam00_0009
34,"[272, 128, 368, 224]",0.9396152496337891,1.0,0.9516921997070313,sear_steak,cam00,cam00_0211,211,/leonardo_work/EUHPC_D21_034/proj_adags/repo/adags/refine-logs/depth_occlusion_support/r031_da3_depth_full/depth_npz/sear_steak/cam00_0211.npz,/leonardo_work/EUHPC_D21_034/proj_adags/data/n3v/sear_steak/motion_priors/masks/cam00_0211.png,/leonardo_work/EUHPC_D21_034/proj_adags/data/n3v/sear_steak/flow/cam00_0211.npz,0,0.19038055837154388,0.49337732791900635,0.27588799595832825,0.454733669757843,0.3723786473274231,0.021512435749173164,0.03298787400126457,0.8831273317337036,0.6824807524681091,0.7265239357948303,0.03693264722824097,sear_steak_depth_189_cam00_0211
113,"[384, 160, 480, 256]",0.9395696520805359,1.0,0.9516557216644288,sear_steak,cam00,cam00_0103,103,/leonardo_work/EUHPC_D21_034/proj_adags/repo/adags/refine-logs/depth_occlusion_support/r031_da3_depth_full/depth_npz/sear_steak/cam00_0103.npz,/leonardo_work/EUHPC_D21_034/proj_adags/data/n3v/sear_steak/motion_priors/masks/cam00_0103.png,/leonardo_work/EUHPC_D21_034/proj_adags/data/n3v/sear_steak/flow/cam00_0103.npz,0,0.18844439089298248,0.3510977625846863,0.2557174563407898,0.4741654396057129,0.38052913546562195,0.03126057609915733,0.05657481774687767,0.5170278549194336,0.6785855889320374,0.7328525185585022,0.041157521307468414,sear_steak_depth_190_cam00_0103
113,"[384, 176, 480, 272]",0.9395696520805359,1.0,0.9516557216644288,sear_steak,cam00,cam00_0103,103,/leonardo_work/EUHPC_D21_034/proj_adags/repo/adags/refine-logs/depth_occlusion_support/r031_da3_depth_full/depth_npz/sear_steak/cam00_0103.npz,/leonardo_work/EUHPC_D21_034/proj_adags/data/n3v/sear_steak/motion_priors/masks/cam00_0103.png,/leonardo_work/EUHPC_D21_034/proj_adags/data/n3v/sear_steak/flow/cam00_0103.npz,1,0.18844439089298248,0.3510977625846863,0.2557174563407898,0.4741654396057129,0.38052913546562195,0.03126057609915733,0.05657481774687767,0.5170278549194336,0.6785855889320374,0.7328525185585022,0.041157521307468414,sear_steak_depth_191_cam00_0103
53,"[384, 128, 480, 224]",0.939559817314148,1.0,0.9516478538513184,sear_steak,cam00,cam00_0027,27,/leonardo_work/EUHPC_D21_034/proj_adags/repo/adags/refine-logs/depth_occlusion_support/r031_da3_depth_full/depth_npz/sear_steak/cam00_0027.npz,/leonardo_work/EUHPC_D21_034/proj_adags/data/n3v/sear_steak/motion_priors/masks/cam00_0027.png,/leonardo_work/EUHPC_D21_034/proj_adags/data/n3v/sear_steak/flow/cam00_0027.npz,3,0.19593746960163116,0.4243242144584656,0.28571683168411255,0.4626004099845886,0.3728054165840149,0.025547659024596214,0.041507650166749954,0.8333771228790283,0.6766132116317749,0.714745044708252,0.0504271574318409,sear_steak_depth_192_cam00_0027
91,"[256, 160, 352, 256]",0.9395266771316528,1.0,0.9516213417053223,sear_steak,cam00,cam00_0205,205,/leonardo_work/EUHPC_D21_034/proj_adags/repo/adags/refine-logs/depth_occlusion_support/r031_da3_depth_full/depth_npz/sear_steak/cam00_0205.npz,/leonardo_work/EUHPC_D21_034/proj_adags/data/n3v/sear_steak/motion_priors/masks/cam00_0205.png,/leonardo_work/EUHPC_D21_034/proj_adags/data/n3v/sear_steak/flow/cam00_0205.npz,3,0.15677912533283234,0.4532203674316406,0.2915663719177246,0.4572674036026001,0.3773862421512604,0.02819112315773964,0.046905454248189926,0.6468639969825745,0.6830117702484131,0.7278135418891907,0.04246758297085762,sear_steak_depth_193_cam00_0205
105,"[416, 240, 512, 336]",0.9395008683204651,1.0,0.9516006946563722,sear_steak,cam00,cam00_0024,24,/leonardo_work/EUHPC_D21_034/proj_adags/repo/adags/refine-logs/depth_occlusion_support/r031_da3_depth_full/depth_npz/sear_steak/cam00_0024.npz,/leonardo_work/EUHPC_D21_034/proj_adags/data/n3v/sear_steak/motion_priors/masks/cam00_0024.png,/leonardo_work/EUHPC_D21_034/proj_adags/data/n3v/sear_steak/flow/cam00_0024.npz,3,0.1872754991054535,0.4400050938129425,0.2630583643913269,0.4843829274177551,0.37033867835998535,0.02698318287730217,0.038435280323028564,0.7810242176055908,0.6766190528869629,0.7143161296844482,0.05006827414035797,sear_steak_depth_194_cam00_0024
161,"[400, 176, 496, 272]",0.9394285678863525,1.0,0.951542854309082,sear_steak,cam00,cam00_0038,38,/leonardo_work/EUHPC_D21_034/proj_adags/repo/adags/refine-logs/depth_occlusion_support/r031_da3_depth_full/depth_npz/sear_steak/cam00_0038.npz,/leonardo_work/EUHPC_D21_034/proj_adags/data/n3v/sear_steak/motion_priors/masks/cam00_0038.png,/leonardo_work/EUHPC_D21_034/proj_adags/data/n3v/sear_steak/flow/cam00_0038.npz,1,0.19181905686855316,0.26584693789482117,0.2840464413166046,0.43767598271369934,0.36764952540397644,0.018927324563264847,0.03959070146083832,0.5650157928466797,0.6771588325500488,0.7162681221961975,0.04597761482000351,sear_steak_depth_195_cam00_0038
53,"[192, 224, 288, 320]",0.9394146203994751,1.0,0.9515316963195801,sear_steak,cam00,cam00_0232,232,/leonardo_work/EUHPC_D21_034/proj_adags/repo/adags/refine-logs/depth_occlusion_support/r031_da3_depth_full/depth_npz/sear_steak/cam00_0232.npz,/leonardo_work/EUHPC_D21_034/proj_adags/data/n3v/sear_steak/motion_priors/masks/cam00_0232.png,/leonardo_work/EUHPC_D21_034/proj_adags/data/n3v/sear_steak/flow/cam00_0232.npz,2,0.19581648707389832,0.27992957830429077,0.2671085298061371,0.4896447956562042,0.37123462557792664,0.021357795223593712,0.04351213201880455,0.8156431317329407,0.6826149821281433,0.7205309271812439,0.034268759191036224,sear_steak_depth_196_cam00_0232
60,"[416, 224, 512, 320]",0.9392449855804443,1.0,0.9513959884643555,sear_steak,cam00,cam00_0029,29,/leonardo_work/EUHPC_D21_034/proj_adags/repo/adags/refine-logs/depth_occlusion_support/r031_da3_depth_full/depth_npz/sear_steak/cam00_0029.npz,/leonardo_work/EUHPC_D21_034/proj_adags/data/n3v/sear_steak/motion_priors/masks/cam00_0029.png,/leonardo_work/EUHPC_D21_034/proj_adags/data/n3v/sear_steak/flow/cam00_0029.npz,2,0.1924293488264084,0.40844571590423584,0.2781572639942169,0.46639013290405273,0.3726668357849121,0.027193259447813034,0.04063524678349495,0.3286357820034027,0.6767591238021851,0.7145145535469055,0.0572429783642292,sear_steak_depth_197_cam00_0029
59,"[192, 240, 288, 336]",0.938949704170227,1.0,0.9511597633361817,sear_steak,cam00,cam00_0104,104,/leonardo_work/EUHPC_D21_034/proj_adags/repo/adags/refine-logs/depth_occlusion_support/r031_da3_depth_full/depth_npz/sear_steak/cam00_0104.npz,/leonardo_work/EUHPC_D21_034/proj_adags/data/n3v/sear_steak/motion_priors/masks/cam00_0104.png,/leonardo_work/EUHPC_D21_034/proj_adags/data/n3v/sear_steak/flow/cam00_0104.npz,0,0.1837971955537796,0.3622855842113495,0.2848978340625763,0.4612327814102173,0.3814557194709778,0.03267859295010567,0.05391676351428032,0.3254437744617462,0.6787139773368835,0.7318021059036255,0.04215538501739502,sear_steak_depth_198_cam00_0104
143,"[208, 224, 304, 320]",0.9389159679412842,1.0,0.9511327743530273,sear_steak,cam00,cam00_0189,189,/leonardo_work/EUHPC_D21_034/proj_adags/repo/adags/refine-logs/depth_occlusion_support/r031_da3_depth_full/depth_npz/sear_steak/cam00_0189.npz,/leonardo_work/EUHPC_D21_034/proj_adags/data/n3v/sear_steak/motion_priors/masks/cam00_0189.png,/leonardo_work/EUHPC_D21_034/proj_adags/data/n3v/sear_steak/flow/cam00_0189.npz,0,0.18560288846492767,0.4636196792125702,0.2573091387748718,0.4249439835548401,0.36687543988227844,0.009648938663303852,0.03051071986556053,0.8506646752357483,0.6826879382133484,0.7328291535377502,0.034805621951818466,sear_steak_depth_199_cam00_0189
78,"[240, 144, 336, 240]",0.9388450384140015,1.0,0.9510760307312012,sear_steak,cam00,cam00_0006,6,/leonardo_work/EUHPC_D21_034/proj_adags/repo/adags/refine-logs/depth_occlusion_support/r031_da3_depth_full/depth_npz/sear_steak/cam00_0006.npz,/leonardo_work/EUHPC_D21_034/proj_adags/data/n3v/sear_steak/motion_priors/masks/cam00_0006.png,/leonardo_work/EUHPC_D21_034/proj_adags/data/n3v/sear_steak/flow/cam00_0006.npz,2,0.18794137239456177,0.3453119397163391,0.27452269196510315,0.45441827178001404,0.3728799819946289,0.02681395411491394,0.04486887529492378,0.8566985130310059,0.678337574005127,0.7139543294906616,0.04485137015581131,sear_steak_depth_200_cam00_0006
124,"[240, 160, 336, 256]",0.9386488199234009,1.0,0.9509190559387208,sear_steak,cam00,cam00_0008,8,/leonardo_work/EUHPC_D21_034/proj_adags/repo/adags/refine-logs/depth_occlusion_support/r031_da3_depth_full/depth_npz/sear_steak/cam00_0008.npz,/leonardo_work/EUHPC_D21_034/proj_adags/data/n3v/sear_steak/motion_priors/masks/cam00_0008.png,/leonardo_work/EUHPC_D21_034/proj_adags/data/n3v/sear_steak/flow/cam00_0008.npz,0,0.1926630139350891,0.33958807587623596,0.26596251130104065,0.43502506613731384,0.3724651336669922,0.028249477967619896,0.03940104693174362,0.8498360514640808,0.6772434711456299,0.7146487832069397,0.044816356152296066,sear_steak_depth_201_cam00_0008
64,"[208, 208, 304, 304]",0.9386328458786011,1.0,0.9509062767028809,sear_steak,cam00,cam00_0234,234,/leonardo_work/EUHPC_D21_034/proj_adags/repo/adags/refine-logs/depth_occlusion_support/r031_da3_depth_full/depth_npz/sear_steak/cam00_0234.npz,/leonardo_work/EUHPC_D21_034/proj_adags/data/n3v/sear_steak/motion_priors/masks/cam00_0234.png,/leonardo_work/EUHPC_D21_034/proj_adags/data/n3v/sear_steak/flow/cam00_0234.npz,0,0.19273361563682556,0.31687822937965393,0.26655471324920654,0.4762612581253052,0.36917898058891296,0.015662383288145065,0.03696182370185852,0.4761533737182617,0.6825945377349854,0.7214762568473816,0.024786129593849182,sear_steak_depth_202_cam00_0234
52,"[384, 160, 480, 256]",0.9385368824005127,1.0,0.9508295059204102,sear_steak,cam00,cam00_0012,12,/leonardo_work/EUHPC_D21_034/proj_adags/repo/adags/refine-logs/depth_occlusion_support/r031_da3_depth_full/depth_npz/sear_steak/cam00_0012.npz,/leonardo_work/EUHPC_D21_034/proj_adags/data/n3v/sear_steak/motion_priors/masks/cam00_0012.png,/leonardo_work/EUHPC_D21_034/proj_adags/data/n3v/sear_steak/flow/cam00_0012.npz,1,0.19103305041790009,0.38584721088409424,0.27707669138908386,0.4938422739505768,0.3759865164756775,0.03339635580778122,0.04356756806373596,0.7706341743469238,0.6763535141944885,0.716559886932373,0.04909083619713783,sear_steak_depth_203_cam00_0012
52,"[384, 176, 480, 272]",0.9385368824005127,1.0,0.9508295059204102,sear_steak,cam00,cam00_0012,12,/leonardo_work/EUHPC_D21_034/proj_adags/repo/adags/refine-logs/depth_occlusion_support/r031_da3_depth_full/depth_npz/sear_steak/cam00_0012.npz,/leonardo_work/EUHPC_D21_034/proj_adags/data/n3v/sear_steak/motion_priors/masks/cam00_0012.png,/leonardo_work/EUHPC_D21_034/proj_adags/data/n3v/sear_steak/flow/cam00_0012.npz,2,0.19103305041790009,0.38584721088409424,0.27707669138908386,0.4938422739505768,0.3759865164756775,0.03339635580778122,0.04356756806373596,0.7706341743469238,0.6763535141944885,0.716559886932373,0.04909083619713783,sear_steak_depth_204_cam00_0012
38,"[400, 192, 496, 288]",0.9383988380432129,1.0,0.9507190704345703,sear_steak,cam00,cam00_0022,22,/leonardo_work/EUHPC_D21_034/proj_adags/repo/adags/refine-logs/depth_occlusion_support/r031_da3_depth_full/depth_npz/sear_steak/cam00_0022.npz,/leonardo_work/EUHPC_D21_034/proj_adags/data/n3v/sear_steak/motion_priors/masks/cam00_0022.png,/leonardo_work/EUHPC_D21_034/proj_adags/data/n3v/sear_steak/flow/cam00_0022.npz,1,0.1935908943414688,0.41957888007164,0.2859272062778473,0.4384361505508423,0.3715569078922272,0.023651132360100746,0.04078405350446701,0.6494491100311279,0.6764585971832275,0.7145583033561707,0.047068845480680466,sear_steak_depth_205_cam00_0022
34,"[400, 192, 496, 288]",0.9382290840148926,1.0,0.9505832672119141,sear_steak,cam00,cam00_0096,96,/leonardo_work/EUHPC_D21_034/proj_adags/repo/adags/refine-logs/depth_occlusion_support/r031_da3_depth_full/depth_npz/sear_steak/cam00_0096.npz,/leonardo_work/EUHPC_D21_034/proj_adags/data/n3v/sear_steak/motion_priors/masks/cam00_0096.png,/leonardo_work/EUHPC_D21_034/proj_adags/data/n3v/sear_steak/flow/cam00_0096.npz,1,0.1942584216594696,0.3378736972808838,0.2644824683666229,0.4996074140071869,0.3794749677181244,0.031403545290231705,0.049627698957920074,0.8456315994262695,0.677806556224823,0.7340633273124695,0.04449540749192238,sear_steak_depth_206_cam00_0096
124,"[400, 176, 496, 272]",0.9381790161132812,1.0,0.950543212890625,sear_steak,cam00,cam00_0036,36,/leonardo_work/EUHPC_D21_034/proj_adags/repo/adags/refine-logs/depth_occlusion_support/r031_da3_depth_full/depth_npz/sear_steak/cam00_0036.npz,/leonardo_work/EUHPC_D21_034/proj_adags/data/n3v/sear_steak/motion_priors/masks/cam00_0036.png,/leonardo_work/EUHPC_D21_034/proj_adags/data/n3v/sear_steak/flow/cam00_0036.npz,1,0.18936124444007874,0.28201648592948914,0.2845103442668915,0.4455820620059967,0.37305912375450134,0.025535987690091133,0.044903889298439026,0.4945555031299591,0.6780079007148743,0.7154569625854492,0.05095818266272545,sear_steak_depth_207_cam00_0036
63,"[256, 160, 352, 256]",0.9381417036056519,1.0,0.9505133628845215,sear_steak,cam00,cam00_0083,83,/leonardo_work/EUHPC_D21_034/proj_adags/repo/adags/refine-logs/depth_occlusion_support/r031_da3_depth_full/depth_npz/sear_steak/cam00_0083.npz,/leonardo_work/EUHPC_D21_034/proj_adags/data/n3v/sear_steak/motion_priors/masks/cam00_0083.png,/leonardo_work/EUHPC_D21_034/proj_adags/data/n3v/sear_steak/flow/cam00_0083.npz,0,0.1939554363489151,0.32834428548812866,0.2790670394897461,0.44273248314857483,0.3765551745891571,0.020888041704893112,0.05375920608639717,0.7633077502250671,0.6764293909072876,0.7333047389984131,0.048664845526218414,sear_steak_depth_208_cam00_0083
66,"[400, 144, 496, 240]",0.9379262924194336,1.0,0.9503410339355469,sear_steak,cam00,cam00_0034,34,/leonardo_work/EUHPC_D21_034/proj_adags/repo/adags/refine-logs/depth_occlusion_support/r031_da3_depth_full/depth_npz/sear_steak/cam00_0034.npz,/leonardo_work/EUHPC_D21_034/proj_adags/data/n3v/sear_steak/motion_priors/masks/cam00_0034.png,/leonardo_work/EUHPC_D21_034/proj_adags/data/n3v/sear_steak/flow/cam00_0034.npz,0,0.18707172572612762,0.457705557346344,0.2968357801437378,0.46852245926856995,0.3759802579879761,0.03131309524178505,0.04384183511137962,0.6753790378570557,0.6775118708610535,0.7139310240745544,0.05661274865269661,sear_steak_depth_209_cam00_0034
63,"[272, 128, 368, 224]",0.9379057884216309,1.0,0.9503246307373048,sear_steak,cam00,cam00_0204,204,/leonardo_work/EUHPC_D21_034/proj_adags/repo/adags/refine-logs/depth_occlusion_support/r031_da3_depth_full/depth_npz/sear_steak/cam00_0204.npz,/leonardo_work/EUHPC_D21_034/proj_adags/data/n3v/sear_steak/motion_priors/masks/cam00_0204.png,/leonardo_work/EUHPC_D21_034/proj_adags/data/n3v/sear_steak/flow/cam00_0204.npz,1,0.1839064657688141,0.34711968898773193,0.2843501567840576,0.47629544138908386,0.37719106674194336,0.02962956391274929,0.04500892758369446,0.6835982799530029,0.6830205321311951,0.7277785539627075,0.04656407982110977,sear_steak_depth_210_cam00_0204
222,"[256, 160, 352, 256]",0.9377077221870422,1.0,0.9501661777496337,sear_steak,cam00,cam00_0110,110,/leonardo_work/EUHPC_D21_034/proj_adags/repo/adags/refine-logs/depth_occlusion_support/r031_da3_depth_full/depth_npz/sear_steak/cam00_0110.npz,/leonardo_work/EUHPC_D21_034/proj_adags/data/n3v/sear_steak/motion_priors/masks/cam00_0110.png,/leonardo_work/EUHPC_D21_034/proj_adags/data/n3v/sear_steak/flow/cam00_0110.npz,2,0.18719135224819183,0.37212905287742615,0.2586103081703186,0.4779492914676666,0.37762555480003357,0.0319053940474987,0.03889336436986923,0.8330532312393188,0.6789240837097168,0.7326074242591858,0.049184203147888184,sear_steak_depth_211_cam00_0110
133,"[208, 224, 304, 320]",0.937631368637085,1.0,0.9501050949096681,sear_steak,cam00,cam00_0140,140,/leonardo_work/EUHPC_D21_034/proj_adags/repo/adags/refine-logs/depth_occlusion_support/r031_da3_depth_full/depth_npz/sear_steak/cam00_0140.npz,/leonardo_work/EUHPC_D21_034/proj_adags/data/n3v/sear_steak/motion_priors/masks/cam00_0140.png,/leonardo_work/EUHPC_D21_034/proj_adags/data/n3v/sear_steak/flow/cam00_0140.npz,0,0.19148388504981995,0.3014880120754242,0.2926391065120697,0.4907025694847107,0.3733113706111908,0.017030799761414528,0.046318989247083664,0.6303817629814148,0.6801086664199829,0.7418186664581299,0.02784682996571064,sear_steak_depth_212_cam00_0140
70,"[192, 240, 288, 336]",0.9376311302185059,1.0,0.9501049041748046,sear_steak,cam00,cam00_0204,204,/leonardo_work/EUHPC_D21_034/proj_adags/repo/adags/refine-logs/depth_occlusion_support/r031_da3_depth_full/depth_npz/sear_steak/cam00_0204.npz,/leonardo_work/EUHPC_D21_034/proj_adags/data/n3v/sear_steak/motion_priors/masks/cam00_0204.png,/leonardo_work/EUHPC_D21_034/proj_adags/data/n3v/sear_steak/flow/cam00_0204.npz,2,0.1839064657688141,0.34711968898773193,0.2843501567840576,0.47629544138908386,0.37719106674194336,0.02962956391274929,0.04500892758369446,0.6835982799530029,0.6830205321311951,0.7277785539627075,0.04656407982110977,sear_steak_depth_213_cam00_0204
134,"[240, 176, 336, 272]",0.9375573992729187,1.0,0.950045919418335,sear_steak,cam00,cam00_0008,8,/leonardo_work/EUHPC_D21_034/proj_adags/repo/adags/refine-logs/depth_occlusion_support/r031_da3_depth_full/depth_npz/sear_steak/cam00_0008.npz,/leonardo_work/EUHPC_D21_034/proj_adags/data/n3v/sear_steak/motion_priors/masks/cam00_0008.png,/leonardo_work/EUHPC_D21_034/proj_adags/data/n3v/sear_steak/flow/cam00_0008.npz,1,0.1926630139350891,0.33958807587623596,0.26596251130104065,0.43502506613731384,0.3724651336669922,0.028249477967619896,0.03940104693174362,0.8498360514640808,0.6772434711456299,0.7146487832069397,0.044816356152296066,sear_steak_depth_214_cam00_0008
86,"[256, 128, 352, 224]",0.937465488910675,1.0,0.94997239112854,sear_steak,cam00,cam00_0096,96,/leonardo_work/EUHPC_D21_034/proj_adags/repo/adags/refine-logs/depth_occlusion_support/r031_da3_depth_full/depth_npz/sear_steak/cam00_0096.npz,/leonardo_work/EUHPC_D21_034/proj_adags/data/n3v/sear_steak/motion_priors/masks/cam00_0096.png,/leonardo_work/EUHPC_D21_034/proj_adags/data/n3v/sear_steak/flow/cam00_0096.npz,2,0.1942584216594696,0.3378736972808838,0.2644824683666229,0.4996074140071869,0.3794749677181244,0.031403545290231705,0.049627698957920074,0.8456315994262695,0.677806556224823,0.7340633273124695,0.04449540749192238,sear_steak_depth_215_cam00_0096
36,"[384, 128, 480, 224]",0.9373779296875,1.0,0.94990234375,sear_steak,cam00,cam00_0177,177,/leonardo_work/EUHPC_D21_034/proj_adags/repo/adags/refine-logs/depth_occlusion_support/r031_da3_depth_full/depth_npz/sear_steak/cam00_0177.npz,/leonardo_work/EUHPC_D21_034/proj_adags/data/n3v/sear_steak/motion_priors/masks/cam00_0177.png,/leonardo_work/EUHPC_D21_034/proj_adags/data/n3v/sear_steak/flow/cam00_0177.npz,3,0.1975751370191574,0.5099273324012756,0.2843206524848938,0.5041215419769287,0.375851571559906,0.024269692599773407,0.03829522803425789,0.8362189531326294,0.6796184778213501,0.7358285784721375,0.043634675443172455,sear_steak_depth_216_cam00_0177
315,"[208, 240, 304, 336]",0.9371454119682312,1.0,0.949716329574585,sear_steak,cam00,cam00_0187,187,/leonardo_work/EUHPC_D21_034/proj_adags/repo/adags/refine-logs/depth_occlusion_support/r031_da3_depth_full/depth_npz/sear_steak/cam00_0187.npz,/leonardo_work/EUHPC_D21_034/proj_adags/data/n3v/sear_steak/motion_priors/masks/cam00_0187.png,/leonardo_work/EUHPC_D21_034/proj_adags/data/n3v/sear_steak/flow/cam00_0187.npz,1,0.18710026144981384,0.3775039315223694,0.26651832461357117,0.4613620340824127,0.3735889792442322,0.022405261173844337,0.03080541081726551,0.886873722076416,0.6815850138664246,0.7355455756187439,0.03581807389855385,sear_steak_depth_217_cam00_0187
18,"[192, 224, 288, 320]",0.9370421171188354,1.0,0.9496336936950684,sear_steak,cam00,cam00_0251,251,/leonardo_work/EUHPC_D21_034/proj_adags/repo/adags/refine-logs/depth_occlusion_support/r031_da3_depth_full/depth_npz/sear_steak/cam00_0251.npz,/leonardo_work/EUHPC_D21_034/proj_adags/data/n3v/sear_steak/motion_priors/masks/cam00_0251.png,/leonardo_work/EUHPC_D21_034/proj_adags/data/n3v/sear_steak/flow/cam00_0251.npz,1,0.19611506164073944,0.4366106390953064,0.2661558985710144,0.4954850971698761,0.36740267276763916,0.017270052805542946,0.04039891064167023,0.7965086698532104,0.682439923286438,0.7116580605506897,0.029337791725993156,sear_steak_depth_218_cam00_0251
51,"[400, 144, 496, 240]",0.9368720650672913,1.0,0.949497652053833,sear_steak,cam00,cam00_0291,291,/leonardo_work/EUHPC_D21_034/proj_adags/repo/adags/refine-logs/depth_occlusion_support/r031_da3_depth_full/depth_npz/sear_steak/cam00_0291.npz,/leonardo_work/EUHPC_D21_034/proj_adags/data/n3v/sear_steak/motion_priors/masks/cam00_0291.png,/leonardo_work/EUHPC_D21_034/proj_adags/data/n3v/sear_steak/flow/cam00_0291.npz,0,0.16428729891777039,0.42379030585289,0.2793634235858917,0.49478843808174133,0.3657916486263275,0.022819578647613525,0.04451875016093254,0.36170828342437744,0.6834523677825928,0.6902477741241455,0.030172262340784073,sear_steak_depth_219_cam00_0291
49,"[400, 160, 496, 256]",0.9368404746055603,1.0,0.9494723796844482,sear_steak,cam00,cam00_0282,282,/leonardo_work/EUHPC_D21_034/proj_adags/repo/adags/refine-logs/depth_occlusion_support/r031_da3_depth_full/depth_npz/sear_steak/cam00_0282.npz,/leonardo_work/EUHPC_D21_034/proj_adags/data/n3v/sear_steak/motion_priors/masks/cam00_0282.png,/leonardo_work/EUHPC_D21_034/proj_adags/data/n3v/sear_steak/flow/cam00_0282.npz,2,0.18902096152305603,0.29554280638694763,0.2686091363430023,0.481594443321228,0.3694728910923004,0.029445746913552284,0.050295859575271606,0.531797468662262,0.6846486330032349,0.6913098096847534,0.03532789647579193,sear_steak_depth_220_cam00_0282
49,"[400, 176, 496, 272]",0.9368404746055603,1.0,0.9494723796844482,sear_steak,cam00,cam00_0282,282,/leonardo_work/EUHPC_D21_034/proj_adags/repo/adags/refine-logs/depth_occlusion_support/r031_da3_depth_full/depth_npz/sear_steak/cam00_0282.npz,/leonardo_work/EUHPC_D21_034/proj_adags/data/n3v/sear_steak/motion_priors/masks/cam00_0282.png,/leonardo_work/EUHPC_D21_034/proj_adags/data/n3v/sear_steak/flow/cam00_0282.npz,3,0.18902096152305603,0.29554280638694763,0.2686091363430023,0.481594443321228,0.3694728910923004,0.029445746913552284,0.050295859575271606,0.531797468662262,0.6846486330032349,0.6913098096847534,0.03532789647579193,sear_steak_depth_221_cam00_0282
110,"[256, 144, 352, 240]",0.9367136359214783,1.0,0.9493709087371827,sear_steak,cam00,cam00_0110,110,/leonardo_work/EUHPC_D21_034/proj_adags/repo/adags/refine-logs/depth_occlusion_support/r031_da3_depth_full/depth_npz/sear_steak/cam00_0110.npz,/leonardo_work/EUHPC_D21_034/proj_adags/data/n3v/sear_steak/motion_priors/masks/cam00_0110.png,/leonardo_work/EUHPC_D21_034/proj_adags/data/n3v/sear_steak/flow/cam00_0110.npz,3,0.18719135224819183,0.37212905287742615,0.2586103081703186,0.4779492914676666,0.37762555480003357,0.0319053940474987,0.03889336436986923,0.8330532312393188,0.6789240837097168,0.7326074242591858,0.049184203147888184,sear_steak_depth_222_cam00_0110
41,"[272, 128, 368, 224]",0.9366992115974426,1.0,0.9493593692779541,sear_steak,cam00,cam00_0208,208,/leonardo_work/EUHPC_D21_034/proj_adags/repo/adags/refine-logs/depth_occlusion_support/r031_da3_depth_full/depth_npz/sear_steak/cam00_0208.npz,/leonardo_work/EUHPC_D21_034/proj_adags/data/n3v/sear_steak/motion_priors/masks/cam00_0208.png,/leonardo_work/EUHPC_D21_034/proj_adags/data/n3v/sear_steak/flow/cam00_0208.npz,1,0.19032616913318634,0.26677992939949036,0.2573195695877075,0.4712105691432953,0.3735945522785187,0.024934934452176094,0.03659127280116081,0.38561907410621643,0.6830730438232422,0.7276151776313782,0.04095911607146263,sear_steak_depth_223_cam00_0208
107,"[368, 128, 464, 224]",0.9365498423576355,1.0,0.9492398738861085,sear_steak,cam00,cam00_0089,89,/leonardo_work/EUHPC_D21_034/proj_adags/repo/adags/refine-logs/depth_occlusion_support/r031_da3_depth_full/depth_npz/sear_steak/cam00_0089.npz,/leonardo_work/EUHPC_D21_034/proj_adags/data/n3v/sear_steak/motion_priors/masks/cam00_0089.png,/leonardo_work/EUHPC_D21_034/proj_adags/data/n3v/sear_steak/flow/cam00_0089.npz,3,0.18702121078968048,0.33913350105285645,0.2621091902256012,0.46210992336273193,0.3797813057899475,0.03721858561038971,0.04025886207818985,0.7063244581222534,0.6781654357910156,0.7334097623825073,0.045359056442976,sear_steak_depth_224_cam00_0089
53,"[384, 128, 480, 224]",0.9363493323326111,1.0,0.9490794658660888,sear_steak,cam00,cam00_0118,118,/leonardo_work/EUHPC_D21_034/proj_adags/repo/adags/refine-logs/depth_occlusion_support/r031_da3_depth_full/depth_npz/sear_steak/cam00_0118.npz,/leonardo_work/EUHPC_D21_034/proj_adags/data/n3v/sear_steak/motion_priors/masks/cam00_0118.png,/leonardo_work/EUHPC_D21_034/proj_adags/data/n3v/sear_steak/flow/cam00_0118.npz,1,0.18695607781410217,0.38249340653419495,0.2767775356769562,0.4709681570529938,0.3660789132118225,0.005546608008444309,0.03442047908902168,0.9057047367095947,0.6799394488334656,0.7363712787628174,0.04357340559363365,sear_steak_depth_225_cam00_0118
73,"[400, 160, 496, 256]",0.9362640380859375,1.0,0.9490112304687501,sear_steak,cam00,cam00_0284,284,/leonardo_work/EUHPC_D21_034/proj_adags/repo/adags/refine-logs/depth_occlusion_support/r031_da3_depth_full/depth_npz/sear_steak/cam00_0284.npz,/leonardo_work/EUHPC_D21_034/proj_adags/data/n3v/sear_steak/motion_priors/masks/cam00_0284.png,/leonardo_work/EUHPC_D21_034/proj_adags/data/n3v/sear_steak/flow/cam00_0284.npz,0,0.19494199752807617,0.5454004406929016,0.24801403284072876,0.4671654999256134,0.3672044277191162,0.02967916615307331,0.04106707125902176,0.6363689303398132,0.6844093799591064,0.6904461979866028,0.031146785244345665,sear_steak_depth_226_cam00_0284
120,"[256, 144, 352, 240]",0.9362401962280273,1.0,0.948992156982422,sear_steak,cam00,cam00_0176,176,/leonardo_work/EUHPC_D21_034/proj_adags/repo/adags/refine-logs/depth_occlusion_support/r031_da3_depth_full/depth_npz/sear_steak/cam00_0176.npz,/leonardo_work/EUHPC_D21_034/proj_adags/data/n3v/sear_steak/motion_priors/masks/cam00_0176.png,/leonardo_work/EUHPC_D21_034/proj_adags/data/n3v/sear_steak/flow/cam00_0176.npz,3,0.19679366052150726,0.41593724489212036,0.2662810683250427,0.5187265276908875,0.3754581809043884,0.02859085239470005,0.031791605055332184,0.8291580677032471,0.6799102425575256,0.7366572022438049,0.04029679298400879,sear_steak_depth_227_cam00_0176
96,"[400, 160, 496, 256]",0.9362345337867737,1.0,0.9489876270294191,sear_steak,cam00,cam00_0287,287,/leonardo_work/EUHPC_D21_034/proj_adags/repo/adags/refine-logs/depth_occlusion_support/r031_da3_depth_full/depth_npz/sear_steak/cam00_0287.npz,/leonardo_work/EUHPC_D21_034/proj_adags/data/n3v/sear_steak/motion_priors/masks/cam00_0287.png,/leonardo_work/EUHPC_D21_034/proj_adags/data/n3v/sear_steak/flow/cam00_0287.npz,0,0.16524283587932587,0.3384094536304474,0.27014392614364624,0.5055518746376038,0.36977145075798035,0.028477061539888382,0.04871736466884613,0.26504966616630554,0.6832568645477295,0.6911026835441589,0.034645143896341324,sear_steak_depth_228_cam00_0287
96,"[400, 176, 496, 272]",0.9362345337867737,1.0,0.9489876270294191,sear_steak,cam00,cam00_0287,287,/leonardo_work/EUHPC_D21_034/proj_adags/repo/adags/refine-logs/depth_occlusion_support/r031_da3_depth_full/depth_npz/sear_steak/cam00_0287.npz,/leonardo_work/EUHPC_D21_034/proj_adags/data/n3v/sear_steak/motion_priors/masks/cam00_0287.png,/leonardo_work/EUHPC_D21_034/proj_adags/data/n3v/sear_steak/flow/cam00_0287.npz,1,0.16524283587932587,0.3384094536304474,0.27014392614364624,0.5055518746376038,0.36977145075798035,0.028477061539888382,0.04871736466884613,0.26504966616630554,0.6832568645477295,0.6911026835441589,0.034645143896341324,sear_steak_depth_229_cam00_0287
161,"[208, 224, 304, 320]",0.9361281991004944,1.0,0.9489025592803955,sear_steak,cam00,cam00_0201,201,/leonardo_work/EUHPC_D21_034/proj_adags/repo/adags/refine-logs/depth_occlusion_support/r031_da3_depth_full/depth_npz/sear_steak/cam00_0201.npz,/leonardo_work/EUHPC_D21_034/proj_adags/data/n3v/sear_steak/motion_priors/masks/cam00_0201.png,/leonardo_work/EUHPC_D21_034/proj_adags/data/n3v/sear_steak/flow/cam00_0201.npz,1,0.18509861826896667,0.34203073382377625,0.2530679404735565,0.44307130575180054,0.37765252590179443,0.025109998881816864,0.05332738161087036,0.7404502630233765,0.6827900409698486,0.7300047874450684,0.042263343930244446,sear_steak_depth_230_cam00_0201
226,"[288, 128, 384, 224]",0.9361280202865601,1.0,0.9489024162292481,sear_steak,cam00,cam00_0091,91,/leonardo_work/EUHPC_D21_034/proj_adags/repo/adags/refine-logs/depth_occlusion_support/r031_da3_depth_full/depth_npz/sear_steak/cam00_0091.npz,/leonardo_work/EUHPC_D21_034/proj_adags/data/n3v/sear_steak/motion_priors/masks/cam00_0091.png,/leonardo_work/EUHPC_D21_034/proj_adags/data/n3v/sear_steak/flow/cam00_0091.npz,2,0.19658344984054565,0.3931392729282379,0.25110581517219543,0.45135194063186646,0.38514694571495056,0.036565013229846954,0.05467245727777481,0.7840995192527771,0.678413450717926,0.7344864010810852,0.05139000713825226,sear_steak_depth_231_cam00_0091
83,"[400, 144, 496, 240]",0.9360796213150024,1.0,0.9488636970520019,sear_steak,cam00,cam00_0038,38,/leonardo_work/EUHPC_D21_034/proj_adags/repo/adags/refine-logs/depth_occlusion_support/r031_da3_depth_full/depth_npz/sear_steak/cam00_0038.npz,/leonardo_work/EUHPC_D21_034/proj_adags/data/n3v/sear_steak/motion_priors/masks/cam00_0038.png,/leonardo_work/EUHPC_D21_034/proj_adags/data/n3v/sear_steak/flow/cam00_0038.npz,2,0.19181905686855316,0.26584693789482117,0.2840464413166046,0.43767598271369934,0.36764952540397644,0.018927324563264847,0.03959070146083832,0.5650157928466797,0.6771588325500488,0.7162681221961975,0.04597761482000351,sear_steak_depth_232_cam00_0038
164,"[384, 160, 480, 256]",0.9360371828079224,1.0,0.948829746246338,sear_steak,cam00,cam00_0016,16,/leonardo_work/EUHPC_D21_034/proj_adags/repo/adags/refine-logs/depth_occlusion_support/r031_da3_depth_full/depth_npz/sear_steak/cam00_0016.npz,/leonardo_work/EUHPC_D21_034/proj_adags/data/n3v/sear_steak/motion_priors/masks/cam00_0016.png,/leonardo_work/EUHPC_D21_034/proj_adags/data/n3v/sear_steak/flow/cam00_0016.npz,3,0.19168154895305634,0.288918137550354,0.2414044588804245,0.4740836024284363,0.37112483382225037,0.02252780646085739,0.0445420928299427,0.8156985640525818,0.6763768792152405,0.7146604061126709,0.047118447721004486,sear_steak_depth_233_cam00_0016
154,"[192, 240, 288, 336]",0.9359962344169617,1.0,0.9487969875335693,sear_steak,cam00,cam00_0229,229,/leonardo_work/EUHPC_D21_034/proj_adags/repo/adags/refine-logs/depth_occlusion_support/r031_da3_depth_full/depth_npz/sear_steak/cam00_0229.npz,/leonardo_work/EUHPC_D21_034/proj_adags/data/n3v/sear_steak/motion_priors/masks/cam00_0229.png,/leonardo_work/EUHPC_D21_034/proj_adags/data/n3v/sear_steak/flow/cam00_0229.npz,1,0.19682800769805908,0.662155032157898,0.26272472739219666,0.47476914525032043,0.371865838766098,0.023318510502576828,0.05089399218559265,0.6198078989982605,0.6824924349784851,0.7209014892578125,0.03316585719585419,sear_steak_depth_234_cam00_0229
181,"[192, 240, 288, 336]",0.9359437823295593,1.0,0.9487550258636475,sear_steak,cam00,cam00_0281,281,/leonardo_work/EUHPC_D21_034/proj_adags/repo/adags/refine-logs/depth_occlusion_support/r031_da3_depth_full/depth_npz/sear_steak/cam00_0281.npz,/leonardo_work/EUHPC_D21_034/proj_adags/data/n3v/sear_steak/motion_priors/masks/cam00_0281.png,/leonardo_work/EUHPC_D21_034/proj_adags/data/n3v/sear_steak/flow/cam00_0281.npz,2,0.1899995654821396,0.5478977560997009,0.25581493973731995,0.46946054697036743,0.37191540002822876,0.028304914012551308,0.05845966935157776,0.4834272861480713,0.6851884126663208,0.6925936341285706,0.03154359757900238,sear_steak_depth_235_cam00_0281
147,"[256, 176, 352, 272]",0.9358523488044739,1.0,0.9486818790435791,sear_steak,cam00,cam00_0030,30,/leonardo_work/EUHPC_D21_034/proj_adags/repo/adags/refine-logs/depth_occlusion_support/r031_da3_depth_full/depth_npz/sear_steak/cam00_0030.npz,/leonardo_work/EUHPC_D21_034/proj_adags/data/n3v/sear_steak/motion_priors/masks/cam00_0030.png,/leonardo_work/EUHPC_D21_034/proj_adags/data/n3v/sear_steak/flow/cam00_0030.npz,1,0.1902131736278534,0.28925445675849915,0.2650502324104309,0.5154457688331604,0.374563068151474,0.03199292719364166,0.04785371571779251,0.6691408753395081,0.6765548586845398,0.7152235507965088,0.05568490922451019,sear_steak_depth_236_cam00_0030
46,"[384, 128, 480, 224]",0.9357700943946838,1.0,0.9486160755157471,sear_steak,cam00,cam00_0111,111,/leonardo_work/EUHPC_D21_034/proj_adags/repo/adags/refine-logs/depth_occlusion_support/r031_da3_depth_full/depth_npz/sear_steak/cam00_0111.npz,/leonardo_work/EUHPC_D21_034/proj_adags/data/n3v/sear_steak/motion_priors/masks/cam00_0111.png,/leonardo_work/EUHPC_D21_034/proj_adags/data/n3v/sear_steak/flow/cam00_0111.npz,2,0.18664056062698364,0.3630608022212982,0.2650463283061981,0.47503817081451416,0.3825436532497406,0.034799784421920776,0.04557788744568825,0.8726264238357544,0.6791516542434692,0.734900712966919,0.049613106995821,sear_steak_depth_237_cam00_0111
83,"[416, 240, 512, 336]",0.9357669353485107,1.0,0.9486135482788087,sear_steak,cam00,cam00_0112,112,/leonardo_work/EUHPC_D21_034/proj_adags/repo/adags/refine-logs/depth_occlusion_support/r031_da3_depth_full/depth_npz/sear_steak/cam00_0112.npz,/leonardo_work/EUHPC_D21_034/proj_adags/data/n3v/sear_steak/motion_priors/masks/cam00_0112.png,/leonardo_work/EUHPC_D21_034/proj_adags/data/n3v/sear_steak/flow/cam00_0112.npz,1,0.1902085542678833,0.3106846809387207,0.26184210181236267,0.4724533259868622,0.38279908895492554,0.035657599568367004,0.04128006845712662,0.8656764030456543,0.6788248419761658,0.7356710433959961,0.05018790066242218,sear_steak_depth_238_cam00_0112
89,"[256, 144, 352, 240]",0.9356929659843445,1.0,0.9485543727874757,sear_steak,cam00,cam00_0111,111,/leonardo_work/EUHPC_D21_034/proj_adags/repo/adags/refine-logs/depth_occlusion_support/r031_da3_depth_full/depth_npz/sear_steak/cam00_0111.npz,/leonardo_work/EUHPC_D21_034/proj_adags/data/n3v/sear_steak/motion_priors/masks/cam00_0111.png,/leonardo_work/EUHPC_D21_034/proj_adags/data/n3v/sear_steak/flow/cam00_0111.npz,3,0.18664056062698364,0.3630608022212982,0.2650463283061981,0.47503817081451416,0.3825436532497406,0.034799784421920776,0.04557788744568825,0.8726264238357544,0.6791516542434692,0.734900712966919,0.049613106995821,sear_steak_depth_239_cam00_0111
289,"[256, 176, 352, 272]",0.9353432655334473,1.0,0.9482746124267578,sear_steak,cam00,cam00_0174,174,/leonardo_work/EUHPC_D21_034/proj_adags/repo/adags/refine-logs/depth_occlusion_support/r031_da3_depth_full/depth_npz/sear_steak/cam00_0174.npz,/leonardo_work/EUHPC_D21_034/proj_adags/data/n3v/sear_steak/motion_priors/masks/cam00_0174.png,/leonardo_work/EUHPC_D21_034/proj_adags/data/n3v/sear_steak/flow/cam00_0174.npz,1,0.19350700080394745,0.5482926368713379,0.25006189942359924,0.4972320795059204,0.3774832785129547,0.02894681505858898,0.04448957368731499,0.6359370946884155,0.6793325543403625,0.7388805150985718,0.044046077877283096,sear_steak_depth_240_cam00_0174
97,"[192, 240, 288, 336]",0.9353238940238953,1.0,0.9482591152191162,sear_steak,cam00,cam00_0214,214,/leonardo_work/EUHPC_D21_034/proj_adags/repo/adags/refine-logs/depth_occlusion_support/r031_da3_depth_full/depth_npz/sear_steak/cam00_0214.npz,/leonardo_work/EUHPC_D21_034/proj_adags/data/n3v/sear_steak/motion_priors/masks/cam00_0214.png,/leonardo_work/EUHPC_D21_034/proj_adags/data/n3v/sear_steak/flow/cam00_0214.npz,0,0.19362026453018188,0.42760181427001953,0.24228164553642273,0.49337977170944214,0.3669632375240326,0.015008811838924885,0.036661297082901,0.7552781701087952,0.6825128793716431,0.7230722308158875,0.03584141656756401,sear_steak_depth_241_cam00_0214
37,"[400, 192, 496, 288]",0.9352778792381287,1.0,0.9482223033905031,sear_steak,cam00,cam00_0107,107,/leonardo_work/EUHPC_D21_034/proj_adags/repo/adags/refine-logs/depth_occlusion_support/r031_da3_depth_full/depth_npz/sear_steak/cam00_0107.npz,/leonardo_work/EUHPC_D21_034/proj_adags/data/n3v/sear_steak/motion_priors/masks/cam00_0107.png,/leonardo_work/EUHPC_D21_034/proj_adags/data/n3v/sear_steak/flow/cam00_0107.npz,1,0.19048167765140533,0.45040956139564514,0.24946659803390503,0.48103049397468567,0.3815244734287262,0.03212130814790726,0.05416477099061012,0.7727524638175964,0.6782471537590027,0.7331121563911438,0.04689669981598854,sear_steak_depth_242_cam00_0107
27,"[400, 144, 496, 240]",0.9352166652679443,1.0,0.9481733322143555,sear_steak,cam00,cam00_0283,283,/leonardo_work/EUHPC_D21_034/proj_adags/repo/adags/refine-logs/depth_occlusion_support/r031_da3_depth_full/depth_npz/sear_steak/cam00_0283.npz,/leonardo_work/EUHPC_D21_034/proj_adags/data/n3v/sear_steak/motion_priors/masks/cam00_0283.png,/leonardo_work/EUHPC_D21_034/proj_adags/data/n3v/sear_steak/flow/cam00_0283.npz,3,0.16199001669883728,0.5014272928237915,0.28207331895828247,0.4901222586631775,0.3695523142814636,0.029687918722629547,0.0501120425760746,0.5679131150245667,0.6841205358505249,0.6909567713737488,0.03093087300658226,sear_steak_depth_243_cam00_0283
70,"[192, 240, 288, 336]",0.9351263642311096,1.0,0.9481010913848877,sear_steak,cam00,cam00_0103,103,/leonardo_work/EUHPC_D21_034/proj_adags/repo/adags/refine-logs/depth_occlusion_support/r031_da3_depth_full/depth_npz/sear_steak/cam00_0103.npz,/leonardo_work/EUHPC_D21_034/proj_adags/data/n3v/sear_steak/motion_priors/masks/cam00_0103.png,/leonardo_work/EUHPC_D21_034/proj_adags/data/n3v/sear_steak/flow/cam00_0103.npz,2,0.18844439089298248,0.3510977625846863,0.2557174563407898,0.4741654396057129,0.38052913546562195,0.03126057609915733,0.05657481774687767,0.5170278549194336,0.6785855889320374,0.7328525185585022,0.041157521307468414,sear_steak_depth_244_cam00_0103
167,"[384, 176, 480, 272]",0.9350964426994324,1.0,0.9480771541595459,sear_steak,cam00,cam00_0105,105,/leonardo_work/EUHPC_D21_034/proj_adags/repo/adags/refine-logs/depth_occlusion_support/r031_da3_depth_full/depth_npz/sear_steak/cam00_0105.npz,/leonardo_work/EUHPC_D21_034/proj_adags/data/n3v/sear_steak/motion_priors/masks/cam00_0105.png,/leonardo_work/EUHPC_D21_034/proj_adags/data/n3v/sear_steak/flow/cam00_0105.npz,0,0.1847275048494339,0.4481232762336731,0.26852869987487793,0.4585888981819153,0.3806777000427246,0.03205711767077446,0.051442526280879974,0.5571204423904419,0.6786177158355713,0.7331063151359558,0.04456543177366257,sear_steak_depth_245_cam00_0105
213,"[256, 160, 352, 256]",0.9350849390029907,1.0,0.9480679512023926,sear_steak,cam00,cam00_0175,175,/leonardo_work/EUHPC_D21_034/proj_adags/repo/adags/refine-logs/depth_occlusion_support/r031_da3_depth_full/depth_npz/sear_steak/cam00_0175.npz,/leonardo_work/EUHPC_D21_034/proj_adags/data/n3v/sear_steak/motion_priors/masks/cam00_0175.png,/leonardo_work/EUHPC_D21_034/proj_adags/data/n3v/sear_steak/flow/cam00_0175.npz,0,0.1929285079240799,0.37065553665161133,0.25625813007354736,0.48429226875305176,0.3779340088367462,0.028194040060043335,0.04588424786925316,0.7493026852607727,0.6794142127037048,0.7375529408454895,0.04231586307287216,sear_steak_depth_246_cam00_0175
143,"[272, 128, 368, 224]",0.9350379109382629,1.0,0.9480303287506104,sear_steak,cam00,cam00_0014,14,/leonardo_work/EUHPC_D21_034/proj_adags/repo/adags/refine-logs/depth_occlusion_support/r031_da3_depth_full/depth_npz/sear_steak/cam00_0014.npz,/leonardo_work/EUHPC_D21_034/proj_adags/data/n3v/sear_steak/motion_priors/masks/cam00_0014.png,/leonardo_work/EUHPC_D21_034/proj_adags/data/n3v/sear_steak/flow/cam00_0014.npz,3,0.1880730539560318,0.46919551491737366,0.2557431757450104,0.47746312618255615,0.37313997745513916,0.0312810018658638,0.040223848074674606,0.8078235983848572,0.6758312582969666,0.7151564359664917,0.04563915729522705,sear_steak_depth_247_cam00_0014
195,"[208, 224, 304, 320]",0.9349969029426575,1.0,0.9479975223541259,sear_steak,cam00,cam00_0208,208,/leonardo_work/EUHPC_D21_034/proj_adags/repo/adags/refine-logs/depth_occlusion_support/r031_da3_depth_full/depth_npz/sear_steak/cam00_0208.npz,/leonardo_work/EUHPC_D21_034/proj_adags/data/n3v/sear_steak/motion_priors/masks/cam00_0208.png,/leonardo_work/EUHPC_D21_034/proj_adags/data/n3v/sear_steak/flow/cam00_0208.npz,2,0.19032616913318634,0.26677992939949036,0.2573195695877075,0.4712105691432953,0.3735945522785187,0.024934934452176094,0.03659127280116081,0.38561907410621643,0.6830730438232422,0.7276151776313782,0.04095911607146263,sear_steak_depth_248_cam00_0208
130,"[208, 224, 304, 320]",0.9349086880683899,1.0,0.9479269504547119,sear_steak,cam00,cam00_0193,193,/leonardo_work/EUHPC_D21_034/proj_adags/repo/adags/refine-logs/depth_occlusion_support/r031_da3_depth_full/depth_npz/sear_steak/cam00_0193.npz,/leonardo_work/EUHPC_D21_034/proj_adags/data/n3v/sear_steak/motion_priors/masks/cam00_0193.png,/leonardo_work/EUHPC_D21_034/proj_adags/data/n3v/sear_steak/flow/cam00_0193.npz,0,0.1872779130935669,0.3651668429374695,0.25080400705337524,0.42715349793434143,0.372812420129776,0.019668428227305412,0.04496807977557182,0.7957792282104492,0.6826149821281433,0.7295817136764526,0.03815809264779091,sear_steak_depth_249_cam00_0193
71,"[272, 128, 368, 224]",0.9348072409629822,1.0,0.9478457927703858,sear_steak,cam00,cam00_0202,202,/leonardo_work/EUHPC_D21_034/proj_adags/repo/adags/refine-logs/depth_occlusion_support/r031_da3_depth_full/depth_npz/sear_steak/cam00_0202.npz,/leonardo_work/EUHPC_D21_034/proj_adags/data/n3v/sear_steak/motion_priors/masks/cam00_0202.png,/leonardo_work/EUHPC_D21_034/proj_adags/data/n3v/sear_steak/flow/cam00_0202.npz,1,0.19274020195007324,0.4804494082927704,0.27043142914772034,0.4851638376712799,0.3792472183704376,0.02774762734770775,0.05258919671177864,0.7547383904457092,0.6833006739616394,0.7299405932426453,0.04522484168410301,sear_steak_depth_250_cam00_0202
114,"[384, 144, 480, 240]",0.9345992207527161,1.0,0.9476793766021729,sear_steak,cam00,cam00_0090,90,/leonardo_work/EUHPC_D21_034/proj_adags/repo/adags/refine-logs/depth_occlusion_support/r031_da3_depth_full/depth_npz/sear_steak/cam00_0090.npz,/leonardo_work/EUHPC_D21_034/proj_adags/data/n3v/sear_steak/motion_priors/masks/cam00_0090.png,/leonardo_work/EUHPC_D21_034/proj_adags/data/n3v/sear_steak/flow/cam00_0090.npz,2,0.1951419562101364,0.2879156470298767,0.259513258934021,0.4758409857749939,0.3810616433620453,0.03517908975481987,0.04743647947907448,0.7158975601196289,0.6780428886413574,0.7345185279846191,0.0461731031537056,sear_steak_depth_251_cam00_0090
29,"[400, 144, 496, 240]",0.9345945119857788,1.0,0.9476756095886232,sear_steak,cam00,cam00_0208,208,/leonardo_work/EUHPC_D21_034/proj_adags/repo/adags/refine-logs/depth_occlusion_support/r031_da3_depth_full/depth_npz/sear_steak/cam00_0208.npz,/leonardo_work/EUHPC_D21_034/proj_adags/data/n3v/sear_steak/motion_priors/masks/cam00_0208.png,/leonardo_work/EUHPC_D21_034/proj_adags/data/n3v/sear_steak/flow/cam00_0208.npz,3,0.19032616913318634,0.26677992939949036,0.2573195695877075,0.4712105691432953,0.3735945522785187,0.024934934452176094,0.03659127280116081,0.38561907410621643,0.6830730438232422,0.7276151776313782,0.04095911607146263,sear_steak_depth_252_cam00_0208
325,"[384, 176, 480, 272]",0.9345590472221375,1.0,0.9476472377777101,sear_steak,cam00,cam00_0187,187,/leonardo_work/EUHPC_D21_034/proj_adags/repo/adags/refine-logs/depth_occlusion_support/r031_da3_depth_full/depth_npz/sear_steak/cam00_0187.npz,/leonardo_work/EUHPC_D21_034/proj_adags/data/n3v/sear_steak/motion_priors/masks/cam00_0187.png,/leonardo_work/EUHPC_D21_034/proj_adags/data/n3v/sear_steak/flow/cam00_0187.npz,2,0.18710026144981384,0.3775039315223694,0.26651832461357117,0.4613620340824127,0.3735889792442322,0.022405261173844337,0.03080541081726551,0.886873722076416,0.6815850138664246,0.7355455756187439,0.03581807389855385,sear_steak_depth_253_cam00_0187
196,"[240, 176, 336, 272]",0.9345388412475586,1.0,0.9476310729980468,sear_steak,cam00,cam00_0004,4,/leonardo_work/EUHPC_D21_034/proj_adags/repo/adags/refine-logs/depth_occlusion_support/r031_da3_depth_full/depth_npz/sear_steak/cam00_0004.npz,/leonardo_work/EUHPC_D21_034/proj_adags/data/n3v/sear_steak/motion_priors/masks/cam00_0004.png,/leonardo_work/EUHPC_D21_034/proj_adags/data/n3v/sear_steak/flow/cam00_0004.npz,2,0.18604716658592224,0.4218392074108124,0.26974642276763916,0.5013957023620605,0.3685586452484131,0.024258021265268326,0.035231608897447586,0.6801086664199829,0.6787168979644775,0.7129331231117249,0.04293442144989967,sear_steak_depth_254_cam00_0004
136,"[368, 128, 464, 224]",0.9345104098320007,1.0,0.9476083278656007,sear_steak,cam00,cam00_0031,31,/leonardo_work/EUHPC_D21_034/proj_adags/repo/adags/refine-logs/depth_occlusion_support/r031_da3_depth_full/depth_npz/sear_steak/cam00_0031.npz,/leonardo_work/EUHPC_D21_034/proj_adags/data/n3v/sear_steak/motion_priors/masks/cam00_0031.png,/leonardo_work/EUHPC_D21_034/proj_adags/data/n3v/sear_steak/flow/cam00_0031.npz,3,0.19329942762851715,0.40694546699523926,0.27174270153045654,0.5069100260734558,0.3784565031528473,0.03409077599644661,0.05326610803604126,0.599847674369812,0.6777365207672119,0.715349018573761,0.05777692049741745,sear_steak_depth_255_cam00_0031
64,"[400, 144, 496, 240]",0.9345102906227112,1.0,0.947608232498169,sear_steak,cam00,cam00_0036,36,/leonardo_work/EUHPC_D21_034/proj_adags/repo/adags/refine-logs/depth_occlusion_support/r031_da3_depth_full/depth_npz/sear_steak/cam00_0036.npz,/leonardo_work/EUHPC_D21_034/proj_adags/data/n3v/sear_steak/motion_priors/masks/cam00_0036.png,/leonardo_work/EUHPC_D21_034/proj_adags/data/n3v/sear_steak/flow/cam00_0036.npz,2,0.18936124444007874,0.28201648592948914,0.2845103442668915,0.4455820620059967,0.37305912375450134,0.025535987690091133,0.044903889298439026,0.4945555031299591,0.6780079007148743,0.7154569625854492,0.05095818266272545,sear_steak_depth_256_cam00_0036
72,"[368, 128, 464, 224]",0.9344236850738525,1.0,0.9475389480590821,sear_steak,cam00,cam00_0008,8,/leonardo_work/EUHPC_D21_034/proj_adags/repo/adags/refine-logs/depth_occlusion_support/r031_da3_depth_full/depth_npz/sear_steak/cam00_0008.npz,/leonardo_work/EUHPC_D21_034/proj_adags/data/n3v/sear_steak/motion_priors/masks/cam00_0008.png,/leonardo_work/EUHPC_D21_034/proj_adags/data/n3v/sear_steak/flow/cam00_0008.npz,2,0.1926630139350891,0.33958807587623596,0.26596251130104065,0.43502506613731384,0.3724651336669922,0.028249477967619896,0.03940104693174362,0.8498360514640808,0.6772434711456299,0.7146487832069397,0.044816356152296066,sear_steak_depth_257_cam00_0008
63,"[256, 144, 352, 240]",0.9342536926269531,1.0,0.9474029541015625,sear_steak,cam00,cam00_0197,197,/leonardo_work/EUHPC_D21_034/proj_adags/repo/adags/refine-logs/depth_occlusion_support/r031_da3_depth_full/depth_npz/sear_steak/cam00_0197.npz,/leonardo_work/EUHPC_D21_034/proj_adags/data/n3v/sear_steak/motion_priors/masks/cam00_0197.png,/leonardo_work/EUHPC_D21_034/proj_adags/data/n3v/sear_steak/flow/cam00_0197.npz,0,0.18258823454380035,0.3574521839618683,0.26449331641197205,0.3974696695804596,0.3724251389503479,0.016114631667733192,0.03870079293847084,0.8624231219291687,0.6823669672012329,0.7304803729057312,0.03704935684800148,sear_steak_depth_258_cam00_0197
37,"[208, 208, 304, 304]",0.9342440962791443,1.0,0.9473952770233154,sear_steak,cam00,cam00_0209,209,/leonardo_work/EUHPC_D21_034/proj_adags/repo/adags/refine-logs/depth_occlusion_support/r031_da3_depth_full/depth_npz/sear_steak/cam00_0209.npz,/leonardo_work/EUHPC_D21_034/proj_adags/data/n3v/sear_steak/motion_priors/masks/cam00_0209.png,/leonardo_work/EUHPC_D21_034/proj_adags/data/n3v/sear_steak/flow/cam00_0209.npz,0,0.18993420898914337,0.3956117630004883,0.25220638513565063,0.46677765250205994,0.37684690952301025,0.025054560974240303,0.04432034492492676,0.8143768310546875,0.683035135269165,0.7266318798065186,0.04214079678058624,sear_steak_depth_259_cam00_0209
41,"[208, 208, 304, 304]",0.9341772198677063,1.0,0.9473417758941651,sear_steak,cam00,cam00_0250,250,/leonardo_work/EUHPC_D21_034/proj_adags/repo/adags/refine-logs/depth_occlusion_support/r031_da3_depth_full/depth_npz/sear_steak/cam00_0250.npz,/leonardo_work/EUHPC_D21_034/proj_adags/data/n3v/sear_steak/motion_priors/masks/cam00_0250.png,/leonardo_work/EUHPC_D21_034/proj_adags/data/n3v/sear_steak/flow/cam00_0250.npz,1,0.16406571865081787,0.32043856382369995,0.2542262673377991,0.5013849139213562,0.36746451258659363,0.016800299286842346,0.0396636426448822,0.8622509837150574,0.6821802258491516,0.7131257057189941,0.029031429439783096,sear_steak_depth_260_cam00_0250
21,"[384, 128, 480, 224]",0.9341564178466797,1.0,0.9473251342773439,sear_steak,cam00,cam00_0018,18,/leonardo_work/EUHPC_D21_034/proj_adags/repo/adags/refine-logs/depth_occlusion_support/r031_da3_depth_full/depth_npz/sear_steak/cam00_0018.npz,/leonardo_work/EUHPC_D21_034/proj_adags/data/n3v/sear_steak/motion_priors/masks/cam00_0018.png,/leonardo_work/EUHPC_D21_034/proj_adags/data/n3v/sear_steak/flow/cam00_0018.npz,1,0.1921416074037552,0.2386356145143509,0.2948393225669861,0.4551142454147339,0.37145549058914185,0.020785920321941376,0.04829137772321701,0.6271226406097412,0.6758925318717957,0.7145641446113586,0.04271850734949112,sear_steak_depth_261_cam00_0018
20,"[256, 144, 352, 240]",0.9341384172439575,1.0,0.9473107337951661,sear_steak,cam00,cam00_0206,206,/leonardo_work/EUHPC_D21_034/proj_adags/repo/adags/refine-logs/depth_occlusion_support/r031_da3_depth_full/depth_npz/sear_steak/cam00_0206.npz,/leonardo_work/EUHPC_D21_034/proj_adags/data/n3v/sear_steak/motion_priors/masks/cam00_0206.png,/leonardo_work/EUHPC_D21_034/proj_adags/data/n3v/sear_steak/flow/cam00_0206.npz,3,0.18040934205055237,0.22139200568199158,0.26675060391426086,0.4255681335926056,0.37593063712120056,0.025095410645008087,0.04552828520536423,0.45825308561325073,0.6836420297622681,0.7268186211585999,0.04359382763504982,sear_steak_depth_262_cam00_0206
161,"[384, 160, 480, 256]",0.9340672492980957,1.0,0.9472537994384767,sear_steak,cam00,cam00_0105,105,/leonardo_work/EUHPC_D21_034/proj_adags/repo/adags/refine-logs/depth_occlusion_support/r031_da3_depth_full/depth_npz/sear_steak/cam00_0105.npz,/leonardo_work/EUHPC_D21_034/proj_adags/data/n3v/sear_steak/motion_priors/masks/cam00_0105.png,/leonardo_work/EUHPC_D21_034/proj_adags/data/n3v/sear_steak/flow/cam00_0105.npz,1,0.1847275048494339,0.4481232762336731,0.26852869987487793,0.4585888981819153,0.3806777000427246,0.03205711767077446,0.051442526280879974,0.5571204423904419,0.6786177158355713,0.7331063151359558,0.04456543177366257,sear_steak_depth_263_cam00_0105
204,"[192, 240, 288, 336]",0.9340513348579407,1.0,0.9472410678863525,sear_steak,cam00,cam00_0235,235,/leonardo_work/EUHPC_D21_034/proj_adags/repo/adags/refine-logs/depth_occlusion_support/r031_da3_depth_full/depth_npz/sear_steak/cam00_0235.npz,/leonardo_work/EUHPC_D21_034/proj_adags/data/n3v/sear_steak/motion_priors/masks/cam00_0235.png,/leonardo_work/EUHPC_D21_034/proj_adags/data/n3v/sear_steak/flow/cam00_0235.npz,1,0.1940186619758606,0.40899261832237244,0.27012136578559875,0.48559701442718506,0.36875346302986145,0.016030017286539078,0.03459262475371361,0.8916850686073303,0.6823932528495789,0.7209540009498596,0.02441849559545517,sear_steak_depth_264_cam00_0235
156,"[208, 224, 304, 320]",0.9340184330940247,1.0,0.9472147464752199,sear_steak,cam00,cam00_0187,187,/leonardo_work/EUHPC_D21_034/proj_adags/repo/adags/refine-logs/depth_occlusion_support/r031_da3_depth_full/depth_npz/sear_steak/cam00_0187.npz,/leonardo_work/EUHPC_D21_034/proj_adags/data/n3v/sear_steak/motion_priors/masks/cam00_0187.png,/leonardo_work/EUHPC_D21_034/proj_adags/data/n3v/sear_steak/flow/cam00_0187.npz,3,0.18710026144981384,0.3775039315223694,0.26651832461357117,0.4613620340824127,0.3735889792442322,0.022405261173844337,0.03080541081726551,0.886873722076416,0.6815850138664246,0.7355455756187439,0.03581807389855385,sear_steak_depth_265_cam00_0187
113,"[272, 128, 368, 224]",0.933871865272522,1.0,0.9470974922180175,sear_steak,cam00,cam00_0086,86,/leonardo_work/EUHPC_D21_034/proj_adags/repo/adags/refine-logs/depth_occlusion_support/r031_da3_depth_full/depth_npz/sear_steak/cam00_0086.npz,/leonardo_work/EUHPC_D21_034/proj_adags/data/n3v/sear_steak/motion_priors/masks/cam00_0086.png,/leonardo_work/EUHPC_D21_034/proj_adags/data/n3v/sear_steak/flow/cam00_0086.npz,3,0.18844380974769592,0.49817636609077454,0.2467859834432602,0.4777679741382599,0.3774168789386749,0.03230220824480057,0.04131216183304787,0.7096448540687561,0.6765606999397278,0.7326920032501221,0.04999533295631409,sear_steak_depth_266_cam00_0086
28,"[272, 128, 368, 224]",0.9338311553001404,1.0,0.9470649242401123,sear_steak,cam00,cam00_0212,212,/leonardo_work/EUHPC_D21_034/proj_adags/repo/adags/refine-logs/depth_occlusion_support/r031_da3_depth_full/depth_npz/sear_steak/cam00_0212.npz,/leonardo_work/EUHPC_D21_034/proj_adags/data/n3v/sear_steak/motion_priors/masks/cam00_0212.png,/leonardo_work/EUHPC_D21_034/proj_adags/data/n3v/sear_steak/flow/cam00_0212.npz,3,0.19238713383674622,0.48269233107566833,0.2995033860206604,0.47121119499206543,0.3691399097442627,0.020211126655340195,0.028506238013505936,0.8937974572181702,0.6829447150230408,0.7248228788375854,0.03664379194378853,sear_steak_depth_267_cam00_0212
75,"[384, 144, 480, 240]",0.9334816336631775,1.0,0.9467853069305421,sear_steak,cam00,cam00_0103,103,/leonardo_work/EUHPC_D21_034/proj_adags/repo/adags/refine-logs/depth_occlusion_support/r031_da3_depth_full/depth_npz/sear_steak/cam00_0103.npz,/leonardo_work/EUHPC_D21_034/proj_adags/data/n3v/sear_steak/motion_priors/masks/cam00_0103.png,/leonardo_work/EUHPC_D21_034/proj_adags/data/n3v/sear_steak/flow/cam00_0103.npz,3,0.18844439089298248,0.3510977625846863,0.2557174563407898,0.4741654396057129,0.38052913546562195,0.03126057609915733,0.05657481774687767,0.5170278549194336,0.6785855889320374,0.7328525185585022,0.041157521307468414,sear_steak_depth_268_cam00_0103
298,"[208, 240, 304, 336]",0.9334755539894104,1.0,0.9467804431915283,sear_steak,cam00,cam00_0189,189,/leonardo_work/EUHPC_D21_034/proj_adags/repo/adags/refine-logs/depth_occlusion_support/r031_da3_depth_full/depth_npz/sear_steak/cam00_0189.npz,/leonardo_work/EUHPC_D21_034/proj_adags/data/n3v/sear_steak/motion_priors/masks/cam00_0189.png,/leonardo_work/EUHPC_D21_034/proj_adags/data/n3v/sear_steak/flow/cam00_0189.npz,1,0.18560288846492767,0.4636196792125702,0.2573091387748718,0.4249439835548401,0.36687543988227844,0.009648938663303852,0.03051071986556053,0.8506646752357483,0.6826879382133484,0.7328291535377502,0.034805621951818466,sear_steak_depth_269_cam00_0189
205,"[400, 224, 496, 320]",0.9333532452583313,1.0,0.9466825962066652,sear_steak,cam00,cam00_0015,15,/leonardo_work/EUHPC_D21_034/proj_adags/repo/adags/refine-logs/depth_occlusion_support/r031_da3_depth_full/depth_npz/sear_steak/cam00_0015.npz,/leonardo_work/EUHPC_D21_034/proj_adags/data/n3v/sear_steak/motion_priors/masks/cam00_0015.png,/leonardo_work/EUHPC_D21_034/proj_adags/data/n3v/sear_steak/flow/cam00_0015.npz,2,0.18839862942695618,0.3669922947883606,0.25795575976371765,0.48010891675949097,0.36987733840942383,0.02563227154314518,0.036357853561639786,0.8210788369178772,0.6759158968925476,0.7155911922454834,0.04653490334749222,sear_steak_depth_270_cam00_0015
137,"[272, 128, 368, 224]",0.9333462119102478,1.0,0.9466769695281982,sear_steak,cam00,cam00_0091,91,/leonardo_work/EUHPC_D21_034/proj_adags/repo/adags/refine-logs/depth_occlusion_support/r031_da3_depth_full/depth_npz/sear_steak/cam00_0091.npz,/leonardo_work/EUHPC_D21_034/proj_adags/data/n3v/sear_steak/motion_priors/masks/cam00_0091.png,/leonardo_work/EUHPC_D21_034/proj_adags/data/n3v/sear_steak/flow/cam00_0091.npz,3,0.19658344984054565,0.3931392729282379,0.25110581517219543,0.45135194063186646,0.38514694571495056,0.036565013229846954,0.05467245727777481,0.7840995192527771,0.678413450717926,0.7344864010810852,0.05139000713825226,sear_steak_depth_271_cam00_0091
45,"[416, 224, 512, 320]",0.9333228468894958,1.0,0.9466582775115968,sear_steak,cam00,cam00_0090,90,/leonardo_work/EUHPC_D21_034/proj_adags/repo/adags/refine-logs/depth_occlusion_support/r031_da3_depth_full/depth_npz/sear_steak/cam00_0090.npz,/leonardo_work/EUHPC_D21_034/proj_adags/data/n3v/sear_steak/motion_priors/masks/cam00_0090.png,/leonardo_work/EUHPC_D21_034/proj_adags/data/n3v/sear_steak/flow/cam00_0090.npz,3,0.1951419562101364,0.2879156470298767,0.259513258934021,0.4758409857749939,0.3810616433620453,0.03517908975481987,0.04743647947907448,0.7158975601196289,0.6780428886413574,0.7345185279846191,0.0461731031537056,sear_steak_depth_272_cam00_0090
42,"[384, 128, 480, 224]",0.9330211877822876,1.0,0.9464169502258302,sear_steak,cam00,cam00_0174,174,/leonardo_work/EUHPC_D21_034/proj_adags/repo/adags/refine-logs/depth_occlusion_support/r031_da3_depth_full/depth_npz/sear_steak/cam00_0174.npz,/leonardo_work/EUHPC_D21_034/proj_adags/data/n3v/sear_steak/motion_priors/masks/cam00_0174.png,/leonardo_work/EUHPC_D21_034/proj_adags/data/n3v/sear_steak/flow/cam00_0174.npz,2,0.19350700080394745,0.5482926368713379,0.25006189942359924,0.4972320795059204,0.3774832785129547,0.02894681505858898,0.04448957368731499,0.6359370946884155,0.6793325543403625,0.7388805150985718,0.044046077877283096,sear_steak_depth_273_cam00_0174
35,"[224, 192, 320, 288]",0.9328893423080444,1.0,0.9463114738464355,sear_steak,cam00,cam00_0228,228,/leonardo_work/EUHPC_D21_034/proj_adags/repo/adags/refine-logs/depth_occlusion_support/r031_da3_depth_full/depth_npz/sear_steak/cam00_0228.npz,/leonardo_work/EUHPC_D21_034/proj_adags/data/n3v/sear_steak/motion_priors/masks/cam00_0228.png,/leonardo_work/EUHPC_D21_034/proj_adags/data/n3v/sear_steak/flow/cam00_0228.npz,0,0.19496729969978333,0.6275126934051514,0.2647480070590973,0.48451900482177734,0.3672977387905121,0.0217721126973629,0.03887585550546646,0.6146785020828247,0.6825332641601562,0.7203500270843506,0.03364728018641472,sear_steak_depth_274_cam00_0228
44,"[400, 160, 496, 256]",0.9325923323631287,1.0,0.946073865890503,sear_steak,cam00,cam00_0281,281,/leonardo_work/EUHPC_D21_034/proj_adags/repo/adags/refine-logs/depth_occlusion_support/r031_da3_depth_full/depth_npz/sear_steak/cam00_0281.npz,/leonardo_work/EUHPC_D21_034/proj_adags/data/n3v/sear_steak/motion_priors/masks/cam00_0281.png,/leonardo_work/EUHPC_D21_034/proj_adags/data/n3v/sear_steak/flow/cam00_0281.npz,3,0.1899995654821396,0.5478977560997009,0.25581493973731995,0.46946054697036743,0.37191540002822876,0.028304914012551308,0.05845966935157776,0.4834272861480713,0.6851884126663208,0.6925936341285706,0.03154359757900238,sear_steak_depth_275_cam00_0281
74,"[400, 176, 496, 272]",0.9325136542320251,1.0,0.9460109233856202,sear_steak,cam00,cam00_0284,284,/leonardo_work/EUHPC_D21_034/proj_adags/repo/adags/refine-logs/depth_occlusion_support/r031_da3_depth_full/depth_npz/sear_steak/cam00_0284.npz,/leonardo_work/EUHPC_D21_034/proj_adags/data/n3v/sear_steak/motion_priors/masks/cam00_0284.png,/leonardo_work/EUHPC_D21_034/proj_adags/data/n3v/sear_steak/flow/cam00_0284.npz,1,0.19494199752807617,0.5454004406929016,0.24801403284072876,0.4671654999256134,0.3672044277191162,0.02967916615307331,0.04106707125902176,0.6363689303398132,0.6844093799591064,0.6904461979866028,0.031146785244345665,sear_steak_depth_276_cam00_0284
69,"[256, 144, 352, 240]",0.9323537945747375,1.0,0.94588303565979,sear_steak,cam00,cam00_0196,196,/leonardo_work/EUHPC_D21_034/proj_adags/repo/adags/refine-logs/depth_occlusion_support/r031_da3_depth_full/depth_npz/sear_steak/cam00_0196.npz,/leonardo_work/EUHPC_D21_034/proj_adags/data/n3v/sear_steak/motion_priors/masks/cam00_0196.png,/leonardo_work/EUHPC_D21_034/proj_adags/data/n3v/sear_steak/flow/cam00_0196.npz,0,0.18306203186511993,0.5051905512809753,0.2833630442619324,0.4172665774822235,0.3722875714302063,0.017970308661460876,0.03842652589082718,0.8942614197731018,0.6830205321311951,0.7312244176864624,0.034913577139377594,sear_steak_depth_277_cam00_0196
125,"[400, 208, 496, 304]",0.9322563409805298,1.0,0.9458050727844238,sear_steak,cam00,cam00_0015,15,/leonardo_work/EUHPC_D21_034/proj_adags/repo/adags/refine-logs/depth_occlusion_support/r031_da3_depth_full/depth_npz/sear_steak/cam00_0015.npz,/leonardo_work/EUHPC_D21_034/proj_adags/data/n3v/sear_steak/motion_priors/masks/cam00_0015.png,/leonardo_work/EUHPC_D21_034/proj_adags/data/n3v/sear_steak/flow/cam00_0015.npz,3,0.18839862942695618,0.3669922947883606,0.25795575976371765,0.48010891675949097,0.36987733840942383,0.02563227154314518,0.036357853561639786,0.8210788369178772,0.6759158968925476,0.7155911922454834,0.04653490334749222,sear_steak_depth_278_cam00_0015
97,"[240, 176, 336, 272]",0.9320576190948486,1.0,0.945646095275879,sear_steak,cam00,cam00_0009,9,/leonardo_work/EUHPC_D21_034/proj_adags/repo/adags/refine-logs/depth_occlusion_support/r031_da3_depth_full/depth_npz/sear_steak/cam00_0009.npz,/leonardo_work/EUHPC_D21_034/proj_adags/data/n3v/sear_steak/motion_priors/masks/cam00_0009.png,/leonardo_work/EUHPC_D21_034/proj_adags/data/n3v/sear_steak/flow/cam00_0009.npz,1,0.19652330875396729,0.33928123116493225,0.2664721608161926,0.43489524722099304,0.3752376437187195,0.029647070914506912,0.048212599009275436,0.81929612159729,0.6768874526023865,0.7145233154296875,0.04804044961929321,sear_steak_depth_279_cam00_0009
37,"[192, 224, 288, 320]",0.931969404220581,1.0,0.9455755233764649,sear_steak,cam00,cam00_0280,280,/leonardo_work/EUHPC_D21_034/proj_adags/repo/adags/refine-logs/depth_occlusion_support/r031_da3_depth_full/depth_npz/sear_steak/cam00_0280.npz,/leonardo_work/EUHPC_D21_034/proj_adags/data/n3v/sear_steak/motion_priors/masks/cam00_0280.png,/leonardo_work/EUHPC_D21_034/proj_adags/data/n3v/sear_steak/flow/cam00_0280.npz,1,0.1892474889755249,0.27953773736953735,0.24814093112945557,0.470450222492218,0.366916686296463,0.026315022259950638,0.04470256716012955,0.47294095158576965,0.6852409243583679,0.6931275725364685,0.03195791319012642,sear_steak_depth_280_cam00_0280
91,"[400, 160, 496, 256]",0.9319584369659424,1.0,0.945566749572754,sear_steak,cam00,cam00_0081,81,/leonardo_work/EUHPC_D21_034/proj_adags/repo/adags/refine-logs/depth_occlusion_support/r031_da3_depth_full/depth_npz/sear_steak/cam00_0081.npz,/leonardo_work/EUHPC_D21_034/proj_adags/data/n3v/sear_steak/motion_priors/masks/cam00_0081.png,/leonardo_work/EUHPC_D21_034/proj_adags/data/n3v/sear_steak/flow/cam00_0081.npz,1,0.18805262446403503,0.5694776177406311,0.2576024830341339,0.45269107818603516,0.3728644847869873,0.017433445900678635,0.04432034492492676,0.8791300654411316,0.677272617816925,0.7317145466804504,0.03781088441610336,sear_steak_depth_281_cam00_0081
79,"[272, 128, 368, 224]",0.931774377822876,1.0,0.9454195022583007,sear_steak,cam00,cam00_0166,166,/leonardo_work/EUHPC_D21_034/proj_adags/repo/adags/refine-logs/depth_occlusion_support/r031_da3_depth_full/depth_npz/sear_steak/cam00_0166.npz,/leonardo_work/EUHPC_D21_034/proj_adags/data/n3v/sear_steak/motion_priors/masks/cam00_0166.png,/leonardo_work/EUHPC_D21_034/proj_adags/data/n3v/sear_steak/flow/cam00_0166.npz,0,0.18971988558769226,0.4851381778717041,0.2928202152252197,0.49471721053123474,0.37008869647979736,0.018483830615878105,0.027432512491941452,0.8972812294960022,0.6786060333251953,0.7409666776657104,0.041332587599754333,sear_steak_depth_282_cam00_0166
53,"[400, 160, 496, 256]",0.931707501411438,1.0,0.9453660011291505,sear_steak,cam00,cam00_0207,207,/leonardo_work/EUHPC_D21_034/proj_adags/repo/adags/refine-logs/depth_occlusion_support/r031_da3_depth_full/depth_npz/sear_steak/cam00_0207.npz,/leonardo_work/EUHPC_D21_034/proj_adags/data/n3v/sear_steak/motion_priors/masks/cam00_0207.png,/leonardo_work/EUHPC_D21_034/proj_adags/data/n3v/sear_steak/flow/cam00_0207.npz,0,0.1809336394071579,0.3721666932106018,0.2773835062980652,0.4006127119064331,0.37349796295166016,0.023546094074845314,0.03745492175221443,0.8181348443031311,0.6831752061843872,0.7267019152641296,0.04443121701478958,sear_steak_depth_283_cam00_0207
53,"[400, 176, 496, 272]",0.931707501411438,1.0,0.9453660011291505,sear_steak,cam00,cam00_0207,207,/leonardo_work/EUHPC_D21_034/proj_adags/repo/adags/refine-logs/depth_occlusion_support/r031_da3_depth_full/depth_npz/sear_steak/cam00_0207.npz,/leonardo_work/EUHPC_D21_034/proj_adags/data/n3v/sear_steak/motion_priors/masks/cam00_0207.png,/leonardo_work/EUHPC_D21_034/proj_adags/data/n3v/sear_steak/flow/cam00_0207.npz,1,0.1809336394071579,0.3721666932106018,0.2773835062980652,0.4006127119064331,0.37349796295166016,0.023546094074845314,0.03745492175221443,0.8181348443031311,0.6831752061843872,0.7267019152641296,0.04443121701478958,sear_steak_depth_284_cam00_0207
53,"[240, 144, 336, 240]",0.9316229820251465,1.0,0.9452983856201171,sear_steak,cam00,cam00_0009,9,/leonardo_work/EUHPC_D21_034/proj_adags/repo/adags/refine-logs/depth_occlusion_support/r031_da3_depth_full/depth_npz/sear_steak/cam00_0009.npz,/leonardo_work/EUHPC_D21_034/proj_adags/data/n3v/sear_steak/motion_priors/masks/cam00_0009.png,/leonardo_work/EUHPC_D21_034/proj_adags/data/n3v/sear_steak/flow/cam00_0009.npz,2,0.19652330875396729,0.33928123116493225,0.2664721608161926,0.43489524722099304,0.3752376437187195,0.029647070914506912,0.048212599009275436,0.81929612159729,0.6768874526023865,0.7145233154296875,0.04804044961929321,sear_steak_depth_285_cam00_0009
39,"[272, 128, 368, 224]",0.931473433971405,1.0,0.945178747177124,sear_steak,cam00,cam00_0288,288,/leonardo_work/EUHPC_D21_034/proj_adags/repo/adags/refine-logs/depth_occlusion_support/r031_da3_depth_full/depth_npz/sear_steak/cam00_0288.npz,/leonardo_work/EUHPC_D21_034/proj_adags/data/n3v/sear_steak/motion_priors/masks/cam00_0288.png,/leonardo_work/EUHPC_D21_034/proj_adags/data/n3v/sear_steak/flow/cam00_0288.npz,3,0.19500327110290527,0.31623944640159607,0.2612851560115814,0.4929240345954895,0.3661671280860901,0.02640838921070099,0.03989122807979584,0.6457436084747314,0.6837995648384094,0.6908342242240906,0.031572774052619934,sear_steak_depth_286_cam00_0288
36,"[400, 192, 496, 288]",0.931415855884552,1.0,0.9451326847076416,sear_steak,cam00,cam00_0021,21,/leonardo_work/EUHPC_D21_034/proj_adags/repo/adags/refine-logs/depth_occlusion_support/r031_da3_depth_full/depth_npz/sear_steak/cam00_0021.npz,/leonardo_work/EUHPC_D21_034/proj_adags/data/n3v/sear_steak/motion_priors/masks/cam00_0021.png,/leonardo_work/EUHPC_D21_034/proj_adags/data/n3v/sear_steak/flow/cam00_0021.npz,3,0.18681080639362335,0.3527402877807617,0.27028608322143555,0.4453514814376831,0.3711787462234497,0.022355658933520317,0.041338421404361725,0.8053989410400391,0.6770829558372498,0.7143161296844482,0.04531529173254967,sear_steak_depth_287_cam00_0021
174,"[384, 192, 480, 288]",0.9312891364097595,1.0,0.9450313091278078,sear_steak,cam00,cam00_0013,13,/leonardo_work/EUHPC_D21_034/proj_adags/repo/adags/refine-logs/depth_occlusion_support/r031_da3_depth_full/depth_npz/sear_steak/cam00_0013.npz,/leonardo_work/EUHPC_D21_034/proj_adags/data/n3v/sear_steak/motion_priors/masks/cam00_0013.png,/leonardo_work/EUHPC_D21_034/proj_adags/data/n3v/sear_steak/flow/cam00_0013.npz,3,0.19441284239292145,0.43294891715049744,0.2833098769187927,0.5027494430541992,0.3750375807285309,0.03191414847970009,0.045554544776678085,0.80082106590271,0.6758604645729065,0.7147742509841919,0.04847811162471771,sear_steak_depth_288_cam00_0013
126,"[416, 240, 512, 336]",0.9312845468521118,1.0,0.9450276374816895,sear_steak,cam00,cam00_0025,25,/leonardo_work/EUHPC_D21_034/proj_adags/repo/adags/refine-logs/depth_occlusion_support/r031_da3_depth_full/depth_npz/sear_steak/cam00_0025.npz,/leonardo_work/EUHPC_D21_034/proj_adags/data/n3v/sear_steak/motion_priors/masks/cam00_0025.png,/leonardo_work/EUHPC_D21_034/proj_adags/data/n3v/sear_steak/flow/cam00_0025.npz,2,0.18930584192276,0.477932333946228,0.2698187232017517,0.4910469055175781,0.37539026141166687,0.029133550822734833,0.04978817328810692,0.7975882291793823,0.6760267615318298,0.7137792706489563,0.052755504846572876,sear_steak_depth_289_cam00_0025
119,"[384, 144, 480, 240]",0.931259274482727,1.0,0.9450074195861817,sear_steak,cam00,cam00_0186,186,/leonardo_work/EUHPC_D21_034/proj_adags/repo/adags/refine-logs/depth_occlusion_support/r031_da3_depth_full/depth_npz/sear_steak/cam00_0186.npz,/leonardo_work/EUHPC_D21_034/proj_adags/data/n3v/sear_steak/motion_priors/masks/cam00_0186.png,/leonardo_work/EUHPC_D21_034/proj_adags/data/n3v/sear_steak/flow/cam00_0186.npz,1,0.1871940940618515,0.5643789172172546,0.2589596211910248,0.4547954797744751,0.37804433703422546,0.02914813905954361,0.04184027016162872,0.8616966009140015,0.6812641024589539,0.7357848286628723,0.03833024203777313,sear_steak_depth_290_cam00_0186
49,"[384, 128, 480, 224]",0.9310107827186584,1.0,0.9448086261749269,sear_steak,cam00,cam00_0114,114,/leonardo_work/EUHPC_D21_034/proj_adags/repo/adags/refine-logs/depth_occlusion_support/r031_da3_depth_full/depth_npz/sear_steak/cam00_0114.npz,/leonardo_work/EUHPC_D21_034/proj_adags/data/n3v/sear_steak/motion_priors/masks/cam00_0114.png,/leonardo_work/EUHPC_D21_034/proj_adags/data/n3v/sear_steak/flow/cam00_0114.npz,2,0.18474963307380676,0.4006904363632202,0.26111987233161926,0.4785482883453369,0.37573671340942383,0.027056125923991203,0.0327194407582283,0.8675845861434937,0.6801465749740601,0.7334885597229004,0.04670704901218414,sear_steak_depth_291_cam00_0114
53,"[272, 128, 368, 224]",0.9309459924697876,1.0,0.9447567939758301,sear_steak,cam00,cam00_0207,207,/leonardo_work/EUHPC_D21_034/proj_adags/repo/adags/refine-logs/depth_occlusion_support/r031_da3_depth_full/depth_npz/sear_steak/cam00_0207.npz,/leonardo_work/EUHPC_D21_034/proj_adags/data/n3v/sear_steak/motion_priors/masks/cam00_0207.png,/leonardo_work/EUHPC_D21_034/proj_adags/data/n3v/sear_steak/flow/cam00_0207.npz,2,0.1809336394071579,0.3721666932106018,0.2773835062980652,0.4006127119064331,0.37349796295166016,0.023546094074845314,0.03745492175221443,0.8181348443031311,0.6831752061843872,0.7267019152641296,0.04443121701478958,sear_steak_depth_292_cam00_0207
125,"[208, 224, 304, 320]",0.9308780431747437,1.0,0.944702434539795,sear_steak,cam00,cam00_0095,95,/leonardo_work/EUHPC_D21_034/proj_adags/repo/adags/refine-logs/depth_occlusion_support/r031_da3_depth_full/depth_npz/sear_steak/cam00_0095.npz,/leonardo_work/EUHPC_D21_034/proj_adags/data/n3v/sear_steak/motion_priors/masks/cam00_0095.png,/leonardo_work/EUHPC_D21_034/proj_adags/data/n3v/sear_steak/flow/cam00_0095.npz,2,0.19636310636997223,0.3936954438686371,0.3146805465221405,0.4730803668498993,0.38311171531677246,0.03547378256917,0.051343321800231934,0.8115349411964417,0.6774914264678955,0.7333484888076782,0.0485510528087616,sear_steak_depth_293_cam00_0095
293,"[384, 176, 480, 272]",0.930756151676178,1.0,0.9446049213409424,sear_steak,cam00,cam00_0186,186,/leonardo_work/EUHPC_D21_034/proj_adags/repo/adags/refine-logs/depth_occlusion_support/r031_da3_depth_full/depth_npz/sear_steak/cam00_0186.npz,/leonardo_work/EUHPC_D21_034/proj_adags/data/n3v/sear_steak/motion_priors/masks/cam00_0186.png,/leonardo_work/EUHPC_D21_034/proj_adags/data/n3v/sear_steak/flow/cam00_0186.npz,2,0.1871940940618515,0.5643789172172546,0.2589596211910248,0.4547954797744751,0.37804433703422546,0.02914813905954361,0.04184027016162872,0.8616966009140015,0.6812641024589539,0.7357848286628723,0.03833024203777313,sear_steak_depth_294_cam00_0186
105,"[240, 144, 336, 240]",0.9307125210762024,1.0,0.9445700168609619,sear_steak,cam00,cam00_0004,4,/leonardo_work/EUHPC_D21_034/proj_adags/repo/adags/refine-logs/depth_occlusion_support/r031_da3_depth_full/depth_npz/sear_steak/cam00_0004.npz,/leonardo_work/EUHPC_D21_034/proj_adags/data/n3v/sear_steak/motion_priors/masks/cam00_0004.png,/leonardo_work/EUHPC_D21_034/proj_adags/data/n3v/sear_steak/flow/cam00_0004.npz,3,0.18604716658592224,0.4218392074108124,0.26974642276763916,0.5013957023620605,0.3685586452484131,0.024258021265268326,0.035231608897447586,0.6801086664199829,0.6787168979644775,0.7129331231117249,0.04293442144989967,sear_steak_depth_295_cam00_0004
47,"[208, 208, 304, 304]",0.9307097792625427,1.0,0.9445678234100343,sear_steak,cam00,cam00_0230,230,/leonardo_work/EUHPC_D21_034/proj_adags/repo/adags/refine-logs/depth_occlusion_support/r031_da3_depth_full/depth_npz/sear_steak/cam00_0230.npz,/leonardo_work/EUHPC_D21_034/proj_adags/data/n3v/sear_steak/motion_priors/masks/cam00_0230.png,/leonardo_work/EUHPC_D21_034/proj_adags/data/n3v/sear_steak/flow/cam00_0230.npz,2,0.18805764615535736,0.316241592168808,0.26223066449165344,0.4691707491874695,0.3745560646057129,0.02334185317158699,0.05887690559029579,0.4781636893749237,0.6825683116912842,0.7203237414360046,0.03256480395793915,sear_steak_depth_296_cam00_0230
126,"[208, 224, 304, 320]",0.9303168058395386,1.0,0.9442534446716309,sear_steak,cam00,cam00_0180,180,/leonardo_work/EUHPC_D21_034/proj_adags/repo/adags/refine-logs/depth_occlusion_support/r031_da3_depth_full/depth_npz/sear_steak/cam00_0180.npz,/leonardo_work/EUHPC_D21_034/proj_adags/data/n3v/sear_steak/motion_priors/masks/cam00_0180.png,/leonardo_work/EUHPC_D21_034/proj_adags/data/n3v/sear_steak/flow/cam00_0180.npz,0,0.18895229697227478,0.4459880590438843,0.3053182363510132,0.4670577645301819,0.3645577132701874,0.00928130466490984,0.027692191302776337,0.8994899988174438,0.6803070902824402,0.7366951704025269,0.03548545390367508,sear_steak_depth_297_cam00_0180
55,"[400, 144, 496, 240]",0.9302725791931152,1.0,0.9442180633544923,sear_steak,cam00,cam00_0290,290,/leonardo_work/EUHPC_D21_034/proj_adags/repo/adags/refine-logs/depth_occlusion_support/r031_da3_depth_full/depth_npz/sear_steak/cam00_0290.npz,/leonardo_work/EUHPC_D21_034/proj_adags/data/n3v/sear_steak/motion_priors/masks/cam00_0290.png,/leonardo_work/EUHPC_D21_034/proj_adags/data/n3v/sear_steak/flow/cam00_0290.npz,0,0.16226688027381897,0.4518485963344574,0.2863852381706238,0.5090646147727966,0.3657778799533844,0.022113488987088203,0.045029353350400925,0.3463551700115204,0.6832773089408875,0.6908050775527954,0.03054865077137947,sear_steak_depth_298_cam00_0290
40,"[256, 144, 352, 240]",0.9302371740341187,1.0,0.9441897392272949,sear_steak,cam00,cam00_0029,29,/leonardo_work/EUHPC_D21_034/proj_adags/repo/adags/refine-logs/depth_occlusion_support/r031_da3_depth_full/depth_npz/sear_steak/cam00_0029.npz,/leonardo_work/EUHPC_D21_034/proj_adags/data/n3v/sear_steak/motion_priors/masks/cam00_0029.png,/leonardo_work/EUHPC_D21_034/proj_adags/data/n3v/sear_steak/flow/cam00_0029.npz,3,0.1924293488264084,0.40844571590423584,0.2781572639942169,0.46639013290405273,0.3726668357849121,0.027193259447813034,0.04063524678349495,0.3286357820034027,0.6767591238021851,0.7145145535469055,0.0572429783642292,sear_steak_depth_299_cam00_0029
53,"[256, 144, 352, 240]",0.93023681640625,1.0,0.9441894531250001,sear_steak,cam00,cam00_0199,199,/leonardo_work/EUHPC_D21_034/proj_adags/repo/adags/refine-logs/depth_occlusion_support/r031_da3_depth_full/depth_npz/sear_steak/cam00_0199.npz,/leonardo_work/EUHPC_D21_034/proj_adags/data/n3v/sear_steak/motion_priors/masks/cam00_0199.png,/leonardo_work/EUHPC_D21_034/proj_adags/data/n3v/sear_steak/flow/cam00_0199.npz,0,0.1959039270877838,0.3612101376056671,0.2778385579586029,0.4416262209415436,0.3729845881462097,0.01821248047053814,0.04270391911268234,0.8601531386375427,0.6831168532371521,0.7300223112106323,0.04044851288199425,sear_steak_depth_300_cam00_0199
33,"[208, 208, 304, 304]",0.9301865100860596,1.0,0.9441492080688476,sear_steak,cam00,cam00_0210,210,/leonardo_work/EUHPC_D21_034/proj_adags/repo/adags/refine-logs/depth_occlusion_support/r031_da3_depth_full/depth_npz/sear_steak/cam00_0210.npz,/leonardo_work/EUHPC_D21_034/proj_adags/data/n3v/sear_steak/motion_priors/masks/cam00_0210.png,/leonardo_work/EUHPC_D21_034/proj_adags/data/n3v/sear_steak/flow/cam00_0210.npz,3,0.18842646479606628,0.24363583326339722,0.28634002804756165,0.46629050374031067,0.3730871081352234,0.021066023036837578,0.039517756551504135,0.886885404586792,0.6824691295623779,0.7264597415924072,0.04187236726284027,sear_steak_depth_301_cam00_0210
27,"[208, 208, 304, 304]",0.9301363825798035,1.0,0.9441091060638429,sear_steak,cam00,cam00_0207,207,/leonardo_work/EUHPC_D21_034/proj_adags/repo/adags/refine-logs/depth_occlusion_support/r031_da3_depth_full/depth_npz/sear_steak/cam00_0207.npz,/leonardo_work/EUHPC_D21_034/proj_adags/data/n3v/sear_steak/motion_priors/masks/cam00_0207.png,/leonardo_work/EUHPC_D21_034/proj_adags/data/n3v/sear_steak/flow/cam00_0207.npz,3,0.1809336394071579,0.3721666932106018,0.2773835062980652,0.4006127119064331,0.37349796295166016,0.023546094074845314,0.03745492175221443,0.8181348443031311,0.6831752061843872,0.7267019152641296,0.04443121701478958,sear_steak_depth_302_cam00_0207
79,"[192, 240, 288, 336]",0.9300256371498108,1.0,0.9440205097198486,sear_steak,cam00,cam00_0216,216,/leonardo_work/EUHPC_D21_034/proj_adags/repo/adags/refine-logs/depth_occlusion_support/r031_da3_depth_full/depth_npz/sear_steak/cam00_0216.npz,/leonardo_work/EUHPC_D21_034/proj_adags/data/n3v/sear_steak/motion_priors/masks/cam00_0216.png,/leonardo_work/EUHPC_D21_034/proj_adags/data/n3v/sear_steak/flow/cam00_0216.npz,0,0.1908402144908905,0.22218731045722961,0.28568094968795776,0.5006492733955383,0.3656012713909149,0.01544938888400793,0.029046017676591873,0.8661928176879883,0.6819730997085571,0.7230343222618103,0.0279343631118536,sear_steak_depth_303_cam00_0216
221,"[256, 176, 352, 272]",0.9300215840339661,1.0,0.9440172672271729,sear_steak,cam00,cam00_0113,113,/leonardo_work/EUHPC_D21_034/proj_adags/repo/adags/refine-logs/depth_occlusion_support/r031_da3_depth_full/depth_npz/sear_steak/cam00_0113.npz,/leonardo_work/EUHPC_D21_034/proj_adags/data/n3v/sear_steak/motion_priors/masks/cam00_0113.png,/leonardo_work/EUHPC_D21_034/proj_adags/data/n3v/sear_steak/flow/cam00_0113.npz,2,0.16151566803455353,0.4807679057121277,0.2721076011657715,0.5000009536743164,0.38016626238822937,0.033005379140377045,0.03634034842252731,0.8903049826622009,0.679469645023346,0.7353267073631287,0.048381827771663666,sear_steak_depth_304_cam00_0113
99,"[256, 128, 352, 224]",0.9299163222312927,1.0,0.9439330577850342,sear_steak,cam00,cam00_0011,11,/leonardo_work/EUHPC_D21_034/proj_adags/repo/adags/refine-logs/depth_occlusion_support/r031_da3_depth_full/depth_npz/sear_steak/cam00_0011.npz,/leonardo_work/EUHPC_D21_034/proj_adags/data/n3v/sear_steak/motion_priors/masks/cam00_0011.png,/leonardo_work/EUHPC_D21_034/proj_adags/data/n3v/sear_steak/flow/cam00_0011.npz,1,0.19156332314014435,0.47552597522735596,0.2656400799751282,0.4545350968837738,0.3766559660434723,0.03225260600447655,0.04909083619713783,0.7874345183372498,0.6769254207611084,0.7157779335975647,0.048069629818201065,sear_steak_depth_305_cam00_0011
267,"[224, 208, 320, 304]",0.9298474192619324,1.0,0.9438779354095459,sear_steak,cam00,cam00_0229,229,/leonardo_work/EUHPC_D21_034/proj_adags/repo/adags/refine-logs/depth_occlusion_support/r031_da3_depth_full/depth_npz/sear_steak/cam00_0229.npz,/leonardo_work/EUHPC_D21_034/proj_adags/data/n3v/sear_steak/motion_priors/masks/cam00_0229.png,/leonardo_work/EUHPC_D21_034/proj_adags/data/n3v/sear_steak/flow/cam00_0229.npz,2,0.19682800769805908,0.662155032157898,0.26272472739219666,0.47476914525032043,0.371865838766098,0.023318510502576828,0.05089399218559265,0.6198078989982605,0.6824924349784851,0.7209014892578125,0.03316585719585419,sear_steak_depth_306_cam00_0229
41,"[400, 192, 496, 288]",0.9297510385513306,1.0,0.9438008308410646,sear_steak,cam00,cam00_0113,113,/leonardo_work/EUHPC_D21_034/proj_adags/repo/adags/refine-logs/depth_occlusion_support/r031_da3_depth_full/depth_npz/sear_steak/cam00_0113.npz,/leonardo_work/EUHPC_D21_034/proj_adags/data/n3v/sear_steak/motion_priors/masks/cam00_0113.png,/leonardo_work/EUHPC_D21_034/proj_adags/data/n3v/sear_steak/flow/cam00_0113.npz,3,0.16151566803455353,0.4807679057121277,0.2721076011657715,0.5000009536743164,0.38016626238822937,0.033005379140377045,0.03634034842252731,0.8903049826622009,0.679469645023346,0.7353267073631287,0.048381827771663666,sear_steak_depth_307_cam00_0113
147,"[208, 224, 304, 320]",0.9297145009040833,1.0,0.9437716007232666,sear_steak,cam00,cam00_0194,194,/leonardo_work/EUHPC_D21_034/proj_adags/repo/adags/refine-logs/depth_occlusion_support/r031_da3_depth_full/depth_npz/sear_steak/cam00_0194.npz,/leonardo_work/EUHPC_D21_034/proj_adags/data/n3v/sear_steak/motion_priors/masks/cam00_0194.png,/leonardo_work/EUHPC_D21_034/proj_adags/data/n3v/sear_steak/flow/cam00_0194.npz,0,0.19695326685905457,0.5032329559326172,0.24669398367404938,0.4612068831920624,0.3739551901817322,0.02055250108242035,0.03654167056083679,0.8705664873123169,0.6831285357475281,0.7295496463775635,0.03589685261249542,sear_steak_depth_308_cam00_0194
107,"[416, 240, 512, 336]",0.9297053813934326,1.0,0.9437643051147462,sear_steak,cam00,cam00_0023,23,/leonardo_work/EUHPC_D21_034/proj_adags/repo/adags/refine-logs/depth_occlusion_support/r031_da3_depth_full/depth_npz/sear_steak/cam00_0023.npz,/leonardo_work/EUHPC_D21_034/proj_adags/data/n3v/sear_steak/motion_priors/masks/cam00_0023.png,/leonardo_work/EUHPC_D21_034/proj_adags/data/n3v/sear_steak/flow/cam00_0023.npz,2,0.1957581788301468,0.30874985456466675,0.2819468080997467,0.4381859302520752,0.3760809004306793,0.025378430262207985,0.0541151687502861,0.6229327917098999,0.6769049763679504,0.7147654891014099,0.04839057847857475,sear_steak_depth_309_cam00_0023
261,"[256, 176, 352, 272]",0.9296234846115112,1.0,0.9436987876892091,sear_steak,cam00,cam00_0026,26,/leonardo_work/EUHPC_D21_034/proj_adags/repo/adags/refine-logs/depth_occlusion_support/r031_da3_depth_full/depth_npz/sear_steak/cam00_0026.npz,/leonardo_work/EUHPC_D21_034/proj_adags/data/n3v/sear_steak/motion_priors/masks/cam00_0026.png,/leonardo_work/EUHPC_D21_034/proj_adags/data/n3v/sear_steak/flow/cam00_0026.npz,1,0.193208247423172,0.37254008650779724,0.2895132303237915,0.4718610346317291,0.37209922075271606,0.026942333206534386,0.03716898337006569,0.8174433708190918,0.6771063208580017,0.7151243686676025,0.05320483818650246,sear_steak_depth_310_cam00_0026
123,"[256, 128, 352, 224]",0.9295979142189026,1.0,0.943678331375122,sear_steak,cam00,cam00_0006,6,/leonardo_work/EUHPC_D21_034/proj_adags/repo/adags/refine-logs/depth_occlusion_support/r031_da3_depth_full/depth_npz/sear_steak/cam00_0006.npz,/leonardo_work/EUHPC_D21_034/proj_adags/data/n3v/sear_steak/motion_priors/masks/cam00_0006.png,/leonardo_work/EUHPC_D21_034/proj_adags/data/n3v/sear_steak/flow/cam00_0006.npz,3,0.18794137239456177,0.3453119397163391,0.27452269196510315,0.45441827178001404,0.3728799819946289,0.02681395411491394,0.04486887529492378,0.8566985130310059,0.678337574005127,0.7139543294906616,0.04485137015581131,sear_steak_depth_311_cam00_0006
166,"[240, 160, 336, 256]",0.9295145869255066,1.0,0.9436116695404053,sear_steak,cam00,cam00_0005,5,/leonardo_work/EUHPC_D21_034/proj_adags/repo/adags/refine-logs/depth_occlusion_support/r031_da3_depth_full/depth_npz/sear_steak/cam00_0005.npz,/leonardo_work/EUHPC_D21_034/proj_adags/data/n3v/sear_steak/motion_priors/masks/cam00_0005.png,/leonardo_work/EUHPC_D21_034/proj_adags/data/n3v/sear_steak/flow/cam00_0005.npz,0,0.187332883477211,0.38716551661491394,0.2732713222503662,0.5041726231575012,0.3728563189506531,0.026828542351722717,0.04292275011539459,0.7103976011276245,0.6783084273338318,0.7143686413764954,0.04023551940917969,sear_steak_depth_312_cam00_0005
110,"[256, 128, 352, 224]",0.9293470978736877,1.0,0.9434776782989502,sear_steak,cam00,cam00_0010,10,/leonardo_work/EUHPC_D21_034/proj_adags/repo/adags/refine-logs/depth_occlusion_support/r031_da3_depth_full/depth_npz/sear_steak/cam00_0010.npz,/leonardo_work/EUHPC_D21_034/proj_adags/data/n3v/sear_steak/motion_priors/masks/cam00_0010.png,/leonardo_work/EUHPC_D21_034/proj_adags/data/n3v/sear_steak/flow/cam00_0010.npz,1,0.19023653864860535,0.5254767537117004,0.2665225565433502,0.4647044241428375,0.37584102153778076,0.03178868442773819,0.046068064868450165,0.8087280988693237,0.677304744720459,0.714838445186615,0.04952266067266464,sear_steak_depth_313_cam00_0010
23,"[400, 192, 496, 288]",0.9293431639671326,1.0,0.943474531173706,sear_steak,cam00,cam00_0012,12,/leonardo_work/EUHPC_D21_034/proj_adags/repo/adags/refine-logs/depth_occlusion_support/r031_da3_depth_full/depth_npz/sear_steak/cam00_0012.npz,/leonardo_work/EUHPC_D21_034/proj_adags/data/n3v/sear_steak/motion_priors/masks/cam00_0012.png,/leonardo_work/EUHPC_D21_034/proj_adags/data/n3v/sear_steak/flow/cam00_0012.npz,3,0.19103305041790009,0.38584721088409424,0.27707669138908386,0.4938422739505768,0.3759865164756775,0.03339635580778122,0.04356756806373596,0.7706341743469238,0.6763535141944885,0.716559886932373,0.04909083619713783,sear_steak_depth_314_cam00_0012
92,"[400, 176, 496, 272]",0.9293045997619629,1.0,0.9434436798095704,sear_steak,cam00,cam00_0081,81,/leonardo_work/EUHPC_D21_034/proj_adags/repo/adags/refine-logs/depth_occlusion_support/r031_da3_depth_full/depth_npz/sear_steak/cam00_0081.npz,/leonardo_work/EUHPC_D21_034/proj_adags/data/n3v/sear_steak/motion_priors/masks/cam00_0081.png,/leonardo_work/EUHPC_D21_034/proj_adags/data/n3v/sear_steak/flow/cam00_0081.npz,2,0.18805262446403503,0.5694776177406311,0.2576024830341339,0.45269107818603516,0.3728644847869873,0.017433445900678635,0.04432034492492676,0.8791300654411316,0.677272617816925,0.7317145466804504,0.03781088441610336,sear_steak_depth_315_cam00_0081
104,"[256, 144, 352, 240]",0.9292793273925781,1.0,0.9434234619140625,sear_steak,cam00,cam00_0174,174,/leonardo_work/EUHPC_D21_034/proj_adags/repo/adags/refine-logs/depth_occlusion_support/r031_da3_depth_full/depth_npz/sear_steak/cam00_0174.npz,/leonardo_work/EUHPC_D21_034/proj_adags/data/n3v/sear_steak/motion_priors/masks/cam00_0174.png,/leonardo_work/EUHPC_D21_034/proj_adags/data/n3v/sear_steak/flow/cam00_0174.npz,3,0.19350700080394745,0.5482926368713379,0.25006189942359924,0.4972320795059204,0.3774832785129547,0.02894681505858898,0.04448957368731499,0.6359370946884155,0.6793325543403625,0.7388805150985718,0.044046077877283096,sear_steak_depth_316_cam00_0174
75,"[256, 144, 352, 240]",0.9291964769363403,1.0,0.9433571815490722,sear_steak,cam00,cam00_0172,172,/leonardo_work/EUHPC_D21_034/proj_adags/repo/adags/refine-logs/depth_occlusion_support/r031_da3_depth_full/depth_npz/sear_steak/cam00_0172.npz,/leonardo_work/EUHPC_D21_034/proj_adags/data/n3v/sear_steak/motion_priors/masks/cam00_0172.png,/leonardo_work/EUHPC_D21_034/proj_adags/data/n3v/sear_steak/flow/cam00_0172.npz,1,0.19239495694637299,0.4659374952316284,0.3001766502857208,0.4876866340637207,0.37904852628707886,0.03559340909123421,0.03965780884027481,0.7439311146736145,0.680178701877594,0.7400621771812439,0.05140167847275734,sear_steak_depth_317_cam00_0172
58,"[400, 144, 496, 240]",0.9289004802703857,1.0,0.9431203842163087,sear_steak,cam00,cam00_0081,81,/leonardo_work/EUHPC_D21_034/proj_adags/repo/adags/refine-logs/depth_occlusion_support/r031_da3_depth_full/depth_npz/sear_steak/cam00_0081.npz,/leonardo_work/EUHPC_D21_034/proj_adags/data/n3v/sear_steak/motion_priors/masks/cam00_0081.png,/leonardo_work/EUHPC_D21_034/proj_adags/data/n3v/sear_steak/flow/cam00_0081.npz,3,0.18805262446403503,0.5694776177406311,0.2576024830341339,0.45269107818603516,0.3728644847869873,0.017433445900678635,0.04432034492492676,0.8791300654411316,0.677272617816925,0.7317145466804504,0.03781088441610336,sear_steak_depth_318_cam00_0081
48,"[272, 128, 368, 224]",0.9288439750671387,1.0,0.9430751800537109,sear_steak,cam00,cam00_0036,36,/leonardo_work/EUHPC_D21_034/proj_adags/repo/adags/refine-logs/depth_occlusion_support/r031_da3_depth_full/depth_npz/sear_steak/cam00_0036.npz,/leonardo_work/EUHPC_D21_034/proj_adags/data/n3v/sear_steak/motion_priors/masks/cam00_0036.png,/leonardo_work/EUHPC_D21_034/proj_adags/data/n3v/sear_steak/flow/cam00_0036.npz,3,0.18936124444007874,0.28201648592948914,0.2845103442668915,0.4455820620059967,0.37305912375450134,0.025535987690091133,0.044903889298439026,0.4945555031299591,0.6780079007148743,0.7154569625854492,0.05095818266272545,sear_steak_depth_319_cam00_0036
297,"[256, 176, 352, 272]",0.9288331270217896,1.0,0.9430665016174318,sear_steak,cam00,cam00_0175,175,/leonardo_work/EUHPC_D21_034/proj_adags/repo/adags/refine-logs/depth_occlusion_support/r031_da3_depth_full/depth_npz/sear_steak/cam00_0175.npz,/leonardo_work/EUHPC_D21_034/proj_adags/data/n3v/sear_steak/motion_priors/masks/cam00_0175.png,/leonardo_work/EUHPC_D21_034/proj_adags/data/n3v/sear_steak/flow/cam00_0175.npz,1,0.1929285079240799,0.37065553665161133,0.25625813007354736,0.48429226875305176,0.3779340088367462,0.028194040060043335,0.04588424786925316,0.7493026852607727,0.6794142127037048,0.7375529408454895,0.04231586307287216,sear_steak_depth_320_cam00_0175
220,"[384, 160, 480, 256]",0.9287359118461609,1.0,0.9429887294769288,sear_steak,cam00,cam00_0186,186,/leonardo_work/EUHPC_D21_034/proj_adags/repo/adags/refine-logs/depth_occlusion_support/r031_da3_depth_full/depth_npz/sear_steak/cam00_0186.npz,/leonardo_work/EUHPC_D21_034/proj_adags/data/n3v/sear_steak/motion_priors/masks/cam00_0186.png,/leonardo_work/EUHPC_D21_034/proj_adags/data/n3v/sear_steak/flow/cam00_0186.npz,3,0.1871940940618515,0.5643789172172546,0.2589596211910248,0.4547954797744751,0.37804433703422546,0.02914813905954361,0.04184027016162872,0.8616966009140015,0.6812641024589539,0.7357848286628723,0.03833024203777313,sear_steak_depth_321_cam00_0186
130,"[208, 224, 304, 320]",0.9284617304801941,1.0,0.9427693843841554,sear_steak,cam00,cam00_0144,144,/leonardo_work/EUHPC_D21_034/proj_adags/repo/adags/refine-logs/depth_occlusion_support/r031_da3_depth_full/depth_npz/sear_steak/cam00_0144.npz,/leonardo_work/EUHPC_D21_034/proj_adags/data/n3v/sear_steak/motion_priors/masks/cam00_0144.png,/leonardo_work/EUHPC_D21_034/proj_adags/data/n3v/sear_steak/flow/cam00_0144.npz,0,0.17912544310092926,0.5749078392982483,0.27190765738487244,0.49892422556877136,0.36769649386405945,0.005532019305974245,0.03682469204068184,0.8944656252861023,0.6800940632820129,0.7400680184364319,0.028249477967619896,sear_steak_depth_322_cam00_0144
55,"[272, 128, 368, 224]",0.928408682346344,1.0,0.9427269458770753,sear_steak,cam00,cam00_0077,77,/leonardo_work/EUHPC_D21_034/proj_adags/repo/adags/refine-logs/depth_occlusion_support/r031_da3_depth_full/depth_npz/sear_steak/cam00_0077.npz,/leonardo_work/EUHPC_D21_034/proj_adags/data/n3v/sear_steak/motion_priors/masks/cam00_0077.png,/leonardo_work/EUHPC_D21_034/proj_adags/data/n3v/sear_steak/flow/cam00_0077.npz,0,0.180354505777359,0.404498815536499,0.34285834431648254,0.4447241723537445,0.364162415266037,0.002605534391477704,0.03879999369382858,0.8979640007019043,0.6764731407165527,0.7316883206367493,0.028593769297003746,sear_steak_depth_323_cam00_0077
57,"[256, 144, 352, 240]",0.9281409382820129,1.0,0.9425127506256104,sear_steak,cam00,cam00_0202,202,/leonardo_work/EUHPC_D21_034/proj_adags/repo/adags/refine-logs/depth_occlusion_support/r031_da3_depth_full/depth_npz/sear_steak/cam00_0202.npz,/leonardo_work/EUHPC_D21_034/proj_adags/data/n3v/sear_steak/motion_priors/masks/cam00_0202.png,/leonardo_work/EUHPC_D21_034/proj_adags/data/n3v/sear_steak/flow/cam00_0202.npz,2,0.19274020195007324,0.4804494082927704,0.27043142914772034,0.4851638376712799,0.3792472183704376,0.02774762734770775,0.05258919671177864,0.7547383904457092,0.6833006739616394,0.7299405932426453,0.04522484168410301,sear_steak_depth_324_cam00_0202
366,"[208, 240, 304, 336]",0.9279847145080566,1.0,0.9423877716064453,sear_steak,cam00,cam00_0140,140,/leonardo_work/EUHPC_D21_034/proj_adags/repo/adags/refine-logs/depth_occlusion_support/r031_da3_depth_full/depth_npz/sear_steak/cam00_0140.npz,/leonardo_work/EUHPC_D21_034/proj_adags/data/n3v/sear_steak/motion_priors/masks/cam00_0140.png,/leonardo_work/EUHPC_D21_034/proj_adags/data/n3v/sear_steak/flow/cam00_0140.npz,1,0.19148388504981995,0.3014880120754242,0.2926391065120697,0.4907025694847107,0.3733113706111908,0.017030799761414528,0.046318989247083664,0.6303817629814148,0.6801086664199829,0.7418186664581299,0.02784682996571064,sear_steak_depth_325_cam00_0140
147,"[256, 176, 352, 272]",0.9279336929321289,1.0,0.9423469543457033,sear_steak,cam00,cam00_0196,196,/leonardo_work/EUHPC_D21_034/proj_adags/repo/adags/refine-logs/depth_occlusion_support/r031_da3_depth_full/depth_npz/sear_steak/cam00_0196.npz,/leonardo_work/EUHPC_D21_034/proj_adags/data/n3v/sear_steak/motion_priors/masks/cam00_0196.png,/leonardo_work/EUHPC_D21_034/proj_adags/data/n3v/sear_steak/flow/cam00_0196.npz,1,0.18306203186511993,0.5051905512809753,0.2833630442619324,0.4172665774822235,0.3722875714302063,0.017970308661460876,0.03842652589082718,0.8942614197731018,0.6830205321311951,0.7312244176864624,0.034913577139377594,sear_steak_depth_326_cam00_0196
67,"[256, 144, 352, 240]",0.9278966784477234,1.0,0.9423173427581788,sear_steak,cam00,cam00_0026,26,/leonardo_work/EUHPC_D21_034/proj_adags/repo/adags/refine-logs/depth_occlusion_support/r031_da3_depth_full/depth_npz/sear_steak/cam00_0026.npz,/leonardo_work/EUHPC_D21_034/proj_adags/data/n3v/sear_steak/motion_priors/masks/cam00_0026.png,/leonardo_work/EUHPC_D21_034/proj_adags/data/n3v/sear_steak/flow/cam00_0026.npz,2,0.193208247423172,0.37254008650779724,0.2895132303237915,0.4718610346317291,0.37209922075271606,0.026942333206534386,0.03716898337006569,0.8174433708190918,0.6771063208580017,0.7151243686676025,0.05320483818650246,sear_steak_depth_327_cam00_0026
18,"[384, 144, 480, 240]",0.9278815388679504,1.0,0.9423052310943605,sear_steak,cam00,cam00_0097,97,/leonardo_work/EUHPC_D21_034/proj_adags/repo/adags/refine-logs/depth_occlusion_support/r031_da3_depth_full/depth_npz/sear_steak/cam00_0097.npz,/leonardo_work/EUHPC_D21_034/proj_adags/data/n3v/sear_steak/motion_priors/masks/cam00_0097.png,/leonardo_work/EUHPC_D21_034/proj_adags/data/n3v/sear_steak/flow/cam00_0097.npz,0,0.19494828581809998,0.5314400792121887,0.26896244287490845,0.5069765448570251,0.377387672662735,0.024847403168678284,0.054138511419296265,0.7896665334701538,0.677789032459259,0.7340896129608154,0.04597178101539612,sear_steak_depth_328_cam00_0097
235,"[256, 176, 352, 272]",0.927787184715271,1.0,0.9422297477722168,sear_steak,cam00,cam00_0172,172,/leonardo_work/EUHPC_D21_034/proj_adags/repo/adags/refine-logs/depth_occlusion_support/r031_da3_depth_full/depth_npz/sear_steak/cam00_0172.npz,/leonardo_work/EUHPC_D21_034/proj_adags/data/n3v/sear_steak/motion_priors/masks/cam00_0172.png,/leonardo_work/EUHPC_D21_034/proj_adags/data/n3v/sear_steak/flow/cam00_0172.npz,2,0.19239495694637299,0.4659374952316284,0.3001766502857208,0.4876866340637207,0.37904852628707886,0.03559340909123421,0.03965780884027481,0.7439311146736145,0.680178701877594,0.7400621771812439,0.05140167847275734,sear_steak_depth_329_cam00_0172
110,"[400, 160, 496, 256]",0.9274463057518005,1.0,0.9419570446014405,sear_steak,cam00,cam00_0291,291,/leonardo_work/EUHPC_D21_034/proj_adags/repo/adags/refine-logs/depth_occlusion_support/r031_da3_depth_full/depth_npz/sear_steak/cam00_0291.npz,/leonardo_work/EUHPC_D21_034/proj_adags/data/n3v/sear_steak/motion_priors/masks/cam00_0291.png,/leonardo_work/EUHPC_D21_034/proj_adags/data/n3v/sear_steak/flow/cam00_0291.npz,1,0.16428729891777039,0.42379030585289,0.2793634235858917,0.49478843808174133,0.3657916486263275,0.022819578647613525,0.04451875016093254,0.36170828342437744,0.6834523677825928,0.6902477741241455,0.030172262340784073,sear_steak_depth_330_cam00_0291
110,"[400, 176, 496, 272]",0.9274463057518005,1.0,0.9419570446014405,sear_steak,cam00,cam00_0291,291,/leonardo_work/EUHPC_D21_034/proj_adags/repo/adags/refine-logs/depth_occlusion_support/r031_da3_depth_full/depth_npz/sear_steak/cam00_0291.npz,/leonardo_work/EUHPC_D21_034/proj_adags/data/n3v/sear_steak/motion_priors/masks/cam00_0291.png,/leonardo_work/EUHPC_D21_034/proj_adags/data/n3v/sear_steak/flow/cam00_0291.npz,2,0.16428729891777039,0.42379030585289,0.2793634235858917,0.49478843808174133,0.3657916486263275,0.022819578647613525,0.04451875016093254,0.36170828342437744,0.6834523677825928,0.6902477741241455,0.030172262340784073,sear_steak_depth_331_cam00_0291
203,"[256, 176, 352, 272]",0.9273940920829773,1.0,0.9419152736663818,sear_steak,cam00,cam00_0202,202,/leonardo_work/EUHPC_D21_034/proj_adags/repo/adags/refine-logs/depth_occlusion_support/r031_da3_depth_full/depth_npz/sear_steak/cam00_0202.npz,/leonardo_work/EUHPC_D21_034/proj_adags/data/n3v/sear_steak/motion_priors/masks/cam00_0202.png,/leonardo_work/EUHPC_D21_034/proj_adags/data/n3v/sear_steak/flow/cam00_0202.npz,3,0.19274020195007324,0.4804494082927704,0.27043142914772034,0.4851638376712799,0.3792472183704376,0.02774762734770775,0.05258919671177864,0.7547383904457092,0.6833006739616394,0.7299405932426453,0.04522484168410301,sear_steak_depth_332_cam00_0202
110,"[272, 128, 368, 224]",0.9272650480270386,1.0,0.9418120384216309,sear_steak,cam00,cam00_0172,172,/leonardo_work/EUHPC_D21_034/proj_adags/repo/adags/refine-logs/depth_occlusion_support/r031_da3_depth_full/depth_npz/sear_steak/cam00_0172.npz,/leonardo_work/EUHPC_D21_034/proj_adags/data/n3v/sear_steak/motion_priors/masks/cam00_0172.png,/leonardo_work/EUHPC_D21_034/proj_adags/data/n3v/sear_steak/flow/cam00_0172.npz,3,0.19239495694637299,0.4659374952316284,0.3001766502857208,0.4876866340637207,0.37904852628707886,0.03559340909123421,0.03965780884027481,0.7439311146736145,0.680178701877594,0.7400621771812439,0.05140167847275734,sear_steak_depth_333_cam00_0172
168,"[384, 160, 480, 256]",0.9271500706672668,1.0,0.9417200565338135,sear_steak,cam00,cam00_0106,106,/leonardo_work/EUHPC_D21_034/proj_adags/repo/adags/refine-logs/depth_occlusion_support/r031_da3_depth_full/depth_npz/sear_steak/cam00_0106.npz,/leonardo_work/EUHPC_D21_034/proj_adags/data/n3v/sear_steak/motion_priors/masks/cam00_0106.png,/leonardo_work/EUHPC_D21_034/proj_adags/data/n3v/sear_steak/flow/cam00_0106.npz,1,0.1900932341814041,0.3207952380180359,0.2468702495098114,0.4834716320037842,0.3782748579978943,0.03247435390949249,0.043415848165750504,0.6584065556526184,0.6798840165138245,0.7320122122764587,0.04674205929040909,sear_steak_depth_334_cam00_0106
141,"[192, 224, 288, 320]",0.9270613789558411,1.0,0.941649103164673,sear_steak,cam00,cam00_0294,294,/leonardo_work/EUHPC_D21_034/proj_adags/repo/adags/refine-logs/depth_occlusion_support/r031_da3_depth_full/depth_npz/sear_steak/cam00_0294.npz,/leonardo_work/EUHPC_D21_034/proj_adags/data/n3v/sear_steak/motion_priors/masks/cam00_0294.png,/leonardo_work/EUHPC_D21_034/proj_adags/data/n3v/sear_steak/flow/cam00_0294.npz,0,0.1644953340291977,0.2815752923488617,0.28922411799430847,0.4522905647754669,0.3648626506328583,0.01990184746682644,0.04546992853283882,0.41550248861312866,0.6839863061904907,0.6902827620506287,0.026749763637781143,sear_steak_depth_335_cam00_0294
131,"[192, 240, 288, 336]",0.9270036816596985,1.0,0.9416029453277588,sear_steak,cam00,cam00_0228,228,/leonardo_work/EUHPC_D21_034/proj_adags/repo/adags/refine-logs/depth_occlusion_support/r031_da3_depth_full/depth_npz/sear_steak/cam00_0228.npz,/leonardo_work/EUHPC_D21_034/proj_adags/data/n3v/sear_steak/motion_priors/masks/cam00_0228.png,/leonardo_work/EUHPC_D21_034/proj_adags/data/n3v/sear_steak/flow/cam00_0228.npz,1,0.19496729969978333,0.6275126934051514,0.2647480070590973,0.48451900482177734,0.3672977387905121,0.0217721126973629,0.03887585550546646,0.6146785020828247,0.6825332641601562,0.7203500270843506,0.03364728018641472,sear_steak_depth_336_cam00_0228
406,"[208, 240, 304, 336]",0.9269303679466248,1.0,0.9415442943572998,sear_steak,cam00,cam00_0201,201,/leonardo_work/EUHPC_D21_034/proj_adags/repo/adags/refine-logs/depth_occlusion_support/r031_da3_depth_full/depth_npz/sear_steak/cam00_0201.npz,/leonardo_work/EUHPC_D21_034/proj_adags/data/n3v/sear_steak/motion_priors/masks/cam00_0201.png,/leonardo_work/EUHPC_D21_034/proj_adags/data/n3v/sear_steak/flow/cam00_0201.npz,2,0.18509861826896667,0.34203073382377625,0.2530679404735565,0.44307130575180054,0.37765252590179443,0.025109998881816864,0.05332738161087036,0.7404502630233765,0.6827900409698486,0.7300047874450684,0.042263343930244446,sear_steak_depth_337_cam00_0201
181,"[384, 176, 480, 272]",0.9268923401832581,1.0,0.9415138721466065,sear_steak,cam00,cam00_0106,106,/leonardo_work/EUHPC_D21_034/proj_adags/repo/adags/refine-logs/depth_occlusion_support/r031_da3_depth_full/depth_npz/sear_steak/cam00_0106.npz,/leonardo_work/EUHPC_D21_034/proj_adags/data/n3v/sear_steak/motion_priors/masks/cam00_0106.png,/leonardo_work/EUHPC_D21_034/proj_adags/data/n3v/sear_steak/flow/cam00_0106.npz,2,0.1900932341814041,0.3207952380180359,0.2468702495098114,0.4834716320037842,0.3782748579978943,0.03247435390949249,0.043415848165750504,0.6584065556526184,0.6798840165138245,0.7320122122764587,0.04674205929040909,sear_steak_depth_338_cam00_0106
44,"[400, 192, 496, 288]",0.9268015027046204,1.0,0.9414412021636964,sear_steak,cam00,cam00_0095,95,/leonardo_work/EUHPC_D21_034/proj_adags/repo/adags/refine-logs/depth_occlusion_support/r031_da3_depth_full/depth_npz/sear_steak/cam00_0095.npz,/leonardo_work/EUHPC_D21_034/proj_adags/data/n3v/sear_steak/motion_priors/masks/cam00_0095.png,/leonardo_work/EUHPC_D21_034/proj_adags/data/n3v/sear_steak/flow/cam00_0095.npz,3,0.19636310636997223,0.3936954438686371,0.3146805465221405,0.4730803668498993,0.38311171531677246,0.03547378256917,0.051343321800231934,0.8115349411964417,0.6774914264678955,0.7333484888076782,0.0485510528087616,sear_steak_depth_339_cam00_0095
109,"[400, 160, 496, 256]",0.926680862903595,1.0,0.9413446903228759,sear_steak,cam00,cam00_0078,78,/leonardo_work/EUHPC_D21_034/proj_adags/repo/adags/refine-logs/depth_occlusion_support/r031_da3_depth_full/depth_npz/sear_steak/cam00_0078.npz,/leonardo_work/EUHPC_D21_034/proj_adags/data/n3v/sear_steak/motion_priors/masks/cam00_0078.png,/leonardo_work/EUHPC_D21_034/proj_adags/data/n3v/sear_steak/flow/cam00_0078.npz,0,0.19113250076770782,0.4488592743873596,0.2938011586666107,0.4782690405845642,0.3678175210952759,0.008429327048361301,0.04090368002653122,0.8941009044647217,0.6762397289276123,0.7320442795753479,0.030688701197504997,sear_steak_depth_340_cam00_0078
278,"[256, 176, 352, 272]",0.9266154170036316,1.0,0.9412923336029053,sear_steak,cam00,cam00_0025,25,/leonardo_work/EUHPC_D21_034/proj_adags/repo/adags/refine-logs/depth_occlusion_support/r031_da3_depth_full/depth_npz/sear_steak/cam00_0025.npz,/leonardo_work/EUHPC_D21_034/proj_adags/data/n3v/sear_steak/motion_priors/masks/cam00_0025.png,/leonardo_work/EUHPC_D21_034/proj_adags/data/n3v/sear_steak/flow/cam00_0025.npz,3,0.18930584192276,0.477932333946228,0.2698187232017517,0.4910469055175781,0.37539026141166687,0.029133550822734833,0.04978817328810692,0.7975882291793823,0.6760267615318298,0.7137792706489563,0.052755504846572876,sear_steak_depth_341_cam00_0025
80,"[400, 192, 496, 288]",0.926395058631897,1.0,0.9411160469055175,sear_steak,cam00,cam00_0285,285,/leonardo_work/EUHPC_D21_034/proj_adags/repo/adags/refine-logs/depth_occlusion_support/r031_da3_depth_full/depth_npz/sear_steak/cam00_0285.npz,/leonardo_work/EUHPC_D21_034/proj_adags/data/n3v/sear_steak/motion_priors/masks/cam00_0285.png,/leonardo_work/EUHPC_D21_034/proj_adags/data/n3v/sear_steak/flow/cam00_0285.npz,2,0.16538016498088837,0.3498236835002899,0.2744898796081543,0.48776358366012573,0.3701511323451996,0.028833024203777313,0.04950806871056557,0.5411458611488342,0.684202253818512,0.6906358599662781,0.034318357706069946,sear_steak_depth_342_cam00_0285
300,"[208, 240, 304, 336]",0.9263757467269897,1.0,0.9411005973815918,sear_steak,cam00,cam00_0138,138,/leonardo_work/EUHPC_D21_034/proj_adags/repo/adags/refine-logs/depth_occlusion_support/r031_da3_depth_full/depth_npz/sear_steak/cam00_0138.npz,/leonardo_work/EUHPC_D21_034/proj_adags/data/n3v/sear_steak/motion_priors/masks/cam00_0138.png,/leonardo_work/EUHPC_D21_034/proj_adags/data/n3v/sear_steak/flow/cam00_0138.npz,0,0.1559063196182251,0.42918068170547485,0.2872161865234375,0.49269381165504456,0.36868321895599365,0.014807487837970257,0.03674299269914627,0.7837902307510376,0.6799978017807007,0.7405961751937866,0.0262770913541317,sear_steak_depth_343_cam00_0138
215,"[208, 224, 304, 320]",0.926271915435791,1.0,0.941017532348633,sear_steak,cam00,cam00_0209,209,/leonardo_work/EUHPC_D21_034/proj_adags/repo/adags/refine-logs/depth_occlusion_support/r031_da3_depth_full/depth_npz/sear_steak/cam00_0209.npz,/leonardo_work/EUHPC_D21_034/proj_adags/data/n3v/sear_steak/motion_priors/masks/cam00_0209.png,/leonardo_work/EUHPC_D21_034/proj_adags/data/n3v/sear_steak/flow/cam00_0209.npz,1,0.18993420898914337,0.3956117630004883,0.25220638513565063,0.46677765250205994,0.37684690952301025,0.025054560974240303,0.04432034492492676,0.8143768310546875,0.683035135269165,0.7266318798065186,0.04214079678058624,sear_steak_depth_344_cam00_0209
93,"[240, 144, 336, 240]",0.92620450258255,1.0,0.9409636020660401,sear_steak,cam00,cam00_0005,5,/leonardo_work/EUHPC_D21_034/proj_adags/repo/adags/refine-logs/depth_occlusion_support/r031_da3_depth_full/depth_npz/sear_steak/cam00_0005.npz,/leonardo_work/EUHPC_D21_034/proj_adags/data/n3v/sear_steak/motion_priors/masks/cam00_0005.png,/leonardo_work/EUHPC_D21_034/proj_adags/data/n3v/sear_steak/flow/cam00_0005.npz,1,0.187332883477211,0.38716551661491394,0.2732713222503662,0.5041726231575012,0.3728563189506531,0.026828542351722717,0.04292275011539459,0.7103976011276245,0.6783084273338318,0.7143686413764954,0.04023551940917969,sear_steak_depth_345_cam00_0005
63,"[400, 144, 496, 240]",0.9260947108268738,1.0,0.940875768661499,sear_steak,cam00,cam00_0078,78,/leonardo_work/EUHPC_D21_034/proj_adags/repo/adags/refine-logs/depth_occlusion_support/r031_da3_depth_full/depth_npz/sear_steak/cam00_0078.npz,/leonardo_work/EUHPC_D21_034/proj_adags/data/n3v/sear_steak/motion_priors/masks/cam00_0078.png,/leonardo_work/EUHPC_D21_034/proj_adags/data/n3v/sear_steak/flow/cam00_0078.npz,1,0.19113250076770782,0.4488592743873596,0.2938011586666107,0.4782690405845642,0.3678175210952759,0.008429327048361301,0.04090368002653122,0.8941009044647217,0.6762397289276123,0.7320442795753479,0.030688701197504997,sear_steak_depth_346_cam00_0078
270,"[256, 160, 352, 256]",0.9260503649711609,1.0,0.9408402919769288,sear_steak,cam00,cam00_0108,108,/leonardo_work/EUHPC_D21_034/proj_adags/repo/adags/refine-logs/depth_occlusion_support/r031_da3_depth_full/depth_npz/sear_steak/cam00_0108.npz,/leonardo_work/EUHPC_D21_034/proj_adags/data/n3v/sear_steak/motion_priors/masks/cam00_0108.png,/leonardo_work/EUHPC_D21_034/proj_adags/data/n3v/sear_steak/flow/cam00_0108.npz,3,0.18984518945217133,0.6322229504585266,0.24251040816307068,0.4779391586780548,0.3775719702243805,0.03067411296069622,0.043252453207969666,0.7518994212150574,0.679034948348999,0.7315394878387451,0.048212599009275436,sear_steak_depth_347_cam00_0108
174,"[208, 224, 304, 320]",0.9259759187698364,1.0,0.9407807350158692,sear_steak,cam00,cam00_0203,203,/leonardo_work/EUHPC_D21_034/proj_adags/repo/adags/refine-logs/depth_occlusion_support/r031_da3_depth_full/depth_npz/sear_steak/cam00_0203.npz,/leonardo_work/EUHPC_D21_034/proj_adags/data/n3v/sear_steak/motion_priors/masks/cam00_0203.png,/leonardo_work/EUHPC_D21_034/proj_adags/data/n3v/sear_steak/flow/cam00_0203.npz,0,0.19365042448043823,0.5208505988121033,0.2532593011856079,0.5079843997955322,0.37731945514678955,0.028981829062104225,0.04500601068139076,0.7354872226715088,0.6835253238677979,0.7277610301971436,0.045116882771253586,sear_steak_depth_348_cam00_0203
27,"[400, 192, 496, 288]",0.9259499311447144,1.0,0.9407599449157715,sear_steak,cam00,cam00_0018,18,/leonardo_work/EUHPC_D21_034/proj_adags/repo/adags/refine-logs/depth_occlusion_support/r031_da3_depth_full/depth_npz/sear_steak/cam00_0018.npz,/leonardo_work/EUHPC_D21_034/proj_adags/data/n3v/sear_steak/motion_priors/masks/cam00_0018.png,/leonardo_work/EUHPC_D21_034/proj_adags/data/n3v/sear_steak/flow/cam00_0018.npz,2,0.1921416074037552,0.2386356145143509,0.2948393225669861,0.4551142454147339,0.37145549058914185,0.020785920321941376,0.04829137772321701,0.6271226406097412,0.6758925318717957,0.7145641446113586,0.04271850734949112,sear_steak_depth_349_cam00_0018
255,"[256, 176, 352, 272]",0.9258415102958679,1.0,0.9406732082366944,sear_steak,cam00,cam00_0112,112,/leonardo_work/EUHPC_D21_034/proj_adags/repo/adags/refine-logs/depth_occlusion_support/r031_da3_depth_full/depth_npz/sear_steak/cam00_0112.npz,/leonardo_work/EUHPC_D21_034/proj_adags/data/n3v/sear_steak/motion_priors/masks/cam00_0112.png,/leonardo_work/EUHPC_D21_034/proj_adags/data/n3v/sear_steak/flow/cam00_0112.npz,2,0.1902085542678833,0.3106846809387207,0.26184210181236267,0.4724533259868622,0.38279908895492554,0.035657599568367004,0.04128006845712662,0.8656764030456543,0.6788248419761658,0.7356710433959961,0.05018790066242218,sear_steak_depth_350_cam00_0112
61,"[384, 128, 480, 224]",0.9257339239120483,1.0,0.9405871391296388,sear_steak,cam00,cam00_0117,117,/leonardo_work/EUHPC_D21_034/proj_adags/repo/adags/refine-logs/depth_occlusion_support/r031_da3_depth_full/depth_npz/sear_steak/cam00_0117.npz,/leonardo_work/EUHPC_D21_034/proj_adags/data/n3v/sear_steak/motion_priors/masks/cam00_0117.png,/leonardo_work/EUHPC_D21_034/proj_adags/data/n3v/sear_steak/flow/cam00_0117.npz,2,0.18659819662570953,0.536309003829956,0.251212477684021,0.48434704542160034,0.36890196800231934,0.012061902321875095,0.034236662089824677,0.88563072681427,0.679026186466217,0.7358810901641846,0.042820628732442856,sear_steak_depth_351_cam00_0117
199,"[192, 240, 288, 336]",0.925667941570282,1.0,0.9405343532562256,sear_steak,cam00,cam00_0234,234,/leonardo_work/EUHPC_D21_034/proj_adags/repo/adags/refine-logs/depth_occlusion_support/r031_da3_depth_full/depth_npz/sear_steak/cam00_0234.npz,/leonardo_work/EUHPC_D21_034/proj_adags/data/n3v/sear_steak/motion_priors/masks/cam00_0234.png,/leonardo_work/EUHPC_D21_034/proj_adags/data/n3v/sear_steak/flow/cam00_0234.npz,1,0.19273361563682556,0.31687822937965393,0.26655471324920654,0.4762612581253052,0.36917898058891296,0.015662383288145065,0.03696182370185852,0.4761533737182617,0.6825945377349854,0.7214762568473816,0.024786129593849182,sear_steak_depth_352_cam00_0234
47,"[208, 208, 304, 304]",0.9254882335662842,1.0,0.9403905868530273,sear_steak,cam00,cam00_0229,229,/leonardo_work/EUHPC_D21_034/proj_adags/repo/adags/refine-logs/depth_occlusion_support/r031_da3_depth_full/depth_npz/sear_steak/cam00_0229.npz,/leonardo_work/EUHPC_D21_034/proj_adags/data/n3v/sear_steak/motion_priors/masks/cam00_0229.png,/leonardo_work/EUHPC_D21_034/proj_adags/data/n3v/sear_steak/flow/cam00_0229.npz,3,0.19682800769805908,0.662155032157898,0.26272472739219666,0.47476914525032043,0.371865838766098,0.023318510502576828,0.05089399218559265,0.6198078989982605,0.6824924349784851,0.7209014892578125,0.03316585719585419,sear_steak_depth_353_cam00_0229
43,"[192, 224, 288, 320]",0.925410270690918,1.0,0.9403282165527345,sear_steak,cam00,cam00_0235,235,/leonardo_work/EUHPC_D21_034/proj_adags/repo/adags/refine-logs/depth_occlusion_support/r031_da3_depth_full/depth_npz/sear_steak/cam00_0235.npz,/leonardo_work/EUHPC_D21_034/proj_adags/data/n3v/sear_steak/motion_priors/masks/cam00_0235.png,/leonardo_work/EUHPC_D21_034/proj_adags/data/n3v/sear_steak/flow/cam00_0235.npz,2,0.1940186619758606,0.40899261832237244,0.27012136578559875,0.48559701442718506,0.36875346302986145,0.016030017286539078,0.03459262475371361,0.8916850686073303,0.6823932528495789,0.7209540009498596,0.02441849559545517,sear_steak_depth_354_cam00_0235
57,"[256, 128, 352, 224]",0.9253184199333191,1.0,0.9402547359466553,sear_steak,cam00,cam00_0104,104,/leonardo_work/EUHPC_D21_034/proj_adags/repo/adags/refine-logs/depth_occlusion_support/r031_da3_depth_full/depth_npz/sear_steak/cam00_0104.npz,/leonardo_work/EUHPC_D21_034/proj_adags/data/n3v/sear_steak/motion_priors/masks/cam00_0104.png,/leonardo_work/EUHPC_D21_034/proj_adags/data/n3v/sear_steak/flow/cam00_0104.npz,1,0.1837971955537796,0.3622855842113495,0.2848978340625763,0.4612327814102173,0.3814557194709778,0.03267859295010567,0.05391676351428032,0.3254437744617462,0.6787139773368835,0.7318021059036255,0.04215538501739502,sear_steak_depth_355_cam00_0104
54,"[192, 240, 288, 336]",0.9252400398254395,1.0,0.9401920318603516,sear_steak,cam00,cam00_0099,99,/leonardo_work/EUHPC_D21_034/proj_adags/repo/adags/refine-logs/depth_occlusion_support/r031_da3_depth_full/depth_npz/sear_steak/cam00_0099.npz,/leonardo_work/EUHPC_D21_034/proj_adags/data/n3v/sear_steak/motion_priors/masks/cam00_0099.png,/leonardo_work/EUHPC_D21_034/proj_adags/data/n3v/sear_steak/flow/cam00_0099.npz,0,0.18581409752368927,0.3172278106212616,0.28197839856147766,0.4643559455871582,0.38218140602111816,0.030960051342844963,0.06161665543913841,0.6592031121253967,0.6796184778213501,0.734961986541748,0.0410408116877079,sear_steak_depth_356_cam00_0099
65,"[384, 128, 480, 224]",0.925149142742157,1.0,0.9401193141937256,sear_steak,cam00,cam00_0030,30,/leonardo_work/EUHPC_D21_034/proj_adags/repo/adags/refine-logs/depth_occlusion_support/r031_da3_depth_full/depth_npz/sear_steak/cam00_0030.npz,/leonardo_work/EUHPC_D21_034/proj_adags/data/n3v/sear_steak/motion_priors/masks/cam00_0030.png,/leonardo_work/EUHPC_D21_034/proj_adags/data/n3v/sear_steak/flow/cam00_0030.npz,2,0.1902131736278534,0.28925445675849915,0.2650502324104309,0.5154457688331604,0.374563068151474,0.03199292719364166,0.04785371571779251,0.6691408753395081,0.6765548586845398,0.7152235507965088,0.05568490922451019,sear_steak_depth_357_cam00_0030
124,"[400, 160, 496, 256]",0.9251445531845093,1.0,0.9401156425476074,sear_steak,cam00,cam00_0034,34,/leonardo_work/EUHPC_D21_034/proj_adags/repo/adags/refine-logs/depth_occlusion_support/r031_da3_depth_full/depth_npz/sear_steak/cam00_0034.npz,/leonardo_work/EUHPC_D21_034/proj_adags/data/n3v/sear_steak/motion_priors/masks/cam00_0034.png,/leonardo_work/EUHPC_D21_034/proj_adags/data/n3v/sear_steak/flow/cam00_0034.npz,1,0.18707172572612762,0.457705557346344,0.2968357801437378,0.46852245926856995,0.3759802579879761,0.03131309524178505,0.04384183511137962,0.6753790378570557,0.6775118708610535,0.7139310240745544,0.05661274865269661,sear_steak_depth_358_cam00_0034
124,"[400, 176, 496, 272]",0.9251445531845093,1.0,0.9401156425476074,sear_steak,cam00,cam00_0034,34,/leonardo_work/EUHPC_D21_034/proj_adags/repo/adags/refine-logs/depth_occlusion_support/r031_da3_depth_full/depth_npz/sear_steak/cam00_0034.npz,/leonardo_work/EUHPC_D21_034/proj_adags/data/n3v/sear_steak/motion_priors/masks/cam00_0034.png,/leonardo_work/EUHPC_D21_034/proj_adags/data/n3v/sear_steak/flow/cam00_0034.npz,2,0.18707172572612762,0.457705557346344,0.2968357801437378,0.46852245926856995,0.3759802579879761,0.03131309524178505,0.04384183511137962,0.6753790378570557,0.6775118708610535,0.7139310240745544,0.05661274865269661,sear_steak_depth_359_cam00_0034
54,"[256, 128, 352, 224]",0.9246196746826172,1.0,0.9396957397460939,sear_steak,cam00,cam00_0105,105,/leonardo_work/EUHPC_D21_034/proj_adags/repo/adags/refine-logs/depth_occlusion_support/r031_da3_depth_full/depth_npz/sear_steak/cam00_0105.npz,/leonardo_work/EUHPC_D21_034/proj_adags/data/n3v/sear_steak/motion_priors/masks/cam00_0105.png,/leonardo_work/EUHPC_D21_034/proj_adags/data/n3v/sear_steak/flow/cam00_0105.npz,2,0.1847275048494339,0.4481232762336731,0.26852869987487793,0.4585888981819153,0.3806777000427246,0.03205711767077446,0.051442526280879974,0.5571204423904419,0.6786177158355713,0.7331063151359558,0.04456543177366257,sear_steak_depth_360_cam00_0105
