area,bbox_xyxy,mean_score,peak_score,component_score,scene,camera,image_name,frame_idx,depth_source,mask_source,flow_source,local_component_rank,depth_edge_mean,temporal_depth_mean,confidence_edge_mean,low_confidence_mean,occlusion_gate_mean,mask_boundary_mean,flow_valid_boundary_mean,flow_mag_boundary_mean,dynamic_boundary_mean,static_delta_boundary_mean,flicker_boundary_mean,component_id
1333,"[352, 352, 448, 448]",1.0,1.0,1.0,cut_roasted_beef,cam00,cam00_0260,260,/leonardo_work/EUHPC_D21_034/proj_adags/repo/adags/refine-logs/depth_occlusion_support/r031_da3_depth_full/depth_npz/cut_roasted_beef/cam00_0260.npz,/leonardo_work/EUHPC_D21_034/proj_adags/data/n3v/cut_roasted_beef/motion_priors/masks/cam00_0260.png,/leonardo_work/EUHPC_D21_034/proj_adags/data/n3v/cut_roasted_beef/flow/cam00_0260.npz,0,0.18442748486995697,0.3589223027229309,0.25495028495788574,0.4874206483364105,0.3980913758277893,0.06973962485790253,0.07439340651035309,0.48775720596313477,0.6635301113128662,0.7457576394081116,0.06470070034265518,cut_roasted_beef_depth_001_cam00_0260
1316,"[368, 336, 464, 432]",1.0,1.0,1.0,cut_roasted_beef,cam00,cam00_0121,121,/leonardo_work/EUHPC_D21_034/proj_adags/repo/adags/refine-logs/depth_occlusion_support/r031_da3_depth_full/depth_npz/cut_roasted_beef/cam00_0121.npz,/leonardo_work/EUHPC_D21_034/proj_adags/data/n3v/cut_roasted_beef/motion_priors/masks/cam00_0121.png,/leonardo_work/EUHPC_D21_034/proj_adags/data/n3v/cut_roasted_beef/flow/cam00_0121.npz,0,0.18601907789707184,0.3541482388973236,0.2969711124897003,0.466621071100235,0.3891741931438446,0.05424938350915909,0.06299091130495071,0.4234912395477295,0.6699257493019104,0.7428252696990967,0.06751339137554169,cut_roasted_beef_depth_002_cam00_0121
1314,"[352, 368, 448, 464]",1.0,1.0,1.0,cut_roasted_beef,cam00,cam00_0260,260,/leonardo_work/EUHPC_D21_034/proj_adags/repo/adags/refine-logs/depth_occlusion_support/r031_da3_depth_full/depth_npz/cut_roasted_beef/cam00_0260.npz,/leonardo_work/EUHPC_D21_034/proj_adags/data/n3v/cut_roasted_beef/motion_priors/masks/cam00_0260.png,/leonardo_work/EUHPC_D21_034/proj_adags/data/n3v/cut_roasted_beef/flow/cam00_0260.npz,1,0.18442748486995697,0.3589223027229309,0.25495028495788574,0.4874206483364105,0.3980913758277893,0.06973962485790253,0.07439340651035309,0.48775720596313477,0.6635301113128662,0.7457576394081116,0.06470070034265518,cut_roasted_beef_depth_003_cam00_0260
1303,"[384, 336, 480, 432]",1.0,1.0,1.0,cut_roasted_beef,cam00,cam00_0121,121,/leonardo_work/EUHPC_D21_034/proj_adags/repo/adags/refine-logs/depth_occlusion_support/r031_da3_depth_full/depth_npz/cut_roasted_beef/cam00_0121.npz,/leonardo_work/EUHPC_D21_034/proj_adags/data/n3v/cut_roasted_beef/motion_priors/masks/cam00_0121.png,/leonardo_work/EUHPC_D21_034/proj_adags/data/n3v/cut_roasted_beef/flow/cam00_0121.npz,1,0.18601907789707184,0.3541482388973236,0.2969711124897003,0.466621071100235,0.3891741931438446,0.05424938350915909,0.06299091130495071,0.4234912395477295,0.6699257493019104,0.7428252696990967,0.06751339137554169,cut_roasted_beef_depth_004_cam00_0121
1298,"[400, 336, 496, 432]",1.0,1.0,1.0,cut_roasted_beef,cam00,cam00_0121,121,/leonardo_work/EUHPC_D21_034/proj_adags/repo/adags/refine-logs/depth_occlusion_support/r031_da3_depth_full/depth_npz/cut_roasted_beef/cam00_0121.npz,/leonardo_work/EUHPC_D21_034/proj_adags/data/n3v/cut_roasted_beef/motion_priors/masks/cam00_0121.png,/leonardo_work/EUHPC_D21_034/proj_adags/data/n3v/cut_roasted_beef/flow/cam00_0121.npz,2,0.18601907789707184,0.3541482388973236,0.2969711124897003,0.466621071100235,0.3891741931438446,0.05424938350915909,0.06299091130495071,0.4234912395477295,0.6699257493019104,0.7428252696990967,0.06751339137554169,cut_roasted_beef_depth_005_cam00_0121
1296,"[352, 336, 448, 432]",1.0,1.0,1.0,cut_roasted_beef,cam00,cam00_0133,133,/leonardo_work/EUHPC_D21_034/proj_adags/repo/adags/refine-logs/depth_occlusion_support/r031_da3_depth_full/depth_npz/cut_roasted_beef/cam00_0133.npz,/leonardo_work/EUHPC_D21_034/proj_adags/data/n3v/cut_roasted_beef/motion_priors/masks/cam00_0133.png,/leonardo_work/EUHPC_D21_034/proj_adags/data/n3v/cut_roasted_beef/flow/cam00_0133.npz,0,0.1823192983865738,0.38585910201072693,0.2626354992389679,0.5166030526161194,0.39301183819770813,0.05980474501848221,0.05674988031387329,0.6823144555091858,0.6663777828216553,0.7420229315757751,0.06927569955587387,cut_roasted_beef_depth_006_cam00_0133
1296,"[368, 336, 464, 432]",1.0,1.0,1.0,cut_roasted_beef,cam00,cam00_0133,133,/leonardo_work/EUHPC_D21_034/proj_adags/repo/adags/refine-logs/depth_occlusion_support/r031_da3_depth_full/depth_npz/cut_roasted_beef/cam00_0133.npz,/leonardo_work/EUHPC_D21_034/proj_adags/data/n3v/cut_roasted_beef/motion_priors/masks/cam00_0133.png,/leonardo_work/EUHPC_D21_034/proj_adags/data/n3v/cut_roasted_beef/flow/cam00_0133.npz,1,0.1823192983865738,0.38585910201072693,0.2626354992389679,0.5166030526161194,0.39301183819770813,0.05980474501848221,0.05674988031387329,0.6823144555091858,0.6663777828216553,0.7420229315757751,0.06927569955587387,cut_roasted_beef_depth_007_cam00_0133
1296,"[384, 336, 480, 432]",1.0,1.0,1.0,cut_roasted_beef,cam00,cam00_0133,133,/leonardo_work/EUHPC_D21_034/proj_adags/repo/adags/refine-logs/depth_occlusion_support/r031_da3_depth_full/depth_npz/cut_roasted_beef/cam00_0133.npz,/leonardo_work/EUHPC_D21_034/proj_adags/data/n3v/cut_roasted_beef/motion_priors/masks/cam00_0133.png,/leonardo_work/EUHPC_D21_034/proj_adags/data/n3v/cut_roasted_beef/flow/cam00_0133.npz,2,0.1823192983865738,0.38585910201072693,0.2626354992389679,0.5166030526161194,0.39301183819770813,0.05980474501848221,0.05674988031387329,0.6823144555091858,0.6663777828216553,0.7420229315757751,0.06927569955587387,cut_roasted_beef_depth_008_cam00_0133
1283,"[320, 368, 416, 464]",1.0,1.0,1.0,cut_roasted_beef,cam00,cam00_0161,161,/leonardo_work/EUHPC_D21_034/proj_adags/repo/adags/refine-logs/depth_occlusion_support/r031_da3_depth_full/depth_npz/cut_roasted_beef/cam00_0161.npz,/leonardo_work/EUHPC_D21_034/proj_adags/data/n3v/cut_roasted_beef/motion_priors/masks/cam00_0161.png,/leonardo_work/EUHPC_D21_034/proj_adags/data/n3v/cut_roasted_beef/flow/cam00_0161.npz,0,0.15571098029613495,0.41336479783058167,0.2578854560852051,0.5193035006523132,0.3963176906108856,0.06671977043151855,0.06773222237825394,0.4797801077365875,0.6666199564933777,0.7467788457870483,0.06444393843412399,cut_roasted_beef_depth_009_cam00_0161
1281,"[368, 336, 464, 432]",1.0,1.0,1.0,cut_roasted_beef,cam00,cam00_0123,123,/leonardo_work/EUHPC_D21_034/proj_adags/repo/adags/refine-logs/depth_occlusion_support/r031_da3_depth_full/depth_npz/cut_roasted_beef/cam00_0123.npz,/leonardo_work/EUHPC_D21_034/proj_adags/data/n3v/cut_roasted_beef/motion_priors/masks/cam00_0123.png,/leonardo_work/EUHPC_D21_034/proj_adags/data/n3v/cut_roasted_beef/flow/cam00_0123.npz,0,0.17986883223056793,0.4433092176914215,0.30170536041259766,0.41256487369537354,0.3925362825393677,0.056822825223207474,0.06995844841003418,0.5433516502380371,0.6688345670700073,0.7454103827476501,0.06395084410905838,cut_roasted_beef_depth_010_cam00_0123
1281,"[352, 336, 448, 432]",1.0,1.0,1.0,cut_roasted_beef,cam00,cam00_0131,131,/leonardo_work/EUHPC_D21_034/proj_adags/repo/adags/refine-logs/depth_occlusion_support/r031_da3_depth_full/depth_npz/cut_roasted_beef/cam00_0131.npz,/leonardo_work/EUHPC_D21_034/proj_adags/data/n3v/cut_roasted_beef/motion_priors/masks/cam00_0131.png,/leonardo_work/EUHPC_D21_034/proj_adags/data/n3v/cut_roasted_beef/flow/cam00_0131.npz,0,0.1809682995080948,0.39055272936820984,0.2771608829498291,0.48512548208236694,0.3961712121963501,0.06474446505308151,0.06915607303380966,0.42489758133888245,0.6650969386100769,0.7440069913864136,0.06958790123462677,cut_roasted_beef_depth_011_cam00_0131
1281,"[368, 336, 464, 432]",1.0,1.0,1.0,cut_roasted_beef,cam00,cam00_0131,131,/leonardo_work/EUHPC_D21_034/proj_adags/repo/adags/refine-logs/depth_occlusion_support/r031_da3_depth_full/depth_npz/cut_roasted_beef/cam00_0131.npz,/leonardo_work/EUHPC_D21_034/proj_adags/data/n3v/cut_roasted_beef/motion_priors/masks/cam00_0131.png,/leonardo_work/EUHPC_D21_034/proj_adags/data/n3v/cut_roasted_beef/flow/cam00_0131.npz,1,0.1809682995080948,0.39055272936820984,0.2771608829498291,0.48512548208236694,0.3961712121963501,0.06474446505308151,0.06915607303380966,0.42489758133888245,0.6650969386100769,0.7440069913864136,0.06958790123462677,cut_roasted_beef_depth_012_cam00_0131
1281,"[384, 336, 480, 432]",1.0,1.0,1.0,cut_roasted_beef,cam00,cam00_0131,131,/leonardo_work/EUHPC_D21_034/proj_adags/repo/adags/refine-logs/depth_occlusion_support/r031_da3_depth_full/depth_npz/cut_roasted_beef/cam00_0131.npz,/leonardo_work/EUHPC_D21_034/proj_adags/data/n3v/cut_roasted_beef/motion_priors/masks/cam00_0131.png,/leonardo_work/EUHPC_D21_034/proj_adags/data/n3v/cut_roasted_beef/flow/cam00_0131.npz,2,0.1809682995080948,0.39055272936820984,0.2771608829498291,0.48512548208236694,0.3961712121963501,0.06474446505308151,0.06915607303380966,0.42489758133888245,0.6650969386100769,0.7440069913864136,0.06958790123462677,cut_roasted_beef_depth_013_cam00_0131
1272,"[384, 336, 480, 432]",1.0,1.0,1.0,cut_roasted_beef,cam00,cam00_0123,123,/leonardo_work/EUHPC_D21_034/proj_adags/repo/adags/refine-logs/depth_occlusion_support/r031_da3_depth_full/depth_npz/cut_roasted_beef/cam00_0123.npz,/leonardo_work/EUHPC_D21_034/proj_adags/data/n3v/cut_roasted_beef/motion_priors/masks/cam00_0123.png,/leonardo_work/EUHPC_D21_034/proj_adags/data/n3v/cut_roasted_beef/flow/cam00_0123.npz,1,0.17986883223056793,0.4433092176914215,0.30170536041259766,0.41256487369537354,0.3925362825393677,0.056822825223207474,0.06995844841003418,0.5433516502380371,0.6688345670700073,0.7454103827476501,0.06395084410905838,cut_roasted_beef_depth_014_cam00_0123
1262,"[336, 352, 432, 448]",1.0,1.0,1.0,cut_roasted_beef,cam00,cam00_0155,155,/leonardo_work/EUHPC_D21_034/proj_adags/repo/adags/refine-logs/depth_occlusion_support/r031_da3_depth_full/depth_npz/cut_roasted_beef/cam00_0155.npz,/leonardo_work/EUHPC_D21_034/proj_adags/data/n3v/cut_roasted_beef/motion_priors/masks/cam00_0155.png,/leonardo_work/EUHPC_D21_034/proj_adags/data/n3v/cut_roasted_beef/flow/cam00_0155.npz,0,0.153230682015419,0.4055332839488983,0.2660617232322693,0.5247554779052734,0.39290982484817505,0.06206890568137169,0.06329143792390823,0.41269272565841675,0.6659080386161804,0.7443833947181702,0.06885263323783875,cut_roasted_beef_depth_015_cam00_0155
1257,"[352, 352, 448, 448]",1.0,1.0,1.0,cut_roasted_beef,cam00,cam00_0265,265,/leonardo_work/EUHPC_D21_034/proj_adags/repo/adags/refine-logs/depth_occlusion_support/r031_da3_depth_full/depth_npz/cut_roasted_beef/cam00_0265.npz,/leonardo_work/EUHPC_D21_034/proj_adags/data/n3v/cut_roasted_beef/motion_priors/masks/cam00_0265.png,/leonardo_work/EUHPC_D21_034/proj_adags/data/n3v/cut_roasted_beef/flow/cam00_0265.npz,0,0.18551433086395264,0.4000701606273651,0.32154586911201477,0.4659636914730072,0.39329102635383606,0.06519962847232819,0.06423386186361313,0.3598117530345917,0.6650910973548889,0.7481092810630798,0.06320390105247498,cut_roasted_beef_depth_016_cam00_0265
1255,"[320, 352, 416, 448]",1.0,1.0,1.0,cut_roasted_beef,cam00,cam00_0161,161,/leonardo_work/EUHPC_D21_034/proj_adags/repo/adags/refine-logs/depth_occlusion_support/r031_da3_depth_full/depth_npz/cut_roasted_beef/cam00_0161.npz,/leonardo_work/EUHPC_D21_034/proj_adags/data/n3v/cut_roasted_beef/motion_priors/masks/cam00_0161.png,/leonardo_work/EUHPC_D21_034/proj_adags/data/n3v/cut_roasted_beef/flow/cam00_0161.npz,1,0.15571098029613495,0.41336479783058167,0.2578854560852051,0.5193035006523132,0.3963176906108856,0.06671977043151855,0.06773222237825394,0.4797801077365875,0.6666199564933777,0.7467788457870483,0.06444393843412399,cut_roasted_beef_depth_017_cam00_0161
1251,"[320, 336, 416, 432]",1.0,1.0,1.0,cut_roasted_beef,cam00,cam00_0256,256,/leonardo_work/EUHPC_D21_034/proj_adags/repo/adags/refine-logs/depth_occlusion_support/r031_da3_depth_full/depth_npz/cut_roasted_beef/cam00_0256.npz,/leonardo_work/EUHPC_D21_034/proj_adags/data/n3v/cut_roasted_beef/motion_priors/masks/cam00_0256.png,/leonardo_work/EUHPC_D21_034/proj_adags/data/n3v/cut_roasted_beef/flow/cam00_0256.npz,0,0.18588417768478394,0.2964930534362793,0.30505964159965515,0.457598477602005,0.3895113468170166,0.06490494310855865,0.05754350498318672,0.26918116211891174,0.6619866490364075,0.7459385395050049,0.06314262747764587,cut_roasted_beef_depth_018_cam00_0256
1244,"[352, 336, 448, 432]",1.0,1.0,1.0,cut_roasted_beef,cam00,cam00_0129,129,/leonardo_work/EUHPC_D21_034/proj_adags/repo/adags/refine-logs/depth_occlusion_support/r031_da3_depth_full/depth_npz/cut_roasted_beef/cam00_0129.npz,/leonardo_work/EUHPC_D21_034/proj_adags/data/n3v/cut_roasted_beef/motion_priors/masks/cam00_0129.png,/leonardo_work/EUHPC_D21_034/proj_adags/data/n3v/cut_roasted_beef/flow/cam00_0129.npz,0,0.1803773045539856,0.380663126707077,0.26523539423942566,0.4136160910129547,0.3933882713317871,0.06464818120002747,0.060087766498327255,0.6033022999763489,0.6663923859596252,0.7438406944274902,0.06559935957193375,cut_roasted_beef_depth_019_cam00_0129
1244,"[368, 336, 464, 432]",1.0,1.0,1.0,cut_roasted_beef,cam00,cam00_0129,129,/leonardo_work/EUHPC_D21_034/proj_adags/repo/adags/refine-logs/depth_occlusion_support/r031_da3_depth_full/depth_npz/cut_roasted_beef/cam00_0129.npz,/leonardo_work/EUHPC_D21_034/proj_adags/data/n3v/cut_roasted_beef/motion_priors/masks/cam00_0129.png,/leonardo_work/EUHPC_D21_034/proj_adags/data/n3v/cut_roasted_beef/flow/cam00_0129.npz,1,0.1803773045539856,0.380663126707077,0.26523539423942566,0.4136160910129547,0.3933882713317871,0.06464818120002747,0.060087766498327255,0.6033022999763489,0.6663923859596252,0.7438406944274902,0.06559935957193375,cut_roasted_beef_depth_020_cam00_0129
1244,"[384, 336, 480, 432]",1.0,1.0,1.0,cut_roasted_beef,cam00,cam00_0129,129,/leonardo_work/EUHPC_D21_034/proj_adags/repo/adags/refine-logs/depth_occlusion_support/r031_da3_depth_full/depth_npz/cut_roasted_beef/cam00_0129.npz,/leonardo_work/EUHPC_D21_034/proj_adags/data/n3v/cut_roasted_beef/motion_priors/masks/cam00_0129.png,/leonardo_work/EUHPC_D21_034/proj_adags/data/n3v/cut_roasted_beef/flow/cam00_0129.npz,2,0.1803773045539856,0.380663126707077,0.26523539423942566,0.4136160910129547,0.3933882713317871,0.06464818120002747,0.060087766498327255,0.6033022999763489,0.6663923859596252,0.7438406944274902,0.06559935957193375,cut_roasted_beef_depth_021_cam00_0129
1243,"[352, 368, 448, 464]",1.0,1.0,1.0,cut_roasted_beef,cam00,cam00_0266,266,/leonardo_work/EUHPC_D21_034/proj_adags/repo/adags/refine-logs/depth_occlusion_support/r031_da3_depth_full/depth_npz/cut_roasted_beef/cam00_0266.npz,/leonardo_work/EUHPC_D21_034/proj_adags/data/n3v/cut_roasted_beef/motion_priors/masks/cam00_0266.png,/leonardo_work/EUHPC_D21_034/proj_adags/data/n3v/cut_roasted_beef/flow/cam00_0266.npz,0,0.1875329166650772,0.46323585510253906,0.31586772203445435,0.4703616797924042,0.39061734080314636,0.05940793454647064,0.060481660068035126,0.5940589308738708,0.6651231646537781,0.7469568252563477,0.060207393020391464,cut_roasted_beef_depth_022_cam00_0266
1240,"[352, 336, 448, 432]",1.0,1.0,1.0,cut_roasted_beef,cam00,cam00_0265,265,/leonardo_work/EUHPC_D21_034/proj_adags/repo/adags/refine-logs/depth_occlusion_support/r031_da3_depth_full/depth_npz/cut_roasted_beef/cam00_0265.npz,/leonardo_work/EUHPC_D21_034/proj_adags/data/n3v/cut_roasted_beef/motion_priors/masks/cam00_0265.png,/leonardo_work/EUHPC_D21_034/proj_adags/data/n3v/cut_roasted_beef/flow/cam00_0265.npz,1,0.18551433086395264,0.4000701606273651,0.32154586911201477,0.4659636914730072,0.39329102635383606,0.06519962847232819,0.06423386186361313,0.3598117530345917,0.6650910973548889,0.7481092810630798,0.06320390105247498,cut_roasted_beef_depth_023_cam00_0265
1238,"[352, 336, 448, 432]",1.0,1.0,1.0,cut_roasted_beef,cam00,cam00_0121,121,/leonardo_work/EUHPC_D21_034/proj_adags/repo/adags/refine-logs/depth_occlusion_support/r031_da3_depth_full/depth_npz/cut_roasted_beef/cam00_0121.npz,/leonardo_work/EUHPC_D21_034/proj_adags/data/n3v/cut_roasted_beef/motion_priors/masks/cam00_0121.png,/leonardo_work/EUHPC_D21_034/proj_adags/data/n3v/cut_roasted_beef/flow/cam00_0121.npz,3,0.18601907789707184,0.3541482388973236,0.2969711124897003,0.466621071100235,0.3891741931438446,0.05424938350915909,0.06299091130495071,0.4234912395477295,0.6699257493019104,0.7428252696990967,0.06751339137554169,cut_roasted_beef_depth_024_cam00_0121
1238,"[368, 336, 464, 432]",1.0,1.0,1.0,cut_roasted_beef,cam00,cam00_0127,127,/leonardo_work/EUHPC_D21_034/proj_adags/repo/adags/refine-logs/depth_occlusion_support/r031_da3_depth_full/depth_npz/cut_roasted_beef/cam00_0127.npz,/leonardo_work/EUHPC_D21_034/proj_adags/data/n3v/cut_roasted_beef/motion_priors/masks/cam00_0127.png,/leonardo_work/EUHPC_D21_034/proj_adags/data/n3v/cut_roasted_beef/flow/cam00_0127.npz,0,0.1802862286567688,0.3886758089065552,0.3154084384441376,0.4788978695869446,0.39360883831977844,0.06360655277967453,0.0626874640583992,0.6954092383384705,0.6678629517555237,0.7449202537536621,0.06659431010484695,cut_roasted_beef_depth_025_cam00_0127
1238,"[384, 336, 480, 432]",1.0,1.0,1.0,cut_roasted_beef,cam00,cam00_0127,127,/leonardo_work/EUHPC_D21_034/proj_adags/repo/adags/refine-logs/depth_occlusion_support/r031_da3_depth_full/depth_npz/cut_roasted_beef/cam00_0127.npz,/leonardo_work/EUHPC_D21_034/proj_adags/data/n3v/cut_roasted_beef/motion_priors/masks/cam00_0127.png,/leonardo_work/EUHPC_D21_034/proj_adags/data/n3v/cut_roasted_beef/flow/cam00_0127.npz,1,0.1802862286567688,0.3886758089065552,0.3154084384441376,0.4788978695869446,0.39360883831977844,0.06360655277967453,0.0626874640583992,0.6954092383384705,0.6678629517555237,0.7449202537536621,0.06659431010484695,cut_roasted_beef_depth_026_cam00_0127
1237,"[352, 336, 448, 432]",1.0,1.0,1.0,cut_roasted_beef,cam00,cam00_0123,123,/leonardo_work/EUHPC_D21_034/proj_adags/repo/adags/refine-logs/depth_occlusion_support/r031_da3_depth_full/depth_npz/cut_roasted_beef/cam00_0123.npz,/leonardo_work/EUHPC_D21_034/proj_adags/data/n3v/cut_roasted_beef/motion_priors/masks/cam00_0123.png,/leonardo_work/EUHPC_D21_034/proj_adags/data/n3v/cut_roasted_beef/flow/cam00_0123.npz,2,0.17986883223056793,0.4433092176914215,0.30170536041259766,0.41256487369537354,0.3925362825393677,0.056822825223207474,0.06995844841003418,0.5433516502380371,0.6688345670700073,0.7454103827476501,0.06395084410905838,cut_roasted_beef_depth_027_cam00_0123
1237,"[352, 336, 448, 432]",1.0,1.0,1.0,cut_roasted_beef,cam00,cam00_0127,127,/leonardo_work/EUHPC_D21_034/proj_adags/repo/adags/refine-logs/depth_occlusion_support/r031_da3_depth_full/depth_npz/cut_roasted_beef/cam00_0127.npz,/leonardo_work/EUHPC_D21_034/proj_adags/data/n3v/cut_roasted_beef/motion_priors/masks/cam00_0127.png,/leonardo_work/EUHPC_D21_034/proj_adags/data/n3v/cut_roasted_beef/flow/cam00_0127.npz,2,0.1802862286567688,0.3886758089065552,0.3154084384441376,0.4788978695869446,0.39360883831977844,0.06360655277967453,0.0626874640583992,0.6954092383384705,0.6678629517555237,0.7449202537536621,0.06659431010484695,cut_roasted_beef_depth_028_cam00_0127
1231,"[336, 336, 432, 432]",1.0,1.0,1.0,cut_roasted_beef,cam00,cam00_0256,256,/leonardo_work/EUHPC_D21_034/proj_adags/repo/adags/refine-logs/depth_occlusion_support/r031_da3_depth_full/depth_npz/cut_roasted_beef/cam00_0256.npz,/leonardo_work/EUHPC_D21_034/proj_adags/data/n3v/cut_roasted_beef/motion_priors/masks/cam00_0256.png,/leonardo_work/EUHPC_D21_034/proj_adags/data/n3v/cut_roasted_beef/flow/cam00_0256.npz,1,0.18588417768478394,0.2964930534362793,0.30505964159965515,0.457598477602005,0.3895113468170166,0.06490494310855865,0.05754350498318672,0.26918116211891174,0.6619866490364075,0.7459385395050049,0.06314262747764587,cut_roasted_beef_depth_029_cam00_0256
1231,"[352, 352, 448, 448]",1.0,1.0,1.0,cut_roasted_beef,cam00,cam00_0266,266,/leonardo_work/EUHPC_D21_034/proj_adags/repo/adags/refine-logs/depth_occlusion_support/r031_da3_depth_full/depth_npz/cut_roasted_beef/cam00_0266.npz,/leonardo_work/EUHPC_D21_034/proj_adags/data/n3v/cut_roasted_beef/motion_priors/masks/cam00_0266.png,/leonardo_work/EUHPC_D21_034/proj_adags/data/n3v/cut_roasted_beef/flow/cam00_0266.npz,1,0.1875329166650772,0.46323585510253906,0.31586772203445435,0.4703616797924042,0.39061734080314636,0.05940793454647064,0.060481660068035126,0.5940589308738708,0.6651231646537781,0.7469568252563477,0.060207393020391464,cut_roasted_beef_depth_030_cam00_0266
1231,"[336, 368, 432, 464]",1.0,1.0,1.0,cut_roasted_beef,cam00,cam00_0267,267,/leonardo_work/EUHPC_D21_034/proj_adags/repo/adags/refine-logs/depth_occlusion_support/r031_da3_depth_full/depth_npz/cut_roasted_beef/cam00_0267.npz,/leonardo_work/EUHPC_D21_034/proj_adags/data/n3v/cut_roasted_beef/motion_priors/masks/cam00_0267.png,/leonardo_work/EUHPC_D21_034/proj_adags/data/n3v/cut_roasted_beef/flow/cam00_0267.npz,0,0.18806783854961395,0.37748682498931885,0.31597647070884705,0.47196945548057556,0.38970619440078735,0.05260961875319481,0.05667401850223541,0.5647823810577393,0.6670517921447754,0.7488008141517639,0.05875436216592789,cut_roasted_beef_depth_031_cam00_0267
1230,"[336, 352, 432, 448]",1.0,1.0,1.0,cut_roasted_beef,cam00,cam00_0260,260,/leonardo_work/EUHPC_D21_034/proj_adags/repo/adags/refine-logs/depth_occlusion_support/r031_da3_depth_full/depth_npz/cut_roasted_beef/cam00_0260.npz,/leonardo_work/EUHPC_D21_034/proj_adags/data/n3v/cut_roasted_beef/motion_priors/masks/cam00_0260.png,/leonardo_work/EUHPC_D21_034/proj_adags/data/n3v/cut_roasted_beef/flow/cam00_0260.npz,2,0.18442748486995697,0.3589223027229309,0.25495028495788574,0.4874206483364105,0.3980913758277893,0.06973962485790253,0.07439340651035309,0.48775720596313477,0.6635301113128662,0.7457576394081116,0.06470070034265518,cut_roasted_beef_depth_032_cam00_0260
1227,"[336, 352, 432, 448]",1.0,1.0,1.0,cut_roasted_beef,cam00,cam00_0265,265,/leonardo_work/EUHPC_D21_034/proj_adags/repo/adags/refine-logs/depth_occlusion_support/r031_da3_depth_full/depth_npz/cut_roasted_beef/cam00_0265.npz,/leonardo_work/EUHPC_D21_034/proj_adags/data/n3v/cut_roasted_beef/motion_priors/masks/cam00_0265.png,/leonardo_work/EUHPC_D21_034/proj_adags/data/n3v/cut_roasted_beef/flow/cam00_0265.npz,2,0.18551433086395264,0.4000701606273651,0.32154586911201477,0.4659636914730072,0.39329102635383606,0.06519962847232819,0.06423386186361313,0.3598117530345917,0.6650910973548889,0.7481092810630798,0.06320390105247498,cut_roasted_beef_depth_033_cam00_0265
1225,"[336, 352, 432, 448]",1.0,1.0,1.0,cut_roasted_beef,cam00,cam00_0189,189,/leonardo_work/EUHPC_D21_034/proj_adags/repo/adags/refine-logs/depth_occlusion_support/r031_da3_depth_full/depth_npz/cut_roasted_beef/cam00_0189.npz,/leonardo_work/EUHPC_D21_034/proj_adags/data/n3v/cut_roasted_beef/motion_priors/masks/cam00_0189.png,/leonardo_work/EUHPC_D21_034/proj_adags/data/n3v/cut_roasted_beef/flow/cam00_0189.npz,0,0.1574661284685135,0.23445504903793335,0.3213742971420288,0.4817766547203064,0.39776182174682617,0.06117899715900421,0.07739866524934769,0.4751088321208954,0.6688287258148193,0.7462506890296936,0.06421343982219696,cut_roasted_beef_depth_034_cam00_0189
1225,"[336, 368, 432, 464]",1.0,1.0,1.0,cut_roasted_beef,cam00,cam00_0266,266,/leonardo_work/EUHPC_D21_034/proj_adags/repo/adags/refine-logs/depth_occlusion_support/r031_da3_depth_full/depth_npz/cut_roasted_beef/cam00_0266.npz,/leonardo_work/EUHPC_D21_034/proj_adags/data/n3v/cut_roasted_beef/motion_priors/masks/cam00_0266.png,/leonardo_work/EUHPC_D21_034/proj_adags/data/n3v/cut_roasted_beef/flow/cam00_0266.npz,2,0.1875329166650772,0.46323585510253906,0.31586772203445435,0.4703616797924042,0.39061734080314636,0.05940793454647064,0.060481660068035126,0.5940589308738708,0.6651231646537781,0.7469568252563477,0.060207393020391464,cut_roasted_beef_depth_035_cam00_0266
1222,"[352, 352, 448, 448]",1.0,1.0,1.0,cut_roasted_beef,cam00,cam00_0261,261,/leonardo_work/EUHPC_D21_034/proj_adags/repo/adags/refine-logs/depth_occlusion_support/r031_da3_depth_full/depth_npz/cut_roasted_beef/cam00_0261.npz,/leonardo_work/EUHPC_D21_034/proj_adags/data/n3v/cut_roasted_beef/motion_priors/masks/cam00_0261.png,/leonardo_work/EUHPC_D21_034/proj_adags/data/n3v/cut_roasted_beef/flow/cam00_0261.npz,0,0.18435876071453094,0.47410568594932556,0.25472351908683777,0.4864341914653778,0.40022438764572144,0.07052449136972427,0.07507031410932541,0.4268028736114502,0.6630136370658875,0.7479634284973145,0.06713992357254028,cut_roasted_beef_depth_036_cam00_0261
1215,"[352, 352, 448, 448]",1.0,1.0,1.0,cut_roasted_beef,cam00,cam00_0264,264,/leonardo_work/EUHPC_D21_034/proj_adags/repo/adags/refine-logs/depth_occlusion_support/r031_da3_depth_full/depth_npz/cut_roasted_beef/cam00_0264.npz,/leonardo_work/EUHPC_D21_034/proj_adags/data/n3v/cut_roasted_beef/motion_priors/masks/cam00_0264.png,/leonardo_work/EUHPC_D21_034/proj_adags/data/n3v/cut_roasted_beef/flow/cam00_0264.npz,0,0.18433211743831635,0.4983975291252136,0.3257521390914917,0.471000999212265,0.39609774947166443,0.06690358370542526,0.07392073422670364,0.3338526785373688,0.6640932559967041,0.7467291951179504,0.06479115039110184,cut_roasted_beef_depth_037_cam00_0264
1214,"[368, 336, 464, 432]",1.0,1.0,1.0,cut_roasted_beef,cam00,cam00_0126,126,/leonardo_work/EUHPC_D21_034/proj_adags/repo/adags/refine-logs/depth_occlusion_support/r031_da3_depth_full/depth_npz/cut_roasted_beef/cam00_0126.npz,/leonardo_work/EUHPC_D21_034/proj_adags/data/n3v/cut_roasted_beef/motion_priors/masks/cam00_0126.png,/leonardo_work/EUHPC_D21_034/proj_adags/data/n3v/cut_roasted_beef/flow/cam00_0126.npz,0,0.18057556450366974,0.2752547860145569,0.31355220079421997,0.4828740954399109,0.3959042727947235,0.06345774233341217,0.07065870612859726,0.5237678289413452,0.66740483045578,0.7446780800819397,0.06467152386903763,cut_roasted_beef_depth_038_cam00_0126
1214,"[384, 336, 480, 432]",1.0,1.0,1.0,cut_roasted_beef,cam00,cam00_0126,126,/leonardo_work/EUHPC_D21_034/proj_adags/repo/adags/refine-logs/depth_occlusion_support/r031_da3_depth_full/depth_npz/cut_roasted_beef/cam00_0126.npz,/leonardo_work/EUHPC_D21_034/proj_adags/data/n3v/cut_roasted_beef/motion_priors/masks/cam00_0126.png,/leonardo_work/EUHPC_D21_034/proj_adags/data/n3v/cut_roasted_beef/flow/cam00_0126.npz,1,0.18057556450366974,0.2752547860145569,0.31355220079421997,0.4828740954399109,0.3959042727947235,0.06345774233341217,0.07065870612859726,0.5237678289413452,0.66740483045578,0.7446780800819397,0.06467152386903763,cut_roasted_beef_depth_039_cam00_0126
1214,"[320, 336, 416, 432]",1.0,1.0,1.0,cut_roasted_beef,cam00,cam00_0161,161,/leonardo_work/EUHPC_D21_034/proj_adags/repo/adags/refine-logs/depth_occlusion_support/r031_da3_depth_full/depth_npz/cut_roasted_beef/cam00_0161.npz,/leonardo_work/EUHPC_D21_034/proj_adags/data/n3v/cut_roasted_beef/motion_priors/masks/cam00_0161.png,/leonardo_work/EUHPC_D21_034/proj_adags/data/n3v/cut_roasted_beef/flow/cam00_0161.npz,2,0.15571098029613495,0.41336479783058167,0.2578854560852051,0.5193035006523132,0.3963176906108856,0.06671977043151855,0.06773222237825394,0.4797801077365875,0.6666199564933777,0.7467788457870483,0.06444393843412399,cut_roasted_beef_depth_040_cam00_0161
1213,"[336, 368, 432, 464]",1.0,1.0,1.0,cut_roasted_beef,cam00,cam00_0260,260,/leonardo_work/EUHPC_D21_034/proj_adags/repo/adags/refine-logs/depth_occlusion_support/r031_da3_depth_full/depth_npz/cut_roasted_beef/cam00_0260.npz,/leonardo_work/EUHPC_D21_034/proj_adags/data/n3v/cut_roasted_beef/motion_priors/masks/cam00_0260.png,/leonardo_work/EUHPC_D21_034/proj_adags/data/n3v/cut_roasted_beef/flow/cam00_0260.npz,3,0.18442748486995697,0.3589223027229309,0.25495028495788574,0.4874206483364105,0.3980913758277893,0.06973962485790253,0.07439340651035309,0.48775720596313477,0.6635301113128662,0.7457576394081116,0.06470070034265518,cut_roasted_beef_depth_041_cam00_0260
1212,"[352, 336, 448, 432]",1.0,1.0,1.0,cut_roasted_beef,cam00,cam00_0126,126,/leonardo_work/EUHPC_D21_034/proj_adags/repo/adags/refine-logs/depth_occlusion_support/r031_da3_depth_full/depth_npz/cut_roasted_beef/cam00_0126.npz,/leonardo_work/EUHPC_D21_034/proj_adags/data/n3v/cut_roasted_beef/motion_priors/masks/cam00_0126.png,/leonardo_work/EUHPC_D21_034/proj_adags/data/n3v/cut_roasted_beef/flow/cam00_0126.npz,2,0.18057556450366974,0.2752547860145569,0.31355220079421997,0.4828740954399109,0.3959042727947235,0.06345774233341217,0.07065870612859726,0.5237678289413452,0.66740483045578,0.7446780800819397,0.06467152386903763,cut_roasted_beef_depth_042_cam00_0126
1212,"[352, 336, 448, 432]",1.0,1.0,1.0,cut_roasted_beef,cam00,cam00_0130,130,/leonardo_work/EUHPC_D21_034/proj_adags/repo/adags/refine-logs/depth_occlusion_support/r031_da3_depth_full/depth_npz/cut_roasted_beef/cam00_0130.npz,/leonardo_work/EUHPC_D21_034/proj_adags/data/n3v/cut_roasted_beef/motion_priors/masks/cam00_0130.png,/leonardo_work/EUHPC_D21_034/proj_adags/data/n3v/cut_roasted_beef/flow/cam00_0130.npz,0,0.1810305267572403,0.5504045486450195,0.27695387601852417,0.48706358671188354,0.3934377431869507,0.06387206166982651,0.06398585438728333,0.4157796800136566,0.6652486324310303,0.7431520819664001,0.0699467808008194,cut_roasted_beef_depth_043_cam00_0130
1212,"[368, 336, 464, 432]",1.0,1.0,1.0,cut_roasted_beef,cam00,cam00_0130,130,/leonardo_work/EUHPC_D21_034/proj_adags/repo/adags/refine-logs/depth_occlusion_support/r031_da3_depth_full/depth_npz/cut_roasted_beef/cam00_0130.npz,/leonardo_work/EUHPC_D21_034/proj_adags/data/n3v/cut_roasted_beef/motion_priors/masks/cam00_0130.png,/leonardo_work/EUHPC_D21_034/proj_adags/data/n3v/cut_roasted_beef/flow/cam00_0130.npz,1,0.1810305267572403,0.5504045486450195,0.27695387601852417,0.48706358671188354,0.3934377431869507,0.06387206166982651,0.06398585438728333,0.4157796800136566,0.6652486324310303,0.7431520819664001,0.0699467808008194,cut_roasted_beef_depth_044_cam00_0130
1212,"[384, 336, 480, 432]",1.0,1.0,1.0,cut_roasted_beef,cam00,cam00_0130,130,/leonardo_work/EUHPC_D21_034/proj_adags/repo/adags/refine-logs/depth_occlusion_support/r031_da3_depth_full/depth_npz/cut_roasted_beef/cam00_0130.npz,/leonardo_work/EUHPC_D21_034/proj_adags/data/n3v/cut_roasted_beef/motion_priors/masks/cam00_0130.png,/leonardo_work/EUHPC_D21_034/proj_adags/data/n3v/cut_roasted_beef/flow/cam00_0130.npz,2,0.1810305267572403,0.5504045486450195,0.27695387601852417,0.48706358671188354,0.3934377431869507,0.06387206166982651,0.06398585438728333,0.4157796800136566,0.6652486324310303,0.7431520819664001,0.0699467808008194,cut_roasted_beef_depth_045_cam00_0130
1211,"[336, 352, 432, 448]",1.0,1.0,1.0,cut_roasted_beef,cam00,cam00_0188,188,/leonardo_work/EUHPC_D21_034/proj_adags/repo/adags/refine-logs/depth_occlusion_support/r031_da3_depth_full/depth_npz/cut_roasted_beef/cam00_0188.npz,/leonardo_work/EUHPC_D21_034/proj_adags/data/n3v/cut_roasted_beef/motion_priors/masks/cam00_0188.png,/leonardo_work/EUHPC_D21_034/proj_adags/data/n3v/cut_roasted_beef/flow/cam00_0188.npz,0,0.1856697052717209,0.606508195400238,0.3165628910064697,0.4863446056842804,0.3983128070831299,0.06521130353212357,0.0774511843919754,0.35821282863616943,0.6690008640289307,0.7470618486404419,0.06416967511177063,cut_roasted_beef_depth_046_cam00_0188
1210,"[320, 384, 416, 480]",1.0,1.0,1.0,cut_roasted_beef,cam00,cam00_0161,161,/leonardo_work/EUHPC_D21_034/proj_adags/repo/adags/refine-logs/depth_occlusion_support/r031_da3_depth_full/depth_npz/cut_roasted_beef/cam00_0161.npz,/leonardo_work/EUHPC_D21_034/proj_adags/data/n3v/cut_roasted_beef/motion_priors/masks/cam00_0161.png,/leonardo_work/EUHPC_D21_034/proj_adags/data/n3v/cut_roasted_beef/flow/cam00_0161.npz,3,0.15571098029613495,0.41336479783058167,0.2578854560852051,0.5193035006523132,0.3963176906108856,0.06671977043151855,0.06773222237825394,0.4797801077365875,0.6666199564933777,0.7467788457870483,0.06444393843412399,cut_roasted_beef_depth_047_cam00_0161
1207,"[336, 352, 432, 448]",1.0,1.0,1.0,cut_roasted_beef,cam00,cam00_0267,267,/leonardo_work/EUHPC_D21_034/proj_adags/repo/adags/refine-logs/depth_occlusion_support/r031_da3_depth_full/depth_npz/cut_roasted_beef/cam00_0267.npz,/leonardo_work/EUHPC_D21_034/proj_adags/data/n3v/cut_roasted_beef/motion_priors/masks/cam00_0267.png,/leonardo_work/EUHPC_D21_034/proj_adags/data/n3v/cut_roasted_beef/flow/cam00_0267.npz,1,0.18806783854961395,0.37748682498931885,0.31597647070884705,0.47196945548057556,0.38970619440078735,0.05260961875319481,0.05667401850223541,0.5647823810577393,0.6670517921447754,0.7488008141517639,0.05875436216592789,cut_roasted_beef_depth_048_cam00_0267
1206,"[352, 336, 448, 432]",1.0,1.0,1.0,cut_roasted_beef,cam00,cam00_0256,256,/leonardo_work/EUHPC_D21_034/proj_adags/repo/adags/refine-logs/depth_occlusion_support/r031_da3_depth_full/depth_npz/cut_roasted_beef/cam00_0256.npz,/leonardo_work/EUHPC_D21_034/proj_adags/data/n3v/cut_roasted_beef/motion_priors/masks/cam00_0256.png,/leonardo_work/EUHPC_D21_034/proj_adags/data/n3v/cut_roasted_beef/flow/cam00_0256.npz,2,0.18588417768478394,0.2964930534362793,0.30505964159965515,0.457598477602005,0.3895113468170166,0.06490494310855865,0.05754350498318672,0.26918116211891174,0.6619866490364075,0.7459385395050049,0.06314262747764587,cut_roasted_beef_depth_049_cam00_0256
1201,"[400, 336, 496, 432]",1.0,1.0,1.0,cut_roasted_beef,cam00,cam00_0123,123,/leonardo_work/EUHPC_D21_034/proj_adags/repo/adags/refine-logs/depth_occlusion_support/r031_da3_depth_full/depth_npz/cut_roasted_beef/cam00_0123.npz,/leonardo_work/EUHPC_D21_034/proj_adags/data/n3v/cut_roasted_beef/motion_priors/masks/cam00_0123.png,/leonardo_work/EUHPC_D21_034/proj_adags/data/n3v/cut_roasted_beef/flow/cam00_0123.npz,3,0.17986883223056793,0.4433092176914215,0.30170536041259766,0.41256487369537354,0.3925362825393677,0.056822825223207474,0.06995844841003418,0.5433516502380371,0.6688345670700073,0.7454103827476501,0.06395084410905838,cut_roasted_beef_depth_050_cam00_0123
1201,"[320, 352, 416, 448]",1.0,1.0,1.0,cut_roasted_beef,cam00,cam00_0256,256,/leonardo_work/EUHPC_D21_034/proj_adags/repo/adags/refine-logs/depth_occlusion_support/r031_da3_depth_full/depth_npz/cut_roasted_beef/cam00_0256.npz,/leonardo_work/EUHPC_D21_034/proj_adags/data/n3v/cut_roasted_beef/motion_priors/masks/cam00_0256.png,/leonardo_work/EUHPC_D21_034/proj_adags/data/n3v/cut_roasted_beef/flow/cam00_0256.npz,3,0.18588417768478394,0.2964930534362793,0.30505964159965515,0.457598477602005,0.3895113468170166,0.06490494310855865,0.05754350498318672,0.26918116211891174,0.6619866490364075,0.7459385395050049,0.06314262747764587,cut_roasted_beef_depth_051_cam00_0256
1200,"[352, 352, 448, 448]",1.0,1.0,1.0,cut_roasted_beef,cam00,cam00_0259,259,/leonardo_work/EUHPC_D21_034/proj_adags/repo/adags/refine-logs/depth_occlusion_support/r031_da3_depth_full/depth_npz/cut_roasted_beef/cam00_0259.npz,/leonardo_work/EUHPC_D21_034/proj_adags/data/n3v/cut_roasted_beef/motion_priors/masks/cam00_0259.png,/leonardo_work/EUHPC_D21_034/proj_adags/data/n3v/cut_roasted_beef/flow/cam00_0259.npz,0,0.15958593785762787,0.3738099932670593,0.29464787244796753,0.48253491520881653,0.39263904094696045,0.06767970323562622,0.05881563574075699,0.48681768774986267,0.6630982756614685,0.7463470101356506,0.06632295995950699,cut_roasted_beef_depth_052_cam00_0259
1198,"[352, 352, 448, 448]",1.0,1.0,1.0,cut_roasted_beef,cam00,cam00_0155,155,/leonardo_work/EUHPC_D21_034/proj_adags/repo/adags/refine-logs/depth_occlusion_support/r031_da3_depth_full/depth_npz/cut_roasted_beef/cam00_0155.npz,/leonardo_work/EUHPC_D21_034/proj_adags/data/n3v/cut_roasted_beef/motion_priors/masks/cam00_0155.png,/leonardo_work/EUHPC_D21_034/proj_adags/data/n3v/cut_roasted_beef/flow/cam00_0155.npz,1,0.153230682015419,0.4055332839488983,0.2660617232322693,0.5247554779052734,0.39290982484817505,0.06206890568137169,0.06329143792390823,0.41269272565841675,0.6659080386161804,0.7443833947181702,0.06885263323783875,cut_roasted_beef_depth_053_cam00_0155
1193,"[320, 368, 416, 464]",1.0,1.0,1.0,cut_roasted_beef,cam00,cam00_0186,186,/leonardo_work/EUHPC_D21_034/proj_adags/repo/adags/refine-logs/depth_occlusion_support/r031_da3_depth_full/depth_npz/cut_roasted_beef/cam00_0186.npz,/leonardo_work/EUHPC_D21_034/proj_adags/data/n3v/cut_roasted_beef/motion_priors/masks/cam00_0186.png,/leonardo_work/EUHPC_D21_034/proj_adags/data/n3v/cut_roasted_beef/flow/cam00_0186.npz,0,0.18636852502822876,0.3360885977745056,0.311852365732193,0.4930834174156189,0.40088701248168945,0.06597282737493515,0.08507813513278961,0.29550784826278687,0.6678600311279297,0.7479546666145325,0.06368240714073181,cut_roasted_beef_depth_054_cam00_0186
1192,"[336, 336, 432, 432]",1.0,1.0,1.0,cut_roasted_beef,cam00,cam00_0133,133,/leonardo_work/EUHPC_D21_034/proj_adags/repo/adags/refine-logs/depth_occlusion_support/r031_da3_depth_full/depth_npz/cut_roasted_beef/cam00_0133.npz,/leonardo_work/EUHPC_D21_034/proj_adags/data/n3v/cut_roasted_beef/motion_priors/masks/cam00_0133.png,/leonardo_work/EUHPC_D21_034/proj_adags/data/n3v/cut_roasted_beef/flow/cam00_0133.npz,3,0.1823192983865738,0.38585910201072693,0.2626354992389679,0.5166030526161194,0.39301183819770813,0.05980474501848221,0.05674988031387329,0.6823144555091858,0.6663777828216553,0.7420229315757751,0.06927569955587387,cut_roasted_beef_depth_055_cam00_0133
1189,"[352, 352, 448, 448]",1.0,1.0,1.0,cut_roasted_beef,cam00,cam00_0258,258,/leonardo_work/EUHPC_D21_034/proj_adags/repo/adags/refine-logs/depth_occlusion_support/r031_da3_depth_full/depth_npz/cut_roasted_beef/cam00_0258.npz,/leonardo_work/EUHPC_D21_034/proj_adags/data/n3v/cut_roasted_beef/motion_priors/masks/cam00_0258.png,/leonardo_work/EUHPC_D21_034/proj_adags/data/n3v/cut_roasted_beef/flow/cam00_0258.npz,0,0.1879161149263382,0.30346664786338806,0.2971084713935852,0.4858786463737488,0.39661023020744324,0.06646300852298737,0.06987383961677551,0.41701096296310425,0.6629232168197632,0.745357871055603,0.06711074709892273,cut_roasted_beef_depth_056_cam00_0258
1185,"[336, 368, 432, 464]",1.0,1.0,1.0,cut_roasted_beef,cam00,cam00_0189,189,/leonardo_work/EUHPC_D21_034/proj_adags/repo/adags/refine-logs/depth_occlusion_support/r031_da3_depth_full/depth_npz/cut_roasted_beef/cam00_0189.npz,/leonardo_work/EUHPC_D21_034/proj_adags/data/n3v/cut_roasted_beef/motion_priors/masks/cam00_0189.png,/leonardo_work/EUHPC_D21_034/proj_adags/data/n3v/cut_roasted_beef/flow/cam00_0189.npz,1,0.1574661284685135,0.23445504903793335,0.3213742971420288,0.4817766547203064,0.39776182174682617,0.06117899715900421,0.07739866524934769,0.4751088321208954,0.6688287258148193,0.7462506890296936,0.06421343982219696,cut_roasted_beef_depth_057_cam00_0189
1185,"[352, 336, 448, 432]",1.0,1.0,1.0,cut_roasted_beef,cam00,cam00_0261,261,/leonardo_work/EUHPC_D21_034/proj_adags/repo/adags/refine-logs/depth_occlusion_support/r031_da3_depth_full/depth_npz/cut_roasted_beef/cam00_0261.npz,/leonardo_work/EUHPC_D21_034/proj_adags/data/n3v/cut_roasted_beef/motion_priors/masks/cam00_0261.png,/leonardo_work/EUHPC_D21_034/proj_adags/data/n3v/cut_roasted_beef/flow/cam00_0261.npz,1,0.18435876071453094,0.47410568594932556,0.25472351908683777,0.4864341914653778,0.40022438764572144,0.07052449136972427,0.07507031410932541,0.4268028736114502,0.6630136370658875,0.7479634284973145,0.06713992357254028,cut_roasted_beef_depth_058_cam00_0261
1183,"[320, 352, 416, 448]",1.0,1.0,1.0,cut_roasted_beef,cam00,cam00_0186,186,/leonardo_work/EUHPC_D21_034/proj_adags/repo/adags/refine-logs/depth_occlusion_support/r031_da3_depth_full/depth_npz/cut_roasted_beef/cam00_0186.npz,/leonardo_work/EUHPC_D21_034/proj_adags/data/n3v/cut_roasted_beef/motion_priors/masks/cam00_0186.png,/leonardo_work/EUHPC_D21_034/proj_adags/data/n3v/cut_roasted_beef/flow/cam00_0186.npz,1,0.18636852502822876,0.3360885977745056,0.311852365732193,0.4930834174156189,0.40088701248168945,0.06597282737493515,0.08507813513278961,0.29550784826278687,0.6678600311279297,0.7479546666145325,0.06368240714073181,cut_roasted_beef_depth_059_cam00_0186
1181,"[320, 368, 416, 464]",1.0,1.0,1.0,cut_roasted_beef,cam00,cam00_0188,188,/leonardo_work/EUHPC_D21_034/proj_adags/repo/adags/refine-logs/depth_occlusion_support/r031_da3_depth_full/depth_npz/cut_roasted_beef/cam00_0188.npz,/leonardo_work/EUHPC_D21_034/proj_adags/data/n3v/cut_roasted_beef/motion_priors/masks/cam00_0188.png,/leonardo_work/EUHPC_D21_034/proj_adags/data/n3v/cut_roasted_beef/flow/cam00_0188.npz,1,0.1856697052717209,0.606508195400238,0.3165628910064697,0.4863446056842804,0.3983128070831299,0.06521130353212357,0.0774511843919754,0.35821282863616943,0.6690008640289307,0.7470618486404419,0.06416967511177063,cut_roasted_beef_depth_060_cam00_0188
1179,"[320, 368, 416, 464]",1.0,1.0,1.0,cut_roasted_beef,cam00,cam00_0189,189,/leonardo_work/EUHPC_D21_034/proj_adags/repo/adags/refine-logs/depth_occlusion_support/r031_da3_depth_full/depth_npz/cut_roasted_beef/cam00_0189.npz,/leonardo_work/EUHPC_D21_034/proj_adags/data/n3v/cut_roasted_beef/motion_priors/masks/cam00_0189.png,/leonardo_work/EUHPC_D21_034/proj_adags/data/n3v/cut_roasted_beef/flow/cam00_0189.npz,2,0.1574661284685135,0.23445504903793335,0.3213742971420288,0.4817766547203064,0.39776182174682617,0.06117899715900421,0.07739866524934769,0.4751088321208954,0.6688287258148193,0.7462506890296936,0.06421343982219696,cut_roasted_beef_depth_061_cam00_0189
1178,"[352, 336, 448, 432]",1.0,1.0,1.0,cut_roasted_beef,cam00,cam00_0259,259,/leonardo_work/EUHPC_D21_034/proj_adags/repo/adags/refine-logs/depth_occlusion_support/r031_da3_depth_full/depth_npz/cut_roasted_beef/cam00_0259.npz,/leonardo_work/EUHPC_D21_034/proj_adags/data/n3v/cut_roasted_beef/motion_priors/masks/cam00_0259.png,/leonardo_work/EUHPC_D21_034/proj_adags/data/n3v/cut_roasted_beef/flow/cam00_0259.npz,1,0.15958593785762787,0.3738099932670593,0.29464787244796753,0.48253491520881653,0.39263904094696045,0.06767970323562622,0.05881563574075699,0.48681768774986267,0.6630982756614685,0.7463470101356506,0.06632295995950699,cut_roasted_beef_depth_062_cam00_0259
1176,"[352, 336, 448, 432]",1.0,1.0,1.0,cut_roasted_beef,cam00,cam00_0264,264,/leonardo_work/EUHPC_D21_034/proj_adags/repo/adags/refine-logs/depth_occlusion_support/r031_da3_depth_full/depth_npz/cut_roasted_beef/cam00_0264.npz,/leonardo_work/EUHPC_D21_034/proj_adags/data/n3v/cut_roasted_beef/motion_priors/masks/cam00_0264.png,/leonardo_work/EUHPC_D21_034/proj_adags/data/n3v/cut_roasted_beef/flow/cam00_0264.npz,1,0.18433211743831635,0.4983975291252136,0.3257521390914917,0.471000999212265,0.39609774947166443,0.06690358370542526,0.07392073422670364,0.3338526785373688,0.6640932559967041,0.7467291951179504,0.06479115039110184,cut_roasted_beef_depth_063_cam00_0264
1176,"[336, 336, 432, 432]",1.0,1.0,1.0,cut_roasted_beef,cam00,cam00_0265,265,/leonardo_work/EUHPC_D21_034/proj_adags/repo/adags/refine-logs/depth_occlusion_support/r031_da3_depth_full/depth_npz/cut_roasted_beef/cam00_0265.npz,/leonardo_work/EUHPC_D21_034/proj_adags/data/n3v/cut_roasted_beef/motion_priors/masks/cam00_0265.png,/leonardo_work/EUHPC_D21_034/proj_adags/data/n3v/cut_roasted_beef/flow/cam00_0265.npz,3,0.18551433086395264,0.4000701606273651,0.32154586911201477,0.4659636914730072,0.39329102635383606,0.06519962847232819,0.06423386186361313,0.3598117530345917,0.6650910973548889,0.7481092810630798,0.06320390105247498,cut_roasted_beef_depth_064_cam00_0265
1172,"[336, 368, 432, 464]",1.0,1.0,1.0,cut_roasted_beef,cam00,cam00_0188,188,/leonardo_work/EUHPC_D21_034/proj_adags/repo/adags/refine-logs/depth_occlusion_support/r031_da3_depth_full/depth_npz/cut_roasted_beef/cam00_0188.npz,/leonardo_work/EUHPC_D21_034/proj_adags/data/n3v/cut_roasted_beef/motion_priors/masks/cam00_0188.png,/leonardo_work/EUHPC_D21_034/proj_adags/data/n3v/cut_roasted_beef/flow/cam00_0188.npz,2,0.1856697052717209,0.606508195400238,0.3165628910064697,0.4863446056842804,0.3983128070831299,0.06521130353212357,0.0774511843919754,0.35821282863616943,0.6690008640289307,0.7470618486404419,0.06416967511177063,cut_roasted_beef_depth_065_cam00_0188
1172,"[352, 336, 448, 432]",1.0,1.0,1.0,cut_roasted_beef,cam00,cam00_0258,258,/leonardo_work/EUHPC_D21_034/proj_adags/repo/adags/refine-logs/depth_occlusion_support/r031_da3_depth_full/depth_npz/cut_roasted_beef/cam00_0258.npz,/leonardo_work/EUHPC_D21_034/proj_adags/data/n3v/cut_roasted_beef/motion_priors/masks/cam00_0258.png,/leonardo_work/EUHPC_D21_034/proj_adags/data/n3v/cut_roasted_beef/flow/cam00_0258.npz,1,0.1879161149263382,0.30346664786338806,0.2971084713935852,0.4858786463737488,0.39661023020744324,0.06646300852298737,0.06987383961677551,0.41701096296310425,0.6629232168197632,0.745357871055603,0.06711074709892273,cut_roasted_beef_depth_066_cam00_0258
1171,"[336, 352, 432, 448]",1.0,1.0,1.0,cut_roasted_beef,cam00,cam00_0266,266,/leonardo_work/EUHPC_D21_034/proj_adags/repo/adags/refine-logs/depth_occlusion_support/r031_da3_depth_full/depth_npz/cut_roasted_beef/cam00_0266.npz,/leonardo_work/EUHPC_D21_034/proj_adags/data/n3v/cut_roasted_beef/motion_priors/masks/cam00_0266.png,/leonardo_work/EUHPC_D21_034/proj_adags/data/n3v/cut_roasted_beef/flow/cam00_0266.npz,3,0.1875329166650772,0.46323585510253906,0.31586772203445435,0.4703616797924042,0.39061734080314636,0.05940793454647064,0.060481660068035126,0.5940589308738708,0.6651231646537781,0.7469568252563477,0.060207393020391464,cut_roasted_beef_depth_067_cam00_0266
1169,"[352, 336, 448, 432]",1.0,1.0,1.0,cut_roasted_beef,cam00,cam00_0132,132,/leonardo_work/EUHPC_D21_034/proj_adags/repo/adags/refine-logs/depth_occlusion_support/r031_da3_depth_full/depth_npz/cut_roasted_beef/cam00_0132.npz,/leonardo_work/EUHPC_D21_034/proj_adags/data/n3v/cut_roasted_beef/motion_priors/masks/cam00_0132.png,/leonardo_work/EUHPC_D21_034/proj_adags/data/n3v/cut_roasted_beef/flow/cam00_0132.npz,0,0.18188096582889557,0.329327791929245,0.2512442469596863,0.5207067728042603,0.3913330137729645,0.06285377591848373,0.05716419965028763,0.548521876335144,0.6648284792900085,0.7419324517250061,0.07134437561035156,cut_roasted_beef_depth_068_cam00_0132
1169,"[368, 336, 464, 432]",1.0,1.0,1.0,cut_roasted_beef,cam00,cam00_0132,132,/leonardo_work/EUHPC_D21_034/proj_adags/repo/adags/refine-logs/depth_occlusion_support/r031_da3_depth_full/depth_npz/cut_roasted_beef/cam00_0132.npz,/leonardo_work/EUHPC_D21_034/proj_adags/data/n3v/cut_roasted_beef/motion_priors/masks/cam00_0132.png,/leonardo_work/EUHPC_D21_034/proj_adags/data/n3v/cut_roasted_beef/flow/cam00_0132.npz,1,0.18188096582889557,0.329327791929245,0.2512442469596863,0.5207067728042603,0.3913330137729645,0.06285377591848373,0.05716419965028763,0.548521876335144,0.6648284792900085,0.7419324517250061,0.07134437561035156,cut_roasted_beef_depth_069_cam00_0132
1169,"[384, 336, 480, 432]",1.0,1.0,1.0,cut_roasted_beef,cam00,cam00_0132,132,/leonardo_work/EUHPC_D21_034/proj_adags/repo/adags/refine-logs/depth_occlusion_support/r031_da3_depth_full/depth_npz/cut_roasted_beef/cam00_0132.npz,/leonardo_work/EUHPC_D21_034/proj_adags/data/n3v/cut_roasted_beef/motion_priors/masks/cam00_0132.png,/leonardo_work/EUHPC_D21_034/proj_adags/data/n3v/cut_roasted_beef/flow/cam00_0132.npz,2,0.18188096582889557,0.329327791929245,0.2512442469596863,0.5207067728042603,0.3913330137729645,0.06285377591848373,0.05716419965028763,0.548521876335144,0.6648284792900085,0.7419324517250061,0.07134437561035156,cut_roasted_beef_depth_070_cam00_0132
1168,"[320, 368, 416, 464]",1.0,1.0,1.0,cut_roasted_beef,cam00,cam00_0157,157,/leonardo_work/EUHPC_D21_034/proj_adags/repo/adags/refine-logs/depth_occlusion_support/r031_da3_depth_full/depth_npz/cut_roasted_beef/cam00_0157.npz,/leonardo_work/EUHPC_D21_034/proj_adags/data/n3v/cut_roasted_beef/motion_priors/masks/cam00_0157.png,/leonardo_work/EUHPC_D21_034/proj_adags/data/n3v/cut_roasted_beef/flow/cam00_0157.npz,0,0.15291285514831543,0.3839440643787384,0.2592258155345917,0.5040874481201172,0.39824870228767395,0.06895475089550018,0.07529789954423904,0.38030296564102173,0.6628969311714172,0.7463353276252747,0.06901602447032928,cut_roasted_beef_depth_071_cam00_0157
1167,"[336, 352, 432, 448]",1.0,1.0,1.0,cut_roasted_beef,cam00,cam00_0187,187,/leonardo_work/EUHPC_D21_034/proj_adags/repo/adags/refine-logs/depth_occlusion_support/r031_da3_depth_full/depth_npz/cut_roasted_beef/cam00_0187.npz,/leonardo_work/EUHPC_D21_034/proj_adags/data/n3v/cut_roasted_beef/motion_priors/masks/cam00_0187.png,/leonardo_work/EUHPC_D21_034/proj_adags/data/n3v/cut_roasted_beef/flow/cam00_0187.npz,0,0.18603011965751648,0.33889317512512207,0.3147374093532562,0.4933752417564392,0.40242406725883484,0.06621208041906357,0.08966773003339767,0.30101653933525085,0.6684494018554688,0.7472485899925232,0.0663783922791481,cut_roasted_beef_depth_072_cam00_0187
1164,"[336, 368, 432, 464]",1.0,1.0,1.0,cut_roasted_beef,cam00,cam00_0157,157,/leonardo_work/EUHPC_D21_034/proj_adags/repo/adags/refine-logs/depth_occlusion_support/r031_da3_depth_full/depth_npz/cut_roasted_beef/cam00_0157.npz,/leonardo_work/EUHPC_D21_034/proj_adags/data/n3v/cut_roasted_beef/motion_priors/masks/cam00_0157.png,/leonardo_work/EUHPC_D21_034/proj_adags/data/n3v/cut_roasted_beef/flow/cam00_0157.npz,1,0.15291285514831543,0.3839440643787384,0.2592258155345917,0.5040874481201172,0.39824870228767395,0.06895475089550018,0.07529789954423904,0.38030296564102173,0.6628969311714172,0.7463353276252747,0.06901602447032928,cut_roasted_beef_depth_073_cam00_0157
1164,"[352, 352, 448, 448]",1.0,1.0,1.0,cut_roasted_beef,cam00,cam00_0263,263,/leonardo_work/EUHPC_D21_034/proj_adags/repo/adags/refine-logs/depth_occlusion_support/r031_da3_depth_full/depth_npz/cut_roasted_beef/cam00_0263.npz,/leonardo_work/EUHPC_D21_034/proj_adags/data/n3v/cut_roasted_beef/motion_priors/masks/cam00_0263.png,/leonardo_work/EUHPC_D21_034/proj_adags/data/n3v/cut_roasted_beef/flow/cam00_0263.npz,0,0.18436956405639648,0.4328606128692627,0.2767837345600128,0.4959595799446106,0.39346280694007874,0.06792187690734863,0.06762426346540451,0.42652568221092224,0.6630982756614685,0.7459180951118469,0.06227606534957886,cut_roasted_beef_depth_074_cam00_0263
1162,"[336, 352, 432, 448]",1.0,1.0,1.0,cut_roasted_beef,cam00,cam00_0186,186,/leonardo_work/EUHPC_D21_034/proj_adags/repo/adags/refine-logs/depth_occlusion_support/r031_da3_depth_full/depth_npz/cut_roasted_beef/cam00_0186.npz,/leonardo_work/EUHPC_D21_034/proj_adags/data/n3v/cut_roasted_beef/motion_priors/masks/cam00_0186.png,/leonardo_work/EUHPC_D21_034/proj_adags/data/n3v/cut_roasted_beef/flow/cam00_0186.npz,2,0.18636852502822876,0.3360885977745056,0.311852365732193,0.4930834174156189,0.40088701248168945,0.06597282737493515,0.08507813513278961,0.29550784826278687,0.6678600311279297,0.7479546666145325,0.06368240714073181,cut_roasted_beef_depth_075_cam00_0186
1161,"[352, 368, 448, 464]",1.0,1.0,1.0,cut_roasted_beef,cam00,cam00_0261,261,/leonardo_work/EUHPC_D21_034/proj_adags/repo/adags/refine-logs/depth_occlusion_support/r031_da3_depth_full/depth_npz/cut_roasted_beef/cam00_0261.npz,/leonardo_work/EUHPC_D21_034/proj_adags/data/n3v/cut_roasted_beef/motion_priors/masks/cam00_0261.png,/leonardo_work/EUHPC_D21_034/proj_adags/data/n3v/cut_roasted_beef/flow/cam00_0261.npz,2,0.18435876071453094,0.47410568594932556,0.25472351908683777,0.4864341914653778,0.40022438764572144,0.07052449136972427,0.07507031410932541,0.4268028736114502,0.6630136370658875,0.7479634284973145,0.06713992357254028,cut_roasted_beef_depth_076_cam00_0261
1160,"[352, 352, 448, 448]",1.0,1.0,1.0,cut_roasted_beef,cam00,cam00_0267,267,/leonardo_work/EUHPC_D21_034/proj_adags/repo/adags/refine-logs/depth_occlusion_support/r031_da3_depth_full/depth_npz/cut_roasted_beef/cam00_0267.npz,/leonardo_work/EUHPC_D21_034/proj_adags/data/n3v/cut_roasted_beef/motion_priors/masks/cam00_0267.png,/leonardo_work/EUHPC_D21_034/proj_adags/data/n3v/cut_roasted_beef/flow/cam00_0267.npz,2,0.18806783854961395,0.37748682498931885,0.31597647070884705,0.47196945548057556,0.38970619440078735,0.05260961875319481,0.05667401850223541,0.5647823810577393,0.6670517921447754,0.7488008141517639,0.05875436216592789,cut_roasted_beef_depth_077_cam00_0267
1159,"[336, 352, 432, 448]",1.0,1.0,1.0,cut_roasted_beef,cam00,cam00_0259,259,/leonardo_work/EUHPC_D21_034/proj_adags/repo/adags/refine-logs/depth_occlusion_support/r031_da3_depth_full/depth_npz/cut_roasted_beef/cam00_0259.npz,/leonardo_work/EUHPC_D21_034/proj_adags/data/n3v/cut_roasted_beef/motion_priors/masks/cam00_0259.png,/leonardo_work/EUHPC_D21_034/proj_adags/data/n3v/cut_roasted_beef/flow/cam00_0259.npz,2,0.15958593785762787,0.3738099932670593,0.29464787244796753,0.48253491520881653,0.39263904094696045,0.06767970323562622,0.05881563574075699,0.48681768774986267,0.6630982756614685,0.7463470101356506,0.06632295995950699,cut_roasted_beef_depth_078_cam00_0259
1149,"[352, 368, 448, 464]",1.0,1.0,1.0,cut_roasted_beef,cam00,cam00_0267,267,/leonardo_work/EUHPC_D21_034/proj_adags/repo/adags/refine-logs/depth_occlusion_support/r031_da3_depth_full/depth_npz/cut_roasted_beef/cam00_0267.npz,/leonardo_work/EUHPC_D21_034/proj_adags/data/n3v/cut_roasted_beef/motion_priors/masks/cam00_0267.png,/leonardo_work/EUHPC_D21_034/proj_adags/data/n3v/cut_roasted_beef/flow/cam00_0267.npz,3,0.18806783854961395,0.37748682498931885,0.31597647070884705,0.47196945548057556,0.38970619440078735,0.05260961875319481,0.05667401850223541,0.5647823810577393,0.6670517921447754,0.7488008141517639,0.05875436216592789,cut_roasted_beef_depth_079_cam00_0267
1148,"[352, 336, 448, 432]",1.0,1.0,1.0,cut_roasted_beef,cam00,cam00_0257,257,/leonardo_work/EUHPC_D21_034/proj_adags/repo/adags/refine-logs/depth_occlusion_support/r031_da3_depth_full/depth_npz/cut_roasted_beef/cam00_0257.npz,/leonardo_work/EUHPC_D21_034/proj_adags/data/n3v/cut_roasted_beef/motion_priors/masks/cam00_0257.png,/leonardo_work/EUHPC_D21_034/proj_adags/data/n3v/cut_roasted_beef/flow/cam00_0257.npz,0,0.18699485063552856,0.3928414285182953,0.29296278953552246,0.4636026620864868,0.3952292203903198,0.06621500104665756,0.07040778547525406,0.4048294425010681,0.6622375249862671,0.7468488216400146,0.06560811400413513,cut_roasted_beef_depth_080_cam00_0257
1147,"[352, 336, 448, 432]",1.0,1.0,1.0,cut_roasted_beef,cam00,cam00_0263,263,/leonardo_work/EUHPC_D21_034/proj_adags/repo/adags/refine-logs/depth_occlusion_support/r031_da3_depth_full/depth_npz/cut_roasted_beef/cam00_0263.npz,/leonardo_work/EUHPC_D21_034/proj_adags/data/n3v/cut_roasted_beef/motion_priors/masks/cam00_0263.png,/leonardo_work/EUHPC_D21_034/proj_adags/data/n3v/cut_roasted_beef/flow/cam00_0263.npz,1,0.18436956405639648,0.4328606128692627,0.2767837345600128,0.4959595799446106,0.39346280694007874,0.06792187690734863,0.06762426346540451,0.42652568221092224,0.6630982756614685,0.7459180951118469,0.06227606534957886,cut_roasted_beef_depth_081_cam00_0263
1144,"[336, 352, 432, 448]",1.0,1.0,1.0,cut_roasted_beef,cam00,cam00_0258,258,/leonardo_work/EUHPC_D21_034/proj_adags/repo/adags/refine-logs/depth_occlusion_support/r031_da3_depth_full/depth_npz/cut_roasted_beef/cam00_0258.npz,/leonardo_work/EUHPC_D21_034/proj_adags/data/n3v/cut_roasted_beef/motion_priors/masks/cam00_0258.png,/leonardo_work/EUHPC_D21_034/proj_adags/data/n3v/cut_roasted_beef/flow/cam00_0258.npz,2,0.1879161149263382,0.30346664786338806,0.2971084713935852,0.4858786463737488,0.39661023020744324,0.06646300852298737,0.06987383961677551,0.41701096296310425,0.6629232168197632,0.745357871055603,0.06711074709892273,cut_roasted_beef_depth_082_cam00_0258
1143,"[352, 352, 448, 448]",1.0,1.0,1.0,cut_roasted_beef,cam00,cam00_0188,188,/leonardo_work/EUHPC_D21_034/proj_adags/repo/adags/refine-logs/depth_occlusion_support/r031_da3_depth_full/depth_npz/cut_roasted_beef/cam00_0188.npz,/leonardo_work/EUHPC_D21_034/proj_adags/data/n3v/cut_roasted_beef/motion_priors/masks/cam00_0188.png,/leonardo_work/EUHPC_D21_034/proj_adags/data/n3v/cut_roasted_beef/flow/cam00_0188.npz,3,0.1856697052717209,0.606508195400238,0.3165628910064697,0.4863446056842804,0.3983128070831299,0.06521130353212357,0.0774511843919754,0.35821282863616943,0.6690008640289307,0.7470618486404419,0.06416967511177063,cut_roasted_beef_depth_083_cam00_0188
1142,"[368, 352, 464, 448]",1.0,1.0,1.0,cut_roasted_beef,cam00,cam00_0155,155,/leonardo_work/EUHPC_D21_034/proj_adags/repo/adags/refine-logs/depth_occlusion_support/r031_da3_depth_full/depth_npz/cut_roasted_beef/cam00_0155.npz,/leonardo_work/EUHPC_D21_034/proj_adags/data/n3v/cut_roasted_beef/motion_priors/masks/cam00_0155.png,/leonardo_work/EUHPC_D21_034/proj_adags/data/n3v/cut_roasted_beef/flow/cam00_0155.npz,2,0.153230682015419,0.4055332839488983,0.2660617232322693,0.5247554779052734,0.39290982484817505,0.06206890568137169,0.06329143792390823,0.41269272565841675,0.6659080386161804,0.7443833947181702,0.06885263323783875,cut_roasted_beef_depth_084_cam00_0155
1140,"[336, 352, 432, 448]",1.0,1.0,1.0,cut_roasted_beef,cam00,cam00_0261,261,/leonardo_work/EUHPC_D21_034/proj_adags/repo/adags/refine-logs/depth_occlusion_support/r031_da3_depth_full/depth_npz/cut_roasted_beef/cam00_0261.npz,/leonardo_work/EUHPC_D21_034/proj_adags/data/n3v/cut_roasted_beef/motion_priors/masks/cam00_0261.png,/leonardo_work/EUHPC_D21_034/proj_adags/data/n3v/cut_roasted_beef/flow/cam00_0261.npz,3,0.18435876071453094,0.47410568594932556,0.25472351908683777,0.4864341914653778,0.40022438764572144,0.07052449136972427,0.07507031410932541,0.4268028736114502,0.6630136370658875,0.7479634284973145,0.06713992357254028,cut_roasted_beef_depth_085_cam00_0261
1137,"[352, 352, 448, 448]",1.0,1.0,1.0,cut_roasted_beef,cam00,cam00_0189,189,/leonardo_work/EUHPC_D21_034/proj_adags/repo/adags/refine-logs/depth_occlusion_support/r031_da3_depth_full/depth_npz/cut_roasted_beef/cam00_0189.npz,/leonardo_work/EUHPC_D21_034/proj_adags/data/n3v/cut_roasted_beef/motion_priors/masks/cam00_0189.png,/leonardo_work/EUHPC_D21_034/proj_adags/data/n3v/cut_roasted_beef/flow/cam00_0189.npz,3,0.1574661284685135,0.23445504903793335,0.3213742971420288,0.4817766547203064,0.39776182174682617,0.06117899715900421,0.07739866524934769,0.4751088321208954,0.6688287258148193,0.7462506890296936,0.06421343982219696,cut_roasted_beef_depth_086_cam00_0189
1124,"[336, 336, 432, 432]",1.0,1.0,1.0,cut_roasted_beef,cam00,cam00_0131,131,/leonardo_work/EUHPC_D21_034/proj_adags/repo/adags/refine-logs/depth_occlusion_support/r031_da3_depth_full/depth_npz/cut_roasted_beef/cam00_0131.npz,/leonardo_work/EUHPC_D21_034/proj_adags/data/n3v/cut_roasted_beef/motion_priors/masks/cam00_0131.png,/leonardo_work/EUHPC_D21_034/proj_adags/data/n3v/cut_roasted_beef/flow/cam00_0131.npz,3,0.1809682995080948,0.39055272936820984,0.2771608829498291,0.48512548208236694,0.3961712121963501,0.06474446505308151,0.06915607303380966,0.42489758133888245,0.6650969386100769,0.7440069913864136,0.06958790123462677,cut_roasted_beef_depth_087_cam00_0131
1119,"[320, 368, 416, 464]",1.0,1.0,1.0,cut_roasted_beef,cam00,cam00_0158,158,/leonardo_work/EUHPC_D21_034/proj_adags/repo/adags/refine-logs/depth_occlusion_support/r031_da3_depth_full/depth_npz/cut_roasted_beef/cam00_0158.npz,/leonardo_work/EUHPC_D21_034/proj_adags/data/n3v/cut_roasted_beef/motion_priors/masks/cam00_0158.png,/leonardo_work/EUHPC_D21_034/proj_adags/data/n3v/cut_roasted_beef/flow/cam00_0158.npz,0,0.1541646271944046,0.5611634254455566,0.3127986490726471,0.4573524594306946,0.39889124035835266,0.07167991250753403,0.07559259235858917,0.42890655994415283,0.6637868881225586,0.7483164668083191,0.0681348666548729,cut_roasted_beef_depth_088_cam00_0158
1116,"[352, 352, 448, 448]",1.0,1.0,1.0,cut_roasted_beef,cam00,cam00_0187,187,/leonardo_work/EUHPC_D21_034/proj_adags/repo/adags/refine-logs/depth_occlusion_support/r031_da3_depth_full/depth_npz/cut_roasted_beef/cam00_0187.npz,/leonardo_work/EUHPC_D21_034/proj_adags/data/n3v/cut_roasted_beef/motion_priors/masks/cam00_0187.png,/leonardo_work/EUHPC_D21_034/proj_adags/data/n3v/cut_roasted_beef/flow/cam00_0187.npz,1,0.18603011965751648,0.33889317512512207,0.3147374093532562,0.4933752417564392,0.40242406725883484,0.06621208041906357,0.08966773003339767,0.30101653933525085,0.6684494018554688,0.7472485899925232,0.0663783922791481,cut_roasted_beef_depth_089_cam00_0187
1113,"[336, 352, 432, 448]",1.0,1.0,1.0,cut_roasted_beef,cam00,cam00_0158,158,/leonardo_work/EUHPC_D21_034/proj_adags/repo/adags/refine-logs/depth_occlusion_support/r031_da3_depth_full/depth_npz/cut_roasted_beef/cam00_0158.npz,/leonardo_work/EUHPC_D21_034/proj_adags/data/n3v/cut_roasted_beef/motion_priors/masks/cam00_0158.png,/leonardo_work/EUHPC_D21_034/proj_adags/data/n3v/cut_roasted_beef/flow/cam00_0158.npz,1,0.1541646271944046,0.5611634254455566,0.3127986490726471,0.4573524594306946,0.39889124035835266,0.07167991250753403,0.07559259235858917,0.42890655994415283,0.6637868881225586,0.7483164668083191,0.0681348666548729,cut_roasted_beef_depth_090_cam00_0158
1110,"[336, 368, 432, 464]",1.0,1.0,1.0,cut_roasted_beef,cam00,cam00_0158,158,/leonardo_work/EUHPC_D21_034/proj_adags/repo/adags/refine-logs/depth_occlusion_support/r031_da3_depth_full/depth_npz/cut_roasted_beef/cam00_0158.npz,/leonardo_work/EUHPC_D21_034/proj_adags/data/n3v/cut_roasted_beef/motion_priors/masks/cam00_0158.png,/leonardo_work/EUHPC_D21_034/proj_adags/data/n3v/cut_roasted_beef/flow/cam00_0158.npz,2,0.1541646271944046,0.5611634254455566,0.3127986490726471,0.4573524594306946,0.39889124035835266,0.07167991250753403,0.07559259235858917,0.42890655994415283,0.6637868881225586,0.7483164668083191,0.0681348666548729,cut_roasted_beef_depth_091_cam00_0158
1106,"[336, 336, 432, 432]",1.0,1.0,1.0,cut_roasted_beef,cam00,cam00_0259,259,/leonardo_work/EUHPC_D21_034/proj_adags/repo/adags/refine-logs/depth_occlusion_support/r031_da3_depth_full/depth_npz/cut_roasted_beef/cam00_0259.npz,/leonardo_work/EUHPC_D21_034/proj_adags/data/n3v/cut_roasted_beef/motion_priors/masks/cam00_0259.png,/leonardo_work/EUHPC_D21_034/proj_adags/data/n3v/cut_roasted_beef/flow/cam00_0259.npz,3,0.15958593785762787,0.3738099932670593,0.29464787244796753,0.48253491520881653,0.39263904094696045,0.06767970323562622,0.05881563574075699,0.48681768774986267,0.6630982756614685,0.7463470101356506,0.06632295995950699,cut_roasted_beef_depth_092_cam00_0259
1105,"[352, 368, 448, 464]",1.0,1.0,1.0,cut_roasted_beef,cam00,cam00_0264,264,/leonardo_work/EUHPC_D21_034/proj_adags/repo/adags/refine-logs/depth_occlusion_support/r031_da3_depth_full/depth_npz/cut_roasted_beef/cam00_0264.npz,/leonardo_work/EUHPC_D21_034/proj_adags/data/n3v/cut_roasted_beef/motion_priors/masks/cam00_0264.png,/leonardo_work/EUHPC_D21_034/proj_adags/data/n3v/cut_roasted_beef/flow/cam00_0264.npz,2,0.18433211743831635,0.4983975291252136,0.3257521390914917,0.471000999212265,0.39609774947166443,0.06690358370542526,0.07392073422670364,0.3338526785373688,0.6640932559967041,0.7467291951179504,0.06479115039110184,cut_roasted_beef_depth_093_cam00_0264
1104,"[336, 336, 432, 432]",1.0,1.0,1.0,cut_roasted_beef,cam00,cam00_0258,258,/leonardo_work/EUHPC_D21_034/proj_adags/repo/adags/refine-logs/depth_occlusion_support/r031_da3_depth_full/depth_npz/cut_roasted_beef/cam00_0258.npz,/leonardo_work/EUHPC_D21_034/proj_adags/data/n3v/cut_roasted_beef/motion_priors/masks/cam00_0258.png,/leonardo_work/EUHPC_D21_034/proj_adags/data/n3v/cut_roasted_beef/flow/cam00_0258.npz,3,0.1879161149263382,0.30346664786338806,0.2971084713935852,0.4858786463737488,0.39661023020744324,0.06646300852298737,0.06987383961677551,0.41701096296310425,0.6629232168197632,0.745357871055603,0.06711074709892273,cut_roasted_beef_depth_094_cam00_0258
1100,"[336, 352, 432, 448]",1.0,1.0,1.0,cut_roasted_beef,cam00,cam00_0157,157,/leonardo_work/EUHPC_D21_034/proj_adags/repo/adags/refine-logs/depth_occlusion_support/r031_da3_depth_full/depth_npz/cut_roasted_beef/cam00_0157.npz,/leonardo_work/EUHPC_D21_034/proj_adags/data/n3v/cut_roasted_beef/motion_priors/masks/cam00_0157.png,/leonardo_work/EUHPC_D21_034/proj_adags/data/n3v/cut_roasted_beef/flow/cam00_0157.npz,2,0.15291285514831543,0.3839440643787384,0.2592258155345917,0.5040874481201172,0.39824870228767395,0.06895475089550018,0.07529789954423904,0.38030296564102173,0.6628969311714172,0.7463353276252747,0.06901602447032928,cut_roasted_beef_depth_095_cam00_0157
1098,"[320, 368, 416, 464]",1.0,1.0,1.0,cut_roasted_beef,cam00,cam00_0159,159,/leonardo_work/EUHPC_D21_034/proj_adags/repo/adags/refine-logs/depth_occlusion_support/r031_da3_depth_full/depth_npz/cut_roasted_beef/cam00_0159.npz,/leonardo_work/EUHPC_D21_034/proj_adags/data/n3v/cut_roasted_beef/motion_priors/masks/cam00_0159.png,/leonardo_work/EUHPC_D21_034/proj_adags/data/n3v/cut_roasted_beef/flow/cam00_0159.npz,0,0.18380996584892273,0.5241724252700806,0.31485944986343384,0.45576992630958557,0.3987487852573395,0.0730133131146431,0.07067621499300003,0.46982482075691223,0.6645134091377258,0.7464549541473389,0.06314846873283386,cut_roasted_beef_depth_096_cam00_0159
1098,"[352, 352, 448, 448]",1.0,1.0,1.0,cut_roasted_beef,cam00,cam00_0186,186,/leonardo_work/EUHPC_D21_034/proj_adags/repo/adags/refine-logs/depth_occlusion_support/r031_da3_depth_full/depth_npz/cut_roasted_beef/cam00_0186.npz,/leonardo_work/EUHPC_D21_034/proj_adags/data/n3v/cut_roasted_beef/motion_priors/masks/cam00_0186.png,/leonardo_work/EUHPC_D21_034/proj_adags/data/n3v/cut_roasted_beef/flow/cam00_0186.npz,3,0.18636852502822876,0.3360885977745056,0.311852365732193,0.4930834174156189,0.40088701248168945,0.06597282737493515,0.08507813513278961,0.29550784826278687,0.6678600311279297,0.7479546666145325,0.06368240714073181,cut_roasted_beef_depth_097_cam00_0186
1096,"[384, 336, 480, 432]",1.0,1.0,1.0,cut_roasted_beef,cam00,cam00_0101,101,/leonardo_work/EUHPC_D21_034/proj_adags/repo/adags/refine-logs/depth_occlusion_support/r031_da3_depth_full/depth_npz/cut_roasted_beef/cam00_0101.npz,/leonardo_work/EUHPC_D21_034/proj_adags/data/n3v/cut_roasted_beef/motion_priors/masks/cam00_0101.png,/leonardo_work/EUHPC_D21_034/proj_adags/data/n3v/cut_roasted_beef/flow/cam00_0101.npz,0,0.17986176908016205,0.38474783301353455,0.27056750655174255,0.49117448925971985,0.3816964626312256,0.04743940010666847,0.04083657264709473,0.5203774571418762,0.6651144623756409,0.7436627149581909,0.062171027064323425,cut_roasted_beef_depth_098_cam00_0101
1093,"[336, 336, 432, 432]",1.0,1.0,1.0,cut_roasted_beef,cam00,cam00_0257,257,/leonardo_work/EUHPC_D21_034/proj_adags/repo/adags/refine-logs/depth_occlusion_support/r031_da3_depth_full/depth_npz/cut_roasted_beef/cam00_0257.npz,/leonardo_work/EUHPC_D21_034/proj_adags/data/n3v/cut_roasted_beef/motion_priors/masks/cam00_0257.png,/leonardo_work/EUHPC_D21_034/proj_adags/data/n3v/cut_roasted_beef/flow/cam00_0257.npz,1,0.18699485063552856,0.3928414285182953,0.29296278953552246,0.4636026620864868,0.3952292203903198,0.06621500104665756,0.07040778547525406,0.4048294425010681,0.6622375249862671,0.7468488216400146,0.06560811400413513,cut_roasted_beef_depth_099_cam00_0257
1091,"[336, 336, 432, 432]",1.0,1.0,1.0,cut_roasted_beef,cam00,cam00_0187,187,/leonardo_work/EUHPC_D21_034/proj_adags/repo/adags/refine-logs/depth_occlusion_support/r031_da3_depth_full/depth_npz/cut_roasted_beef/cam00_0187.npz,/leonardo_work/EUHPC_D21_034/proj_adags/data/n3v/cut_roasted_beef/motion_priors/masks/cam00_0187.png,/leonardo_work/EUHPC_D21_034/proj_adags/data/n3v/cut_roasted_beef/flow/cam00_0187.npz,2,0.18603011965751648,0.33889317512512207,0.3147374093532562,0.4933752417564392,0.40242406725883484,0.06621208041906357,0.08966773003339767,0.30101653933525085,0.6684494018554688,0.7472485899925232,0.0663783922791481,cut_roasted_beef_depth_100_cam00_0187
1090,"[352, 336, 448, 432]",1.0,1.0,1.0,cut_roasted_beef,cam00,cam00_0187,187,/leonardo_work/EUHPC_D21_034/proj_adags/repo/adags/refine-logs/depth_occlusion_support/r031_da3_depth_full/depth_npz/cut_roasted_beef/cam00_0187.npz,/leonardo_work/EUHPC_D21_034/proj_adags/data/n3v/cut_roasted_beef/motion_priors/masks/cam00_0187.png,/leonardo_work/EUHPC_D21_034/proj_adags/data/n3v/cut_roasted_beef/flow/cam00_0187.npz,3,0.18603011965751648,0.33889317512512207,0.3147374093532562,0.4933752417564392,0.40242406725883484,0.06621208041906357,0.08966773003339767,0.30101653933525085,0.6684494018554688,0.7472485899925232,0.0663783922791481,cut_roasted_beef_depth_101_cam00_0187
1089,"[352, 352, 448, 448]",1.0,1.0,1.0,cut_roasted_beef,cam00,cam00_0129,129,/leonardo_work/EUHPC_D21_034/proj_adags/repo/adags/refine-logs/depth_occlusion_support/r031_da3_depth_full/depth_npz/cut_roasted_beef/cam00_0129.npz,/leonardo_work/EUHPC_D21_034/proj_adags/data/n3v/cut_roasted_beef/motion_priors/masks/cam00_0129.png,/leonardo_work/EUHPC_D21_034/proj_adags/data/n3v/cut_roasted_beef/flow/cam00_0129.npz,3,0.1803773045539856,0.380663126707077,0.26523539423942566,0.4136160910129547,0.3933882713317871,0.06464818120002747,0.060087766498327255,0.6033022999763489,0.6663923859596252,0.7438406944274902,0.06559935957193375,cut_roasted_beef_depth_102_cam00_0129
1089,"[320, 384, 416, 480]",1.0,1.0,1.0,cut_roasted_beef,cam00,cam00_0157,157,/leonardo_work/EUHPC_D21_034/proj_adags/repo/adags/refine-logs/depth_occlusion_support/r031_da3_depth_full/depth_npz/cut_roasted_beef/cam00_0157.npz,/leonardo_work/EUHPC_D21_034/proj_adags/data/n3v/cut_roasted_beef/motion_priors/masks/cam00_0157.png,/leonardo_work/EUHPC_D21_034/proj_adags/data/n3v/cut_roasted_beef/flow/cam00_0157.npz,3,0.15291285514831543,0.3839440643787384,0.2592258155345917,0.5040874481201172,0.39824870228767395,0.06895475089550018,0.07529789954423904,0.38030296564102173,0.6628969311714172,0.7463353276252747,0.06901602447032928,cut_roasted_beef_depth_103_cam00_0157
1088,"[400, 336, 496, 432]",1.0,1.0,1.0,cut_roasted_beef,cam00,cam00_0101,101,/leonardo_work/EUHPC_D21_034/proj_adags/repo/adags/refine-logs/depth_occlusion_support/r031_da3_depth_full/depth_npz/cut_roasted_beef/cam00_0101.npz,/leonardo_work/EUHPC_D21_034/proj_adags/data/n3v/cut_roasted_beef/motion_priors/masks/cam00_0101.png,/leonardo_work/EUHPC_D21_034/proj_adags/data/n3v/cut_roasted_beef/flow/cam00_0101.npz,1,0.17986176908016205,0.38474783301353455,0.27056750655174255,0.49117448925971985,0.3816964626312256,0.04743940010666847,0.04083657264709473,0.5203774571418762,0.6651144623756409,0.7436627149581909,0.062171027064323425,cut_roasted_beef_depth_104_cam00_0101
1087,"[336, 352, 432, 448]",1.0,1.0,1.0,cut_roasted_beef,cam00,cam00_0264,264,/leonardo_work/EUHPC_D21_034/proj_adags/repo/adags/refine-logs/depth_occlusion_support/r031_da3_depth_full/depth_npz/cut_roasted_beef/cam00_0264.npz,/leonardo_work/EUHPC_D21_034/proj_adags/data/n3v/cut_roasted_beef/motion_priors/masks/cam00_0264.png,/leonardo_work/EUHPC_D21_034/proj_adags/data/n3v/cut_roasted_beef/flow/cam00_0264.npz,3,0.18433211743831635,0.4983975291252136,0.3257521390914917,0.471000999212265,0.39609774947166443,0.06690358370542526,0.07392073422670364,0.3338526785373688,0.6640932559967041,0.7467291951179504,0.06479115039110184,cut_roasted_beef_depth_105_cam00_0264
1077,"[368, 336, 464, 432]",1.0,1.0,1.0,cut_roasted_beef,cam00,cam00_0101,101,/leonardo_work/EUHPC_D21_034/proj_adags/repo/adags/refine-logs/depth_occlusion_support/r031_da3_depth_full/depth_npz/cut_roasted_beef/cam00_0101.npz,/leonardo_work/EUHPC_D21_034/proj_adags/data/n3v/cut_roasted_beef/motion_priors/masks/cam00_0101.png,/leonardo_work/EUHPC_D21_034/proj_adags/data/n3v/cut_roasted_beef/flow/cam00_0101.npz,2,0.17986176908016205,0.38474783301353455,0.27056750655174255,0.49117448925971985,0.3816964626312256,0.04743940010666847,0.04083657264709473,0.5203774571418762,0.6651144623756409,0.7436627149581909,0.062171027064323425,cut_roasted_beef_depth_106_cam00_0101
1074,"[336, 336, 432, 432]",1.0,1.0,1.0,cut_roasted_beef,cam00,cam00_0158,158,/leonardo_work/EUHPC_D21_034/proj_adags/repo/adags/refine-logs/depth_occlusion_support/r031_da3_depth_full/depth_npz/cut_roasted_beef/cam00_0158.npz,/leonardo_work/EUHPC_D21_034/proj_adags/data/n3v/cut_roasted_beef/motion_priors/masks/cam00_0158.png,/leonardo_work/EUHPC_D21_034/proj_adags/data/n3v/cut_roasted_beef/flow/cam00_0158.npz,3,0.1541646271944046,0.5611634254455566,0.3127986490726471,0.4573524594306946,0.39889124035835266,0.07167991250753403,0.07559259235858917,0.42890655994415283,0.6637868881225586,0.7483164668083191,0.0681348666548729,cut_roasted_beef_depth_107_cam00_0158
1068,"[352, 352, 448, 448]",1.0,1.0,1.0,cut_roasted_beef,cam00,cam00_0262,262,/leonardo_work/EUHPC_D21_034/proj_adags/repo/adags/refine-logs/depth_occlusion_support/r031_da3_depth_full/depth_npz/cut_roasted_beef/cam00_0262.npz,/leonardo_work/EUHPC_D21_034/proj_adags/data/n3v/cut_roasted_beef/motion_priors/masks/cam00_0262.png,/leonardo_work/EUHPC_D21_034/proj_adags/data/n3v/cut_roasted_beef/flow/cam00_0262.npz,0,0.18430174887180328,0.6005194783210754,0.276589959859848,0.5047775506973267,0.39605623483657837,0.06890806555747986,0.07092130184173584,0.5480812788009644,0.6625789403915405,0.7455533742904663,0.06861045956611633,cut_roasted_beef_depth_108_cam00_0262
1067,"[352, 320, 448, 416]",1.0,1.0,1.0,cut_roasted_beef,cam00,cam00_0130,130,/leonardo_work/EUHPC_D21_034/proj_adags/repo/adags/refine-logs/depth_occlusion_support/r031_da3_depth_full/depth_npz/cut_roasted_beef/cam00_0130.npz,/leonardo_work/EUHPC_D21_034/proj_adags/data/n3v/cut_roasted_beef/motion_priors/masks/cam00_0130.png,/leonardo_work/EUHPC_D21_034/proj_adags/data/n3v/cut_roasted_beef/flow/cam00_0130.npz,3,0.1810305267572403,0.5504045486450195,0.27695387601852417,0.48706358671188354,0.3934377431869507,0.06387206166982651,0.06398585438728333,0.4157796800136566,0.6652486324310303,0.7431520819664001,0.0699467808008194,cut_roasted_beef_depth_109_cam00_0130
1067,"[352, 352, 448, 448]",1.0,1.0,1.0,cut_roasted_beef,cam00,cam00_0257,257,/leonardo_work/EUHPC_D21_034/proj_adags/repo/adags/refine-logs/depth_occlusion_support/r031_da3_depth_full/depth_npz/cut_roasted_beef/cam00_0257.npz,/leonardo_work/EUHPC_D21_034/proj_adags/data/n3v/cut_roasted_beef/motion_priors/masks/cam00_0257.png,/leonardo_work/EUHPC_D21_034/proj_adags/data/n3v/cut_roasted_beef/flow/cam00_0257.npz,2,0.18699485063552856,0.3928414285182953,0.29296278953552246,0.4636026620864868,0.3952292203903198,0.06621500104665756,0.07040778547525406,0.4048294425010681,0.6622375249862671,0.7468488216400146,0.06560811400413513,cut_roasted_beef_depth_110_cam00_0257
1065,"[384, 352, 480, 448]",1.0,1.0,1.0,cut_roasted_beef,cam00,cam00_0101,101,/leonardo_work/EUHPC_D21_034/proj_adags/repo/adags/refine-logs/depth_occlusion_support/r031_da3_depth_full/depth_npz/cut_roasted_beef/cam00_0101.npz,/leonardo_work/EUHPC_D21_034/proj_adags/data/n3v/cut_roasted_beef/motion_priors/masks/cam00_0101.png,/leonardo_work/EUHPC_D21_034/proj_adags/data/n3v/cut_roasted_beef/flow/cam00_0101.npz,3,0.17986176908016205,0.38474783301353455,0.27056750655174255,0.49117448925971985,0.3816964626312256,0.04743940010666847,0.04083657264709473,0.5203774571418762,0.6651144623756409,0.7436627149581909,0.062171027064323425,cut_roasted_beef_depth_111_cam00_0101
1058,"[304, 336, 400, 432]",1.0,1.0,1.0,cut_roasted_beef,cam00,cam00_0245,245,/leonardo_work/EUHPC_D21_034/proj_adags/repo/adags/refine-logs/depth_occlusion_support/r031_da3_depth_full/depth_npz/cut_roasted_beef/cam00_0245.npz,/leonardo_work/EUHPC_D21_034/proj_adags/data/n3v/cut_roasted_beef/motion_priors/masks/cam00_0245.png,/leonardo_work/EUHPC_D21_034/proj_adags/data/n3v/cut_roasted_beef/flow/cam00_0245.npz,0,0.18333835899829865,0.3560626804828644,0.28753331303596497,0.40133699774742126,0.385687917470932,0.048895347863435745,0.06355694681406021,0.36569681763648987,0.6594773530960083,0.7456963658332825,0.06010235473513603,cut_roasted_beef_depth_112_cam00_0245
1057,"[304, 368, 400, 464]",1.0,1.0,1.0,cut_roasted_beef,cam00,cam00_0155,155,/leonardo_work/EUHPC_D21_034/proj_adags/repo/adags/refine-logs/depth_occlusion_support/r031_da3_depth_full/depth_npz/cut_roasted_beef/cam00_0155.npz,/leonardo_work/EUHPC_D21_034/proj_adags/data/n3v/cut_roasted_beef/motion_priors/masks/cam00_0155.png,/leonardo_work/EUHPC_D21_034/proj_adags/data/n3v/cut_roasted_beef/flow/cam00_0155.npz,3,0.153230682015419,0.4055332839488983,0.2660617232322693,0.5247554779052734,0.39290982484817505,0.06206890568137169,0.06329143792390823,0.41269272565841675,0.6659080386161804,0.7443833947181702,0.06885263323783875,cut_roasted_beef_depth_113_cam00_0155
1055,"[336, 336, 432, 432]",1.0,1.0,1.0,cut_roasted_beef,cam00,cam00_0132,132,/leonardo_work/EUHPC_D21_034/proj_adags/repo/adags/refine-logs/depth_occlusion_support/r031_da3_depth_full/depth_npz/cut_roasted_beef/cam00_0132.npz,/leonardo_work/EUHPC_D21_034/proj_adags/data/n3v/cut_roasted_beef/motion_priors/masks/cam00_0132.png,/leonardo_work/EUHPC_D21_034/proj_adags/data/n3v/cut_roasted_beef/flow/cam00_0132.npz,3,0.18188096582889557,0.329327791929245,0.2512442469596863,0.5207067728042603,0.3913330137729645,0.06285377591848373,0.05716419965028763,0.548521876335144,0.6648284792900085,0.7419324517250061,0.07134437561035156,cut_roasted_beef_depth_114_cam00_0132
1050,"[336, 352, 432, 448]",1.0,1.0,1.0,cut_roasted_beef,cam00,cam00_0257,257,/leonardo_work/EUHPC_D21_034/proj_adags/repo/adags/refine-logs/depth_occlusion_support/r031_da3_depth_full/depth_npz/cut_roasted_beef/cam00_0257.npz,/leonardo_work/EUHPC_D21_034/proj_adags/data/n3v/cut_roasted_beef/motion_priors/masks/cam00_0257.png,/leonardo_work/EUHPC_D21_034/proj_adags/data/n3v/cut_roasted_beef/flow/cam00_0257.npz,3,0.18699485063552856,0.3928414285182953,0.29296278953552246,0.4636026620864868,0.3952292203903198,0.06621500104665756,0.07040778547525406,0.4048294425010681,0.6622375249862671,0.7468488216400146,0.06560811400413513,cut_roasted_beef_depth_115_cam00_0257
1044,"[336, 352, 432, 448]",1.0,1.0,1.0,cut_roasted_beef,cam00,cam00_0263,263,/leonardo_work/EUHPC_D21_034/proj_adags/repo/adags/refine-logs/depth_occlusion_support/r031_da3_depth_full/depth_npz/cut_roasted_beef/cam00_0263.npz,/leonardo_work/EUHPC_D21_034/proj_adags/data/n3v/cut_roasted_beef/motion_priors/masks/cam00_0263.png,/leonardo_work/EUHPC_D21_034/proj_adags/data/n3v/cut_roasted_beef/flow/cam00_0263.npz,2,0.18436956405639648,0.4328606128692627,0.2767837345600128,0.4959595799446106,0.39346280694007874,0.06792187690734863,0.06762426346540451,0.42652568221092224,0.6630982756614685,0.7459180951118469,0.06227606534957886,cut_roasted_beef_depth_116_cam00_0263
1042,"[304, 368, 400, 464]",1.0,1.0,1.0,cut_roasted_beef,cam00,cam00_0156,156,/leonardo_work/EUHPC_D21_034/proj_adags/repo/adags/refine-logs/depth_occlusion_support/r031_da3_depth_full/depth_npz/cut_roasted_beef/cam00_0156.npz,/leonardo_work/EUHPC_D21_034/proj_adags/data/n3v/cut_roasted_beef/motion_priors/masks/cam00_0156.png,/leonardo_work/EUHPC_D21_034/proj_adags/data/n3v/cut_roasted_beef/flow/cam00_0156.npz,0,0.15255193412303925,0.3076213598251343,0.2571335732936859,0.5076755881309509,0.3950057029724121,0.0664396658539772,0.06551474332809448,0.3050605058670044,0.6650940179824829,0.7452907562255859,0.06646884232759476,cut_roasted_beef_depth_117_cam00_0156
1040,"[320, 384, 416, 480]",1.0,1.0,1.0,cut_roasted_beef,cam00,cam00_0159,159,/leonardo_work/EUHPC_D21_034/proj_adags/repo/adags/refine-logs/depth_occlusion_support/r031_da3_depth_full/depth_npz/cut_roasted_beef/cam00_0159.npz,/leonardo_work/EUHPC_D21_034/proj_adags/data/n3v/cut_roasted_beef/motion_priors/masks/cam00_0159.png,/leonardo_work/EUHPC_D21_034/proj_adags/data/n3v/cut_roasted_beef/flow/cam00_0159.npz,1,0.18380996584892273,0.5241724252700806,0.31485944986343384,0.45576992630958557,0.3987487852573395,0.0730133131146431,0.07067621499300003,0.46982482075691223,0.6645134091377258,0.7464549541473389,0.06314846873283386,cut_roasted_beef_depth_118_cam00_0159
1039,"[352, 336, 448, 432]",1.0,1.0,1.0,cut_roasted_beef,cam00,cam00_0262,262,/leonardo_work/EUHPC_D21_034/proj_adags/repo/adags/refine-logs/depth_occlusion_support/r031_da3_depth_full/depth_npz/cut_roasted_beef/cam00_0262.npz,/leonardo_work/EUHPC_D21_034/proj_adags/data/n3v/cut_roasted_beef/motion_priors/masks/cam00_0262.png,/leonardo_work/EUHPC_D21_034/proj_adags/data/n3v/cut_roasted_beef/flow/cam00_0262.npz,1,0.18430174887180328,0.6005194783210754,0.276589959859848,0.5047775506973267,0.39605623483657837,0.06890806555747986,0.07092130184173584,0.5480812788009644,0.6625789403915405,0.7455533742904663,0.06861045956611633,cut_roasted_beef_depth_119_cam00_0262
1038,"[336, 368, 432, 464]",1.0,1.0,1.0,cut_roasted_beef,cam00,cam00_0159,159,/leonardo_work/EUHPC_D21_034/proj_adags/repo/adags/refine-logs/depth_occlusion_support/r031_da3_depth_full/depth_npz/cut_roasted_beef/cam00_0159.npz,/leonardo_work/EUHPC_D21_034/proj_adags/data/n3v/cut_roasted_beef/motion_priors/masks/cam00_0159.png,/leonardo_work/EUHPC_D21_034/proj_adags/data/n3v/cut_roasted_beef/flow/cam00_0159.npz,2,0.18380996584892273,0.5241724252700806,0.31485944986343384,0.45576992630958557,0.3987487852573395,0.0730133131146431,0.07067621499300003,0.46982482075691223,0.6645134091377258,0.7464549541473389,0.06314846873283386,cut_roasted_beef_depth_120_cam00_0159
1037,"[256, 336, 352, 432]",1.0,1.0,1.0,cut_roasted_beef,cam00,cam00_0245,245,/leonardo_work/EUHPC_D21_034/proj_adags/repo/adags/refine-logs/depth_occlusion_support/r031_da3_depth_full/depth_npz/cut_roasted_beef/cam00_0245.npz,/leonardo_work/EUHPC_D21_034/proj_adags/data/n3v/cut_roasted_beef/motion_priors/masks/cam00_0245.png,/leonardo_work/EUHPC_D21_034/proj_adags/data/n3v/cut_roasted_beef/flow/cam00_0245.npz,1,0.18333835899829865,0.3560626804828644,0.28753331303596497,0.40133699774742126,0.385687917470932,0.048895347863435745,0.06355694681406021,0.36569681763648987,0.6594773530960083,0.7456963658332825,0.06010235473513603,cut_roasted_beef_depth_121_cam00_0245
1037,"[272, 336, 368, 432]",1.0,1.0,1.0,cut_roasted_beef,cam00,cam00_0245,245,/leonardo_work/EUHPC_D21_034/proj_adags/repo/adags/refine-logs/depth_occlusion_support/r031_da3_depth_full/depth_npz/cut_roasted_beef/cam00_0245.npz,/leonardo_work/EUHPC_D21_034/proj_adags/data/n3v/cut_roasted_beef/motion_priors/masks/cam00_0245.png,/leonardo_work/EUHPC_D21_034/proj_adags/data/n3v/cut_roasted_beef/flow/cam00_0245.npz,2,0.18333835899829865,0.3560626804828644,0.28753331303596497,0.40133699774742126,0.385687917470932,0.048895347863435745,0.06355694681406021,0.36569681763648987,0.6594773530960083,0.7456963658332825,0.06010235473513603,cut_roasted_beef_depth_122_cam00_0245
1033,"[240, 336, 336, 432]",1.0,1.0,1.0,cut_roasted_beef,cam00,cam00_0245,245,/leonardo_work/EUHPC_D21_034/proj_adags/repo/adags/refine-logs/depth_occlusion_support/r031_da3_depth_full/depth_npz/cut_roasted_beef/cam00_0245.npz,/leonardo_work/EUHPC_D21_034/proj_adags/data/n3v/cut_roasted_beef/motion_priors/masks/cam00_0245.png,/leonardo_work/EUHPC_D21_034/proj_adags/data/n3v/cut_roasted_beef/flow/cam00_0245.npz,3,0.18333835899829865,0.3560626804828644,0.28753331303596497,0.40133699774742126,0.385687917470932,0.048895347863435745,0.06355694681406021,0.36569681763648987,0.6594773530960083,0.7456963658332825,0.06010235473513603,cut_roasted_beef_depth_123_cam00_0245
1030,"[368, 320, 464, 416]",1.0,1.0,1.0,cut_roasted_beef,cam00,cam00_0126,126,/leonardo_work/EUHPC_D21_034/proj_adags/repo/adags/refine-logs/depth_occlusion_support/r031_da3_depth_full/depth_npz/cut_roasted_beef/cam00_0126.npz,/leonardo_work/EUHPC_D21_034/proj_adags/data/n3v/cut_roasted_beef/motion_priors/masks/cam00_0126.png,/leonardo_work/EUHPC_D21_034/proj_adags/data/n3v/cut_roasted_beef/flow/cam00_0126.npz,3,0.18057556450366974,0.2752547860145569,0.31355220079421997,0.4828740954399109,0.3959042727947235,0.06345774233341217,0.07065870612859726,0.5237678289413452,0.66740483045578,0.7446780800819397,0.06467152386903763,cut_roasted_beef_depth_124_cam00_0126
1024,"[336, 336, 432, 432]",1.0,1.0,1.0,cut_roasted_beef,cam00,cam00_0127,127,/leonardo_work/EUHPC_D21_034/proj_adags/repo/adags/refine-logs/depth_occlusion_support/r031_da3_depth_full/depth_npz/cut_roasted_beef/cam00_0127.npz,/leonardo_work/EUHPC_D21_034/proj_adags/data/n3v/cut_roasted_beef/motion_priors/masks/cam00_0127.png,/leonardo_work/EUHPC_D21_034/proj_adags/data/n3v/cut_roasted_beef/flow/cam00_0127.npz,3,0.1802862286567688,0.3886758089065552,0.3154084384441376,0.4788978695869446,0.39360883831977844,0.06360655277967453,0.0626874640583992,0.6954092383384705,0.6678629517555237,0.7449202537536621,0.06659431010484695,cut_roasted_beef_depth_125_cam00_0127
1018,"[304, 368, 400, 464]",1.0,1.0,1.0,cut_roasted_beef,cam00,cam00_0159,159,/leonardo_work/EUHPC_D21_034/proj_adags/repo/adags/refine-logs/depth_occlusion_support/r031_da3_depth_full/depth_npz/cut_roasted_beef/cam00_0159.npz,/leonardo_work/EUHPC_D21_034/proj_adags/data/n3v/cut_roasted_beef/motion_priors/masks/cam00_0159.png,/leonardo_work/EUHPC_D21_034/proj_adags/data/n3v/cut_roasted_beef/flow/cam00_0159.npz,3,0.18380996584892273,0.5241724252700806,0.31485944986343384,0.45576992630958557,0.3987487852573395,0.0730133131146431,0.07067621499300003,0.46982482075691223,0.6645134091377258,0.7464549541473389,0.06314846873283386,cut_roasted_beef_depth_126_cam00_0159
1015,"[368, 352, 464, 448]",1.0,1.0,1.0,cut_roasted_beef,cam00,cam00_0263,263,/leonardo_work/EUHPC_D21_034/proj_adags/repo/adags/refine-logs/depth_occlusion_support/r031_da3_depth_full/depth_npz/cut_roasted_beef/cam00_0263.npz,/leonardo_work/EUHPC_D21_034/proj_adags/data/n3v/cut_roasted_beef/motion_priors/masks/cam00_0263.png,/leonardo_work/EUHPC_D21_034/proj_adags/data/n3v/cut_roasted_beef/flow/cam00_0263.npz,3,0.18436956405639648,0.4328606128692627,0.2767837345600128,0.4959595799446106,0.39346280694007874,0.06792187690734863,0.06762426346540451,0.42652568221092224,0.6630982756614685,0.7459180951118469,0.06227606534957886,cut_roasted_beef_depth_127_cam00_0263
992,"[336, 352, 432, 448]",1.0,1.0,1.0,cut_roasted_beef,cam00,cam00_0262,262,/leonardo_work/EUHPC_D21_034/proj_adags/repo/adags/refine-logs/depth_occlusion_support/r031_da3_depth_full/depth_npz/cut_roasted_beef/cam00_0262.npz,/leonardo_work/EUHPC_D21_034/proj_adags/data/n3v/cut_roasted_beef/motion_priors/masks/cam00_0262.png,/leonardo_work/EUHPC_D21_034/proj_adags/data/n3v/cut_roasted_beef/flow/cam00_0262.npz,2,0.18430174887180328,0.6005194783210754,0.276589959859848,0.5047775506973267,0.39605623483657837,0.06890806555747986,0.07092130184173584,0.5480812788009644,0.6625789403915405,0.7455533742904663,0.06861045956611633,cut_roasted_beef_depth_128_cam00_0262
942,"[336, 336, 432, 432]",1.0,1.0,1.0,cut_roasted_beef,cam00,cam00_0262,262,/leonardo_work/EUHPC_D21_034/proj_adags/repo/adags/refine-logs/depth_occlusion_support/r031_da3_depth_full/depth_npz/cut_roasted_beef/cam00_0262.npz,/leonardo_work/EUHPC_D21_034/proj_adags/data/n3v/cut_roasted_beef/motion_priors/masks/cam00_0262.png,/leonardo_work/EUHPC_D21_034/proj_adags/data/n3v/cut_roasted_beef/flow/cam00_0262.npz,3,0.18430174887180328,0.6005194783210754,0.276589959859848,0.5047775506973267,0.39605623483657837,0.06890806555747986,0.07092130184173584,0.5480812788009644,0.6625789403915405,0.7455533742904663,0.06861045956611633,cut_roasted_beef_depth_129_cam00_0262
911,"[304, 384, 400, 480]",1.0,1.0,1.0,cut_roasted_beef,cam00,cam00_0156,156,/leonardo_work/EUHPC_D21_034/proj_adags/repo/adags/refine-logs/depth_occlusion_support/r031_da3_depth_full/depth_npz/cut_roasted_beef/cam00_0156.npz,/leonardo_work/EUHPC_D21_034/proj_adags/data/n3v/cut_roasted_beef/motion_priors/masks/cam00_0156.png,/leonardo_work/EUHPC_D21_034/proj_adags/data/n3v/cut_roasted_beef/flow/cam00_0156.npz,1,0.15255193412303925,0.3076213598251343,0.2571335732936859,0.5076755881309509,0.3950057029724121,0.0664396658539772,0.06551474332809448,0.3050605058670044,0.6650940179824829,0.7452907562255859,0.06646884232759476,cut_roasted_beef_depth_130_cam00_0156
802,"[304, 400, 400, 496]",1.0,1.0,1.0,cut_roasted_beef,cam00,cam00_0156,156,/leonardo_work/EUHPC_D21_034/proj_adags/repo/adags/refine-logs/depth_occlusion_support/r031_da3_depth_full/depth_npz/cut_roasted_beef/cam00_0156.npz,/leonardo_work/EUHPC_D21_034/proj_adags/data/n3v/cut_roasted_beef/motion_priors/masks/cam00_0156.png,/leonardo_work/EUHPC_D21_034/proj_adags/data/n3v/cut_roasted_beef/flow/cam00_0156.npz,2,0.15255193412303925,0.3076213598251343,0.2571335732936859,0.5076755881309509,0.3950057029724121,0.0664396658539772,0.06551474332809448,0.3050605058670044,0.6650940179824829,0.7452907562255859,0.06646884232759476,cut_roasted_beef_depth_131_cam00_0156
730,"[304, 411, 400, 507]",1.0,1.0,1.0,cut_roasted_beef,cam00,cam00_0156,156,/leonardo_work/EUHPC_D21_034/proj_adags/repo/adags/refine-logs/depth_occlusion_support/r031_da3_depth_full/depth_npz/cut_roasted_beef/cam00_0156.npz,/leonardo_work/EUHPC_D21_034/proj_adags/data/n3v/cut_roasted_beef/motion_priors/masks/cam00_0156.png,/leonardo_work/EUHPC_D21_034/proj_adags/data/n3v/cut_roasted_beef/flow/cam00_0156.npz,3,0.15255193412303925,0.3076213598251343,0.2571335732936859,0.5076755881309509,0.3950057029724121,0.0664396658539772,0.06551474332809448,0.3050605058670044,0.6650940179824829,0.7452907562255859,0.06646884232759476,cut_roasted_beef_depth_132_cam00_0156
679,"[320, 320, 416, 416]",1.0,1.0,1.0,cut_roasted_beef,cam00,cam00_0134,134,/leonardo_work/EUHPC_D21_034/proj_adags/repo/adags/refine-logs/depth_occlusion_support/r031_da3_depth_full/depth_npz/cut_roasted_beef/cam00_0134.npz,/leonardo_work/EUHPC_D21_034/proj_adags/data/n3v/cut_roasted_beef/motion_priors/masks/cam00_0134.png,/leonardo_work/EUHPC_D21_034/proj_adags/data/n3v/cut_roasted_beef/flow/cam00_0134.npz,0,0.18160368502140045,0.5468887686729431,0.2838303744792938,0.4995979964733124,0.39158371090888977,0.05731300264596939,0.0529918409883976,0.765630304813385,0.665140688419342,0.7432279586791992,0.06323307752609253,cut_roasted_beef_depth_133_cam00_0134
551,"[304, 304, 400, 400]",1.0,1.0,1.0,cut_roasted_beef,cam00,cam00_0134,134,/leonardo_work/EUHPC_D21_034/proj_adags/repo/adags/refine-logs/depth_occlusion_support/r031_da3_depth_full/depth_npz/cut_roasted_beef/cam00_0134.npz,/leonardo_work/EUHPC_D21_034/proj_adags/data/n3v/cut_roasted_beef/motion_priors/masks/cam00_0134.png,/leonardo_work/EUHPC_D21_034/proj_adags/data/n3v/cut_roasted_beef/flow/cam00_0134.npz,1,0.18160368502140045,0.5468887686729431,0.2838303744792938,0.4995979964733124,0.39158371090888977,0.05731300264596939,0.0529918409883976,0.765630304813385,0.665140688419342,0.7432279586791992,0.06323307752609253,cut_roasted_beef_depth_134_cam00_0134
540,"[320, 304, 416, 400]",1.0,1.0,1.0,cut_roasted_beef,cam00,cam00_0134,134,/leonardo_work/EUHPC_D21_034/proj_adags/repo/adags/refine-logs/depth_occlusion_support/r031_da3_depth_full/depth_npz/cut_roasted_beef/cam00_0134.npz,/leonardo_work/EUHPC_D21_034/proj_adags/data/n3v/cut_roasted_beef/motion_priors/masks/cam00_0134.png,/leonardo_work/EUHPC_D21_034/proj_adags/data/n3v/cut_roasted_beef/flow/cam00_0134.npz,2,0.18160368502140045,0.5468887686729431,0.2838303744792938,0.4995979964733124,0.39158371090888977,0.05731300264596939,0.0529918409883976,0.765630304813385,0.665140688419342,0.7432279586791992,0.06323307752609253,cut_roasted_beef_depth_135_cam00_0134
237,"[368, 176, 464, 272]",1.0,1.0,1.0,cut_roasted_beef,cam00,cam00_0134,134,/leonardo_work/EUHPC_D21_034/proj_adags/repo/adags/refine-logs/depth_occlusion_support/r031_da3_depth_full/depth_npz/cut_roasted_beef/cam00_0134.npz,/leonardo_work/EUHPC_D21_034/proj_adags/data/n3v/cut_roasted_beef/motion_priors/masks/cam00_0134.png,/leonardo_work/EUHPC_D21_034/proj_adags/data/n3v/cut_roasted_beef/flow/cam00_0134.npz,3,0.18160368502140045,0.5468887686729431,0.2838303744792938,0.4995979964733124,0.39158371090888977,0.05731300264596939,0.0529918409883976,0.765630304813385,0.665140688419342,0.7432279586791992,0.06323307752609253,cut_roasted_beef_depth_136_cam00_0134
221,"[432, 368, 528, 464]",1.0,1.0,1.0,cut_roasted_beef,cam00,cam00_0124,124,/leonardo_work/EUHPC_D21_034/proj_adags/repo/adags/refine-logs/depth_occlusion_support/r031_da3_depth_full/depth_npz/cut_roasted_beef/cam00_0124.npz,/leonardo_work/EUHPC_D21_034/proj_adags/data/n3v/cut_roasted_beef/motion_priors/masks/cam00_0124.png,/leonardo_work/EUHPC_D21_034/proj_adags/data/n3v/cut_roasted_beef/flow/cam00_0124.npz,0,0.18262577056884766,0.5989652872085571,0.3148476481437683,0.48684215545654297,0.3960680365562439,0.059731803834438324,0.07647374272346497,0.5795606970787048,0.6681926250457764,0.7460640072822571,0.06905687600374222,cut_roasted_beef_depth_137_cam00_0124
204,"[208, 368, 304, 464]",1.0,1.0,1.0,cut_roasted_beef,cam00,cam00_0128,128,/leonardo_work/EUHPC_D21_034/proj_adags/repo/adags/refine-logs/depth_occlusion_support/r031_da3_depth_full/depth_npz/cut_roasted_beef/cam00_0128.npz,/leonardo_work/EUHPC_D21_034/proj_adags/data/n3v/cut_roasted_beef/motion_priors/masks/cam00_0128.png,/leonardo_work/EUHPC_D21_034/proj_adags/data/n3v/cut_roasted_beef/flow/cam00_0128.npz,0,0.180617555975914,0.5273521542549133,0.2655121684074402,0.4387720823287964,0.3952083885669708,0.06545347720384598,0.06452855467796326,0.610255241394043,0.6675478219985962,0.7445204854011536,0.06966376304626465,cut_roasted_beef_depth_138_cam00_0128
197,"[0, 304, 96, 400]",1.0,1.0,1.0,cut_roasted_beef,cam00,cam00_0154,154,/leonardo_work/EUHPC_D21_034/proj_adags/repo/adags/refine-logs/depth_occlusion_support/r031_da3_depth_full/depth_npz/cut_roasted_beef/cam00_0154.npz,/leonardo_work/EUHPC_D21_034/proj_adags/data/n3v/cut_roasted_beef/motion_priors/masks/cam00_0154.png,/leonardo_work/EUHPC_D21_034/proj_adags/data/n3v/cut_roasted_beef/flow/cam00_0154.npz,0,0.15298400819301605,0.556742250919342,0.258661687374115,0.5344020128250122,0.3925338387489319,0.05867850035429001,0.058993615210056305,0.5372273325920105,0.6654995679855347,0.745392918586731,0.06446144729852676,cut_roasted_beef_depth_139_cam00_0154
193,"[272, 240, 368, 336]",1.0,1.0,1.0,cut_roasted_beef,cam00,cam00_0268,268,/leonardo_work/EUHPC_D21_034/proj_adags/repo/adags/refine-logs/depth_occlusion_support/r031_da3_depth_full/depth_npz/cut_roasted_beef/cam00_0268.npz,/leonardo_work/EUHPC_D21_034/proj_adags/data/n3v/cut_roasted_beef/motion_priors/masks/cam00_0268.png,/leonardo_work/EUHPC_D21_034/proj_adags/data/n3v/cut_roasted_beef/flow/cam00_0268.npz,0,0.1859503537416458,0.38833311200141907,0.31008052825927734,0.49714577198028564,0.38779494166374207,0.048632752150297165,0.0564931184053421,0.4457651972770691,0.6672443747520447,0.7482901811599731,0.05683741346001625,cut_roasted_beef_depth_140_cam00_0268
188,"[256, 256, 352, 352]",1.0,1.0,1.0,cut_roasted_beef,cam00,cam00_0268,268,/leonardo_work/EUHPC_D21_034/proj_adags/repo/adags/refine-logs/depth_occlusion_support/r031_da3_depth_full/depth_npz/cut_roasted_beef/cam00_0268.npz,/leonardo_work/EUHPC_D21_034/proj_adags/data/n3v/cut_roasted_beef/motion_priors/masks/cam00_0268.png,/leonardo_work/EUHPC_D21_034/proj_adags/data/n3v/cut_roasted_beef/flow/cam00_0268.npz,1,0.1859503537416458,0.38833311200141907,0.31008052825927734,0.49714577198028564,0.38779494166374207,0.048632752150297165,0.0564931184053421,0.4457651972770691,0.6672443747520447,0.7482901811599731,0.05683741346001625,cut_roasted_beef_depth_141_cam00_0268
185,"[256, 208, 352, 304]",1.0,1.0,1.0,cut_roasted_beef,cam00,cam00_0160,160,/leonardo_work/EUHPC_D21_034/proj_adags/repo/adags/refine-logs/depth_occlusion_support/r031_da3_depth_full/depth_npz/cut_roasted_beef/cam00_0160.npz,/leonardo_work/EUHPC_D21_034/proj_adags/data/n3v/cut_roasted_beef/motion_priors/masks/cam00_0160.png,/leonardo_work/EUHPC_D21_034/proj_adags/data/n3v/cut_roasted_beef/flow/cam00_0160.npz,0,0.15467217564582825,0.5083901286125183,0.26192277669906616,0.5159550905227661,0.39900609850883484,0.07120431959629059,0.07649417221546173,0.418306440114975,0.6656162738800049,0.745993971824646,0.06541554629802704,cut_roasted_beef_depth_142_cam00_0160
178,"[272, 224, 368, 320]",1.0,1.0,1.0,cut_roasted_beef,cam00,cam00_0268,268,/leonardo_work/EUHPC_D21_034/proj_adags/repo/adags/refine-logs/depth_occlusion_support/r031_da3_depth_full/depth_npz/cut_roasted_beef/cam00_0268.npz,/leonardo_work/EUHPC_D21_034/proj_adags/data/n3v/cut_roasted_beef/motion_priors/masks/cam00_0268.png,/leonardo_work/EUHPC_D21_034/proj_adags/data/n3v/cut_roasted_beef/flow/cam00_0268.npz,2,0.1859503537416458,0.38833311200141907,0.31008052825927734,0.49714577198028564,0.38779494166374207,0.048632752150297165,0.0564931184053421,0.4457651972770691,0.6672443747520447,0.7482901811599731,0.05683741346001625,cut_roasted_beef_depth_143_cam00_0268
173,"[432, 384, 528, 480]",1.0,1.0,1.0,cut_roasted_beef,cam00,cam00_0124,124,/leonardo_work/EUHPC_D21_034/proj_adags/repo/adags/refine-logs/depth_occlusion_support/r031_da3_depth_full/depth_npz/cut_roasted_beef/cam00_0124.npz,/leonardo_work/EUHPC_D21_034/proj_adags/data/n3v/cut_roasted_beef/motion_priors/masks/cam00_0124.png,/leonardo_work/EUHPC_D21_034/proj_adags/data/n3v/cut_roasted_beef/flow/cam00_0124.npz,1,0.18262577056884766,0.5989652872085571,0.3148476481437683,0.48684215545654297,0.3960680365562439,0.059731803834438324,0.07647374272346497,0.5795606970787048,0.6681926250457764,0.7460640072822571,0.06905687600374222,cut_roasted_beef_depth_144_cam00_0124
153,"[0, 288, 96, 384]",1.0,1.0,1.0,cut_roasted_beef,cam00,cam00_0154,154,/leonardo_work/EUHPC_D21_034/proj_adags/repo/adags/refine-logs/depth_occlusion_support/r031_da3_depth_full/depth_npz/cut_roasted_beef/cam00_0154.npz,/leonardo_work/EUHPC_D21_034/proj_adags/data/n3v/cut_roasted_beef/motion_priors/masks/cam00_0154.png,/leonardo_work/EUHPC_D21_034/proj_adags/data/n3v/cut_roasted_beef/flow/cam00_0154.npz,1,0.15298400819301605,0.556742250919342,0.258661687374115,0.5344020128250122,0.3925338387489319,0.05867850035429001,0.058993615210056305,0.5372273325920105,0.6654995679855347,0.745392918586731,0.06446144729852676,cut_roasted_beef_depth_145_cam00_0154
153,"[48, 368, 144, 464]",1.0,1.0,1.0,cut_roasted_beef,cam00,cam00_0255,255,/leonardo_work/EUHPC_D21_034/proj_adags/repo/adags/refine-logs/depth_occlusion_support/r031_da3_depth_full/depth_npz/cut_roasted_beef/cam00_0255.npz,/leonardo_work/EUHPC_D21_034/proj_adags/data/n3v/cut_roasted_beef/motion_priors/masks/cam00_0255.png,/leonardo_work/EUHPC_D21_034/proj_adags/data/n3v/cut_roasted_beef/flow/cam00_0255.npz,0,0.184986874461174,0.35481566190719604,0.30961617827415466,0.4909226596355438,0.3917839825153351,0.0648174062371254,0.06412006914615631,0.4692091643810272,0.6614410281181335,0.7439807057380676,0.06539511680603027,cut_roasted_beef_depth_146_cam00_0255
153,"[48, 384, 144, 480]",1.0,1.0,1.0,cut_roasted_beef,cam00,cam00_0255,255,/leonardo_work/EUHPC_D21_034/proj_adags/repo/adags/refine-logs/depth_occlusion_support/r031_da3_depth_full/depth_npz/cut_roasted_beef/cam00_0255.npz,/leonardo_work/EUHPC_D21_034/proj_adags/data/n3v/cut_roasted_beef/motion_priors/masks/cam00_0255.png,/leonardo_work/EUHPC_D21_034/proj_adags/data/n3v/cut_roasted_beef/flow/cam00_0255.npz,1,0.184986874461174,0.35481566190719604,0.30961617827415466,0.4909226596355438,0.3917839825153351,0.0648174062371254,0.06412006914615631,0.4692091643810272,0.6614410281181335,0.7439807057380676,0.06539511680603027,cut_roasted_beef_depth_147_cam00_0255
144,"[400, 160, 496, 256]",1.0,1.0,1.0,cut_roasted_beef,cam00,cam00_0255,255,/leonardo_work/EUHPC_D21_034/proj_adags/repo/adags/refine-logs/depth_occlusion_support/r031_da3_depth_full/depth_npz/cut_roasted_beef/cam00_0255.npz,/leonardo_work/EUHPC_D21_034/proj_adags/data/n3v/cut_roasted_beef/motion_priors/masks/cam00_0255.png,/leonardo_work/EUHPC_D21_034/proj_adags/data/n3v/cut_roasted_beef/flow/cam00_0255.npz,2,0.184986874461174,0.35481566190719604,0.30961617827415466,0.4909226596355438,0.3917839825153351,0.0648174062371254,0.06412006914615631,0.4692091643810272,0.6614410281181335,0.7439807057380676,0.06539511680603027,cut_roasted_beef_depth_148_cam00_0255
143,"[432, 256, 528, 352]",1.0,1.0,1.0,cut_roasted_beef,cam00,cam00_0124,124,/leonardo_work/EUHPC_D21_034/proj_adags/repo/adags/refine-logs/depth_occlusion_support/r031_da3_depth_full/depth_npz/cut_roasted_beef/cam00_0124.npz,/leonardo_work/EUHPC_D21_034/proj_adags/data/n3v/cut_roasted_beef/motion_priors/masks/cam00_0124.png,/leonardo_work/EUHPC_D21_034/proj_adags/data/n3v/cut_roasted_beef/flow/cam00_0124.npz,2,0.18262577056884766,0.5989652872085571,0.3148476481437683,0.48684215545654297,0.3960680365562439,0.059731803834438324,0.07647374272346497,0.5795606970787048,0.6681926250457764,0.7460640072822571,0.06905687600374222,cut_roasted_beef_depth_149_cam00_0124
141,"[272, 208, 368, 304]",1.0,1.0,1.0,cut_roasted_beef,cam00,cam00_0268,268,/leonardo_work/EUHPC_D21_034/proj_adags/repo/adags/refine-logs/depth_occlusion_support/r031_da3_depth_full/depth_npz/cut_roasted_beef/cam00_0268.npz,/leonardo_work/EUHPC_D21_034/proj_adags/data/n3v/cut_roasted_beef/motion_priors/masks/cam00_0268.png,/leonardo_work/EUHPC_D21_034/proj_adags/data/n3v/cut_roasted_beef/flow/cam00_0268.npz,3,0.1859503537416458,0.38833311200141907,0.31008052825927734,0.49714577198028564,0.38779494166374207,0.048632752150297165,0.0564931184053421,0.4457651972770691,0.6672443747520447,0.7482901811599731,0.05683741346001625,cut_roasted_beef_depth_150_cam00_0268
136,"[416, 224, 512, 320]",1.0,1.0,1.0,cut_roasted_beef,cam00,cam00_0255,255,/leonardo_work/EUHPC_D21_034/proj_adags/repo/adags/refine-logs/depth_occlusion_support/r031_da3_depth_full/depth_npz/cut_roasted_beef/cam00_0255.npz,/leonardo_work/EUHPC_D21_034/proj_adags/data/n3v/cut_roasted_beef/motion_priors/masks/cam00_0255.png,/leonardo_work/EUHPC_D21_034/proj_adags/data/n3v/cut_roasted_beef/flow/cam00_0255.npz,3,0.184986874461174,0.35481566190719604,0.30961617827415466,0.4909226596355438,0.3917839825153351,0.0648174062371254,0.06412006914615631,0.4692091643810272,0.6614410281181335,0.7439807057380676,0.06539511680603027,cut_roasted_beef_depth_151_cam00_0255
135,"[240, 224, 336, 320]",1.0,1.0,1.0,cut_roasted_beef,cam00,cam00_0103,103,/leonardo_work/EUHPC_D21_034/proj_adags/repo/adags/refine-logs/depth_occlusion_support/r031_da3_depth_full/depth_npz/cut_roasted_beef/cam00_0103.npz,/leonardo_work/EUHPC_D21_034/proj_adags/data/n3v/cut_roasted_beef/motion_priors/masks/cam00_0103.png,/leonardo_work/EUHPC_D21_034/proj_adags/data/n3v/cut_roasted_beef/flow/cam00_0103.npz,0,0.17993102967739105,0.40574294328689575,0.3183326721191406,0.4685417413711548,0.3805684447288513,0.04682959243655205,0.04017716646194458,0.6309010982513428,0.6673290133476257,0.7416260838508606,0.05902862921357155,cut_roasted_beef_depth_152_cam00_0103
135,"[208, 384, 304, 480]",1.0,1.0,1.0,cut_roasted_beef,cam00,cam00_0128,128,/leonardo_work/EUHPC_D21_034/proj_adags/repo/adags/refine-logs/depth_occlusion_support/r031_da3_depth_full/depth_npz/cut_roasted_beef/cam00_0128.npz,/leonardo_work/EUHPC_D21_034/proj_adags/data/n3v/cut_roasted_beef/motion_priors/masks/cam00_0128.png,/leonardo_work/EUHPC_D21_034/proj_adags/data/n3v/cut_roasted_beef/flow/cam00_0128.npz,1,0.180617555975914,0.5273521542549133,0.2655121684074402,0.4387720823287964,0.3952083885669708,0.06545347720384598,0.06452855467796326,0.610255241394043,0.6675478219985962,0.7445204854011536,0.06966376304626465,cut_roasted_beef_depth_153_cam00_0128
132,"[208, 368, 304, 464]",1.0,1.0,1.0,cut_roasted_beef,cam00,cam00_0118,118,/leonardo_work/EUHPC_D21_034/proj_adags/repo/adags/refine-logs/depth_occlusion_support/r031_da3_depth_full/depth_npz/cut_roasted_beef/cam00_0118.npz,/leonardo_work/EUHPC_D21_034/proj_adags/data/n3v/cut_roasted_beef/motion_priors/masks/cam00_0118.png,/leonardo_work/EUHPC_D21_034/proj_adags/data/n3v/cut_roasted_beef/flow/cam00_0118.npz,0,0.1756248027086258,0.4969610869884491,0.2650105953216553,0.38554081320762634,0.38320013880729675,0.04653490334749222,0.05313481017947197,0.4375751316547394,0.6704947352409363,0.7433271408081055,0.06112939491868019,cut_roasted_beef_depth_154_cam00_0118
130,"[320, 144, 416, 240]",1.0,1.0,1.0,cut_roasted_beef,cam00,cam00_0104,104,/leonardo_work/EUHPC_D21_034/proj_adags/repo/adags/refine-logs/depth_occlusion_support/r031_da3_depth_full/depth_npz/cut_roasted_beef/cam00_0104.npz,/leonardo_work/EUHPC_D21_034/proj_adags/data/n3v/cut_roasted_beef/motion_priors/masks/cam00_0104.png,/leonardo_work/EUHPC_D21_034/proj_adags/data/n3v/cut_roasted_beef/flow/cam00_0104.npz,0,0.17960046231746674,0.38203680515289307,0.28262650966644287,0.49581843614578247,0.38554897904396057,0.04688502848148346,0.056002940982580185,0.5344554781913757,0.6681313514709473,0.742469310760498,0.06118191406130791,cut_roasted_beef_depth_155_cam00_0104
130,"[336, 144, 432, 240]",1.0,1.0,1.0,cut_roasted_beef,cam00,cam00_0104,104,/leonardo_work/EUHPC_D21_034/proj_adags/repo/adags/refine-logs/depth_occlusion_support/r031_da3_depth_full/depth_npz/cut_roasted_beef/cam00_0104.npz,/leonardo_work/EUHPC_D21_034/proj_adags/data/n3v/cut_roasted_beef/motion_priors/masks/cam00_0104.png,/leonardo_work/EUHPC_D21_034/proj_adags/data/n3v/cut_roasted_beef/flow/cam00_0104.npz,1,0.17960046231746674,0.38203680515289307,0.28262650966644287,0.49581843614578247,0.38554897904396057,0.04688502848148346,0.056002940982580185,0.5344554781913757,0.6681313514709473,0.742469310760498,0.06118191406130791,cut_roasted_beef_depth_156_cam00_0104
130,"[352, 144, 448, 240]",1.0,1.0,1.0,cut_roasted_beef,cam00,cam00_0104,104,/leonardo_work/EUHPC_D21_034/proj_adags/repo/adags/refine-logs/depth_occlusion_support/r031_da3_depth_full/depth_npz/cut_roasted_beef/cam00_0104.npz,/leonardo_work/EUHPC_D21_034/proj_adags/data/n3v/cut_roasted_beef/motion_priors/masks/cam00_0104.png,/leonardo_work/EUHPC_D21_034/proj_adags/data/n3v/cut_roasted_beef/flow/cam00_0104.npz,2,0.17960046231746674,0.38203680515289307,0.28262650966644287,0.49581843614578247,0.38554897904396057,0.04688502848148346,0.056002940982580185,0.5344554781913757,0.6681313514709473,0.742469310760498,0.06118191406130791,cut_roasted_beef_depth_157_cam00_0104
129,"[304, 144, 400, 240]",1.0,1.0,1.0,cut_roasted_beef,cam00,cam00_0104,104,/leonardo_work/EUHPC_D21_034/proj_adags/repo/adags/refine-logs/depth_occlusion_support/r031_da3_depth_full/depth_npz/cut_roasted_beef/cam00_0104.npz,/leonardo_work/EUHPC_D21_034/proj_adags/data/n3v/cut_roasted_beef/motion_priors/masks/cam00_0104.png,/leonardo_work/EUHPC_D21_034/proj_adags/data/n3v/cut_roasted_beef/flow/cam00_0104.npz,3,0.17960046231746674,0.38203680515289307,0.28262650966644287,0.49581843614578247,0.38554897904396057,0.04688502848148346,0.056002940982580185,0.5344554781913757,0.6681313514709473,0.742469310760498,0.06118191406130791,cut_roasted_beef_depth_158_cam00_0104
128,"[208, 240, 304, 336]",1.0,1.0,1.0,cut_roasted_beef,cam00,cam00_0211,211,/leonardo_work/EUHPC_D21_034/proj_adags/repo/adags/refine-logs/depth_occlusion_support/r031_da3_depth_full/depth_npz/cut_roasted_beef/cam00_0211.npz,/leonardo_work/EUHPC_D21_034/proj_adags/data/n3v/cut_roasted_beef/motion_priors/masks/cam00_0211.png,/leonardo_work/EUHPC_D21_034/proj_adags/data/n3v/cut_roasted_beef/flow/cam00_0211.npz,0,0.18732838332653046,0.49852293729782104,0.3115602731704712,0.4922936260700226,0.3880517780780792,0.05527934432029724,0.059994399547576904,0.3917084038257599,0.659299373626709,0.7570551037788391,0.06417842209339142,cut_roasted_beef_depth_159_cam00_0211
126,"[64, 400, 160, 496]",1.0,1.0,1.0,cut_roasted_beef,cam00,cam00_0124,124,/leonardo_work/EUHPC_D21_034/proj_adags/repo/adags/refine-logs/depth_occlusion_support/r031_da3_depth_full/depth_npz/cut_roasted_beef/cam00_0124.npz,/leonardo_work/EUHPC_D21_034/proj_adags/data/n3v/cut_roasted_beef/motion_priors/masks/cam00_0124.png,/leonardo_work/EUHPC_D21_034/proj_adags/data/n3v/cut_roasted_beef/flow/cam00_0124.npz,3,0.18262577056884766,0.5989652872085571,0.3148476481437683,0.48684215545654297,0.3960680365562439,0.059731803834438324,0.07647374272346497,0.5795606970787048,0.6681926250457764,0.7460640072822571,0.06905687600374222,cut_roasted_beef_depth_160_cam00_0124
124,"[384, 160, 480, 256]",1.0,1.0,1.0,cut_roasted_beef,cam00,cam00_0128,128,/leonardo_work/EUHPC_D21_034/proj_adags/repo/adags/refine-logs/depth_occlusion_support/r031_da3_depth_full/depth_npz/cut_roasted_beef/cam00_0128.npz,/leonardo_work/EUHPC_D21_034/proj_adags/data/n3v/cut_roasted_beef/motion_priors/masks/cam00_0128.png,/leonardo_work/EUHPC_D21_034/proj_adags/data/n3v/cut_roasted_beef/flow/cam00_0128.npz,2,0.180617555975914,0.5273521542549133,0.2655121684074402,0.4387720823287964,0.3952083885669708,0.06545347720384598,0.06452855467796326,0.610255241394043,0.6675478219985962,0.7445204854011536,0.06966376304626465,cut_roasted_beef_depth_161_cam00_0128
122,"[384, 160, 480, 256]",1.0,1.0,1.0,cut_roasted_beef,cam00,cam00_0136,136,/leonardo_work/EUHPC_D21_034/proj_adags/repo/adags/refine-logs/depth_occlusion_support/r031_da3_depth_full/depth_npz/cut_roasted_beef/cam00_0136.npz,/leonardo_work/EUHPC_D21_034/proj_adags/data/n3v/cut_roasted_beef/motion_priors/masks/cam00_0136.png,/leonardo_work/EUHPC_D21_034/proj_adags/data/n3v/cut_roasted_beef/flow/cam00_0136.npz,0,0.18576772511005402,0.5097262859344482,0.3198823928833008,0.4893728792667389,0.38511884212493896,0.051448363810777664,0.044848453253507614,0.5283545255661011,0.6639794111251831,0.7430820465087891,0.06643383204936981,cut_roasted_beef_depth_162_cam00_0136
122,"[384, 176, 480, 272]",1.0,1.0,1.0,cut_roasted_beef,cam00,cam00_0136,136,/leonardo_work/EUHPC_D21_034/proj_adags/repo/adags/refine-logs/depth_occlusion_support/r031_da3_depth_full/depth_npz/cut_roasted_beef/cam00_0136.npz,/leonardo_work/EUHPC_D21_034/proj_adags/data/n3v/cut_roasted_beef/motion_priors/masks/cam00_0136.png,/leonardo_work/EUHPC_D21_034/proj_adags/data/n3v/cut_roasted_beef/flow/cam00_0136.npz,1,0.18576772511005402,0.5097262859344482,0.3198823928833008,0.4893728792667389,0.38511884212493896,0.051448363810777664,0.044848453253507614,0.5283545255661011,0.6639794111251831,0.7430820465087891,0.06643383204936981,cut_roasted_beef_depth_163_cam00_0136
119,"[224, 224, 320, 320]",1.0,1.0,1.0,cut_roasted_beef,cam00,cam00_0103,103,/leonardo_work/EUHPC_D21_034/proj_adags/repo/adags/refine-logs/depth_occlusion_support/r031_da3_depth_full/depth_npz/cut_roasted_beef/cam00_0103.npz,/leonardo_work/EUHPC_D21_034/proj_adags/data/n3v/cut_roasted_beef/motion_priors/masks/cam00_0103.png,/leonardo_work/EUHPC_D21_034/proj_adags/data/n3v/cut_roasted_beef/flow/cam00_0103.npz,1,0.17993102967739105,0.40574294328689575,0.3183326721191406,0.4685417413711548,0.3805684447288513,0.04682959243655205,0.04017716646194458,0.6309010982513428,0.6673290133476257,0.7416260838508606,0.05902862921357155,cut_roasted_beef_depth_164_cam00_0103
119,"[416, 240, 512, 336]",1.0,1.0,1.0,cut_roasted_beef,cam00,cam00_0136,136,/leonardo_work/EUHPC_D21_034/proj_adags/repo/adags/refine-logs/depth_occlusion_support/r031_da3_depth_full/depth_npz/cut_roasted_beef/cam00_0136.npz,/leonardo_work/EUHPC_D21_034/proj_adags/data/n3v/cut_roasted_beef/motion_priors/masks/cam00_0136.png,/leonardo_work/EUHPC_D21_034/proj_adags/data/n3v/cut_roasted_beef/flow/cam00_0136.npz,2,0.18576772511005402,0.5097262859344482,0.3198823928833008,0.4893728792667389,0.38511884212493896,0.051448363810777664,0.044848453253507614,0.5283545255661011,0.6639794111251831,0.7430820465087891,0.06643383204936981,cut_roasted_beef_depth_165_cam00_0136
117,"[240, 208, 336, 304]",1.0,1.0,1.0,cut_roasted_beef,cam00,cam00_0160,160,/leonardo_work/EUHPC_D21_034/proj_adags/repo/adags/refine-logs/depth_occlusion_support/r031_da3_depth_full/depth_npz/cut_roasted_beef/cam00_0160.npz,/leonardo_work/EUHPC_D21_034/proj_adags/data/n3v/cut_roasted_beef/motion_priors/masks/cam00_0160.png,/leonardo_work/EUHPC_D21_034/proj_adags/data/n3v/cut_roasted_beef/flow/cam00_0160.npz,1,0.15467217564582825,0.5083901286125183,0.26192277669906616,0.5159550905227661,0.39900609850883484,0.07120431959629059,0.07649417221546173,0.418306440114975,0.6656162738800049,0.745993971824646,0.06541554629802704,cut_roasted_beef_depth_166_cam00_0160
113,"[240, 208, 336, 304]",1.0,1.0,1.0,cut_roasted_beef,cam00,cam00_0254,254,/leonardo_work/EUHPC_D21_034/proj_adags/repo/adags/refine-logs/depth_occlusion_support/r031_da3_depth_full/depth_npz/cut_roasted_beef/cam00_0254.npz,/leonardo_work/EUHPC_D21_034/proj_adags/data/n3v/cut_roasted_beef/motion_priors/masks/cam00_0254.png,/leonardo_work/EUHPC_D21_034/proj_adags/data/n3v/cut_roasted_beef/flow/cam00_0254.npz,0,0.18443907797336578,0.40903010964393616,0.30569157004356384,0.4955759346485138,0.3906933069229126,0.06527257710695267,0.06357736885547638,0.2894594073295593,0.6612046957015991,0.7439194321632385,0.06186757981777191,cut_roasted_beef_depth_167_cam00_0254
111,"[256, 192, 352, 288]",1.0,1.0,1.0,cut_roasted_beef,cam00,cam00_0160,160,/leonardo_work/EUHPC_D21_034/proj_adags/repo/adags/refine-logs/depth_occlusion_support/r031_da3_depth_full/depth_npz/cut_roasted_beef/cam00_0160.npz,/leonardo_work/EUHPC_D21_034/proj_adags/data/n3v/cut_roasted_beef/motion_priors/masks/cam00_0160.png,/leonardo_work/EUHPC_D21_034/proj_adags/data/n3v/cut_roasted_beef/flow/cam00_0160.npz,2,0.15467217564582825,0.5083901286125183,0.26192277669906616,0.5159550905227661,0.39900609850883484,0.07120431959629059,0.07649417221546173,0.418306440114975,0.6656162738800049,0.745993971824646,0.06541554629802704,cut_roasted_beef_depth_168_cam00_0160
111,"[240, 208, 336, 304]",1.0,1.0,1.0,cut_roasted_beef,cam00,cam00_0242,242,/leonardo_work/EUHPC_D21_034/proj_adags/repo/adags/refine-logs/depth_occlusion_support/r031_da3_depth_full/depth_npz/cut_roasted_beef/cam00_0242.npz,/leonardo_work/EUHPC_D21_034/proj_adags/data/n3v/cut_roasted_beef/motion_priors/masks/cam00_0242.png,/leonardo_work/EUHPC_D21_034/proj_adags/data/n3v/cut_roasted_beef/flow/cam00_0242.npz,0,0.1812528371810913,0.4092869460582733,0.24922317266464233,0.4350232481956482,0.3860296607017517,0.049896128475666046,0.06461316347122192,0.5999264717102051,0.661035418510437,0.7461048364639282,0.059693872928619385,cut_roasted_beef_depth_169_cam00_0242
110,"[400, 208, 496, 304]",1.0,1.0,1.0,cut_roasted_beef,cam00,cam00_0119,119,/leonardo_work/EUHPC_D21_034/proj_adags/repo/adags/refine-logs/depth_occlusion_support/r031_da3_depth_full/depth_npz/cut_roasted_beef/cam00_0119.npz,/leonardo_work/EUHPC_D21_034/proj_adags/data/n3v/cut_roasted_beef/motion_priors/masks/cam00_0119.png,/leonardo_work/EUHPC_D21_034/proj_adags/data/n3v/cut_roasted_beef/flow/cam00_0119.npz,0,0.1768273115158081,0.41114863753318787,0.26904481649398804,0.3803328573703766,0.38711443543434143,0.0504242368042469,0.060957249253988266,0.38949382305145264,0.6704859733581543,0.7444300651550293,0.06792771071195602,cut_roasted_beef_depth_170_cam00_0119
110,"[416, 240, 512, 336]",1.0,1.0,1.0,cut_roasted_beef,cam00,cam00_0135,135,/leonardo_work/EUHPC_D21_034/proj_adags/repo/adags/refine-logs/depth_occlusion_support/r031_da3_depth_full/depth_npz/cut_roasted_beef/cam00_0135.npz,/leonardo_work/EUHPC_D21_034/proj_adags/data/n3v/cut_roasted_beef/motion_priors/masks/cam00_0135.png,/leonardo_work/EUHPC_D21_034/proj_adags/data/n3v/cut_roasted_beef/flow/cam00_0135.npz,0,0.18254435062408447,0.3773435056209564,0.2833506762981415,0.4952137768268585,0.3824135363101959,0.05328945070505142,0.03208046033978462,0.7261242270469666,0.6648664474487305,0.7430353760719299,0.06192301958799362,cut_roasted_beef_depth_171_cam00_0135
108,"[400, 160, 496, 256]",1.0,1.0,1.0,cut_roasted_beef,cam00,cam00_0252,252,/leonardo_work/EUHPC_D21_034/proj_adags/repo/adags/refine-logs/depth_occlusion_support/r031_da3_depth_full/depth_npz/cut_roasted_beef/cam00_0252.npz,/leonardo_work/EUHPC_D21_034/proj_adags/data/n3v/cut_roasted_beef/motion_priors/masks/cam00_0252.png,/leonardo_work/EUHPC_D21_034/proj_adags/data/n3v/cut_roasted_beef/flow/cam00_0252.npz,0,0.18364112079143524,0.5175129771232605,0.2815692126750946,0.478706032037735,0.38968053460121155,0.062564916908741,0.06407922506332397,0.30482417345046997,0.6607378125190735,0.744217038154602,0.06376118957996368,cut_roasted_beef_depth_172_cam00_0252
107,"[448, 336, 544, 432]",1.0,1.0,1.0,cut_roasted_beef,cam00,cam00_0119,119,/leonardo_work/EUHPC_D21_034/proj_adags/repo/adags/refine-logs/depth_occlusion_support/r031_da3_depth_full/depth_npz/cut_roasted_beef/cam00_0119.npz,/leonardo_work/EUHPC_D21_034/proj_adags/data/n3v/cut_roasted_beef/motion_priors/masks/cam00_0119.png,/leonardo_work/EUHPC_D21_034/proj_adags/data/n3v/cut_roasted_beef/flow/cam00_0119.npz,1,0.1768273115158081,0.41114863753318787,0.26904481649398804,0.3803328573703766,0.38711443543434143,0.0504242368042469,0.060957249253988266,0.38949382305145264,0.6704859733581543,0.7444300651550293,0.06792771071195602,cut_roasted_beef_depth_173_cam00_0119
105,"[256, 192, 352, 288]",1.0,1.0,1.0,cut_roasted_beef,cam00,cam00_0128,128,/leonardo_work/EUHPC_D21_034/proj_adags/repo/adags/refine-logs/depth_occlusion_support/r031_da3_depth_full/depth_npz/cut_roasted_beef/cam00_0128.npz,/leonardo_work/EUHPC_D21_034/proj_adags/data/n3v/cut_roasted_beef/motion_priors/masks/cam00_0128.png,/leonardo_work/EUHPC_D21_034/proj_adags/data/n3v/cut_roasted_beef/flow/cam00_0128.npz,3,0.180617555975914,0.5273521542549133,0.2655121684074402,0.4387720823287964,0.3952083885669708,0.06545347720384598,0.06452855467796326,0.610255241394043,0.6675478219985962,0.7445204854011536,0.06966376304626465,cut_roasted_beef_depth_174_cam00_0128
105,"[384, 144, 480, 240]",1.0,1.0,1.0,cut_roasted_beef,cam00,cam00_0252,252,/leonardo_work/EUHPC_D21_034/proj_adags/repo/adags/refine-logs/depth_occlusion_support/r031_da3_depth_full/depth_npz/cut_roasted_beef/cam00_0252.npz,/leonardo_work/EUHPC_D21_034/proj_adags/data/n3v/cut_roasted_beef/motion_priors/masks/cam00_0252.png,/leonardo_work/EUHPC_D21_034/proj_adags/data/n3v/cut_roasted_beef/flow/cam00_0252.npz,1,0.18364112079143524,0.5175129771232605,0.2815692126750946,0.478706032037735,0.38968053460121155,0.062564916908741,0.06407922506332397,0.30482417345046997,0.6607378125190735,0.744217038154602,0.06376118957996368,cut_roasted_beef_depth_175_cam00_0252
103,"[144, 336, 240, 432]",1.0,1.0,1.0,cut_roasted_beef,cam00,cam00_0049,49,/leonardo_work/EUHPC_D21_034/proj_adags/repo/adags/refine-logs/depth_occlusion_support/r031_da3_depth_full/depth_npz/cut_roasted_beef/cam00_0049.npz,/leonardo_work/EUHPC_D21_034/proj_adags/data/n3v/cut_roasted_beef/motion_priors/masks/cam00_0049.png,/leonardo_work/EUHPC_D21_034/proj_adags/data/n3v/cut_roasted_beef/flow/cam00_0049.npz,0,0.1850423365831375,0.4534516930580139,0.2969658374786377,0.4565400779247284,0.37918198108673096,0.050284188240766525,0.0585588738322258,0.6490814685821533,0.6520692706108093,0.7281666398048401,0.05454991012811661,cut_roasted_beef_depth_176_cam00_0049
103,"[160, 336, 256, 432]",1.0,1.0,1.0,cut_roasted_beef,cam00,cam00_0049,49,/leonardo_work/EUHPC_D21_034/proj_adags/repo/adags/refine-logs/depth_occlusion_support/r031_da3_depth_full/depth_npz/cut_roasted_beef/cam00_0049.npz,/leonardo_work/EUHPC_D21_034/proj_adags/data/n3v/cut_roasted_beef/motion_priors/masks/cam00_0049.png,/leonardo_work/EUHPC_D21_034/proj_adags/data/n3v/cut_roasted_beef/flow/cam00_0049.npz,1,0.1850423365831375,0.4534516930580139,0.2969658374786377,0.4565400779247284,0.37918198108673096,0.050284188240766525,0.0585588738322258,0.6490814685821533,0.6520692706108093,0.7281666398048401,0.05454991012811661,cut_roasted_beef_depth_177_cam00_0049
103,"[176, 336, 272, 432]",1.0,1.0,1.0,cut_roasted_beef,cam00,cam00_0049,49,/leonardo_work/EUHPC_D21_034/proj_adags/repo/adags/refine-logs/depth_occlusion_support/r031_da3_depth_full/depth_npz/cut_roasted_beef/cam00_0049.npz,/leonardo_work/EUHPC_D21_034/proj_adags/data/n3v/cut_roasted_beef/motion_priors/masks/cam00_0049.png,/leonardo_work/EUHPC_D21_034/proj_adags/data/n3v/cut_roasted_beef/flow/cam00_0049.npz,2,0.1850423365831375,0.4534516930580139,0.2969658374786377,0.4565400779247284,0.37918198108673096,0.050284188240766525,0.0585588738322258,0.6490814685821533,0.6520692706108093,0.7281666398048401,0.05454991012811661,cut_roasted_beef_depth_178_cam00_0049
102,"[112, 336, 208, 432]",1.0,1.0,1.0,cut_roasted_beef,cam00,cam00_0049,49,/leonardo_work/EUHPC_D21_034/proj_adags/repo/adags/refine-logs/depth_occlusion_support/r031_da3_depth_full/depth_npz/cut_roasted_beef/cam00_0049.npz,/leonardo_work/EUHPC_D21_034/proj_adags/data/n3v/cut_roasted_beef/motion_priors/masks/cam00_0049.png,/leonardo_work/EUHPC_D21_034/proj_adags/data/n3v/cut_roasted_beef/flow/cam00_0049.npz,3,0.1850423365831375,0.4534516930580139,0.2969658374786377,0.4565400779247284,0.37918198108673096,0.050284188240766525,0.0585588738322258,0.6490814685821533,0.6520692706108093,0.7281666398048401,0.05454991012811661,cut_roasted_beef_depth_179_cam00_0049
100,"[96, 320, 192, 416]",1.0,1.0,1.0,cut_roasted_beef,cam00,cam00_0119,119,/leonardo_work/EUHPC_D21_034/proj_adags/repo/adags/refine-logs/depth_occlusion_support/r031_da3_depth_full/depth_npz/cut_roasted_beef/cam00_0119.npz,/leonardo_work/EUHPC_D21_034/proj_adags/data/n3v/cut_roasted_beef/motion_priors/masks/cam00_0119.png,/leonardo_work/EUHPC_D21_034/proj_adags/data/n3v/cut_roasted_beef/flow/cam00_0119.npz,2,0.1768273115158081,0.41114863753318787,0.26904481649398804,0.3803328573703766,0.38711443543434143,0.0504242368042469,0.060957249253988266,0.38949382305145264,0.6704859733581543,0.7444300651550293,0.06792771071195602,cut_roasted_beef_depth_180_cam00_0119
100,"[112, 320, 208, 416]",1.0,1.0,1.0,cut_roasted_beef,cam00,cam00_0119,119,/leonardo_work/EUHPC_D21_034/proj_adags/repo/adags/refine-logs/depth_occlusion_support/r031_da3_depth_full/depth_npz/cut_roasted_beef/cam00_0119.npz,/leonardo_work/EUHPC_D21_034/proj_adags/data/n3v/cut_roasted_beef/motion_priors/masks/cam00_0119.png,/leonardo_work/EUHPC_D21_034/proj_adags/data/n3v/cut_roasted_beef/flow/cam00_0119.npz,3,0.1768273115158081,0.41114863753318787,0.26904481649398804,0.3803328573703766,0.38711443543434143,0.0504242368042469,0.060957249253988266,0.38949382305145264,0.6704859733581543,0.7444300651550293,0.06792771071195602,cut_roasted_beef_depth_181_cam00_0119
100,"[208, 224, 304, 320]",1.0,1.0,1.0,cut_roasted_beef,cam00,cam00_0215,215,/leonardo_work/EUHPC_D21_034/proj_adags/repo/adags/refine-logs/depth_occlusion_support/r031_da3_depth_full/depth_npz/cut_roasted_beef/cam00_0215.npz,/leonardo_work/EUHPC_D21_034/proj_adags/data/n3v/cut_roasted_beef/motion_priors/masks/cam00_0215.png,/leonardo_work/EUHPC_D21_034/proj_adags/data/n3v/cut_roasted_beef/flow/cam00_0215.npz,0,0.18494708836078644,0.44634655117988586,0.29494401812553406,0.4635283648967743,0.3904028534889221,0.0562451146543026,0.06476488709449768,0.08284607529640198,0.659299373626709,0.7541694641113281,0.06872716546058655,cut_roasted_beef_depth_182_cam00_0215
99,"[304, 128, 400, 224]",1.0,1.0,1.0,cut_roasted_beef,cam00,cam00_0252,252,/leonardo_work/EUHPC_D21_034/proj_adags/repo/adags/refine-logs/depth_occlusion_support/r031_da3_depth_full/depth_npz/cut_roasted_beef/cam00_0252.npz,/leonardo_work/EUHPC_D21_034/proj_adags/data/n3v/cut_roasted_beef/motion_priors/masks/cam00_0252.png,/leonardo_work/EUHPC_D21_034/proj_adags/data/n3v/cut_roasted_beef/flow/cam00_0252.npz,2,0.18364112079143524,0.5175129771232605,0.2815692126750946,0.478706032037735,0.38968053460121155,0.062564916908741,0.06407922506332397,0.30482417345046997,0.6607378125190735,0.744217038154602,0.06376118957996368,cut_roasted_beef_depth_183_cam00_0252
99,"[320, 128, 416, 224]",1.0,1.0,1.0,cut_roasted_beef,cam00,cam00_0252,252,/leonardo_work/EUHPC_D21_034/proj_adags/repo/adags/refine-logs/depth_occlusion_support/r031_da3_depth_full/depth_npz/cut_roasted_beef/cam00_0252.npz,/leonardo_work/EUHPC_D21_034/proj_adags/data/n3v/cut_roasted_beef/motion_priors/masks/cam00_0252.png,/leonardo_work/EUHPC_D21_034/proj_adags/data/n3v/cut_roasted_beef/flow/cam00_0252.npz,3,0.18364112079143524,0.5175129771232605,0.2815692126750946,0.478706032037735,0.38968053460121155,0.062564916908741,0.06407922506332397,0.30482417345046997,0.6607378125190735,0.744217038154602,0.06376118957996368,cut_roasted_beef_depth_184_cam00_0252
92,"[192, 368, 288, 464]",1.0,1.0,1.0,cut_roasted_beef,cam00,cam00_0214,214,/leonardo_work/EUHPC_D21_034/proj_adags/repo/adags/refine-logs/depth_occlusion_support/r031_da3_depth_full/depth_npz/cut_roasted_beef/cam00_0214.npz,/leonardo_work/EUHPC_D21_034/proj_adags/data/n3v/cut_roasted_beef/motion_priors/masks/cam00_0214.png,/leonardo_work/EUHPC_D21_034/proj_adags/data/n3v/cut_roasted_beef/flow/cam00_0214.npz,0,0.1836499571800232,0.5532101988792419,0.30427202582359314,0.46924856305122375,0.38906651735305786,0.05608755350112915,0.062127258628606796,0.3730494976043701,0.6583306789398193,0.7544174194335938,0.06672268360853195,cut_roasted_beef_depth_185_cam00_0214
90,"[400, 176, 496, 272]",1.0,1.0,1.0,cut_roasted_beef,cam00,cam00_0103,103,/leonardo_work/EUHPC_D21_034/proj_adags/repo/adags/refine-logs/depth_occlusion_support/r031_da3_depth_full/depth_npz/cut_roasted_beef/cam00_0103.npz,/leonardo_work/EUHPC_D21_034/proj_adags/data/n3v/cut_roasted_beef/motion_priors/masks/cam00_0103.png,/leonardo_work/EUHPC_D21_034/proj_adags/data/n3v/cut_roasted_beef/flow/cam00_0103.npz,2,0.17993102967739105,0.40574294328689575,0.3183326721191406,0.4685417413711548,0.3805684447288513,0.04682959243655205,0.04017716646194458,0.6309010982513428,0.6673290133476257,0.7416260838508606,0.05902862921357155,cut_roasted_beef_depth_186_cam00_0103
90,"[288, 144, 384, 240]",1.0,1.0,1.0,cut_roasted_beef,cam00,cam00_0125,125,/leonardo_work/EUHPC_D21_034/proj_adags/repo/adags/refine-logs/depth_occlusion_support/r031_da3_depth_full/depth_npz/cut_roasted_beef/cam00_0125.npz,/leonardo_work/EUHPC_D21_034/proj_adags/data/n3v/cut_roasted_beef/motion_priors/masks/cam00_0125.png,/leonardo_work/EUHPC_D21_034/proj_adags/data/n3v/cut_roasted_beef/flow/cam00_0125.npz,0,0.15408669412136078,0.3926973044872284,0.3122546970844269,0.4784470796585083,0.39488229155540466,0.06255324929952621,0.06510043144226074,0.5509902834892273,0.6681751608848572,0.7453082799911499,0.07156320661306381,cut_roasted_beef_depth_187_cam00_0125
90,"[224, 208, 320, 304]",1.0,1.0,1.0,cut_roasted_beef,cam00,cam00_0242,242,/leonardo_work/EUHPC_D21_034/proj_adags/repo/adags/refine-logs/depth_occlusion_support/r031_da3_depth_full/depth_npz/cut_roasted_beef/cam00_0242.npz,/leonardo_work/EUHPC_D21_034/proj_adags/data/n3v/cut_roasted_beef/motion_priors/masks/cam00_0242.png,/leonardo_work/EUHPC_D21_034/proj_adags/data/n3v/cut_roasted_beef/flow/cam00_0242.npz,1,0.1812528371810913,0.4092869460582733,0.24922317266464233,0.4350232481956482,0.3860296607017517,0.049896128475666046,0.06461316347122192,0.5999264717102051,0.661035418510437,0.7461048364639282,0.059693872928619385,cut_roasted_beef_depth_188_cam00_0242
84,"[208, 224, 304, 320]",1.0,1.0,1.0,cut_roasted_beef,cam00,cam00_0214,214,/leonardo_work/EUHPC_D21_034/proj_adags/repo/adags/refine-logs/depth_occlusion_support/r031_da3_depth_full/depth_npz/cut_roasted_beef/cam00_0214.npz,/leonardo_work/EUHPC_D21_034/proj_adags/data/n3v/cut_roasted_beef/motion_priors/masks/cam00_0214.png,/leonardo_work/EUHPC_D21_034/proj_adags/data/n3v/cut_roasted_beef/flow/cam00_0214.npz,1,0.1836499571800232,0.5532101988792419,0.30427202582359314,0.46924856305122375,0.38906651735305786,0.05608755350112915,0.062127258628606796,0.3730494976043701,0.6583306789398193,0.7544174194335938,0.06672268360853195,cut_roasted_beef_depth_189_cam00_0214
81,"[208, 240, 304, 336]",1.0,1.0,1.0,cut_roasted_beef,cam00,cam00_0185,185,/leonardo_work/EUHPC_D21_034/proj_adags/repo/adags/refine-logs/depth_occlusion_support/r031_da3_depth_full/depth_npz/cut_roasted_beef/cam00_0185.npz,/leonardo_work/EUHPC_D21_034/proj_adags/data/n3v/cut_roasted_beef/motion_priors/masks/cam00_0185.png,/leonardo_work/EUHPC_D21_034/proj_adags/data/n3v/cut_roasted_beef/flow/cam00_0185.npz,0,0.16015884280204773,0.3661458492279053,0.3010694086551666,0.45757609605789185,0.39603036642074585,0.06379619985818863,0.07798805087804794,0.3066156506538391,0.6666812300682068,0.7470151782035828,0.06263494491577148,cut_roasted_beef_depth_190_cam00_0185
76,"[416, 368, 512, 464]",1.0,1.0,1.0,cut_roasted_beef,cam00,cam00_0162,162,/leonardo_work/EUHPC_D21_034/proj_adags/repo/adags/refine-logs/depth_occlusion_support/r031_da3_depth_full/depth_npz/cut_roasted_beef/cam00_0162.npz,/leonardo_work/EUHPC_D21_034/proj_adags/data/n3v/cut_roasted_beef/motion_priors/masks/cam00_0162.png,/leonardo_work/EUHPC_D21_034/proj_adags/data/n3v/cut_roasted_beef/flow/cam00_0162.npz,0,0.17687532305717468,0.5405756235122681,0.27859577536582947,0.40185296535491943,0.3980984091758728,0.0626903846859932,0.07347723841667175,0.4796663224697113,0.6682860255241394,0.746498703956604,0.06517920643091202,cut_roasted_beef_depth_191_cam00_0162
71,"[288, 192, 384, 288]",1.0,1.0,1.0,cut_roasted_beef,cam00,cam00_0269,269,/leonardo_work/EUHPC_D21_034/proj_adags/repo/adags/refine-logs/depth_occlusion_support/r031_da3_depth_full/depth_npz/cut_roasted_beef/cam00_0269.npz,/leonardo_work/EUHPC_D21_034/proj_adags/data/n3v/cut_roasted_beef/motion_priors/masks/cam00_0269.png,/leonardo_work/EUHPC_D21_034/proj_adags/data/n3v/cut_roasted_beef/flow/cam00_0269.npz,0,0.1869625300168991,0.4546568989753723,0.3135237693786621,0.48985540866851807,0.38933616876602173,0.04633941501379013,0.06377285718917847,0.3323325514793396,0.6680992841720581,0.748261034488678,0.054544076323509216,cut_roasted_beef_depth_192_cam00_0269
69,"[304, 128, 400, 224]",1.0,1.0,1.0,cut_roasted_beef,cam00,cam00_0247,247,/leonardo_work/EUHPC_D21_034/proj_adags/repo/adags/refine-logs/depth_occlusion_support/r031_da3_depth_full/depth_npz/cut_roasted_beef/cam00_0247.npz,/leonardo_work/EUHPC_D21_034/proj_adags/data/n3v/cut_roasted_beef/motion_priors/masks/cam00_0247.png,/leonardo_work/EUHPC_D21_034/proj_adags/data/n3v/cut_roasted_beef/flow/cam00_0247.npz,0,0.15929149091243744,0.4011378586292267,0.26477956771850586,0.47449564933776855,0.38346216082572937,0.05141334980726242,0.05515679717063904,0.24630030989646912,0.6587158441543579,0.7443775534629822,0.05944294482469559,cut_roasted_beef_depth_193_cam00_0247
69,"[320, 128, 416, 224]",1.0,1.0,1.0,cut_roasted_beef,cam00,cam00_0247,247,/leonardo_work/EUHPC_D21_034/proj_adags/repo/adags/refine-logs/depth_occlusion_support/r031_da3_depth_full/depth_npz/cut_roasted_beef/cam00_0247.npz,/leonardo_work/EUHPC_D21_034/proj_adags/data/n3v/cut_roasted_beef/motion_priors/masks/cam00_0247.png,/leonardo_work/EUHPC_D21_034/proj_adags/data/n3v/cut_roasted_beef/flow/cam00_0247.npz,1,0.15929149091243744,0.4011378586292267,0.26477956771850586,0.47449564933776855,0.38346216082572937,0.05141334980726242,0.05515679717063904,0.24630030989646912,0.6587158441543579,0.7443775534629822,0.05944294482469559,cut_roasted_beef_depth_194_cam00_0247
69,"[336, 128, 432, 224]",1.0,1.0,1.0,cut_roasted_beef,cam00,cam00_0247,247,/leonardo_work/EUHPC_D21_034/proj_adags/repo/adags/refine-logs/depth_occlusion_support/r031_da3_depth_full/depth_npz/cut_roasted_beef/cam00_0247.npz,/leonardo_work/EUHPC_D21_034/proj_adags/data/n3v/cut_roasted_beef/motion_priors/masks/cam00_0247.png,/leonardo_work/EUHPC_D21_034/proj_adags/data/n3v/cut_roasted_beef/flow/cam00_0247.npz,2,0.15929149091243744,0.4011378586292267,0.26477956771850586,0.47449564933776855,0.38346216082572937,0.05141334980726242,0.05515679717063904,0.24630030989646912,0.6587158441543579,0.7443775534629822,0.05944294482469559,cut_roasted_beef_depth_195_cam00_0247
69,"[352, 128, 448, 224]",1.0,1.0,1.0,cut_roasted_beef,cam00,cam00_0247,247,/leonardo_work/EUHPC_D21_034/proj_adags/repo/adags/refine-logs/depth_occlusion_support/r031_da3_depth_full/depth_npz/cut_roasted_beef/cam00_0247.npz,/leonardo_work/EUHPC_D21_034/proj_adags/data/n3v/cut_roasted_beef/motion_priors/masks/cam00_0247.png,/leonardo_work/EUHPC_D21_034/proj_adags/data/n3v/cut_roasted_beef/flow/cam00_0247.npz,3,0.15929149091243744,0.4011378586292267,0.26477956771850586,0.47449564933776855,0.38346216082572937,0.05141334980726242,0.05515679717063904,0.24630030989646912,0.6587158441543579,0.7443775534629822,0.05944294482469559,cut_roasted_beef_depth_196_cam00_0247
68,"[240, 208, 336, 304]",1.0,1.0,1.0,cut_roasted_beef,cam00,cam00_0103,103,/leonardo_work/EUHPC_D21_034/proj_adags/repo/adags/refine-logs/depth_occlusion_support/r031_da3_depth_full/depth_npz/cut_roasted_beef/cam00_0103.npz,/leonardo_work/EUHPC_D21_034/proj_adags/data/n3v/cut_roasted_beef/motion_priors/masks/cam00_0103.png,/leonardo_work/EUHPC_D21_034/proj_adags/data/n3v/cut_roasted_beef/flow/cam00_0103.npz,3,0.17993102967739105,0.40574294328689575,0.3183326721191406,0.4685417413711548,0.3805684447288513,0.04682959243655205,0.04017716646194458,0.6309010982513428,0.6673290133476257,0.7416260838508606,0.05902862921357155,cut_roasted_beef_depth_197_cam00_0103
68,"[192, 368, 288, 464]",1.0,1.0,1.0,cut_roasted_beef,cam00,cam00_0160,160,/leonardo_work/EUHPC_D21_034/proj_adags/repo/adags/refine-logs/depth_occlusion_support/r031_da3_depth_full/depth_npz/cut_roasted_beef/cam00_0160.npz,/leonardo_work/EUHPC_D21_034/proj_adags/data/n3v/cut_roasted_beef/motion_priors/masks/cam00_0160.png,/leonardo_work/EUHPC_D21_034/proj_adags/data/n3v/cut_roasted_beef/flow/cam00_0160.npz,3,0.15467217564582825,0.5083901286125183,0.26192277669906616,0.5159550905227661,0.39900609850883484,0.07120431959629059,0.07649417221546173,0.418306440114975,0.6656162738800049,0.745993971824646,0.06541554629802704,cut_roasted_beef_depth_198_cam00_0160
67,"[272, 208, 368, 304]",1.0,1.0,1.0,cut_roasted_beef,cam00,cam00_0122,122,/leonardo_work/EUHPC_D21_034/proj_adags/repo/adags/refine-logs/depth_occlusion_support/r031_da3_depth_full/depth_npz/cut_roasted_beef/cam00_0122.npz,/leonardo_work/EUHPC_D21_034/proj_adags/data/n3v/cut_roasted_beef/motion_priors/masks/cam00_0122.png,/leonardo_work/EUHPC_D21_034/proj_adags/data/n3v/cut_roasted_beef/flow/cam00_0122.npz,0,0.1810644418001175,0.5343310236930847,0.26920944452285767,0.4107239246368408,0.3901147246360779,0.0559941865503788,0.061339471489191055,0.469970703125,0.6692634224891663,0.7451244592666626,0.0672537162899971,cut_roasted_beef_depth_199_cam00_0122
66,"[288, 160, 384, 256]",1.0,1.0,1.0,cut_roasted_beef,cam00,cam00_0162,162,/leonardo_work/EUHPC_D21_034/proj_adags/repo/adags/refine-logs/depth_occlusion_support/r031_da3_depth_full/depth_npz/cut_roasted_beef/cam00_0162.npz,/leonardo_work/EUHPC_D21_034/proj_adags/data/n3v/cut_roasted_beef/motion_priors/masks/cam00_0162.png,/leonardo_work/EUHPC_D21_034/proj_adags/data/n3v/cut_roasted_beef/flow/cam00_0162.npz,1,0.17687532305717468,0.5405756235122681,0.27859577536582947,0.40185296535491943,0.3980984091758728,0.0626903846859932,0.07347723841667175,0.4796663224697113,0.6682860255241394,0.746498703956604,0.06517920643091202,cut_roasted_beef_depth_200_cam00_0162
66,"[416, 368, 512, 464]",1.0,1.0,1.0,cut_roasted_beef,cam00,cam00_0211,211,/leonardo_work/EUHPC_D21_034/proj_adags/repo/adags/refine-logs/depth_occlusion_support/r031_da3_depth_full/depth_npz/cut_roasted_beef/cam00_0211.npz,/leonardo_work/EUHPC_D21_034/proj_adags/data/n3v/cut_roasted_beef/motion_priors/masks/cam00_0211.png,/leonardo_work/EUHPC_D21_034/proj_adags/data/n3v/cut_roasted_beef/flow/cam00_0211.npz,1,0.18732838332653046,0.49852293729782104,0.3115602731704712,0.4922936260700226,0.3880517780780792,0.05527934432029724,0.059994399547576904,0.3917084038257599,0.659299373626709,0.7570551037788391,0.06417842209339142,cut_roasted_beef_depth_201_cam00_0211
66,"[336, 128, 432, 224]",1.0,1.0,1.0,cut_roasted_beef,cam00,cam00_0273,273,/leonardo_work/EUHPC_D21_034/proj_adags/repo/adags/refine-logs/depth_occlusion_support/r031_da3_depth_full/depth_npz/cut_roasted_beef/cam00_0273.npz,/leonardo_work/EUHPC_D21_034/proj_adags/data/n3v/cut_roasted_beef/motion_priors/masks/cam00_0273.png,/leonardo_work/EUHPC_D21_034/proj_adags/data/n3v/cut_roasted_beef/flow/cam00_0273.npz,0,0.18405070900917053,0.35811159014701843,0.3221229612827301,0.47990238666534424,0.3855094015598297,0.04416278749704361,0.059819333255290985,0.6271780729293823,0.6645017266273499,0.749468982219696,0.05039506033062935,cut_roasted_beef_depth_202_cam00_0273
66,"[352, 128, 448, 224]",1.0,1.0,1.0,cut_roasted_beef,cam00,cam00_0273,273,/leonardo_work/EUHPC_D21_034/proj_adags/repo/adags/refine-logs/depth_occlusion_support/r031_da3_depth_full/depth_npz/cut_roasted_beef/cam00_0273.npz,/leonardo_work/EUHPC_D21_034/proj_adags/data/n3v/cut_roasted_beef/motion_priors/masks/cam00_0273.png,/leonardo_work/EUHPC_D21_034/proj_adags/data/n3v/cut_roasted_beef/flow/cam00_0273.npz,1,0.18405070900917053,0.35811159014701843,0.3221229612827301,0.47990238666534424,0.3855094015598297,0.04416278749704361,0.059819333255290985,0.6271780729293823,0.6645017266273499,0.749468982219696,0.05039506033062935,cut_roasted_beef_depth_203_cam00_0273
66,"[368, 128, 464, 224]",1.0,1.0,1.0,cut_roasted_beef,cam00,cam00_0273,273,/leonardo_work/EUHPC_D21_034/proj_adags/repo/adags/refine-logs/depth_occlusion_support/r031_da3_depth_full/depth_npz/cut_roasted_beef/cam00_0273.npz,/leonardo_work/EUHPC_D21_034/proj_adags/data/n3v/cut_roasted_beef/motion_priors/masks/cam00_0273.png,/leonardo_work/EUHPC_D21_034/proj_adags/data/n3v/cut_roasted_beef/flow/cam00_0273.npz,2,0.18405070900917053,0.35811159014701843,0.3221229612827301,0.47990238666534424,0.3855094015598297,0.04416278749704361,0.059819333255290985,0.6271780729293823,0.6645017266273499,0.749468982219696,0.05039506033062935,cut_roasted_beef_depth_204_cam00_0273
66,"[384, 128, 480, 224]",1.0,1.0,1.0,cut_roasted_beef,cam00,cam00_0273,273,/leonardo_work/EUHPC_D21_034/proj_adags/repo/adags/refine-logs/depth_occlusion_support/r031_da3_depth_full/depth_npz/cut_roasted_beef/cam00_0273.npz,/leonardo_work/EUHPC_D21_034/proj_adags/data/n3v/cut_roasted_beef/motion_priors/masks/cam00_0273.png,/leonardo_work/EUHPC_D21_034/proj_adags/data/n3v/cut_roasted_beef/flow/cam00_0273.npz,3,0.18405070900917053,0.35811159014701843,0.3221229612827301,0.47990238666534424,0.3855094015598297,0.04416278749704361,0.059819333255290985,0.6271780729293823,0.6645017266273499,0.749468982219696,0.05039506033062935,cut_roasted_beef_depth_205_cam00_0273
63,"[304, 160, 400, 256]",1.0,1.0,1.0,cut_roasted_beef,cam00,cam00_0050,50,/leonardo_work/EUHPC_D21_034/proj_adags/repo/adags/refine-logs/depth_occlusion_support/r031_da3_depth_full/depth_npz/cut_roasted_beef/cam00_0050.npz,/leonardo_work/EUHPC_D21_034/proj_adags/data/n3v/cut_roasted_beef/motion_priors/masks/cam00_0050.png,/leonardo_work/EUHPC_D21_034/proj_adags/data/n3v/cut_roasted_beef/flow/cam00_0050.npz,0,0.1799466460943222,0.30506789684295654,0.31038182973861694,0.46917542815208435,0.379940003156662,0.04615851491689682,0.05421729013323784,0.8304214477539062,0.6529445648193359,0.7279303073883057,0.05887690559029579,cut_roasted_beef_depth_206_cam00_0050
63,"[320, 160, 416, 256]",1.0,1.0,1.0,cut_roasted_beef,cam00,cam00_0050,50,/leonardo_work/EUHPC_D21_034/proj_adags/repo/adags/refine-logs/depth_occlusion_support/r031_da3_depth_full/depth_npz/cut_roasted_beef/cam00_0050.npz,/leonardo_work/EUHPC_D21_034/proj_adags/data/n3v/cut_roasted_beef/motion_priors/masks/cam00_0050.png,/leonardo_work/EUHPC_D21_034/proj_adags/data/n3v/cut_roasted_beef/flow/cam00_0050.npz,1,0.1799466460943222,0.30506789684295654,0.31038182973861694,0.46917542815208435,0.379940003156662,0.04615851491689682,0.05421729013323784,0.8304214477539062,0.6529445648193359,0.7279303073883057,0.05887690559029579,cut_roasted_beef_depth_207_cam00_0050
63,"[336, 160, 432, 256]",1.0,1.0,1.0,cut_roasted_beef,cam00,cam00_0050,50,/leonardo_work/EUHPC_D21_034/proj_adags/repo/adags/refine-logs/depth_occlusion_support/r031_da3_depth_full/depth_npz/cut_roasted_beef/cam00_0050.npz,/leonardo_work/EUHPC_D21_034/proj_adags/data/n3v/cut_roasted_beef/motion_priors/masks/cam00_0050.png,/leonardo_work/EUHPC_D21_034/proj_adags/data/n3v/cut_roasted_beef/flow/cam00_0050.npz,2,0.1799466460943222,0.30506789684295654,0.31038182973861694,0.46917542815208435,0.379940003156662,0.04615851491689682,0.05421729013323784,0.8304214477539062,0.6529445648193359,0.7279303073883057,0.05887690559029579,cut_roasted_beef_depth_208_cam00_0050
63,"[352, 160, 448, 256]",1.0,1.0,1.0,cut_roasted_beef,cam00,cam00_0050,50,/leonardo_work/EUHPC_D21_034/proj_adags/repo/adags/refine-logs/depth_occlusion_support/r031_da3_depth_full/depth_npz/cut_roasted_beef/cam00_0050.npz,/leonardo_work/EUHPC_D21_034/proj_adags/data/n3v/cut_roasted_beef/motion_priors/masks/cam00_0050.png,/leonardo_work/EUHPC_D21_034/proj_adags/data/n3v/cut_roasted_beef/flow/cam00_0050.npz,3,0.1799466460943222,0.30506789684295654,0.31038182973861694,0.46917542815208435,0.379940003156662,0.04615851491689682,0.05421729013323784,0.8304214477539062,0.6529445648193359,0.7279303073883057,0.05887690559029579,cut_roasted_beef_depth_209_cam00_0050
63,"[192, 256, 288, 352]",1.0,1.0,1.0,cut_roasted_beef,cam00,cam00_0117,117,/leonardo_work/EUHPC_D21_034/proj_adags/repo/adags/refine-logs/depth_occlusion_support/r031_da3_depth_full/depth_npz/cut_roasted_beef/cam00_0117.npz,/leonardo_work/EUHPC_D21_034/proj_adags/data/n3v/cut_roasted_beef/motion_priors/masks/cam00_0117.png,/leonardo_work/EUHPC_D21_034/proj_adags/data/n3v/cut_roasted_beef/flow/cam00_0117.npz,0,0.18663442134857178,0.3966171443462372,0.2856554388999939,0.5100990533828735,0.3830491602420807,0.04318242892622948,0.05607004836201668,0.5578352808952332,0.6709498763084412,0.7449114918708801,0.06259993463754654,cut_roasted_beef_depth_210_cam00_0117
62,"[208, 384, 304, 480]",1.0,1.0,1.0,cut_roasted_beef,cam00,cam00_0118,118,/leonardo_work/EUHPC_D21_034/proj_adags/repo/adags/refine-logs/depth_occlusion_support/r031_da3_depth_full/depth_npz/cut_roasted_beef/cam00_0118.npz,/leonardo_work/EUHPC_D21_034/proj_adags/data/n3v/cut_roasted_beef/motion_priors/masks/cam00_0118.png,/leonardo_work/EUHPC_D21_034/proj_adags/data/n3v/cut_roasted_beef/flow/cam00_0118.npz,1,0.1756248027086258,0.4969610869884491,0.2650105953216553,0.38554081320762634,0.38320013880729675,0.04653490334749222,0.05313481017947197,0.4375751316547394,0.6704947352409363,0.7433271408081055,0.06112939491868019,cut_roasted_beef_depth_211_cam00_0118
61,"[336, 128, 432, 224]",1.0,1.0,1.0,cut_roasted_beef,cam00,cam00_0269,269,/leonardo_work/EUHPC_D21_034/proj_adags/repo/adags/refine-logs/depth_occlusion_support/r031_da3_depth_full/depth_npz/cut_roasted_beef/cam00_0269.npz,/leonardo_work/EUHPC_D21_034/proj_adags/data/n3v/cut_roasted_beef/motion_priors/masks/cam00_0269.png,/leonardo_work/EUHPC_D21_034/proj_adags/data/n3v/cut_roasted_beef/flow/cam00_0269.npz,1,0.1869625300168991,0.4546568989753723,0.3135237693786621,0.48985540866851807,0.38933616876602173,0.04633941501379013,0.06377285718917847,0.3323325514793396,0.6680992841720581,0.748261034488678,0.054544076323509216,cut_roasted_beef_depth_212_cam00_0269
61,"[352, 128, 448, 224]",1.0,1.0,1.0,cut_roasted_beef,cam00,cam00_0269,269,/leonardo_work/EUHPC_D21_034/proj_adags/repo/adags/refine-logs/depth_occlusion_support/r031_da3_depth_full/depth_npz/cut_roasted_beef/cam00_0269.npz,/leonardo_work/EUHPC_D21_034/proj_adags/data/n3v/cut_roasted_beef/motion_priors/masks/cam00_0269.png,/leonardo_work/EUHPC_D21_034/proj_adags/data/n3v/cut_roasted_beef/flow/cam00_0269.npz,2,0.1869625300168991,0.4546568989753723,0.3135237693786621,0.48985540866851807,0.38933616876602173,0.04633941501379013,0.06377285718917847,0.3323325514793396,0.6680992841720581,0.748261034488678,0.054544076323509216,cut_roasted_beef_depth_213_cam00_0269
61,"[368, 128, 464, 224]",1.0,1.0,1.0,cut_roasted_beef,cam00,cam00_0269,269,/leonardo_work/EUHPC_D21_034/proj_adags/repo/adags/refine-logs/depth_occlusion_support/r031_da3_depth_full/depth_npz/cut_roasted_beef/cam00_0269.npz,/leonardo_work/EUHPC_D21_034/proj_adags/data/n3v/cut_roasted_beef/motion_priors/masks/cam00_0269.png,/leonardo_work/EUHPC_D21_034/proj_adags/data/n3v/cut_roasted_beef/flow/cam00_0269.npz,3,0.1869625300168991,0.4546568989753723,0.3135237693786621,0.48985540866851807,0.38933616876602173,0.04633941501379013,0.06377285718917847,0.3323325514793396,0.6680992841720581,0.748261034488678,0.054544076323509216,cut_roasted_beef_depth_214_cam00_0269
60,"[416, 384, 512, 480]",1.0,1.0,1.0,cut_roasted_beef,cam00,cam00_0162,162,/leonardo_work/EUHPC_D21_034/proj_adags/repo/adags/refine-logs/depth_occlusion_support/r031_da3_depth_full/depth_npz/cut_roasted_beef/cam00_0162.npz,/leonardo_work/EUHPC_D21_034/proj_adags/data/n3v/cut_roasted_beef/motion_priors/masks/cam00_0162.png,/leonardo_work/EUHPC_D21_034/proj_adags/data/n3v/cut_roasted_beef/flow/cam00_0162.npz,2,0.17687532305717468,0.5405756235122681,0.27859577536582947,0.40185296535491943,0.3980984091758728,0.0626903846859932,0.07347723841667175,0.4796663224697113,0.6682860255241394,0.746498703956604,0.06517920643091202,cut_roasted_beef_depth_215_cam00_0162
60,"[208, 224, 304, 320]",1.0,1.0,1.0,cut_roasted_beef,cam00,cam00_0211,211,/leonardo_work/EUHPC_D21_034/proj_adags/repo/adags/refine-logs/depth_occlusion_support/r031_da3_depth_full/depth_npz/cut_roasted_beef/cam00_0211.npz,/leonardo_work/EUHPC_D21_034/proj_adags/data/n3v/cut_roasted_beef/motion_priors/masks/cam00_0211.png,/leonardo_work/EUHPC_D21_034/proj_adags/data/n3v/cut_roasted_beef/flow/cam00_0211.npz,2,0.18732838332653046,0.49852293729782104,0.3115602731704712,0.4922936260700226,0.3880517780780792,0.05527934432029724,0.059994399547576904,0.3917084038257599,0.659299373626709,0.7570551037788391,0.06417842209339142,cut_roasted_beef_depth_216_cam00_0211
59,"[240, 208, 336, 304]",1.0,1.0,1.0,cut_roasted_beef,cam00,cam00_0122,122,/leonardo_work/EUHPC_D21_034/proj_adags/repo/adags/refine-logs/depth_occlusion_support/r031_da3_depth_full/depth_npz/cut_roasted_beef/cam00_0122.npz,/leonardo_work/EUHPC_D21_034/proj_adags/data/n3v/cut_roasted_beef/motion_priors/masks/cam00_0122.png,/leonardo_work/EUHPC_D21_034/proj_adags/data/n3v/cut_roasted_beef/flow/cam00_0122.npz,1,0.1810644418001175,0.5343310236930847,0.26920944452285767,0.4107239246368408,0.3901147246360779,0.0559941865503788,0.061339471489191055,0.469970703125,0.6692634224891663,0.7451244592666626,0.0672537162899971,cut_roasted_beef_depth_217_cam00_0122
59,"[256, 208, 352, 304]",1.0,1.0,1.0,cut_roasted_beef,cam00,cam00_0122,122,/leonardo_work/EUHPC_D21_034/proj_adags/repo/adags/refine-logs/depth_occlusion_support/r031_da3_depth_full/depth_npz/cut_roasted_beef/cam00_0122.npz,/leonardo_work/EUHPC_D21_034/proj_adags/data/n3v/cut_roasted_beef/motion_priors/masks/cam00_0122.png,/leonardo_work/EUHPC_D21_034/proj_adags/data/n3v/cut_roasted_beef/flow/cam00_0122.npz,2,0.1810644418001175,0.5343310236930847,0.26920944452285767,0.4107239246368408,0.3901147246360779,0.0559941865503788,0.061339471489191055,0.469970703125,0.6692634224891663,0.7451244592666626,0.0672537162899971,cut_roasted_beef_depth_218_cam00_0122
59,"[288, 160, 384, 256]",1.0,1.0,1.0,cut_roasted_beef,cam00,cam00_0163,163,/leonardo_work/EUHPC_D21_034/proj_adags/repo/adags/refine-logs/depth_occlusion_support/r031_da3_depth_full/depth_npz/cut_roasted_beef/cam00_0163.npz,/leonardo_work/EUHPC_D21_034/proj_adags/data/n3v/cut_roasted_beef/motion_priors/masks/cam00_0163.png,/leonardo_work/EUHPC_D21_034/proj_adags/data/n3v/cut_roasted_beef/flow/cam00_0163.npz,0,0.17778664827346802,0.5119884610176086,0.27088603377342224,0.3941725194454193,0.3934534788131714,0.05658065155148506,0.06281876564025879,0.5866886973381042,0.6686069369316101,0.745894730091095,0.0636211410164833,cut_roasted_beef_depth_219_cam00_0163
58,"[240, 208, 336, 304]",1.0,1.0,1.0,cut_roasted_beef,cam00,cam00_0125,125,/leonardo_work/EUHPC_D21_034/proj_adags/repo/adags/refine-logs/depth_occlusion_support/r031_da3_depth_full/depth_npz/cut_roasted_beef/cam00_0125.npz,/leonardo_work/EUHPC_D21_034/proj_adags/data/n3v/cut_roasted_beef/motion_priors/masks/cam00_0125.png,/leonardo_work/EUHPC_D21_034/proj_adags/data/n3v/cut_roasted_beef/flow/cam00_0125.npz,1,0.15408669412136078,0.3926973044872284,0.3122546970844269,0.4784470796585083,0.39488229155540466,0.06255324929952621,0.06510043144226074,0.5509902834892273,0.6681751608848572,0.7453082799911499,0.07156320661306381,cut_roasted_beef_depth_220_cam00_0125
58,"[240, 224, 336, 320]",1.0,1.0,1.0,cut_roasted_beef,cam00,cam00_0125,125,/leonardo_work/EUHPC_D21_034/proj_adags/repo/adags/refine-logs/depth_occlusion_support/r031_da3_depth_full/depth_npz/cut_roasted_beef/cam00_0125.npz,/leonardo_work/EUHPC_D21_034/proj_adags/data/n3v/cut_roasted_beef/motion_priors/masks/cam00_0125.png,/leonardo_work/EUHPC_D21_034/proj_adags/data/n3v/cut_roasted_beef/flow/cam00_0125.npz,2,0.15408669412136078,0.3926973044872284,0.3122546970844269,0.4784470796585083,0.39488229155540466,0.06255324929952621,0.06510043144226074,0.5509902834892273,0.6681751608848572,0.7453082799911499,0.07156320661306381,cut_roasted_beef_depth_221_cam00_0125
58,"[400, 160, 496, 256]",1.0,1.0,1.0,cut_roasted_beef,cam00,cam00_0136,136,/leonardo_work/EUHPC_D21_034/proj_adags/repo/adags/refine-logs/depth_occlusion_support/r031_da3_depth_full/depth_npz/cut_roasted_beef/cam00_0136.npz,/leonardo_work/EUHPC_D21_034/proj_adags/data/n3v/cut_roasted_beef/motion_priors/masks/cam00_0136.png,/leonardo_work/EUHPC_D21_034/proj_adags/data/n3v/cut_roasted_beef/flow/cam00_0136.npz,3,0.18576772511005402,0.5097262859344482,0.3198823928833008,0.4893728792667389,0.38511884212493896,0.051448363810777664,0.044848453253507614,0.5283545255661011,0.6639794111251831,0.7430820465087891,0.06643383204936981,cut_roasted_beef_depth_222_cam00_0136
58,"[272, 192, 368, 288]",1.0,1.0,1.0,cut_roasted_beef,cam00,cam00_0271,271,/leonardo_work/EUHPC_D21_034/proj_adags/repo/adags/refine-logs/depth_occlusion_support/r031_da3_depth_full/depth_npz/cut_roasted_beef/cam00_0271.npz,/leonardo_work/EUHPC_D21_034/proj_adags/data/n3v/cut_roasted_beef/motion_priors/masks/cam00_0271.png,/leonardo_work/EUHPC_D21_034/proj_adags/data/n3v/cut_roasted_beef/flow/cam00_0271.npz,0,0.18471798300743103,0.4133276045322418,0.2740156352519989,0.5136106014251709,0.38808515667915344,0.04866192862391472,0.06040288135409355,0.42871397733688354,0.6648139357566833,0.7513654828071594,0.054914627224206924,cut_roasted_beef_depth_223_cam00_0271
55,"[432, 411, 528, 507]",1.0,1.0,1.0,cut_roasted_beef,cam00,cam00_0120,120,/leonardo_work/EUHPC_D21_034/proj_adags/repo/adags/refine-logs/depth_occlusion_support/r031_da3_depth_full/depth_npz/cut_roasted_beef/cam00_0120.npz,/leonardo_work/EUHPC_D21_034/proj_adags/data/n3v/cut_roasted_beef/motion_priors/masks/cam00_0120.png,/leonardo_work/EUHPC_D21_034/proj_adags/data/n3v/cut_roasted_beef/flow/cam00_0120.npz,0,0.18522104620933533,0.5474135875701904,0.30316510796546936,0.4739055931568146,0.39138147234916687,0.05307937413454056,0.06959665566682816,0.34693872928619385,0.6704246997833252,0.7432162761688232,0.0647561326622963,cut_roasted_beef_depth_224_cam00_0120
54,"[208, 224, 304, 320]",1.0,1.0,1.0,cut_roasted_beef,cam00,cam00_0118,118,/leonardo_work/EUHPC_D21_034/proj_adags/repo/adags/refine-logs/depth_occlusion_support/r031_da3_depth_full/depth_npz/cut_roasted_beef/cam00_0118.npz,/leonardo_work/EUHPC_D21_034/proj_adags/data/n3v/cut_roasted_beef/motion_priors/masks/cam00_0118.png,/leonardo_work/EUHPC_D21_034/proj_adags/data/n3v/cut_roasted_beef/flow/cam00_0118.npz,2,0.1756248027086258,0.4969610869884491,0.2650105953216553,0.38554081320762634,0.38320013880729675,0.04653490334749222,0.05313481017947197,0.4375751316547394,0.6704947352409363,0.7433271408081055,0.06112939491868019,cut_roasted_beef_depth_225_cam00_0118
52,"[208, 400, 304, 496]",1.0,1.0,1.0,cut_roasted_beef,cam00,cam00_0118,118,/leonardo_work/EUHPC_D21_034/proj_adags/repo/adags/refine-logs/depth_occlusion_support/r031_da3_depth_full/depth_npz/cut_roasted_beef/cam00_0118.npz,/leonardo_work/EUHPC_D21_034/proj_adags/data/n3v/cut_roasted_beef/motion_priors/masks/cam00_0118.png,/leonardo_work/EUHPC_D21_034/proj_adags/data/n3v/cut_roasted_beef/flow/cam00_0118.npz,3,0.1756248027086258,0.4969610869884491,0.2650105953216553,0.38554081320762634,0.38320013880729675,0.04653490334749222,0.05313481017947197,0.4375751316547394,0.6704947352409363,0.7433271408081055,0.06112939491868019,cut_roasted_beef_depth_226_cam00_0118
52,"[224, 208, 320, 304]",1.0,1.0,1.0,cut_roasted_beef,cam00,cam00_0122,122,/leonardo_work/EUHPC_D21_034/proj_adags/repo/adags/refine-logs/depth_occlusion_support/r031_da3_depth_full/depth_npz/cut_roasted_beef/cam00_0122.npz,/leonardo_work/EUHPC_D21_034/proj_adags/data/n3v/cut_roasted_beef/motion_priors/masks/cam00_0122.png,/leonardo_work/EUHPC_D21_034/proj_adags/data/n3v/cut_roasted_beef/flow/cam00_0122.npz,3,0.1810644418001175,0.5343310236930847,0.26920944452285767,0.4107239246368408,0.3901147246360779,0.0559941865503788,0.061339471489191055,0.469970703125,0.6692634224891663,0.7451244592666626,0.0672537162899971,cut_roasted_beef_depth_227_cam00_0122
51,"[416, 224, 512, 320]",1.0,1.0,1.0,cut_roasted_beef,cam00,cam00_0137,137,/leonardo_work/EUHPC_D21_034/proj_adags/repo/adags/refine-logs/depth_occlusion_support/r031_da3_depth_full/depth_npz/cut_roasted_beef/cam00_0137.npz,/leonardo_work/EUHPC_D21_034/proj_adags/data/n3v/cut_roasted_beef/motion_priors/masks/cam00_0137.png,/leonardo_work/EUHPC_D21_034/proj_adags/data/n3v/cut_roasted_beef/flow/cam00_0137.npz,0,0.18728846311569214,0.5575823783874512,0.29424986243247986,0.4881846010684967,0.3843074142932892,0.05046800523996353,0.04340709373354912,0.4223737418651581,0.6631770730018616,0.743633508682251,0.06111188977956772,cut_roasted_beef_depth_228_cam00_0137
51,"[272, 160, 368, 256]",1.0,1.0,1.0,cut_roasted_beef,cam00,cam00_0215,215,/leonardo_work/EUHPC_D21_034/proj_adags/repo/adags/refine-logs/depth_occlusion_support/r031_da3_depth_full/depth_npz/cut_roasted_beef/cam00_0215.npz,/leonardo_work/EUHPC_D21_034/proj_adags/data/n3v/cut_roasted_beef/motion_priors/masks/cam00_0215.png,/leonardo_work/EUHPC_D21_034/proj_adags/data/n3v/cut_roasted_beef/flow/cam00_0215.npz,1,0.18494708836078644,0.44634655117988586,0.29494401812553406,0.4635283648967743,0.3904028534889221,0.0562451146543026,0.06476488709449768,0.08284607529640198,0.659299373626709,0.7541694641113281,0.06872716546058655,cut_roasted_beef_depth_229_cam00_0215
49,"[304, 128, 400, 224]",1.0,1.0,1.0,cut_roasted_beef,cam00,cam00_0246,246,/leonardo_work/EUHPC_D21_034/proj_adags/repo/adags/refine-logs/depth_occlusion_support/r031_da3_depth_full/depth_npz/cut_roasted_beef/cam00_0246.npz,/leonardo_work/EUHPC_D21_034/proj_adags/data/n3v/cut_roasted_beef/motion_priors/masks/cam00_0246.png,/leonardo_work/EUHPC_D21_034/proj_adags/data/n3v/cut_roasted_beef/flow/cam00_0246.npz,0,0.1585690677165985,0.5581226348876953,0.2582542896270752,0.4717525243759155,0.38268837332725525,0.049152106046676636,0.05611089617013931,0.3017576336860657,0.6583832502365112,0.7437881231307983,0.057648543268442154,cut_roasted_beef_depth_230_cam00_0246
49,"[320, 128, 416, 224]",1.0,1.0,1.0,cut_roasted_beef,cam00,cam00_0246,246,/leonardo_work/EUHPC_D21_034/proj_adags/repo/adags/refine-logs/depth_occlusion_support/r031_da3_depth_full/depth_npz/cut_roasted_beef/cam00_0246.npz,/leonardo_work/EUHPC_D21_034/proj_adags/data/n3v/cut_roasted_beef/motion_priors/masks/cam00_0246.png,/leonardo_work/EUHPC_D21_034/proj_adags/data/n3v/cut_roasted_beef/flow/cam00_0246.npz,1,0.1585690677165985,0.5581226348876953,0.2582542896270752,0.4717525243759155,0.38268837332725525,0.049152106046676636,0.05611089617013931,0.3017576336860657,0.6583832502365112,0.7437881231307983,0.057648543268442154,cut_roasted_beef_depth_231_cam00_0246
49,"[336, 128, 432, 224]",1.0,1.0,1.0,cut_roasted_beef,cam00,cam00_0246,246,/leonardo_work/EUHPC_D21_034/proj_adags/repo/adags/refine-logs/depth_occlusion_support/r031_da3_depth_full/depth_npz/cut_roasted_beef/cam00_0246.npz,/leonardo_work/EUHPC_D21_034/proj_adags/data/n3v/cut_roasted_beef/motion_priors/masks/cam00_0246.png,/leonardo_work/EUHPC_D21_034/proj_adags/data/n3v/cut_roasted_beef/flow/cam00_0246.npz,2,0.1585690677165985,0.5581226348876953,0.2582542896270752,0.4717525243759155,0.38268837332725525,0.049152106046676636,0.05611089617013931,0.3017576336860657,0.6583832502365112,0.7437881231307983,0.057648543268442154,cut_roasted_beef_depth_232_cam00_0246
49,"[352, 128, 448, 224]",1.0,1.0,1.0,cut_roasted_beef,cam00,cam00_0246,246,/leonardo_work/EUHPC_D21_034/proj_adags/repo/adags/refine-logs/depth_occlusion_support/r031_da3_depth_full/depth_npz/cut_roasted_beef/cam00_0246.npz,/leonardo_work/EUHPC_D21_034/proj_adags/data/n3v/cut_roasted_beef/motion_priors/masks/cam00_0246.png,/leonardo_work/EUHPC_D21_034/proj_adags/data/n3v/cut_roasted_beef/flow/cam00_0246.npz,3,0.1585690677165985,0.5581226348876953,0.2582542896270752,0.4717525243759155,0.38268837332725525,0.049152106046676636,0.05611089617013931,0.3017576336860657,0.6583832502365112,0.7437881231307983,0.057648543268442154,cut_roasted_beef_depth_233_cam00_0246
47,"[304, 144, 400, 240]",1.0,1.0,1.0,cut_roasted_beef,cam00,cam00_0135,135,/leonardo_work/EUHPC_D21_034/proj_adags/repo/adags/refine-logs/depth_occlusion_support/r031_da3_depth_full/depth_npz/cut_roasted_beef/cam00_0135.npz,/leonardo_work/EUHPC_D21_034/proj_adags/data/n3v/cut_roasted_beef/motion_priors/masks/cam00_0135.png,/leonardo_work/EUHPC_D21_034/proj_adags/data/n3v/cut_roasted_beef/flow/cam00_0135.npz,1,0.18254435062408447,0.3773435056209564,0.2833506762981415,0.4952137768268585,0.3824135363101959,0.05328945070505142,0.03208046033978462,0.7261242270469666,0.6648664474487305,0.7430353760719299,0.06192301958799362,cut_roasted_beef_depth_234_cam00_0135
47,"[320, 144, 416, 240]",1.0,1.0,1.0,cut_roasted_beef,cam00,cam00_0135,135,/leonardo_work/EUHPC_D21_034/proj_adags/repo/adags/refine-logs/depth_occlusion_support/r031_da3_depth_full/depth_npz/cut_roasted_beef/cam00_0135.npz,/leonardo_work/EUHPC_D21_034/proj_adags/data/n3v/cut_roasted_beef/motion_priors/masks/cam00_0135.png,/leonardo_work/EUHPC_D21_034/proj_adags/data/n3v/cut_roasted_beef/flow/cam00_0135.npz,2,0.18254435062408447,0.3773435056209564,0.2833506762981415,0.4952137768268585,0.3824135363101959,0.05328945070505142,0.03208046033978462,0.7261242270469666,0.6648664474487305,0.7430353760719299,0.06192301958799362,cut_roasted_beef_depth_235_cam00_0135
47,"[336, 144, 432, 240]",1.0,1.0,1.0,cut_roasted_beef,cam00,cam00_0135,135,/leonardo_work/EUHPC_D21_034/proj_adags/repo/adags/refine-logs/depth_occlusion_support/r031_da3_depth_full/depth_npz/cut_roasted_beef/cam00_0135.npz,/leonardo_work/EUHPC_D21_034/proj_adags/data/n3v/cut_roasted_beef/motion_priors/masks/cam00_0135.png,/leonardo_work/EUHPC_D21_034/proj_adags/data/n3v/cut_roasted_beef/flow/cam00_0135.npz,3,0.18254435062408447,0.3773435056209564,0.2833506762981415,0.4952137768268585,0.3824135363101959,0.05328945070505142,0.03208046033978462,0.7261242270469666,0.6648664474487305,0.7430353760719299,0.06192301958799362,cut_roasted_beef_depth_236_cam00_0135
47,"[208, 400, 304, 496]",1.0,1.0,1.0,cut_roasted_beef,cam00,cam00_0154,154,/leonardo_work/EUHPC_D21_034/proj_adags/repo/adags/refine-logs/depth_occlusion_support/r031_da3_depth_full/depth_npz/cut_roasted_beef/cam00_0154.npz,/leonardo_work/EUHPC_D21_034/proj_adags/data/n3v/cut_roasted_beef/motion_priors/masks/cam00_0154.png,/leonardo_work/EUHPC_D21_034/proj_adags/data/n3v/cut_roasted_beef/flow/cam00_0154.npz,2,0.15298400819301605,0.556742250919342,0.258661687374115,0.5344020128250122,0.3925338387489319,0.05867850035429001,0.058993615210056305,0.5372273325920105,0.6654995679855347,0.745392918586731,0.06446144729852676,cut_roasted_beef_depth_237_cam00_0154
47,"[208, 411, 304, 507]",1.0,1.0,1.0,cut_roasted_beef,cam00,cam00_0154,154,/leonardo_work/EUHPC_D21_034/proj_adags/repo/adags/refine-logs/depth_occlusion_support/r031_da3_depth_full/depth_npz/cut_roasted_beef/cam00_0154.npz,/leonardo_work/EUHPC_D21_034/proj_adags/data/n3v/cut_roasted_beef/motion_priors/masks/cam00_0154.png,/leonardo_work/EUHPC_D21_034/proj_adags/data/n3v/cut_roasted_beef/flow/cam00_0154.npz,3,0.15298400819301605,0.556742250919342,0.258661687374115,0.5344020128250122,0.3925338387489319,0.05867850035429001,0.058993615210056305,0.5372273325920105,0.6654995679855347,0.745392918586731,0.06446144729852676,cut_roasted_beef_depth_238_cam00_0154
46,"[272, 160, 368, 256]",1.0,1.0,1.0,cut_roasted_beef,cam00,cam00_0211,211,/leonardo_work/EUHPC_D21_034/proj_adags/repo/adags/refine-logs/depth_occlusion_support/r031_da3_depth_full/depth_npz/cut_roasted_beef/cam00_0211.npz,/leonardo_work/EUHPC_D21_034/proj_adags/data/n3v/cut_roasted_beef/motion_priors/masks/cam00_0211.png,/leonardo_work/EUHPC_D21_034/proj_adags/data/n3v/cut_roasted_beef/flow/cam00_0211.npz,3,0.18732838332653046,0.49852293729782104,0.3115602731704712,0.4922936260700226,0.3880517780780792,0.05527934432029724,0.059994399547576904,0.3917084038257599,0.659299373626709,0.7570551037788391,0.06417842209339142,cut_roasted_beef_depth_239_cam00_0211
44,"[240, 192, 336, 288]",1.0,1.0,1.0,cut_roasted_beef,cam00,cam00_0185,185,/leonardo_work/EUHPC_D21_034/proj_adags/repo/adags/refine-logs/depth_occlusion_support/r031_da3_depth_full/depth_npz/cut_roasted_beef/cam00_0185.npz,/leonardo_work/EUHPC_D21_034/proj_adags/data/n3v/cut_roasted_beef/motion_priors/masks/cam00_0185.png,/leonardo_work/EUHPC_D21_034/proj_adags/data/n3v/cut_roasted_beef/flow/cam00_0185.npz,1,0.16015884280204773,0.3661458492279053,0.3010694086551666,0.45757609605789185,0.39603036642074585,0.06379619985818863,0.07798805087804794,0.3066156506538391,0.6666812300682068,0.7470151782035828,0.06263494491577148,cut_roasted_beef_depth_240_cam00_0185
43,"[416, 368, 512, 464]",1.0,1.0,1.0,cut_roasted_beef,cam00,cam00_0164,164,/leonardo_work/EUHPC_D21_034/proj_adags/repo/adags/refine-logs/depth_occlusion_support/r031_da3_depth_full/depth_npz/cut_roasted_beef/cam00_0164.npz,/leonardo_work/EUHPC_D21_034/proj_adags/data/n3v/cut_roasted_beef/motion_priors/masks/cam00_0164.png,/leonardo_work/EUHPC_D21_034/proj_adags/data/n3v/cut_roasted_beef/flow/cam00_0164.npz,0,0.1528472751379013,0.4992767572402954,0.2705467939376831,0.4589008688926697,0.38597509264945984,0.053493693470954895,0.04727892205119133,0.4421355426311493,0.6679242253303528,0.7455213069915771,0.06383705139160156,cut_roasted_beef_depth_241_cam00_0164
41,"[224, 208, 320, 304]",1.0,1.0,1.0,cut_roasted_beef,cam00,cam00_0125,125,/leonardo_work/EUHPC_D21_034/proj_adags/repo/adags/refine-logs/depth_occlusion_support/r031_da3_depth_full/depth_npz/cut_roasted_beef/cam00_0125.npz,/leonardo_work/EUHPC_D21_034/proj_adags/data/n3v/cut_roasted_beef/motion_priors/masks/cam00_0125.png,/leonardo_work/EUHPC_D21_034/proj_adags/data/n3v/cut_roasted_beef/flow/cam00_0125.npz,3,0.15408669412136078,0.3926973044872284,0.3122546970844269,0.4784470796585083,0.39488229155540466,0.06255324929952621,0.06510043144226074,0.5509902834892273,0.6681751608848572,0.7453082799911499,0.07156320661306381,cut_roasted_beef_depth_242_cam00_0125
41,"[416, 384, 512, 480]",1.0,1.0,1.0,cut_roasted_beef,cam00,cam00_0164,164,/leonardo_work/EUHPC_D21_034/proj_adags/repo/adags/refine-logs/depth_occlusion_support/r031_da3_depth_full/depth_npz/cut_roasted_beef/cam00_0164.npz,/leonardo_work/EUHPC_D21_034/proj_adags/data/n3v/cut_roasted_beef/motion_priors/masks/cam00_0164.png,/leonardo_work/EUHPC_D21_034/proj_adags/data/n3v/cut_roasted_beef/flow/cam00_0164.npz,1,0.1528472751379013,0.4992767572402954,0.2705467939376831,0.4589008688926697,0.38597509264945984,0.053493693470954895,0.04727892205119133,0.4421355426311493,0.6679242253303528,0.7455213069915771,0.06383705139160156,cut_roasted_beef_depth_243_cam00_0164
41,"[400, 160, 496, 256]",1.0,1.0,1.0,cut_roasted_beef,cam00,cam00_0229,229,/leonardo_work/EUHPC_D21_034/proj_adags/repo/adags/refine-logs/depth_occlusion_support/r031_da3_depth_full/depth_npz/cut_roasted_beef/cam00_0229.npz,/leonardo_work/EUHPC_D21_034/proj_adags/data/n3v/cut_roasted_beef/motion_priors/masks/cam00_0229.png,/leonardo_work/EUHPC_D21_034/proj_adags/data/n3v/cut_roasted_beef/flow/cam00_0229.npz,0,0.18654340505599976,0.45252496004104614,0.30018845200538635,0.4874533414840698,0.3814019560813904,0.03873288631439209,0.051267463713884354,0.7068088054656982,0.6647613644599915,0.7542073726654053,0.05308812856674194,cut_roasted_beef_depth_244_cam00_0229
40,"[32, 304, 128, 400]",1.0,1.0,1.0,cut_roasted_beef,cam00,cam00_0100,100,/leonardo_work/EUHPC_D21_034/proj_adags/repo/adags/refine-logs/depth_occlusion_support/r031_da3_depth_full/depth_npz/cut_roasted_beef/cam00_0100.npz,/leonardo_work/EUHPC_D21_034/proj_adags/data/n3v/cut_roasted_beef/motion_priors/masks/cam00_0100.png,/leonardo_work/EUHPC_D21_034/proj_adags/data/n3v/cut_roasted_beef/flow/cam00_0100.npz,0,0.15502427518367767,0.42285653948783875,0.291276752948761,0.500511646270752,0.3837152123451233,0.047369372099637985,0.05109531804919243,0.7371444702148438,0.6660189032554626,0.7429828643798828,0.06259409338235855,cut_roasted_beef_depth_245_cam00_0100
40,"[240, 192, 336, 288]",1.0,1.0,1.0,cut_roasted_beef,cam00,cam00_0254,254,/leonardo_work/EUHPC_D21_034/proj_adags/repo/adags/refine-logs/depth_occlusion_support/r031_da3_depth_full/depth_npz/cut_roasted_beef/cam00_0254.npz,/leonardo_work/EUHPC_D21_034/proj_adags/data/n3v/cut_roasted_beef/motion_priors/masks/cam00_0254.png,/leonardo_work/EUHPC_D21_034/proj_adags/data/n3v/cut_roasted_beef/flow/cam00_0254.npz,1,0.18443907797336578,0.40903010964393616,0.30569157004356384,0.4955759346485138,0.3906933069229126,0.06527257710695267,0.06357736885547638,0.2894594073295593,0.6612046957015991,0.7439194321632385,0.06186757981777191,cut_roasted_beef_depth_246_cam00_0254
40,"[432, 400, 528, 496]",1.0,1.0,1.0,cut_roasted_beef,cam00,cam00_0290,290,/leonardo_work/EUHPC_D21_034/proj_adags/repo/adags/refine-logs/depth_occlusion_support/r031_da3_depth_full/depth_npz/cut_roasted_beef/cam00_0290.npz,/leonardo_work/EUHPC_D21_034/proj_adags/data/n3v/cut_roasted_beef/motion_priors/masks/cam00_0290.png,/leonardo_work/EUHPC_D21_034/proj_adags/data/n3v/cut_roasted_beef/flow/cam00_0290.npz,0,0.1798945665359497,0.4594156742095947,0.2611430585384369,0.517454206943512,0.38796713948249817,0.04308614134788513,0.06315138190984726,0.7480888962745667,0.6664011478424072,0.7437794208526611,0.05503717064857483,cut_roasted_beef_depth_247_cam00_0290
38,"[208, 224, 304, 320]",1.0,1.0,1.0,cut_roasted_beef,cam00,cam00_0217,217,/leonardo_work/EUHPC_D21_034/proj_adags/repo/adags/refine-logs/depth_occlusion_support/r031_da3_depth_full/depth_npz/cut_roasted_beef/cam00_0217.npz,/leonardo_work/EUHPC_D21_034/proj_adags/data/n3v/cut_roasted_beef/motion_priors/masks/cam00_0217.png,/leonardo_work/EUHPC_D21_034/proj_adags/data/n3v/cut_roasted_beef/flow/cam00_0217.npz,0,0.18051065504550934,0.3428402841091156,0.2960743010044098,0.4557434916496277,0.38656795024871826,0.05105738714337349,0.0525512658059597,0.17644982039928436,0.660545289516449,0.7559258937835693,0.06299382448196411,cut_roasted_beef_depth_248_cam00_0217
38,"[320, 128, 416, 224]",1.0,1.0,1.0,cut_roasted_beef,cam00,cam00_0272,272,/leonardo_work/EUHPC_D21_034/proj_adags/repo/adags/refine-logs/depth_occlusion_support/r031_da3_depth_full/depth_npz/cut_roasted_beef/cam00_0272.npz,/leonardo_work/EUHPC_D21_034/proj_adags/data/n3v/cut_roasted_beef/motion_priors/masks/cam00_0272.png,/leonardo_work/EUHPC_D21_034/proj_adags/data/n3v/cut_roasted_beef/flow/cam00_0272.npz,0,0.18439145386219025,0.37252867221832275,0.3197932541370392,0.47977837920188904,0.3869701325893402,0.047036752104759216,0.061033111065626144,0.553161084651947,0.665169894695282,0.7515230774879456,0.054188113659620285,cut_roasted_beef_depth_249_cam00_0272
37,"[352, 224, 448, 320]",1.0,1.0,1.0,cut_roasted_beef,cam00,cam00_0117,117,/leonardo_work/EUHPC_D21_034/proj_adags/repo/adags/refine-logs/depth_occlusion_support/r031_da3_depth_full/depth_npz/cut_roasted_beef/cam00_0117.npz,/leonardo_work/EUHPC_D21_034/proj_adags/data/n3v/cut_roasted_beef/motion_priors/masks/cam00_0117.png,/leonardo_work/EUHPC_D21_034/proj_adags/data/n3v/cut_roasted_beef/flow/cam00_0117.npz,1,0.18663442134857178,0.3966171443462372,0.2856554388999939,0.5100990533828735,0.3830491602420807,0.04318242892622948,0.05607004836201668,0.5578352808952332,0.6709498763084412,0.7449114918708801,0.06259993463754654,cut_roasted_beef_depth_250_cam00_0117
37,"[272, 160, 368, 256]",1.0,1.0,1.0,cut_roasted_beef,cam00,cam00_0210,210,/leonardo_work/EUHPC_D21_034/proj_adags/repo/adags/refine-logs/depth_occlusion_support/r031_da3_depth_full/depth_npz/cut_roasted_beef/cam00_0210.npz,/leonardo_work/EUHPC_D21_034/proj_adags/data/n3v/cut_roasted_beef/motion_priors/masks/cam00_0210.png,/leonardo_work/EUHPC_D21_034/proj_adags/data/n3v/cut_roasted_beef/flow/cam00_0210.npz,0,0.1862708330154419,0.5866881608963013,0.3121168911457062,0.49283087253570557,0.38676711916923523,0.051454197615385056,0.06159331649541855,0.46899908781051636,0.6588850617408752,0.7565590739250183,0.06314846873283386,cut_roasted_beef_depth_251_cam00_0210
36,"[464, 240, 560, 336]",1.0,1.0,1.0,cut_roasted_beef,cam00,cam00_0086,86,/leonardo_work/EUHPC_D21_034/proj_adags/repo/adags/refine-logs/depth_occlusion_support/r031_da3_depth_full/depth_npz/cut_roasted_beef/cam00_0086.npz,/leonardo_work/EUHPC_D21_034/proj_adags/data/n3v/cut_roasted_beef/motion_priors/masks/cam00_0086.png,/leonardo_work/EUHPC_D21_034/proj_adags/data/n3v/cut_roasted_beef/flow/cam00_0086.npz,0,0.1835063248872757,0.5419110059738159,0.2981533408164978,0.45570099353790283,0.3841739296913147,0.042639728635549545,0.058418821543455124,0.6973845362663269,0.6668621301651001,0.739639163017273,0.051923952996730804,cut_roasted_beef_depth_252_cam00_0086
36,"[208, 368, 304, 464]",1.0,1.0,1.0,cut_roasted_beef,cam00,cam00_0138,138,/leonardo_work/EUHPC_D21_034/proj_adags/repo/adags/refine-logs/depth_occlusion_support/r031_da3_depth_full/depth_npz/cut_roasted_beef/cam00_0138.npz,/leonardo_work/EUHPC_D21_034/proj_adags/data/n3v/cut_roasted_beef/motion_priors/masks/cam00_0138.png,/leonardo_work/EUHPC_D21_034/proj_adags/data/n3v/cut_roasted_beef/flow/cam00_0138.npz,0,0.1846981644630432,0.4592048227787018,0.31483131647109985,0.5074159502983093,0.3839428424835205,0.05021124333143234,0.042984023690223694,0.3194449245929718,0.6639619469642639,0.744762659072876,0.059655942022800446,cut_roasted_beef_depth_253_cam00_0138
36,"[288, 160, 384, 256]",1.0,1.0,1.0,cut_roasted_beef,cam00,cam00_0184,184,/leonardo_work/EUHPC_D21_034/proj_adags/repo/adags/refine-logs/depth_occlusion_support/r031_da3_depth_full/depth_npz/cut_roasted_beef/cam00_0184.npz,/leonardo_work/EUHPC_D21_034/proj_adags/data/n3v/cut_roasted_beef/motion_priors/masks/cam00_0184.png,/leonardo_work/EUHPC_D21_034/proj_adags/data/n3v/cut_roasted_beef/flow/cam00_0184.npz,0,0.15803448855876923,0.2888012230396271,0.3000067472457886,0.45844221115112305,0.39410629868507385,0.056571897119283676,0.07977661490440369,0.3857124447822571,0.6671013832092285,0.7467263340950012,0.05786445364356041,cut_roasted_beef_depth_254_cam00_0184
36,"[400, 160, 496, 256]",1.0,1.0,1.0,cut_roasted_beef,cam00,cam00_0185,185,/leonardo_work/EUHPC_D21_034/proj_adags/repo/adags/refine-logs/depth_occlusion_support/r031_da3_depth_full/depth_npz/cut_roasted_beef/cam00_0185.npz,/leonardo_work/EUHPC_D21_034/proj_adags/data/n3v/cut_roasted_beef/motion_priors/masks/cam00_0185.png,/leonardo_work/EUHPC_D21_034/proj_adags/data/n3v/cut_roasted_beef/flow/cam00_0185.npz,2,0.16015884280204773,0.3661458492279053,0.3010694086551666,0.45757609605789185,0.39603036642074585,0.06379619985818863,0.07798805087804794,0.3066156506538391,0.6666812300682068,0.7470151782035828,0.06263494491577148,cut_roasted_beef_depth_255_cam00_0185
36,"[256, 176, 352, 272]",1.0,1.0,1.0,cut_roasted_beef,cam00,cam00_0213,213,/leonardo_work/EUHPC_D21_034/proj_adags/repo/adags/refine-logs/depth_occlusion_support/r031_da3_depth_full/depth_npz/cut_roasted_beef/cam00_0213.npz,/leonardo_work/EUHPC_D21_034/proj_adags/data/n3v/cut_roasted_beef/motion_priors/masks/cam00_0213.png,/leonardo_work/EUHPC_D21_034/proj_adags/data/n3v/cut_roasted_beef/flow/cam00_0213.npz,0,0.15558160841464996,0.3794163167476654,0.28548097610473633,0.47124072909355164,0.39086177945137024,0.055276427417993546,0.06447603553533554,0.3858729302883148,0.6595824360847473,0.7558208703994751,0.06829826533794403,cut_roasted_beef_depth_256_cam00_0213
35,"[400, 368, 496, 464]",1.0,1.0,1.0,cut_roasted_beef,cam00,cam00_0224,224,/leonardo_work/EUHPC_D21_034/proj_adags/repo/adags/refine-logs/depth_occlusion_support/r031_da3_depth_full/depth_npz/cut_roasted_beef/cam00_0224.npz,/leonardo_work/EUHPC_D21_034/proj_adags/data/n3v/cut_roasted_beef/motion_priors/masks/cam00_0224.png,/leonardo_work/EUHPC_D21_034/proj_adags/data/n3v/cut_roasted_beef/flow/cam00_0224.npz,0,0.18239441514015198,0.30586445331573486,0.26951509714126587,0.4894196093082428,0.37994951009750366,0.040468938648700714,0.047407303005456924,0.6949190497398376,0.6620653867721558,0.7549659609794617,0.05507218465209007,cut_roasted_beef_depth_257_cam00_0224
35,"[400, 384, 496, 480]",1.0,1.0,1.0,cut_roasted_beef,cam00,cam00_0224,224,/leonardo_work/EUHPC_D21_034/proj_adags/repo/adags/refine-logs/depth_occlusion_support/r031_da3_depth_full/depth_npz/cut_roasted_beef/cam00_0224.npz,/leonardo_work/EUHPC_D21_034/proj_adags/data/n3v/cut_roasted_beef/motion_priors/masks/cam00_0224.png,/leonardo_work/EUHPC_D21_034/proj_adags/data/n3v/cut_roasted_beef/flow/cam00_0224.npz,1,0.18239441514015198,0.30586445331573486,0.26951509714126587,0.4894196093082428,0.37994951009750366,0.040468938648700714,0.047407303005456924,0.6949190497398376,0.6620653867721558,0.7549659609794617,0.05507218465209007,cut_roasted_beef_depth_258_cam00_0224
34,"[208, 400, 304, 496]",1.0,1.0,1.0,cut_roasted_beef,cam00,cam00_0117,117,/leonardo_work/EUHPC_D21_034/proj_adags/repo/adags/refine-logs/depth_occlusion_support/r031_da3_depth_full/depth_npz/cut_roasted_beef/cam00_0117.npz,/leonardo_work/EUHPC_D21_034/proj_adags/data/n3v/cut_roasted_beef/motion_priors/masks/cam00_0117.png,/leonardo_work/EUHPC_D21_034/proj_adags/data/n3v/cut_roasted_beef/flow/cam00_0117.npz,2,0.18663442134857178,0.3966171443462372,0.2856554388999939,0.5100990533828735,0.3830491602420807,0.04318242892622948,0.05607004836201668,0.5578352808952332,0.6709498763084412,0.7449114918708801,0.06259993463754654,cut_roasted_beef_depth_259_cam00_0117
34,"[416, 368, 512, 464]",1.0,1.0,1.0,cut_roasted_beef,cam00,cam00_0185,185,/leonardo_work/EUHPC_D21_034/proj_adags/repo/adags/refine-logs/depth_occlusion_support/r031_da3_depth_full/depth_npz/cut_roasted_beef/cam00_0185.npz,/leonardo_work/EUHPC_D21_034/proj_adags/data/n3v/cut_roasted_beef/motion_priors/masks/cam00_0185.png,/leonardo_work/EUHPC_D21_034/proj_adags/data/n3v/cut_roasted_beef/flow/cam00_0185.npz,3,0.16015884280204773,0.3661458492279053,0.3010694086551666,0.45757609605789185,0.39603036642074585,0.06379619985818863,0.07798805087804794,0.3066156506538391,0.6666812300682068,0.7470151782035828,0.06263494491577148,cut_roasted_beef_depth_260_cam00_0185
34,"[256, 144, 352, 240]",1.0,1.0,1.0,cut_roasted_beef,cam00,cam00_0240,240,/leonardo_work/EUHPC_D21_034/proj_adags/repo/adags/refine-logs/depth_occlusion_support/r031_da3_depth_full/depth_npz/cut_roasted_beef/cam00_0240.npz,/leonardo_work/EUHPC_D21_034/proj_adags/data/n3v/cut_roasted_beef/motion_priors/masks/cam00_0240.png,/leonardo_work/EUHPC_D21_034/proj_adags/data/n3v/cut_roasted_beef/flow/cam00_0240.npz,0,0.18260693550109863,0.26518505811691284,0.25154417753219604,0.5041112899780273,0.3807949125766754,0.04151640459895134,0.05239078775048256,0.36853867769241333,0.661651074886322,0.7472515106201172,0.057992834597826004,cut_roasted_beef_depth_261_cam00_0240
34,"[128, 304, 224, 400]",1.0,1.0,1.0,cut_roasted_beef,cam00,cam00_0243,243,/leonardo_work/EUHPC_D21_034/proj_adags/repo/adags/refine-logs/depth_occlusion_support/r031_da3_depth_full/depth_npz/cut_roasted_beef/cam00_0243.npz,/leonardo_work/EUHPC_D21_034/proj_adags/data/n3v/cut_roasted_beef/motion_priors/masks/cam00_0243.png,/leonardo_work/EUHPC_D21_034/proj_adags/data/n3v/cut_roasted_beef/flow/cam00_0243.npz,0,0.18204528093338013,0.43010836839675903,0.24987603724002838,0.4414511024951935,0.38811516761779785,0.049665626138448715,0.07130061089992523,0.44528377056121826,0.6602418422698975,0.746516227722168,0.062421951442956924,cut_roasted_beef_depth_262_cam00_0243
34,"[128, 320, 224, 416]",1.0,1.0,1.0,cut_roasted_beef,cam00,cam00_0243,243,/leonardo_work/EUHPC_D21_034/proj_adags/repo/adags/refine-logs/depth_occlusion_support/r031_da3_depth_full/depth_npz/cut_roasted_beef/cam00_0243.npz,/leonardo_work/EUHPC_D21_034/proj_adags/data/n3v/cut_roasted_beef/motion_priors/masks/cam00_0243.png,/leonardo_work/EUHPC_D21_034/proj_adags/data/n3v/cut_roasted_beef/flow/cam00_0243.npz,1,0.18204528093338013,0.43010836839675903,0.24987603724002838,0.4414511024951935,0.38811516761779785,0.049665626138448715,0.07130061089992523,0.44528377056121826,0.6602418422698975,0.746516227722168,0.062421951442956924,cut_roasted_beef_depth_263_cam00_0243
34,"[128, 336, 224, 432]",1.0,1.0,1.0,cut_roasted_beef,cam00,cam00_0243,243,/leonardo_work/EUHPC_D21_034/proj_adags/repo/adags/refine-logs/depth_occlusion_support/r031_da3_depth_full/depth_npz/cut_roasted_beef/cam00_0243.npz,/leonardo_work/EUHPC_D21_034/proj_adags/data/n3v/cut_roasted_beef/motion_priors/masks/cam00_0243.png,/leonardo_work/EUHPC_D21_034/proj_adags/data/n3v/cut_roasted_beef/flow/cam00_0243.npz,2,0.18204528093338013,0.43010836839675903,0.24987603724002838,0.4414511024951935,0.38811516761779785,0.049665626138448715,0.07130061089992523,0.44528377056121826,0.6602418422698975,0.746516227722168,0.062421951442956924,cut_roasted_beef_depth_264_cam00_0243
34,"[128, 352, 224, 448]",1.0,1.0,1.0,cut_roasted_beef,cam00,cam00_0243,243,/leonardo_work/EUHPC_D21_034/proj_adags/repo/adags/refine-logs/depth_occlusion_support/r031_da3_depth_full/depth_npz/cut_roasted_beef/cam00_0243.npz,/leonardo_work/EUHPC_D21_034/proj_adags/data/n3v/cut_roasted_beef/motion_priors/masks/cam00_0243.png,/leonardo_work/EUHPC_D21_034/proj_adags/data/n3v/cut_roasted_beef/flow/cam00_0243.npz,3,0.18204528093338013,0.43010836839675903,0.24987603724002838,0.4414511024951935,0.38811516761779785,0.049665626138448715,0.07130061089992523,0.44528377056121826,0.6602418422698975,0.746516227722168,0.062421951442956924,cut_roasted_beef_depth_265_cam00_0243
34,"[240, 192, 336, 288]",1.0,1.0,1.0,cut_roasted_beef,cam00,cam00_0244,244,/leonardo_work/EUHPC_D21_034/proj_adags/repo/adags/refine-logs/depth_occlusion_support/r031_da3_depth_full/depth_npz/cut_roasted_beef/cam00_0244.npz,/leonardo_work/EUHPC_D21_034/proj_adags/data/n3v/cut_roasted_beef/motion_priors/masks/cam00_0244.png,/leonardo_work/EUHPC_D21_034/proj_adags/data/n3v/cut_roasted_beef/flow/cam00_0244.npz,0,0.1825493425130844,0.5490965843200684,0.2900136709213257,0.4067942500114441,0.3816573917865753,0.048101723194122314,0.05424646660685539,0.4009459316730499,0.6609945893287659,0.7460960745811462,0.06045248359441757,cut_roasted_beef_depth_266_cam00_0244
33,"[192, 368, 288, 464]",1.0,1.0,1.0,cut_roasted_beef,cam00,cam00_0138,138,/leonardo_work/EUHPC_D21_034/proj_adags/repo/adags/refine-logs/depth_occlusion_support/r031_da3_depth_full/depth_npz/cut_roasted_beef/cam00_0138.npz,/leonardo_work/EUHPC_D21_034/proj_adags/data/n3v/cut_roasted_beef/motion_priors/masks/cam00_0138.png,/leonardo_work/EUHPC_D21_034/proj_adags/data/n3v/cut_roasted_beef/flow/cam00_0138.npz,1,0.1846981644630432,0.4592048227787018,0.31483131647109985,0.5074159502983093,0.3839428424835205,0.05021124333143234,0.042984023690223694,0.3194449245929718,0.6639619469642639,0.744762659072876,0.059655942022800446,cut_roasted_beef_depth_267_cam00_0138
33,"[400, 400, 496, 496]",1.0,1.0,1.0,cut_roasted_beef,cam00,cam00_0224,224,/leonardo_work/EUHPC_D21_034/proj_adags/repo/adags/refine-logs/depth_occlusion_support/r031_da3_depth_full/depth_npz/cut_roasted_beef/cam00_0224.npz,/leonardo_work/EUHPC_D21_034/proj_adags/data/n3v/cut_roasted_beef/motion_priors/masks/cam00_0224.png,/leonardo_work/EUHPC_D21_034/proj_adags/data/n3v/cut_roasted_beef/flow/cam00_0224.npz,2,0.18239441514015198,0.30586445331573486,0.26951509714126587,0.4894196093082428,0.37994951009750366,0.040468938648700714,0.047407303005456924,0.6949190497398376,0.6620653867721558,0.7549659609794617,0.05507218465209007,cut_roasted_beef_depth_268_cam00_0224
33,"[240, 192, 336, 288]",1.0,1.0,1.0,cut_roasted_beef,cam00,cam00_0242,242,/leonardo_work/EUHPC_D21_034/proj_adags/repo/adags/refine-logs/depth_occlusion_support/r031_da3_depth_full/depth_npz/cut_roasted_beef/cam00_0242.npz,/leonardo_work/EUHPC_D21_034/proj_adags/data/n3v/cut_roasted_beef/motion_priors/masks/cam00_0242.png,/leonardo_work/EUHPC_D21_034/proj_adags/data/n3v/cut_roasted_beef/flow/cam00_0242.npz,2,0.1812528371810913,0.4092869460582733,0.24922317266464233,0.4350232481956482,0.3860296607017517,0.049896128475666046,0.06461316347122192,0.5999264717102051,0.661035418510437,0.7461048364639282,0.059693872928619385,cut_roasted_beef_depth_269_cam00_0242
31,"[240, 192, 336, 288]",1.0,1.0,1.0,cut_roasted_beef,cam00,cam00_0092,92,/leonardo_work/EUHPC_D21_034/proj_adags/repo/adags/refine-logs/depth_occlusion_support/r031_da3_depth_full/depth_npz/cut_roasted_beef/cam00_0092.npz,/leonardo_work/EUHPC_D21_034/proj_adags/data/n3v/cut_roasted_beef/motion_priors/masks/cam00_0092.png,/leonardo_work/EUHPC_D21_034/proj_adags/data/n3v/cut_roasted_beef/flow/cam00_0092.npz,0,0.15706168115139008,0.2994752526283264,0.29854243993759155,0.4617476761341095,0.3817749321460724,0.04420071840286255,0.050415486097335815,0.5355584025382996,0.665756344795227,0.7422038316726685,0.06806192547082901,cut_roasted_beef_depth_270_cam00_0092
31,"[208, 224, 304, 320]",1.0,1.0,1.0,cut_roasted_beef,cam00,cam00_0244,244,/leonardo_work/EUHPC_D21_034/proj_adags/repo/adags/refine-logs/depth_occlusion_support/r031_da3_depth_full/depth_npz/cut_roasted_beef/cam00_0244.npz,/leonardo_work/EUHPC_D21_034/proj_adags/data/n3v/cut_roasted_beef/motion_priors/masks/cam00_0244.png,/leonardo_work/EUHPC_D21_034/proj_adags/data/n3v/cut_roasted_beef/flow/cam00_0244.npz,1,0.1825493425130844,0.5490965843200684,0.2900136709213257,0.4067942500114441,0.3816573917865753,0.048101723194122314,0.05424646660685539,0.4009459316730499,0.6609945893287659,0.7460960745811462,0.06045248359441757,cut_roasted_beef_depth_271_cam00_0244
30,"[288, 144, 384, 240]",1.0,1.0,1.0,cut_roasted_beef,cam00,cam00_0220,220,/leonardo_work/EUHPC_D21_034/proj_adags/repo/adags/refine-logs/depth_occlusion_support/r031_da3_depth_full/depth_npz/cut_roasted_beef/cam00_0220.npz,/leonardo_work/EUHPC_D21_034/proj_adags/data/n3v/cut_roasted_beef/motion_priors/masks/cam00_0220.png,/leonardo_work/EUHPC_D21_034/proj_adags/data/n3v/cut_roasted_beef/flow/cam00_0220.npz,0,0.18059121072292328,0.46238890290260315,0.25861310958862305,0.41588839888572693,0.3790549337863922,0.04018300026655197,0.034061599522829056,0.7536705136299133,0.662885308265686,0.7560805678367615,0.06470653414726257,cut_roasted_beef_depth_272_cam00_0220
29,"[224, 224, 320, 320]",1.0,1.0,1.0,cut_roasted_beef,cam00,cam00_0028,28,/leonardo_work/EUHPC_D21_034/proj_adags/repo/adags/refine-logs/depth_occlusion_support/r031_da3_depth_full/depth_npz/cut_roasted_beef/cam00_0028.npz,/leonardo_work/EUHPC_D21_034/proj_adags/data/n3v/cut_roasted_beef/motion_priors/masks/cam00_0028.png,/leonardo_work/EUHPC_D21_034/proj_adags/data/n3v/cut_roasted_beef/flow/cam00_0028.npz,0,0.18030287325382233,0.4525400996208191,0.27795806527137756,0.5112336874008179,0.37435877323150635,0.042333368211984634,0.05060513690114021,0.5534294843673706,0.654785692691803,0.725225567817688,0.04625771567225456,cut_roasted_beef_depth_273_cam00_0028
29,"[192, 368, 288, 464]",1.0,1.0,1.0,cut_roasted_beef,cam00,cam00_0217,217,/leonardo_work/EUHPC_D21_034/proj_adags/repo/adags/refine-logs/depth_occlusion_support/r031_da3_depth_full/depth_npz/cut_roasted_beef/cam00_0217.npz,/leonardo_work/EUHPC_D21_034/proj_adags/data/n3v/cut_roasted_beef/motion_priors/masks/cam00_0217.png,/leonardo_work/EUHPC_D21_034/proj_adags/data/n3v/cut_roasted_beef/flow/cam00_0217.npz,1,0.18051065504550934,0.3428402841091156,0.2960743010044098,0.4557434916496277,0.38656795024871826,0.05105738714337349,0.0525512658059597,0.17644982039928436,0.660545289516449,0.7559258937835693,0.06299382448196411,cut_roasted_beef_depth_274_cam00_0217
29,"[304, 144, 400, 240]",1.0,1.0,1.0,cut_roasted_beef,cam00,cam00_0218,218,/leonardo_work/EUHPC_D21_034/proj_adags/repo/adags/refine-logs/depth_occlusion_support/r031_da3_depth_full/depth_npz/cut_roasted_beef/cam00_0218.npz,/leonardo_work/EUHPC_D21_034/proj_adags/data/n3v/cut_roasted_beef/motion_priors/masks/cam00_0218.png,/leonardo_work/EUHPC_D21_034/proj_adags/data/n3v/cut_roasted_beef/flow/cam00_0218.npz,0,0.15741737186908722,0.4856482744216919,0.301417738199234,0.4576573371887207,0.385567307472229,0.05076269432902336,0.04521608725190163,0.2944691479206085,0.6618144512176514,0.7564043998718262,0.06367366015911102,cut_roasted_beef_depth_275_cam00_0218
29,"[320, 144, 416, 240]",1.0,1.0,1.0,cut_roasted_beef,cam00,cam00_0218,218,/leonardo_work/EUHPC_D21_034/proj_adags/repo/adags/refine-logs/depth_occlusion_support/r031_da3_depth_full/depth_npz/cut_roasted_beef/cam00_0218.npz,/leonardo_work/EUHPC_D21_034/proj_adags/data/n3v/cut_roasted_beef/motion_priors/masks/cam00_0218.png,/leonardo_work/EUHPC_D21_034/proj_adags/data/n3v/cut_roasted_beef/flow/cam00_0218.npz,1,0.15741737186908722,0.4856482744216919,0.301417738199234,0.4576573371887207,0.385567307472229,0.05076269432902336,0.04521608725190163,0.2944691479206085,0.6618144512176514,0.7564043998718262,0.06367366015911102,cut_roasted_beef_depth_276_cam00_0218
29,"[336, 144, 432, 240]",1.0,1.0,1.0,cut_roasted_beef,cam00,cam00_0218,218,/leonardo_work/EUHPC_D21_034/proj_adags/repo/adags/refine-logs/depth_occlusion_support/r031_da3_depth_full/depth_npz/cut_roasted_beef/cam00_0218.npz,/leonardo_work/EUHPC_D21_034/proj_adags/data/n3v/cut_roasted_beef/motion_priors/masks/cam00_0218.png,/leonardo_work/EUHPC_D21_034/proj_adags/data/n3v/cut_roasted_beef/flow/cam00_0218.npz,2,0.15741737186908722,0.4856482744216919,0.301417738199234,0.4576573371887207,0.385567307472229,0.05076269432902336,0.04521608725190163,0.2944691479206085,0.6618144512176514,0.7564043998718262,0.06367366015911102,cut_roasted_beef_depth_277_cam00_0218
29,"[352, 144, 448, 240]",1.0,1.0,1.0,cut_roasted_beef,cam00,cam00_0218,218,/leonardo_work/EUHPC_D21_034/proj_adags/repo/adags/refine-logs/depth_occlusion_support/r031_da3_depth_full/depth_npz/cut_roasted_beef/cam00_0218.npz,/leonardo_work/EUHPC_D21_034/proj_adags/data/n3v/cut_roasted_beef/motion_priors/masks/cam00_0218.png,/leonardo_work/EUHPC_D21_034/proj_adags/data/n3v/cut_roasted_beef/flow/cam00_0218.npz,3,0.15741737186908722,0.4856482744216919,0.301417738199234,0.4576573371887207,0.385567307472229,0.05076269432902336,0.04521608725190163,0.2944691479206085,0.6618144512176514,0.7564043998718262,0.06367366015911102,cut_roasted_beef_depth_278_cam00_0218
28,"[208, 411, 304, 507]",1.0,1.0,1.0,cut_roasted_beef,cam00,cam00_0117,117,/leonardo_work/EUHPC_D21_034/proj_adags/repo/adags/refine-logs/depth_occlusion_support/r031_da3_depth_full/depth_npz/cut_roasted_beef/cam00_0117.npz,/leonardo_work/EUHPC_D21_034/proj_adags/data/n3v/cut_roasted_beef/motion_priors/masks/cam00_0117.png,/leonardo_work/EUHPC_D21_034/proj_adags/data/n3v/cut_roasted_beef/flow/cam00_0117.npz,3,0.18663442134857178,0.3966171443462372,0.2856554388999939,0.5100990533828735,0.3830491602420807,0.04318242892622948,0.05607004836201668,0.5578352808952332,0.6709498763084412,0.7449114918708801,0.06259993463754654,cut_roasted_beef_depth_279_cam00_0117
28,"[224, 208, 320, 304]",1.0,1.0,1.0,cut_roasted_beef,cam00,cam00_0254,254,/leonardo_work/EUHPC_D21_034/proj_adags/repo/adags/refine-logs/depth_occlusion_support/r031_da3_depth_full/depth_npz/cut_roasted_beef/cam00_0254.npz,/leonardo_work/EUHPC_D21_034/proj_adags/data/n3v/cut_roasted_beef/motion_priors/masks/cam00_0254.png,/leonardo_work/EUHPC_D21_034/proj_adags/data/n3v/cut_roasted_beef/flow/cam00_0254.npz,2,0.18443907797336578,0.40903010964393616,0.30569157004356384,0.4955759346485138,0.3906933069229126,0.06527257710695267,0.06357736885547638,0.2894594073295593,0.6612046957015991,0.7439194321632385,0.06186757981777191,cut_roasted_beef_depth_280_cam00_0254
27,"[192, 384, 288, 480]",1.0,1.0,1.0,cut_roasted_beef,cam00,cam00_0213,213,/leonardo_work/EUHPC_D21_034/proj_adags/repo/adags/refine-logs/depth_occlusion_support/r031_da3_depth_full/depth_npz/cut_roasted_beef/cam00_0213.npz,/leonardo_work/EUHPC_D21_034/proj_adags/data/n3v/cut_roasted_beef/motion_priors/masks/cam00_0213.png,/leonardo_work/EUHPC_D21_034/proj_adags/data/n3v/cut_roasted_beef/flow/cam00_0213.npz,1,0.15558160841464996,0.3794163167476654,0.28548097610473633,0.47124072909355164,0.39086177945137024,0.055276427417993546,0.06447603553533554,0.3858729302883148,0.6595824360847473,0.7558208703994751,0.06829826533794403,cut_roasted_beef_depth_281_cam00_0213
26,"[416, 208, 512, 304]",1.0,1.0,1.0,cut_roasted_beef,cam00,cam00_0193,193,/leonardo_work/EUHPC_D21_034/proj_adags/repo/adags/refine-logs/depth_occlusion_support/r031_da3_depth_full/depth_npz/cut_roasted_beef/cam00_0193.npz,/leonardo_work/EUHPC_D21_034/proj_adags/data/n3v/cut_roasted_beef/motion_priors/masks/cam00_0193.png,/leonardo_work/EUHPC_D21_034/proj_adags/data/n3v/cut_roasted_beef/flow/cam00_0193.npz,0,0.15496431291103363,0.3497115969657898,0.2908770442008972,0.4719047546386719,0.3906390964984894,0.04819801077246666,0.06710782647132874,0.6290075182914734,0.6699753999710083,0.7501400709152222,0.0624365396797657,cut_roasted_beef_depth_282_cam00_0193
26,"[416, 224, 512, 320]",1.0,1.0,1.0,cut_roasted_beef,cam00,cam00_0193,193,/leonardo_work/EUHPC_D21_034/proj_adags/repo/adags/refine-logs/depth_occlusion_support/r031_da3_depth_full/depth_npz/cut_roasted_beef/cam00_0193.npz,/leonardo_work/EUHPC_D21_034/proj_adags/data/n3v/cut_roasted_beef/motion_priors/masks/cam00_0193.png,/leonardo_work/EUHPC_D21_034/proj_adags/data/n3v/cut_roasted_beef/flow/cam00_0193.npz,1,0.15496431291103363,0.3497115969657898,0.2908770442008972,0.4719047546386719,0.3906390964984894,0.04819801077246666,0.06710782647132874,0.6290075182914734,0.6699753999710083,0.7501400709152222,0.0624365396797657,cut_roasted_beef_depth_283_cam00_0193
25,"[384, 160, 480, 256]",1.0,1.0,1.0,cut_roasted_beef,cam00,cam00_0086,86,/leonardo_work/EUHPC_D21_034/proj_adags/repo/adags/refine-logs/depth_occlusion_support/r031_da3_depth_full/depth_npz/cut_roasted_beef/cam00_0086.npz,/leonardo_work/EUHPC_D21_034/proj_adags/data/n3v/cut_roasted_beef/motion_priors/masks/cam00_0086.png,/leonardo_work/EUHPC_D21_034/proj_adags/data/n3v/cut_roasted_beef/flow/cam00_0086.npz,1,0.1835063248872757,0.5419110059738159,0.2981533408164978,0.45570099353790283,0.3841739296913147,0.042639728635549545,0.058418821543455124,0.6973845362663269,0.6668621301651001,0.739639163017273,0.051923952996730804,cut_roasted_beef_depth_284_cam00_0086
25,"[464, 240, 560, 336]",1.0,1.0,1.0,cut_roasted_beef,cam00,cam00_0088,88,/leonardo_work/EUHPC_D21_034/proj_adags/repo/adags/refine-logs/depth_occlusion_support/r031_da3_depth_full/depth_npz/cut_roasted_beef/cam00_0088.npz,/leonardo_work/EUHPC_D21_034/proj_adags/data/n3v/cut_roasted_beef/motion_priors/masks/cam00_0088.png,/leonardo_work/EUHPC_D21_034/proj_adags/data/n3v/cut_roasted_beef/flow/cam00_0088.npz,0,0.15598124265670776,0.3392135798931122,0.29949989914894104,0.477546364068985,0.38217881321907043,0.048244692385196686,0.0484226755797863,0.5604962706565857,0.663392961025238,0.7392247915267944,0.061339471489191055,cut_roasted_beef_depth_285_cam00_0088
25,"[432, 240, 528, 336]",1.0,1.0,1.0,cut_roasted_beef,cam00,cam00_0241,241,/leonardo_work/EUHPC_D21_034/proj_adags/repo/adags/refine-logs/depth_occlusion_support/r031_da3_depth_full/depth_npz/cut_roasted_beef/cam00_0241.npz,/leonardo_work/EUHPC_D21_034/proj_adags/data/n3v/cut_roasted_beef/motion_priors/masks/cam00_0241.png,/leonardo_work/EUHPC_D21_034/proj_adags/data/n3v/cut_roasted_beef/flow/cam00_0241.npz,0,0.18307910859584808,0.42612069845199585,0.2586327791213989,0.4954700767993927,0.38573023676872253,0.047582369297742844,0.06416383385658264,0.5583809018135071,0.659920871257782,0.7481909990310669,0.05644935369491577,cut_roasted_beef_depth_286_cam00_0241
24,"[192, 368, 288, 464]",1.0,1.0,1.0,cut_roasted_beef,cam00,cam00_0162,162,/leonardo_work/EUHPC_D21_034/proj_adags/repo/adags/refine-logs/depth_occlusion_support/r031_da3_depth_full/depth_npz/cut_roasted_beef/cam00_0162.npz,/leonardo_work/EUHPC_D21_034/proj_adags/data/n3v/cut_roasted_beef/motion_priors/masks/cam00_0162.png,/leonardo_work/EUHPC_D21_034/proj_adags/data/n3v/cut_roasted_beef/flow/cam00_0162.npz,3,0.17687532305717468,0.5405756235122681,0.27859577536582947,0.40185296535491943,0.3980984091758728,0.0626903846859932,0.07347723841667175,0.4796663224697113,0.6682860255241394,0.746498703956604,0.06517920643091202,cut_roasted_beef_depth_287_cam00_0162
24,"[272, 128, 368, 224]",1.0,1.0,1.0,cut_roasted_beef,cam00,cam00_0249,249,/leonardo_work/EUHPC_D21_034/proj_adags/repo/adags/refine-logs/depth_occlusion_support/r031_da3_depth_full/depth_npz/cut_roasted_beef/cam00_0249.npz,/leonardo_work/EUHPC_D21_034/proj_adags/data/n3v/cut_roasted_beef/motion_priors/masks/cam00_0249.png,/leonardo_work/EUHPC_D21_034/proj_adags/data/n3v/cut_roasted_beef/flow/cam00_0249.npz,0,0.15700098872184753,0.34497809410095215,0.30011022090911865,0.4663214385509491,0.38658878207206726,0.053843818604946136,0.0660049244761467,0.22881726920604706,0.6589521765708923,0.7428894639015198,0.06310761719942093,cut_roasted_beef_depth_288_cam00_0249
24,"[416, 192, 512, 288]",1.0,1.0,1.0,cut_roasted_beef,cam00,cam00_0253,253,/leonardo_work/EUHPC_D21_034/proj_adags/repo/adags/refine-logs/depth_occlusion_support/r031_da3_depth_full/depth_npz/cut_roasted_beef/cam00_0253.npz,/leonardo_work/EUHPC_D21_034/proj_adags/data/n3v/cut_roasted_beef/motion_priors/masks/cam00_0253.png,/leonardo_work/EUHPC_D21_034/proj_adags/data/n3v/cut_roasted_beef/flow/cam00_0253.npz,0,0.15446220338344574,0.3394767940044403,0.2863962948322296,0.47643670439720154,0.39507144689559937,0.06510334461927414,0.07680928707122803,0.31314846873283386,0.6607640981674194,0.7440390586853027,0.06351026147603989,cut_roasted_beef_depth_289_cam00_0253
23,"[208, 368, 304, 464]",1.0,1.0,1.0,cut_roasted_beef,cam00,cam00_0249,249,/leonardo_work/EUHPC_D21_034/proj_adags/repo/adags/refine-logs/depth_occlusion_support/r031_da3_depth_full/depth_npz/cut_roasted_beef/cam00_0249.npz,/leonardo_work/EUHPC_D21_034/proj_adags/data/n3v/cut_roasted_beef/motion_priors/masks/cam00_0249.png,/leonardo_work/EUHPC_D21_034/proj_adags/data/n3v/cut_roasted_beef/flow/cam00_0249.npz,1,0.15700098872184753,0.34497809410095215,0.30011022090911865,0.4663214385509491,0.38658878207206726,0.053843818604946136,0.0660049244761467,0.22881726920604706,0.6589521765708923,0.7428894639015198,0.06310761719942093,cut_roasted_beef_depth_290_cam00_0249
23,"[208, 384, 304, 480]",1.0,1.0,1.0,cut_roasted_beef,cam00,cam00_0249,249,/leonardo_work/EUHPC_D21_034/proj_adags/repo/adags/refine-logs/depth_occlusion_support/r031_da3_depth_full/depth_npz/cut_roasted_beef/cam00_0249.npz,/leonardo_work/EUHPC_D21_034/proj_adags/data/n3v/cut_roasted_beef/motion_priors/masks/cam00_0249.png,/leonardo_work/EUHPC_D21_034/proj_adags/data/n3v/cut_roasted_beef/flow/cam00_0249.npz,2,0.15700098872184753,0.34497809410095215,0.30011022090911865,0.4663214385509491,0.38658878207206726,0.053843818604946136,0.0660049244761467,0.22881726920604706,0.6589521765708923,0.7428894639015198,0.06310761719942093,cut_roasted_beef_depth_291_cam00_0249
23,"[208, 400, 304, 496]",1.0,1.0,1.0,cut_roasted_beef,cam00,cam00_0249,249,/leonardo_work/EUHPC_D21_034/proj_adags/repo/adags/refine-logs/depth_occlusion_support/r031_da3_depth_full/depth_npz/cut_roasted_beef/cam00_0249.npz,/leonardo_work/EUHPC_D21_034/proj_adags/data/n3v/cut_roasted_beef/motion_priors/masks/cam00_0249.png,/leonardo_work/EUHPC_D21_034/proj_adags/data/n3v/cut_roasted_beef/flow/cam00_0249.npz,3,0.15700098872184753,0.34497809410095215,0.30011022090911865,0.4663214385509491,0.38658878207206726,0.053843818604946136,0.0660049244761467,0.22881726920604706,0.6589521765708923,0.7428894639015198,0.06310761719942093,cut_roasted_beef_depth_292_cam00_0249
22,"[288, 160, 384, 256]",1.0,1.0,1.0,cut_roasted_beef,cam00,cam00_0061,61,/leonardo_work/EUHPC_D21_034/proj_adags/repo/adags/refine-logs/depth_occlusion_support/r031_da3_depth_full/depth_npz/cut_roasted_beef/cam00_0061.npz,/leonardo_work/EUHPC_D21_034/proj_adags/data/n3v/cut_roasted_beef/motion_priors/masks/cam00_0061.png,/leonardo_work/EUHPC_D21_034/proj_adags/data/n3v/cut_roasted_beef/flow/cam00_0061.npz,0,0.18650296330451965,0.4920840561389923,0.31845974922180176,0.46400076150894165,0.3716789186000824,0.03610984608530998,0.04118378087878227,0.698043942451477,0.6560403108596802,0.7326686978340149,0.05031919851899147,cut_roasted_beef_depth_293_cam00_0061
22,"[304, 160, 400, 256]",1.0,1.0,1.0,cut_roasted_beef,cam00,cam00_0061,61,/leonardo_work/EUHPC_D21_034/proj_adags/repo/adags/refine-logs/depth_occlusion_support/r031_da3_depth_full/depth_npz/cut_roasted_beef/cam00_0061.npz,/leonardo_work/EUHPC_D21_034/proj_adags/data/n3v/cut_roasted_beef/motion_priors/masks/cam00_0061.png,/leonardo_work/EUHPC_D21_034/proj_adags/data/n3v/cut_roasted_beef/flow/cam00_0061.npz,1,0.18650296330451965,0.4920840561389923,0.31845974922180176,0.46400076150894165,0.3716789186000824,0.03610984608530998,0.04118378087878227,0.698043942451477,0.6560403108596802,0.7326686978340149,0.05031919851899147,cut_roasted_beef_depth_294_cam00_0061
22,"[320, 160, 416, 256]",1.0,1.0,1.0,cut_roasted_beef,cam00,cam00_0061,61,/leonardo_work/EUHPC_D21_034/proj_adags/repo/adags/refine-logs/depth_occlusion_support/r031_da3_depth_full/depth_npz/cut_roasted_beef/cam00_0061.npz,/leonardo_work/EUHPC_D21_034/proj_adags/data/n3v/cut_roasted_beef/motion_priors/masks/cam00_0061.png,/leonardo_work/EUHPC_D21_034/proj_adags/data/n3v/cut_roasted_beef/flow/cam00_0061.npz,2,0.18650296330451965,0.4920840561389923,0.31845974922180176,0.46400076150894165,0.3716789186000824,0.03610984608530998,0.04118378087878227,0.698043942451477,0.6560403108596802,0.7326686978340149,0.05031919851899147,cut_roasted_beef_depth_295_cam00_0061
22,"[336, 160, 432, 256]",1.0,1.0,1.0,cut_roasted_beef,cam00,cam00_0061,61,/leonardo_work/EUHPC_D21_034/proj_adags/repo/adags/refine-logs/depth_occlusion_support/r031_da3_depth_full/depth_npz/cut_roasted_beef/cam00_0061.npz,/leonardo_work/EUHPC_D21_034/proj_adags/data/n3v/cut_roasted_beef/motion_priors/masks/cam00_0061.png,/leonardo_work/EUHPC_D21_034/proj_adags/data/n3v/cut_roasted_beef/flow/cam00_0061.npz,3,0.18650296330451965,0.4920840561389923,0.31845974922180176,0.46400076150894165,0.3716789186000824,0.03610984608530998,0.04118378087878227,0.698043942451477,0.6560403108596802,0.7326686978340149,0.05031919851899147,cut_roasted_beef_depth_296_cam00_0061
22,"[224, 208, 320, 304]",1.0,1.0,1.0,cut_roasted_beef,cam00,cam00_0090,90,/leonardo_work/EUHPC_D21_034/proj_adags/repo/adags/refine-logs/depth_occlusion_support/r031_da3_depth_full/depth_npz/cut_roasted_beef/cam00_0090.npz,/leonardo_work/EUHPC_D21_034/proj_adags/data/n3v/cut_roasted_beef/motion_priors/masks/cam00_0090.png,/leonardo_work/EUHPC_D21_034/proj_adags/data/n3v/cut_roasted_beef/flow/cam00_0090.npz,0,0.1852685958147049,0.32626044750213623,0.2972820997238159,0.45739176869392395,0.38558316230773926,0.0476728156208992,0.05846258997917175,0.46330660581588745,0.6637839674949646,0.7411359548568726,0.05803368240594864,cut_roasted_beef_depth_297_cam00_0090
22,"[400, 411, 496, 507]",1.0,1.0,1.0,cut_roasted_beef,cam00,cam00_0224,224,/leonardo_work/EUHPC_D21_034/proj_adags/repo/adags/refine-logs/depth_occlusion_support/r031_da3_depth_full/depth_npz/cut_roasted_beef/cam00_0224.npz,/leonardo_work/EUHPC_D21_034/proj_adags/data/n3v/cut_roasted_beef/motion_priors/masks/cam00_0224.png,/leonardo_work/EUHPC_D21_034/proj_adags/data/n3v/cut_roasted_beef/flow/cam00_0224.npz,3,0.18239441514015198,0.30586445331573486,0.26951509714126587,0.4894196093082428,0.37994951009750366,0.040468938648700714,0.047407303005456924,0.6949190497398376,0.6620653867721558,0.7549659609794617,0.05507218465209007,cut_roasted_beef_depth_298_cam00_0224
22,"[448, 208, 544, 304]",1.0,1.0,1.0,cut_roasted_beef,cam00,cam00_0270,270,/leonardo_work/EUHPC_D21_034/proj_adags/repo/adags/refine-logs/depth_occlusion_support/r031_da3_depth_full/depth_npz/cut_roasted_beef/cam00_0270.npz,/leonardo_work/EUHPC_D21_034/proj_adags/data/n3v/cut_roasted_beef/motion_priors/masks/cam00_0270.png,/leonardo_work/EUHPC_D21_034/proj_adags/data/n3v/cut_roasted_beef/flow/cam00_0270.npz,0,0.18537311255931854,0.3372499942779541,0.27077561616897583,0.49917182326316833,0.38708582520484924,0.047538600862026215,0.055670320987701416,0.40955907106399536,0.666275680065155,0.7484973669052124,0.05229450389742851,cut_roasted_beef_depth_299_cam00_0270
22,"[288, 144, 384, 240]",1.0,1.0,1.0,cut_roasted_beef,cam00,cam00_0280,280,/leonardo_work/EUHPC_D21_034/proj_adags/repo/adags/refine-logs/depth_occlusion_support/r031_da3_depth_full/depth_npz/cut_roasted_beef/cam00_0280.npz,/leonardo_work/EUHPC_D21_034/proj_adags/data/n3v/cut_roasted_beef/motion_priors/masks/cam00_0280.png,/leonardo_work/EUHPC_D21_034/proj_adags/data/n3v/cut_roasted_beef/flow/cam00_0280.npz,0,0.1819901317358017,0.41990339756011963,0.29552656412124634,0.5059354305267334,0.3802339732646942,0.03500986099243164,0.048238858580589294,0.6998850703239441,0.6639940142631531,0.7497841119766235,0.04683542996644974,cut_roasted_beef_depth_300_cam00_0280
21,"[224, 224, 320, 320]",1.0,1.0,1.0,cut_roasted_beef,cam00,cam00_0027,27,/leonardo_work/EUHPC_D21_034/proj_adags/repo/adags/refine-logs/depth_occlusion_support/r031_da3_depth_full/depth_npz/cut_roasted_beef/cam00_0027.npz,/leonardo_work/EUHPC_D21_034/proj_adags/data/n3v/cut_roasted_beef/motion_priors/masks/cam00_0027.png,/leonardo_work/EUHPC_D21_034/proj_adags/data/n3v/cut_roasted_beef/flow/cam00_0027.npz,0,0.18558283150196075,0.575161337852478,0.3089103102684021,0.44756999611854553,0.3761228919029236,0.03862784802913666,0.06198721006512642,0.5469492077827454,0.6555325984954834,0.726264238357544,0.05195312947034836,cut_roasted_beef_depth_301_cam00_0027
21,"[384, 160, 480, 256]",1.0,1.0,1.0,cut_roasted_beef,cam00,cam00_0085,85,/leonardo_work/EUHPC_D21_034/proj_adags/repo/adags/refine-logs/depth_occlusion_support/r031_da3_depth_full/depth_npz/cut_roasted_beef/cam00_0085.npz,/leonardo_work/EUHPC_D21_034/proj_adags/data/n3v/cut_roasted_beef/motion_priors/masks/cam00_0085.png,/leonardo_work/EUHPC_D21_034/proj_adags/data/n3v/cut_roasted_beef/flow/cam00_0085.npz,0,0.17813779413700104,0.42585518956184387,0.32244253158569336,0.45636245608329773,0.38047659397125244,0.036915142089128494,0.052355777472257614,0.6362055540084839,0.665061891078949,0.7398404479026794,0.05365416780114174,cut_roasted_beef_depth_302_cam00_0085
20,"[304, 144, 400, 240]",1.0,1.0,1.0,cut_roasted_beef,cam00,cam00_0138,138,/leonardo_work/EUHPC_D21_034/proj_adags/repo/adags/refine-logs/depth_occlusion_support/r031_da3_depth_full/depth_npz/cut_roasted_beef/cam00_0138.npz,/leonardo_work/EUHPC_D21_034/proj_adags/data/n3v/cut_roasted_beef/motion_priors/masks/cam00_0138.png,/leonardo_work/EUHPC_D21_034/proj_adags/data/n3v/cut_roasted_beef/flow/cam00_0138.npz,2,0.1846981644630432,0.4592048227787018,0.31483131647109985,0.5074159502983093,0.3839428424835205,0.05021124333143234,0.042984023690223694,0.3194449245929718,0.6639619469642639,0.744762659072876,0.059655942022800446,cut_roasted_beef_depth_303_cam00_0138
20,"[320, 144, 416, 240]",1.0,1.0,1.0,cut_roasted_beef,cam00,cam00_0138,138,/leonardo_work/EUHPC_D21_034/proj_adags/repo/adags/refine-logs/depth_occlusion_support/r031_da3_depth_full/depth_npz/cut_roasted_beef/cam00_0138.npz,/leonardo_work/EUHPC_D21_034/proj_adags/data/n3v/cut_roasted_beef/motion_priors/masks/cam00_0138.png,/leonardo_work/EUHPC_D21_034/proj_adags/data/n3v/cut_roasted_beef/flow/cam00_0138.npz,3,0.1846981644630432,0.4592048227787018,0.31483131647109985,0.5074159502983093,0.3839428424835205,0.05021124333143234,0.042984023690223694,0.3194449245929718,0.6639619469642639,0.744762659072876,0.059655942022800446,cut_roasted_beef_depth_304_cam00_0138
20,"[288, 128, 384, 224]",1.0,1.0,1.0,cut_roasted_beef,cam00,cam00_0244,244,/leonardo_work/EUHPC_D21_034/proj_adags/repo/adags/refine-logs/depth_occlusion_support/r031_da3_depth_full/depth_npz/cut_roasted_beef/cam00_0244.npz,/leonardo_work/EUHPC_D21_034/proj_adags/data/n3v/cut_roasted_beef/motion_priors/masks/cam00_0244.png,/leonardo_work/EUHPC_D21_034/proj_adags/data/n3v/cut_roasted_beef/flow/cam00_0244.npz,2,0.1825493425130844,0.5490965843200684,0.2900136709213257,0.4067942500114441,0.3816573917865753,0.048101723194122314,0.05424646660685539,0.4009459316730499,0.6609945893287659,0.7460960745811462,0.06045248359441757,cut_roasted_beef_depth_305_cam00_0244
20,"[304, 128, 400, 224]",1.0,1.0,1.0,cut_roasted_beef,cam00,cam00_0244,244,/leonardo_work/EUHPC_D21_034/proj_adags/repo/adags/refine-logs/depth_occlusion_support/r031_da3_depth_full/depth_npz/cut_roasted_beef/cam00_0244.npz,/leonardo_work/EUHPC_D21_034/proj_adags/data/n3v/cut_roasted_beef/motion_priors/masks/cam00_0244.png,/leonardo_work/EUHPC_D21_034/proj_adags/data/n3v/cut_roasted_beef/flow/cam00_0244.npz,3,0.1825493425130844,0.5490965843200684,0.2900136709213257,0.4067942500114441,0.3816573917865753,0.048101723194122314,0.05424646660685539,0.4009459316730499,0.6609945893287659,0.7460960745811462,0.06045248359441757,cut_roasted_beef_depth_306_cam00_0244
20,"[272, 128, 368, 224]",1.0,1.0,1.0,cut_roasted_beef,cam00,cam00_0251,251,/leonardo_work/EUHPC_D21_034/proj_adags/repo/adags/refine-logs/depth_occlusion_support/r031_da3_depth_full/depth_npz/cut_roasted_beef/cam00_0251.npz,/leonardo_work/EUHPC_D21_034/proj_adags/data/n3v/cut_roasted_beef/motion_priors/masks/cam00_0251.png,/leonardo_work/EUHPC_D21_034/proj_adags/data/n3v/cut_roasted_beef/flow/cam00_0251.npz,0,0.15576259791851044,0.27938976883888245,0.3114094138145447,0.47815394401550293,0.3912028968334198,0.06096016615629196,0.07192499935626984,0.349605530500412,0.661636471748352,0.7436801791191101,0.06521421670913696,cut_roasted_beef_depth_307_cam00_0251
20,"[384, 128, 480, 224]",1.0,1.0,1.0,cut_roasted_beef,cam00,cam00_0251,251,/leonardo_work/EUHPC_D21_034/proj_adags/repo/adags/refine-logs/depth_occlusion_support/r031_da3_depth_full/depth_npz/cut_roasted_beef/cam00_0251.npz,/leonardo_work/EUHPC_D21_034/proj_adags/data/n3v/cut_roasted_beef/motion_priors/masks/cam00_0251.png,/leonardo_work/EUHPC_D21_034/proj_adags/data/n3v/cut_roasted_beef/flow/cam00_0251.npz,1,0.15576259791851044,0.27938976883888245,0.3114094138145447,0.47815394401550293,0.3912028968334198,0.06096016615629196,0.07192499935626984,0.349605530500412,0.661636471748352,0.7436801791191101,0.06521421670913696,cut_roasted_beef_depth_308_cam00_0251
20,"[272, 144, 368, 240]",1.0,1.0,1.0,cut_roasted_beef,cam00,cam00_0298,298,/leonardo_work/EUHPC_D21_034/proj_adags/repo/adags/refine-logs/depth_occlusion_support/r031_da3_depth_full/depth_npz/cut_roasted_beef/cam00_0298.npz,/leonardo_work/EUHPC_D21_034/proj_adags/data/n3v/cut_roasted_beef/motion_priors/masks/cam00_0298.png,/leonardo_work/EUHPC_D21_034/proj_adags/data/n3v/cut_roasted_beef/flow/cam00_0298.npz,0,0.18151922523975372,0.6033256649971008,0.27463865280151367,0.46734145283699036,0.38973063230514526,0.045198582112789154,0.06727705895900726,0.43334442377090454,0.6709586381912231,0.7401176691055298,0.06214476749300957,cut_roasted_beef_depth_309_cam00_0298
19,"[400, 192, 496, 288]",1.0,1.0,1.0,cut_roasted_beef,cam00,cam00_0193,193,/leonardo_work/EUHPC_D21_034/proj_adags/repo/adags/refine-logs/depth_occlusion_support/r031_da3_depth_full/depth_npz/cut_roasted_beef/cam00_0193.npz,/leonardo_work/EUHPC_D21_034/proj_adags/data/n3v/cut_roasted_beef/motion_priors/masks/cam00_0193.png,/leonardo_work/EUHPC_D21_034/proj_adags/data/n3v/cut_roasted_beef/flow/cam00_0193.npz,2,0.15496431291103363,0.3497115969657898,0.2908770442008972,0.4719047546386719,0.3906390964984894,0.04819801077246666,0.06710782647132874,0.6290075182914734,0.6699753999710083,0.7501400709152222,0.0624365396797657,cut_roasted_beef_depth_310_cam00_0193
18,"[288, 144, 384, 240]",1.0,1.0,1.0,cut_roasted_beef,cam00,cam00_0097,97,/leonardo_work/EUHPC_D21_034/proj_adags/repo/adags/refine-logs/depth_occlusion_support/r031_da3_depth_full/depth_npz/cut_roasted_beef/cam00_0097.npz,/leonardo_work/EUHPC_D21_034/proj_adags/data/n3v/cut_roasted_beef/motion_priors/masks/cam00_0097.png,/leonardo_work/EUHPC_D21_034/proj_adags/data/n3v/cut_roasted_beef/flow/cam00_0097.npz,0,0.15766355395317078,0.3443466126918793,0.2683188319206238,0.5188062191009521,0.37982505559921265,0.03998459503054619,0.051886022090911865,0.5019081830978394,0.6651873588562012,0.7410863041877747,0.06374660134315491,cut_roasted_beef_depth_311_cam00_0097
18,"[128, 304, 224, 400]",1.0,1.0,1.0,cut_roasted_beef,cam00,cam00_0137,137,/leonardo_work/EUHPC_D21_034/proj_adags/repo/adags/refine-logs/depth_occlusion_support/r031_da3_depth_full/depth_npz/cut_roasted_beef/cam00_0137.npz,/leonardo_work/EUHPC_D21_034/proj_adags/data/n3v/cut_roasted_beef/motion_priors/masks/cam00_0137.png,/leonardo_work/EUHPC_D21_034/proj_adags/data/n3v/cut_roasted_beef/flow/cam00_0137.npz,1,0.18728846311569214,0.5575823783874512,0.29424986243247986,0.4881846010684967,0.3843074142932892,0.05046800523996353,0.04340709373354912,0.4223737418651581,0.6631770730018616,0.743633508682251,0.06111188977956772,cut_roasted_beef_depth_312_cam00_0137
18,"[128, 320, 224, 416]",1.0,1.0,1.0,cut_roasted_beef,cam00,cam00_0137,137,/leonardo_work/EUHPC_D21_034/proj_adags/repo/adags/refine-logs/depth_occlusion_support/r031_da3_depth_full/depth_npz/cut_roasted_beef/cam00_0137.npz,/leonardo_work/EUHPC_D21_034/proj_adags/data/n3v/cut_roasted_beef/motion_priors/masks/cam00_0137.png,/leonardo_work/EUHPC_D21_034/proj_adags/data/n3v/cut_roasted_beef/flow/cam00_0137.npz,2,0.18728846311569214,0.5575823783874512,0.29424986243247986,0.4881846010684967,0.3843074142932892,0.05046800523996353,0.04340709373354912,0.4223737418651581,0.6631770730018616,0.743633508682251,0.06111188977956772,cut_roasted_beef_depth_313_cam00_0137
18,"[416, 192, 512, 288]",1.0,1.0,1.0,cut_roasted_beef,cam00,cam00_0193,193,/leonardo_work/EUHPC_D21_034/proj_adags/repo/adags/refine-logs/depth_occlusion_support/r031_da3_depth_full/depth_npz/cut_roasted_beef/cam00_0193.npz,/leonardo_work/EUHPC_D21_034/proj_adags/data/n3v/cut_roasted_beef/motion_priors/masks/cam00_0193.png,/leonardo_work/EUHPC_D21_034/proj_adags/data/n3v/cut_roasted_beef/flow/cam00_0193.npz,3,0.15496431291103363,0.3497115969657898,0.2908770442008972,0.4719047546386719,0.3906390964984894,0.04819801077246666,0.06710782647132874,0.6290075182914734,0.6699753999710083,0.7501400709152222,0.0624365396797657,cut_roasted_beef_depth_314_cam00_0193
18,"[384, 144, 480, 240]",1.0,1.0,1.0,cut_roasted_beef,cam00,cam00_0219,219,/leonardo_work/EUHPC_D21_034/proj_adags/repo/adags/refine-logs/depth_occlusion_support/r031_da3_depth_full/depth_npz/cut_roasted_beef/cam00_0219.npz,/leonardo_work/EUHPC_D21_034/proj_adags/data/n3v/cut_roasted_beef/motion_priors/masks/cam00_0219.png,/leonardo_work/EUHPC_D21_034/proj_adags/data/n3v/cut_roasted_beef/flow/cam00_0219.npz,0,0.15837131440639496,0.3849290907382965,0.303321897983551,0.4563291370868683,0.38428276777267456,0.04651447758078575,0.047124285250902176,0.5506780743598938,0.6624913811683655,0.7552694082260132,0.06173044815659523,cut_roasted_beef_depth_315_cam00_0219
18,"[272, 192, 368, 288]",1.0,1.0,1.0,cut_roasted_beef,cam00,cam00_0272,272,/leonardo_work/EUHPC_D21_034/proj_adags/repo/adags/refine-logs/depth_occlusion_support/r031_da3_depth_full/depth_npz/cut_roasted_beef/cam00_0272.npz,/leonardo_work/EUHPC_D21_034/proj_adags/data/n3v/cut_roasted_beef/motion_priors/masks/cam00_0272.png,/leonardo_work/EUHPC_D21_034/proj_adags/data/n3v/cut_roasted_beef/flow/cam00_0272.npz,1,0.18439145386219025,0.37252867221832275,0.3197932541370392,0.47977837920188904,0.3869701325893402,0.047036752104759216,0.061033111065626144,0.553161084651947,0.665169894695282,0.7515230774879456,0.054188113659620285,cut_roasted_beef_depth_316_cam00_0272
17,"[224, 208, 320, 304]",1.0,1.0,1.0,cut_roasted_beef,cam00,cam00_0089,89,/leonardo_work/EUHPC_D21_034/proj_adags/repo/adags/refine-logs/depth_occlusion_support/r031_da3_depth_full/depth_npz/cut_roasted_beef/cam00_0089.npz,/leonardo_work/EUHPC_D21_034/proj_adags/data/n3v/cut_roasted_beef/motion_priors/masks/cam00_0089.png,/leonardo_work/EUHPC_D21_034/proj_adags/data/n3v/cut_roasted_beef/flow/cam00_0089.npz,0,0.15739573538303375,0.3728952407836914,0.2930351197719574,0.480671763420105,0.38879507780075073,0.04879322648048401,0.06884387880563736,0.44071751832962036,0.664630115032196,0.739604115486145,0.06101852282881737,cut_roasted_beef_depth_317_cam00_0089
17,"[224, 208, 320, 304]",1.0,1.0,1.0,cut_roasted_beef,cam00,cam00_0120,120,/leonardo_work/EUHPC_D21_034/proj_adags/repo/adags/refine-logs/depth_occlusion_support/r031_da3_depth_full/depth_npz/cut_roasted_beef/cam00_0120.npz,/leonardo_work/EUHPC_D21_034/proj_adags/data/n3v/cut_roasted_beef/motion_priors/masks/cam00_0120.png,/leonardo_work/EUHPC_D21_034/proj_adags/data/n3v/cut_roasted_beef/flow/cam00_0120.npz,1,0.18522104620933533,0.5474135875701904,0.30316510796546936,0.4739055931568146,0.39138147234916687,0.05307937413454056,0.06959665566682816,0.34693872928619385,0.6704246997833252,0.7432162761688232,0.0647561326622963,cut_roasted_beef_depth_318_cam00_0120
17,"[240, 208, 336, 304]",1.0,1.0,1.0,cut_roasted_beef,cam00,cam00_0120,120,/leonardo_work/EUHPC_D21_034/proj_adags/repo/adags/refine-logs/depth_occlusion_support/r031_da3_depth_full/depth_npz/cut_roasted_beef/cam00_0120.npz,/leonardo_work/EUHPC_D21_034/proj_adags/data/n3v/cut_roasted_beef/motion_priors/masks/cam00_0120.png,/leonardo_work/EUHPC_D21_034/proj_adags/data/n3v/cut_roasted_beef/flow/cam00_0120.npz,2,0.18522104620933533,0.5474135875701904,0.30316510796546936,0.4739055931568146,0.39138147234916687,0.05307937413454056,0.06959665566682816,0.34693872928619385,0.6704246997833252,0.7432162761688232,0.0647561326622963,cut_roasted_beef_depth_319_cam00_0120
17,"[256, 208, 352, 304]",1.0,1.0,1.0,cut_roasted_beef,cam00,cam00_0120,120,/leonardo_work/EUHPC_D21_034/proj_adags/repo/adags/refine-logs/depth_occlusion_support/r031_da3_depth_full/depth_npz/cut_roasted_beef/cam00_0120.npz,/leonardo_work/EUHPC_D21_034/proj_adags/data/n3v/cut_roasted_beef/motion_priors/masks/cam00_0120.png,/leonardo_work/EUHPC_D21_034/proj_adags/data/n3v/cut_roasted_beef/flow/cam00_0120.npz,3,0.18522104620933533,0.5474135875701904,0.30316510796546936,0.4739055931568146,0.39138147234916687,0.05307937413454056,0.06959665566682816,0.34693872928619385,0.6704246997833252,0.7432162761688232,0.0647561326622963,cut_roasted_beef_depth_320_cam00_0120
16,"[224, 224, 320, 320]",1.0,1.0,1.0,cut_roasted_beef,cam00,cam00_0026,26,/leonardo_work/EUHPC_D21_034/proj_adags/repo/adags/refine-logs/depth_occlusion_support/r031_da3_depth_full/depth_npz/cut_roasted_beef/cam00_0026.npz,/leonardo_work/EUHPC_D21_034/proj_adags/data/n3v/cut_roasted_beef/motion_priors/masks/cam00_0026.png,/leonardo_work/EUHPC_D21_034/proj_adags/data/n3v/cut_roasted_beef/flow/cam00_0026.npz,0,0.18490755558013916,0.5776454210281372,0.3061656057834625,0.45143017172813416,0.3708013892173767,0.03652416542172432,0.04999533295631409,0.530636191368103,0.654768168926239,0.7281520366668701,0.04819801077246666,cut_roasted_beef_depth_321_cam00_0026
16,"[400, 176, 496, 272]",1.0,1.0,1.0,cut_roasted_beef,cam00,cam00_0042,42,/leonardo_work/EUHPC_D21_034/proj_adags/repo/adags/refine-logs/depth_occlusion_support/r031_da3_depth_full/depth_npz/cut_roasted_beef/cam00_0042.npz,/leonardo_work/EUHPC_D21_034/proj_adags/data/n3v/cut_roasted_beef/motion_priors/masks/cam00_0042.png,/leonardo_work/EUHPC_D21_034/proj_adags/data/n3v/cut_roasted_beef/flow/cam00_0042.npz,0,0.18440906703472137,0.3283703625202179,0.32208505272865295,0.4692894220352173,0.37665146589279175,0.03945940360426903,0.06354235857725143,0.6936060786247253,0.652401864528656,0.7279303073883057,0.04031721502542496,cut_roasted_beef_depth_322_cam00_0042
16,"[400, 192, 496, 288]",1.0,1.0,1.0,cut_roasted_beef,cam00,cam00_0042,42,/leonardo_work/EUHPC_D21_034/proj_adags/repo/adags/refine-logs/depth_occlusion_support/r031_da3_depth_full/depth_npz/cut_roasted_beef/cam00_0042.npz,/leonardo_work/EUHPC_D21_034/proj_adags/data/n3v/cut_roasted_beef/motion_priors/masks/cam00_0042.png,/leonardo_work/EUHPC_D21_034/proj_adags/data/n3v/cut_roasted_beef/flow/cam00_0042.npz,1,0.18440906703472137,0.3283703625202179,0.32208505272865295,0.4692894220352173,0.37665146589279175,0.03945940360426903,0.06354235857725143,0.6936060786247253,0.652401864528656,0.7279303073883057,0.04031721502542496,cut_roasted_beef_depth_323_cam00_0042
16,"[272, 144, 368, 240]",1.0,1.0,1.0,cut_roasted_beef,cam00,cam00_0100,100,/leonardo_work/EUHPC_D21_034/proj_adags/repo/adags/refine-logs/depth_occlusion_support/r031_da3_depth_full/depth_npz/cut_roasted_beef/cam00_0100.npz,/leonardo_work/EUHPC_D21_034/proj_adags/data/n3v/cut_roasted_beef/motion_priors/masks/cam00_0100.png,/leonardo_work/EUHPC_D21_034/proj_adags/data/n3v/cut_roasted_beef/flow/cam00_0100.npz,1,0.15502427518367767,0.42285653948783875,0.291276752948761,0.500511646270752,0.3837152123451233,0.047369372099637985,0.05109531804919243,0.7371444702148438,0.6660189032554626,0.7429828643798828,0.06259409338235855,cut_roasted_beef_depth_324_cam00_0100
16,"[128, 400, 224, 496]",1.0,1.0,1.0,cut_roasted_beef,cam00,cam00_0100,100,/leonardo_work/EUHPC_D21_034/proj_adags/repo/adags/refine-logs/depth_occlusion_support/r031_da3_depth_full/depth_npz/cut_roasted_beef/cam00_0100.npz,/leonardo_work/EUHPC_D21_034/proj_adags/data/n3v/cut_roasted_beef/motion_priors/masks/cam00_0100.png,/leonardo_work/EUHPC_D21_034/proj_adags/data/n3v/cut_roasted_beef/flow/cam00_0100.npz,2,0.15502427518367767,0.42285653948783875,0.291276752948761,0.500511646270752,0.3837152123451233,0.047369372099637985,0.05109531804919243,0.7371444702148438,0.6660189032554626,0.7429828643798828,0.06259409338235855,cut_roasted_beef_depth_325_cam00_0100
16,"[256, 192, 352, 288]",1.0,1.0,1.0,cut_roasted_beef,cam00,cam00_0190,190,/leonardo_work/EUHPC_D21_034/proj_adags/repo/adags/refine-logs/depth_occlusion_support/r031_da3_depth_full/depth_npz/cut_roasted_beef/cam00_0190.npz,/leonardo_work/EUHPC_D21_034/proj_adags/data/n3v/cut_roasted_beef/motion_priors/masks/cam00_0190.png,/leonardo_work/EUHPC_D21_034/proj_adags/data/n3v/cut_roasted_beef/flow/cam00_0190.npz,0,0.15952906012535095,0.41819682717323303,0.3068282902240753,0.4672366678714752,0.39428168535232544,0.05713794007897377,0.06501872837543488,0.45941436290740967,0.6693626642227173,0.7466300129890442,0.06397126615047455,cut_roasted_beef_depth_326_cam00_0190
16,"[192, 240, 288, 336]",1.0,1.0,1.0,cut_roasted_beef,cam00,cam00_0212,212,/leonardo_work/EUHPC_D21_034/proj_adags/repo/adags/refine-logs/depth_occlusion_support/r031_da3_depth_full/depth_npz/cut_roasted_beef/cam00_0212.npz,/leonardo_work/EUHPC_D21_034/proj_adags/data/n3v/cut_roasted_beef/motion_priors/masks/cam00_0212.png,/leonardo_work/EUHPC_D21_034/proj_adags/data/n3v/cut_roasted_beef/flow/cam00_0212.npz,0,0.15526753664016724,0.535955548286438,0.2949375510215759,0.47383832931518555,0.39213597774505615,0.05541355907917023,0.07234807312488556,0.3124511241912842,0.6592031121253967,0.7527047395706177,0.066320039331913,cut_roasted_beef_depth_327_cam00_0212
16,"[208, 208, 304, 304]",1.0,1.0,1.0,cut_roasted_beef,cam00,cam00_0217,217,/leonardo_work/EUHPC_D21_034/proj_adags/repo/adags/refine-logs/depth_occlusion_support/r031_da3_depth_full/depth_npz/cut_roasted_beef/cam00_0217.npz,/leonardo_work/EUHPC_D21_034/proj_adags/data/n3v/cut_roasted_beef/motion_priors/masks/cam00_0217.png,/leonardo_work/EUHPC_D21_034/proj_adags/data/n3v/cut_roasted_beef/flow/cam00_0217.npz,2,0.18051065504550934,0.3428402841091156,0.2960743010044098,0.4557434916496277,0.38656795024871826,0.05105738714337349,0.0525512658059597,0.17644982039928436,0.660545289516449,0.7559258937835693,0.06299382448196411,cut_roasted_beef_depth_328_cam00_0217
16,"[400, 160, 496, 256]",1.0,1.0,1.0,cut_roasted_beef,cam00,cam00_0250,250,/leonardo_work/EUHPC_D21_034/proj_adags/repo/adags/refine-logs/depth_occlusion_support/r031_da3_depth_full/depth_npz/cut_roasted_beef/cam00_0250.npz,/leonardo_work/EUHPC_D21_034/proj_adags/data/n3v/cut_roasted_beef/motion_priors/masks/cam00_0250.png,/leonardo_work/EUHPC_D21_034/proj_adags/data/n3v/cut_roasted_beef/flow/cam00_0250.npz,0,0.1553070992231369,0.5151282548904419,0.3199058771133423,0.47717225551605225,0.3889888823032379,0.055833712220191956,0.07076957821846008,0.23690813779830933,0.6608458161354065,0.7441032528877258,0.06239860877394676,cut_roasted_beef_depth_329_cam00_0250
15,"[464, 224, 560, 320]",1.0,1.0,1.0,cut_roasted_beef,cam00,cam00_0018,18,/leonardo_work/EUHPC_D21_034/proj_adags/repo/adags/refine-logs/depth_occlusion_support/r031_da3_depth_full/depth_npz/cut_roasted_beef/cam00_0018.npz,/leonardo_work/EUHPC_D21_034/proj_adags/data/n3v/cut_roasted_beef/motion_priors/masks/cam00_0018.png,/leonardo_work/EUHPC_D21_034/proj_adags/data/n3v/cut_roasted_beef/flow/cam00_0018.npz,0,0.18391913175582886,0.4969971477985382,0.26124078035354614,0.5029658079147339,0.3662795424461365,0.025159599259495735,0.03583557903766632,0.7371007204055786,0.6555792689323425,0.7324673533439636,0.04624021053314209,cut_roasted_beef_depth_330_cam00_0018
15,"[464, 224, 560, 320]",1.0,1.0,1.0,cut_roasted_beef,cam00,cam00_0034,34,/leonardo_work/EUHPC_D21_034/proj_adags/repo/adags/refine-logs/depth_occlusion_support/r031_da3_depth_full/depth_npz/cut_roasted_beef/cam00_0034.npz,/leonardo_work/EUHPC_D21_034/proj_adags/data/n3v/cut_roasted_beef/motion_priors/masks/cam00_0034.png,/leonardo_work/EUHPC_D21_034/proj_adags/data/n3v/cut_roasted_beef/flow/cam00_0034.npz,0,0.18135002255439758,0.5489802360534668,0.3233692944049835,0.46793439984321594,0.37051352858543396,0.03790133446455002,0.046035971492528915,0.5711897611618042,0.6519058346748352,0.7292841076850891,0.04480176791548729,cut_roasted_beef_depth_331_cam00_0034
15,"[256, 160, 352, 256]",1.0,1.0,1.0,cut_roasted_beef,cam00,cam00_0100,100,/leonardo_work/EUHPC_D21_034/proj_adags/repo/adags/refine-logs/depth_occlusion_support/r031_da3_depth_full/depth_npz/cut_roasted_beef/cam00_0100.npz,/leonardo_work/EUHPC_D21_034/proj_adags/data/n3v/cut_roasted_beef/motion_priors/masks/cam00_0100.png,/leonardo_work/EUHPC_D21_034/proj_adags/data/n3v/cut_roasted_beef/flow/cam00_0100.npz,3,0.15502427518367767,0.42285653948783875,0.291276752948761,0.500511646270752,0.3837152123451233,0.047369372099637985,0.05109531804919243,0.7371444702148438,0.6660189032554626,0.7429828643798828,0.06259409338235855,cut_roasted_beef_depth_332_cam00_0100
15,"[432, 368, 528, 464]",1.0,1.0,1.0,cut_roasted_beef,cam00,cam00_0254,254,/leonardo_work/EUHPC_D21_034/proj_adags/repo/adags/refine-logs/depth_occlusion_support/r031_da3_depth_full/depth_npz/cut_roasted_beef/cam00_0254.npz,/leonardo_work/EUHPC_D21_034/proj_adags/data/n3v/cut_roasted_beef/motion_priors/masks/cam00_0254.png,/leonardo_work/EUHPC_D21_034/proj_adags/data/n3v/cut_roasted_beef/flow/cam00_0254.npz,3,0.18443907797336578,0.40903010964393616,0.30569157004356384,0.4955759346485138,0.3906933069229126,0.06527257710695267,0.06357736885547638,0.2894594073295593,0.6612046957015991,0.7439194321632385,0.06186757981777191,cut_roasted_beef_depth_333_cam00_0254
15,"[432, 192, 528, 288]",1.0,1.0,1.0,cut_roasted_beef,cam00,cam00_0291,291,/leonardo_work/EUHPC_D21_034/proj_adags/repo/adags/refine-logs/depth_occlusion_support/r031_da3_depth_full/depth_npz/cut_roasted_beef/cam00_0291.npz,/leonardo_work/EUHPC_D21_034/proj_adags/data/n3v/cut_roasted_beef/motion_priors/masks/cam00_0291.png,/leonardo_work/EUHPC_D21_034/proj_adags/data/n3v/cut_roasted_beef/flow/cam00_0291.npz,0,0.18025532364845276,0.41293078660964966,0.27384093403816223,0.5055654644966125,0.3870776891708374,0.04627230763435364,0.05907239392399788,0.6567259430885315,0.6663807034492493,0.74372398853302,0.055215153843164444,cut_roasted_beef_depth_334_cam00_0291
14,"[416, 176, 512, 272]",1.0,1.0,1.0,cut_roasted_beef,cam00,cam00_0029,29,/leonardo_work/EUHPC_D21_034/proj_adags/repo/adags/refine-logs/depth_occlusion_support/r031_da3_depth_full/depth_npz/cut_roasted_beef/cam00_0029.npz,/leonardo_work/EUHPC_D21_034/proj_adags/data/n3v/cut_roasted_beef/motion_priors/masks/cam00_0029.png,/leonardo_work/EUHPC_D21_034/proj_adags/data/n3v/cut_roasted_beef/flow/cam00_0029.npz,0,0.181000754237175,0.3713095784187317,0.28987446427345276,0.4992501437664032,0.37099143862724304,0.04065858945250511,0.03463639318943024,0.6520079970359802,0.6536594033241272,0.7264714241027832,0.05024917423725128,cut_roasted_beef_depth_335_cam00_0029
14,"[416, 192, 512, 288]",1.0,1.0,1.0,cut_roasted_beef,cam00,cam00_0029,29,/leonardo_work/EUHPC_D21_034/proj_adags/repo/adags/refine-logs/depth_occlusion_support/r031_da3_depth_full/depth_npz/cut_roasted_beef/cam00_0029.npz,/leonardo_work/EUHPC_D21_034/proj_adags/data/n3v/cut_roasted_beef/motion_priors/masks/cam00_0029.png,/leonardo_work/EUHPC_D21_034/proj_adags/data/n3v/cut_roasted_beef/flow/cam00_0029.npz,1,0.181000754237175,0.3713095784187317,0.28987446427345276,0.4992501437664032,0.37099143862724304,0.04065858945250511,0.03463639318943024,0.6520079970359802,0.6536594033241272,0.7264714241027832,0.05024917423725128,cut_roasted_beef_depth_336_cam00_0029
14,"[416, 208, 512, 304]",1.0,1.0,1.0,cut_roasted_beef,cam00,cam00_0029,29,/leonardo_work/EUHPC_D21_034/proj_adags/repo/adags/refine-logs/depth_occlusion_support/r031_da3_depth_full/depth_npz/cut_roasted_beef/cam00_0029.npz,/leonardo_work/EUHPC_D21_034/proj_adags/data/n3v/cut_roasted_beef/motion_priors/masks/cam00_0029.png,/leonardo_work/EUHPC_D21_034/proj_adags/data/n3v/cut_roasted_beef/flow/cam00_0029.npz,2,0.181000754237175,0.3713095784187317,0.28987446427345276,0.4992501437664032,0.37099143862724304,0.04065858945250511,0.03463639318943024,0.6520079970359802,0.6536594033241272,0.7264714241027832,0.05024917423725128,cut_roasted_beef_depth_337_cam00_0029
14,"[416, 224, 512, 320]",1.0,1.0,1.0,cut_roasted_beef,cam00,cam00_0029,29,/leonardo_work/EUHPC_D21_034/proj_adags/repo/adags/refine-logs/depth_occlusion_support/r031_da3_depth_full/depth_npz/cut_roasted_beef/cam00_0029.npz,/leonardo_work/EUHPC_D21_034/proj_adags/data/n3v/cut_roasted_beef/motion_priors/masks/cam00_0029.png,/leonardo_work/EUHPC_D21_034/proj_adags/data/n3v/cut_roasted_beef/flow/cam00_0029.npz,3,0.181000754237175,0.3713095784187317,0.28987446427345276,0.4992501437664032,0.37099143862724304,0.04065858945250511,0.03463639318943024,0.6520079970359802,0.6536594033241272,0.7264714241027832,0.05024917423725128,cut_roasted_beef_depth_338_cam00_0029
14,"[400, 160, 496, 256]",1.0,1.0,1.0,cut_roasted_beef,cam00,cam00_0043,43,/leonardo_work/EUHPC_D21_034/proj_adags/repo/adags/refine-logs/depth_occlusion_support/r031_da3_depth_full/depth_npz/cut_roasted_beef/cam00_0043.npz,/leonardo_work/EUHPC_D21_034/proj_adags/data/n3v/cut_roasted_beef/motion_priors/masks/cam00_0043.png,/leonardo_work/EUHPC_D21_034/proj_adags/data/n3v/cut_roasted_beef/flow/cam00_0043.npz,0,0.18407349288463593,0.40834009647369385,0.31934165954589844,0.4643712639808655,0.3738569915294647,0.039185136556625366,0.044285330921411514,0.7886278629302979,0.6530495882034302,0.7279390096664429,0.046505723148584366,cut_roasted_beef_depth_339_cam00_0043
14,"[384, 144, 480, 240]",1.0,1.0,1.0,cut_roasted_beef,cam00,cam00_0099,99,/leonardo_work/EUHPC_D21_034/proj_adags/repo/adags/refine-logs/depth_occlusion_support/r031_da3_depth_full/depth_npz/cut_roasted_beef/cam00_0099.npz,/leonardo_work/EUHPC_D21_034/proj_adags/data/n3v/cut_roasted_beef/motion_priors/masks/cam00_0099.png,/leonardo_work/EUHPC_D21_034/proj_adags/data/n3v/cut_roasted_beef/flow/cam00_0099.npz,0,0.15791663527488708,0.3354506492614746,0.3045659363269806,0.45794498920440674,0.38369515538215637,0.04477550834417343,0.057966575026512146,0.5846813321113586,0.6652661561965942,0.7418537139892578,0.05890900269150734,cut_roasted_beef_depth_340_cam00_0099
14,"[448, 368, 544, 464]",1.0,1.0,1.0,cut_roasted_beef,cam00,cam00_0099,99,/leonardo_work/EUHPC_D21_034/proj_adags/repo/adags/refine-logs/depth_occlusion_support/r031_da3_depth_full/depth_npz/cut_roasted_beef/cam00_0099.npz,/leonardo_work/EUHPC_D21_034/proj_adags/data/n3v/cut_roasted_beef/motion_priors/masks/cam00_0099.png,/leonardo_work/EUHPC_D21_034/proj_adags/data/n3v/cut_roasted_beef/flow/cam00_0099.npz,1,0.15791663527488708,0.3354506492614746,0.3045659363269806,0.45794498920440674,0.38369515538215637,0.04477550834417343,0.057966575026512146,0.5846813321113586,0.6652661561965942,0.7418537139892578,0.05890900269150734,cut_roasted_beef_depth_341_cam00_0099
14,"[192, 384, 288, 480]",1.0,1.0,1.0,cut_roasted_beef,cam00,cam00_0214,214,/leonardo_work/EUHPC_D21_034/proj_adags/repo/adags/refine-logs/depth_occlusion_support/r031_da3_depth_full/depth_npz/cut_roasted_beef/cam00_0214.npz,/leonardo_work/EUHPC_D21_034/proj_adags/data/n3v/cut_roasted_beef/motion_priors/masks/cam00_0214.png,/leonardo_work/EUHPC_D21_034/proj_adags/data/n3v/cut_roasted_beef/flow/cam00_0214.npz,2,0.1836499571800232,0.5532101988792419,0.30427202582359314,0.46924856305122375,0.38906651735305786,0.05608755350112915,0.062127258628606796,0.3730494976043701,0.6583306789398193,0.7544174194335938,0.06672268360853195,cut_roasted_beef_depth_342_cam00_0214
14,"[16, 320, 112, 416]",1.0,1.0,1.0,cut_roasted_beef,cam00,cam00_0241,241,/leonardo_work/EUHPC_D21_034/proj_adags/repo/adags/refine-logs/depth_occlusion_support/r031_da3_depth_full/depth_npz/cut_roasted_beef/cam00_0241.npz,/leonardo_work/EUHPC_D21_034/proj_adags/data/n3v/cut_roasted_beef/motion_priors/masks/cam00_0241.png,/leonardo_work/EUHPC_D21_034/proj_adags/data/n3v/cut_roasted_beef/flow/cam00_0241.npz,1,0.18307910859584808,0.42612069845199585,0.2586327791213989,0.4954700767993927,0.38573023676872253,0.047582369297742844,0.06416383385658264,0.5583809018135071,0.659920871257782,0.7481909990310669,0.05644935369491577,cut_roasted_beef_depth_343_cam00_0241
13,"[224, 224, 320, 320]",1.0,1.0,1.0,cut_roasted_beef,cam00,cam00_0036,36,/leonardo_work/EUHPC_D21_034/proj_adags/repo/adags/refine-logs/depth_occlusion_support/r031_da3_depth_full/depth_npz/cut_roasted_beef/cam00_0036.npz,/leonardo_work/EUHPC_D21_034/proj_adags/data/n3v/cut_roasted_beef/motion_priors/masks/cam00_0036.png,/leonardo_work/EUHPC_D21_034/proj_adags/data/n3v/cut_roasted_beef/flow/cam00_0036.npz,0,0.1811406910419464,0.25986534357070923,0.3235659897327423,0.45782071352005005,0.3696507513523102,0.027692191302776337,0.04728475958108902,0.7376258969306946,0.651897132396698,0.7294912934303284,0.04445164278149605,cut_roasted_beef_depth_344_cam00_0036
13,"[224, 368, 320, 464]",1.0,1.0,1.0,cut_roasted_beef,cam00,cam00_0070,70,/leonardo_work/EUHPC_D21_034/proj_adags/repo/adags/refine-logs/depth_occlusion_support/r031_da3_depth_full/depth_npz/cut_roasted_beef/cam00_0070.npz,/leonardo_work/EUHPC_D21_034/proj_adags/data/n3v/cut_roasted_beef/motion_priors/masks/cam00_0070.png,/leonardo_work/EUHPC_D21_034/proj_adags/data/n3v/cut_roasted_beef/flow/cam00_0070.npz,0,0.18600454926490784,0.3461850881576538,0.30150309205055237,0.4610573649406433,0.3706931173801422,0.0331600196659565,0.042639728635549545,0.44135943055152893,0.6581352353096008,0.7313877940177917,0.04834097623825073,cut_roasted_beef_depth_345_cam00_0070
13,"[224, 208, 320, 304]",1.0,1.0,1.0,cut_roasted_beef,cam00,cam00_0088,88,/leonardo_work/EUHPC_D21_034/proj_adags/repo/adags/refine-logs/depth_occlusion_support/r031_da3_depth_full/depth_npz/cut_roasted_beef/cam00_0088.npz,/leonardo_work/EUHPC_D21_034/proj_adags/data/n3v/cut_roasted_beef/motion_priors/masks/cam00_0088.png,/leonardo_work/EUHPC_D21_034/proj_adags/data/n3v/cut_roasted_beef/flow/cam00_0088.npz,1,0.15598124265670776,0.3392135798931122,0.29949989914894104,0.477546364068985,0.38217881321907043,0.048244692385196686,0.0484226755797863,0.5604962706565857,0.663392961025238,0.7392247915267944,0.061339471489191055,cut_roasted_beef_depth_346_cam00_0088
13,"[416, 240, 512, 336]",1.0,1.0,1.0,cut_roasted_beef,cam00,cam00_0093,93,/leonardo_work/EUHPC_D21_034/proj_adags/repo/adags/refine-logs/depth_occlusion_support/r031_da3_depth_full/depth_npz/cut_roasted_beef/cam00_0093.npz,/leonardo_work/EUHPC_D21_034/proj_adags/data/n3v/cut_roasted_beef/motion_priors/masks/cam00_0093.png,/leonardo_work/EUHPC_D21_034/proj_adags/data/n3v/cut_roasted_beef/flow/cam00_0093.npz,0,0.18751059472560883,0.48384448885917664,0.291588693857193,0.4655098617076874,0.3803565204143524,0.04194239154458046,0.04868818819522858,0.5920515060424805,0.6654937267303467,0.7430353760719299,0.0636882483959198,cut_roasted_beef_depth_347_cam00_0093
13,"[432, 240, 528, 336]",1.0,1.0,1.0,cut_roasted_beef,cam00,cam00_0093,93,/leonardo_work/EUHPC_D21_034/proj_adags/repo/adags/refine-logs/depth_occlusion_support/r031_da3_depth_full/depth_npz/cut_roasted_beef/cam00_0093.npz,/leonardo_work/EUHPC_D21_034/proj_adags/data/n3v/cut_roasted_beef/motion_priors/masks/cam00_0093.png,/leonardo_work/EUHPC_D21_034/proj_adags/data/n3v/cut_roasted_beef/flow/cam00_0093.npz,1,0.18751059472560883,0.48384448885917664,0.291588693857193,0.4655098617076874,0.3803565204143524,0.04194239154458046,0.04868818819522858,0.5920515060424805,0.6654937267303467,0.7430353760719299,0.0636882483959198,cut_roasted_beef_depth_348_cam00_0093
13,"[448, 240, 544, 336]",1.0,1.0,1.0,cut_roasted_beef,cam00,cam00_0093,93,/leonardo_work/EUHPC_D21_034/proj_adags/repo/adags/refine-logs/depth_occlusion_support/r031_da3_depth_full/depth_npz/cut_roasted_beef/cam00_0093.npz,/leonardo_work/EUHPC_D21_034/proj_adags/data/n3v/cut_roasted_beef/motion_priors/masks/cam00_0093.png,/leonardo_work/EUHPC_D21_034/proj_adags/data/n3v/cut_roasted_beef/flow/cam00_0093.npz,2,0.18751059472560883,0.48384448885917664,0.291588693857193,0.4655098617076874,0.3803565204143524,0.04194239154458046,0.04868818819522858,0.5920515060424805,0.6654937267303467,0.7430353760719299,0.0636882483959198,cut_roasted_beef_depth_349_cam00_0093
13,"[208, 240, 304, 336]",1.0,1.0,1.0,cut_roasted_beef,cam00,cam00_0094,94,/leonardo_work/EUHPC_D21_034/proj_adags/repo/adags/refine-logs/depth_occlusion_support/r031_da3_depth_full/depth_npz/cut_roasted_beef/cam00_0094.npz,/leonardo_work/EUHPC_D21_034/proj_adags/data/n3v/cut_roasted_beef/motion_priors/masks/cam00_0094.png,/leonardo_work/EUHPC_D21_034/proj_adags/data/n3v/cut_roasted_beef/flow/cam00_0094.npz,0,0.1587078720331192,0.358974426984787,0.30741772055625916,0.46025726199150085,0.37969765067100525,0.04085991531610489,0.04878155514597893,0.5932273864746094,0.6663720011711121,0.7420520782470703,0.06369408220052719,cut_roasted_beef_depth_350_cam00_0094
13,"[208, 208, 304, 304]",1.0,1.0,1.0,cut_roasted_beef,cam00,cam00_0215,215,/leonardo_work/EUHPC_D21_034/proj_adags/repo/adags/refine-logs/depth_occlusion_support/r031_da3_depth_full/depth_npz/cut_roasted_beef/cam00_0215.npz,/leonardo_work/EUHPC_D21_034/proj_adags/data/n3v/cut_roasted_beef/motion_priors/masks/cam00_0215.png,/leonardo_work/EUHPC_D21_034/proj_adags/data/n3v/cut_roasted_beef/flow/cam00_0215.npz,2,0.18494708836078644,0.44634655117988586,0.29494401812553406,0.4635283648967743,0.3904028534889221,0.0562451146543026,0.06476488709449768,0.08284607529640198,0.659299373626709,0.7541694641113281,0.06872716546058655,cut_roasted_beef_depth_351_cam00_0215
13,"[208, 208, 304, 304]",1.0,1.0,1.0,cut_roasted_beef,cam00,cam00_0219,219,/leonardo_work/EUHPC_D21_034/proj_adags/repo/adags/refine-logs/depth_occlusion_support/r031_da3_depth_full/depth_npz/cut_roasted_beef/cam00_0219.npz,/leonardo_work/EUHPC_D21_034/proj_adags/data/n3v/cut_roasted_beef/motion_priors/masks/cam00_0219.png,/leonardo_work/EUHPC_D21_034/proj_adags/data/n3v/cut_roasted_beef/flow/cam00_0219.npz,1,0.15837131440639496,0.3849290907382965,0.303321897983551,0.4563291370868683,0.38428276777267456,0.04651447758078575,0.047124285250902176,0.5506780743598938,0.6624913811683655,0.7552694082260132,0.06173044815659523,cut_roasted_beef_depth_352_cam00_0219
13,"[256, 144, 352, 240]",1.0,1.0,1.0,cut_roasted_beef,cam00,cam00_0233,233,/leonardo_work/EUHPC_D21_034/proj_adags/repo/adags/refine-logs/depth_occlusion_support/r031_da3_depth_full/depth_npz/cut_roasted_beef/cam00_0233.npz,/leonardo_work/EUHPC_D21_034/proj_adags/data/n3v/cut_roasted_beef/motion_priors/masks/cam00_0233.png,/leonardo_work/EUHPC_D21_034/proj_adags/data/n3v/cut_roasted_beef/flow/cam00_0233.npz,0,0.1838264912366867,0.4709402918815613,0.28498849272727966,0.44230568408966064,0.3816961944103241,0.029644154012203217,0.06351318210363388,0.6398527026176453,0.6629611253738403,0.7494572997093201,0.04839349538087845,cut_roasted_beef_depth_353_cam00_0233
13,"[224, 192, 320, 288]",1.0,1.0,1.0,cut_roasted_beef,cam00,cam00_0248,248,/leonardo_work/EUHPC_D21_034/proj_adags/repo/adags/refine-logs/depth_occlusion_support/r031_da3_depth_full/depth_npz/cut_roasted_beef/cam00_0248.npz,/leonardo_work/EUHPC_D21_034/proj_adags/data/n3v/cut_roasted_beef/motion_priors/masks/cam00_0248.png,/leonardo_work/EUHPC_D21_034/proj_adags/data/n3v/cut_roasted_beef/flow/cam00_0248.npz,0,0.15712295472621918,0.2873978018760681,0.3019305169582367,0.4783220887184143,0.38655728101730347,0.05478041246533394,0.05836630240082741,0.20440168678760529,0.6586545705795288,0.7428690791130066,0.05800742283463478,cut_roasted_beef_depth_354_cam00_0248
13,"[400, 128, 496, 224]",1.0,1.0,1.0,cut_roasted_beef,cam00,cam00_0280,280,/leonardo_work/EUHPC_D21_034/proj_adags/repo/adags/refine-logs/depth_occlusion_support/r031_da3_depth_full/depth_npz/cut_roasted_beef/cam00_0280.npz,/leonardo_work/EUHPC_D21_034/proj_adags/data/n3v/cut_roasted_beef/motion_priors/masks/cam00_0280.png,/leonardo_work/EUHPC_D21_034/proj_adags/data/n3v/cut_roasted_beef/flow/cam00_0280.npz,1,0.1819901317358017,0.41990339756011963,0.29552656412124634,0.5059354305267334,0.3802339732646942,0.03500986099243164,0.048238858580589294,0.6998850703239441,0.6639940142631531,0.7497841119766235,0.04683542996644974,cut_roasted_beef_depth_355_cam00_0280
12,"[224, 224, 320, 320]",1.0,1.0,1.0,cut_roasted_beef,cam00,cam00_0038,38,/leonardo_work/EUHPC_D21_034/proj_adags/repo/adags/refine-logs/depth_occlusion_support/r031_da3_depth_full/depth_npz/cut_roasted_beef/cam00_0038.npz,/leonardo_work/EUHPC_D21_034/proj_adags/data/n3v/cut_roasted_beef/motion_priors/masks/cam00_0038.png,/leonardo_work/EUHPC_D21_034/proj_adags/data/n3v/cut_roasted_beef/flow/cam00_0038.npz,0,0.18023903667926788,0.3685694932937622,0.31682518124580383,0.46173280477523804,0.3674032688140869,0.02456730045378208,0.04468214139342308,0.8350372910499573,0.6522443294525146,0.7303315997123718,0.04555162787437439,cut_roasted_beef_depth_356_cam00_0038
12,"[480, 320, 576, 416]",1.0,1.0,1.0,cut_roasted_beef,cam00,cam00_0059,59,/leonardo_work/EUHPC_D21_034/proj_adags/repo/adags/refine-logs/depth_occlusion_support/r031_da3_depth_full/depth_npz/cut_roasted_beef/cam00_0059.npz,/leonardo_work/EUHPC_D21_034/proj_adags/data/n3v/cut_roasted_beef/motion_priors/masks/cam00_0059.png,/leonardo_work/EUHPC_D21_034/proj_adags/data/n3v/cut_roasted_beef/flow/cam00_0059.npz,0,0.1782035231590271,0.47253531217575073,0.30870264768600464,0.4661389887332916,0.37488964200019836,0.03675466403365135,0.05529393255710602,0.47182637453079224,0.6575866937637329,0.7322339415550232,0.049470141530036926,cut_roasted_beef_depth_357_cam00_0059
12,"[496, 320, 592, 416]",1.0,1.0,1.0,cut_roasted_beef,cam00,cam00_0059,59,/leonardo_work/EUHPC_D21_034/proj_adags/repo/adags/refine-logs/depth_occlusion_support/r031_da3_depth_full/depth_npz/cut_roasted_beef/cam00_0059.npz,/leonardo_work/EUHPC_D21_034/proj_adags/data/n3v/cut_roasted_beef/motion_priors/masks/cam00_0059.png,/leonardo_work/EUHPC_D21_034/proj_adags/data/n3v/cut_roasted_beef/flow/cam00_0059.npz,1,0.1782035231590271,0.47253531217575073,0.30870264768600464,0.4661389887332916,0.37488964200019836,0.03675466403365135,0.05529393255710602,0.47182637453079224,0.6575866937637329,0.7322339415550232,0.049470141530036926,cut_roasted_beef_depth_358_cam00_0059
12,"[480, 336, 576, 432]",1.0,1.0,1.0,cut_roasted_beef,cam00,cam00_0059,59,/leonardo_work/EUHPC_D21_034/proj_adags/repo/adags/refine-logs/depth_occlusion_support/r031_da3_depth_full/depth_npz/cut_roasted_beef/cam00_0059.npz,/leonardo_work/EUHPC_D21_034/proj_adags/data/n3v/cut_roasted_beef/motion_priors/masks/cam00_0059.png,/leonardo_work/EUHPC_D21_034/proj_adags/data/n3v/cut_roasted_beef/flow/cam00_0059.npz,2,0.1782035231590271,0.47253531217575073,0.30870264768600464,0.4661389887332916,0.37488964200019836,0.03675466403365135,0.05529393255710602,0.47182637453079224,0.6575866937637329,0.7322339415550232,0.049470141530036926,cut_roasted_beef_depth_359_cam00_0059
12,"[496, 336, 592, 432]",1.0,1.0,1.0,cut_roasted_beef,cam00,cam00_0059,59,/leonardo_work/EUHPC_D21_034/proj_adags/repo/adags/refine-logs/depth_occlusion_support/r031_da3_depth_full/depth_npz/cut_roasted_beef/cam00_0059.npz,/leonardo_work/EUHPC_D21_034/proj_adags/data/n3v/cut_roasted_beef/motion_priors/masks/cam00_0059.png,/leonardo_work/EUHPC_D21_034/proj_adags/data/n3v/cut_roasted_beef/flow/cam00_0059.npz,3,0.1782035231590271,0.47253531217575073,0.30870264768600464,0.4661389887332916,0.37488964200019836,0.03675466403365135,0.05529393255710602,0.47182637453079224,0.6575866937637329,0.7322339415550232,0.049470141530036926,cut_roasted_beef_depth_360_cam00_0059
1667,"[288, 336, 384, 432]",1.0,1.0,1.0,flame_steak,cam00,cam00_0170,170,/leonardo_work/EUHPC_D21_034/proj_adags/repo/adags/refine-logs/depth_occlusion_support/r031_da3_depth_full/depth_npz/flame_steak/cam00_0170.npz,/leonardo_work/EUHPC_D21_034/proj_adags/data/n3v/flame_steak/motion_priors/masks/cam00_0170.png,/leonardo_work/EUHPC_D21_034/proj_adags/data/n3v/flame_steak/flow/cam00_0170.npz,0,0.18907056748867035,0.38674449920654297,0.2752223014831543,0.4539014399051666,0.38179337978363037,0.0552414134144783,0.05721379816532135,0.5684558153152466,0.6626256108283997,0.7106485366821289,0.05908406525850296,flame_steak_depth_001_cam00_0170
1662,"[320, 336, 416, 432]",1.0,1.0,1.0,flame_steak,cam00,cam00_0170,170,/leonardo_work/EUHPC_D21_034/proj_adags/repo/adags/refine-logs/depth_occlusion_support/r031_da3_depth_full/depth_npz/flame_steak/cam00_0170.npz,/leonardo_work/EUHPC_D21_034/proj_adags/data/n3v/flame_steak/motion_priors/masks/cam00_0170.png,/leonardo_work/EUHPC_D21_034/proj_adags/data/n3v/flame_steak/flow/cam00_0170.npz,1,0.18907056748867035,0.38674449920654297,0.2752223014831543,0.4539014399051666,0.38179337978363037,0.0552414134144783,0.05721379816532135,0.5684558153152466,0.6626256108283997,0.7106485366821289,0.05908406525850296,flame_steak_depth_002_cam00_0170
1656,"[304, 336, 400, 432]",1.0,1.0,1.0,flame_steak,cam00,cam00_0170,170,/leonardo_work/EUHPC_D21_034/proj_adags/repo/adags/refine-logs/depth_occlusion_support/r031_da3_depth_full/depth_npz/flame_steak/cam00_0170.npz,/leonardo_work/EUHPC_D21_034/proj_adags/data/n3v/flame_steak/motion_priors/masks/cam00_0170.png,/leonardo_work/EUHPC_D21_034/proj_adags/data/n3v/flame_steak/flow/cam00_0170.npz,2,0.18907056748867035,0.38674449920654297,0.2752223014831543,0.4539014399051666,0.38179337978363037,0.0552414134144783,0.05721379816532135,0.5684558153152466,0.6626256108283997,0.7106485366821289,0.05908406525850296,flame_steak_depth_003_cam00_0170
1572,"[320, 352, 416, 448]",1.0,1.0,1.0,flame_steak,cam00,cam00_0170,170,/leonardo_work/EUHPC_D21_034/proj_adags/repo/adags/refine-logs/depth_occlusion_support/r031_da3_depth_full/depth_npz/flame_steak/cam00_0170.npz,/leonardo_work/EUHPC_D21_034/proj_adags/data/n3v/flame_steak/motion_priors/masks/cam00_0170.png,/leonardo_work/EUHPC_D21_034/proj_adags/data/n3v/flame_steak/flow/cam00_0170.npz,3,0.18907056748867035,0.38674449920654297,0.2752223014831543,0.4539014399051666,0.38179337978363037,0.0552414134144783,0.05721379816532135,0.5684558153152466,0.6626256108283997,0.7106485366821289,0.05908406525850296,flame_steak_depth_004_cam00_0170
1547,"[288, 336, 384, 432]",1.0,1.0,1.0,flame_steak,cam00,cam00_0171,171,/leonardo_work/EUHPC_D21_034/proj_adags/repo/adags/refine-logs/depth_occlusion_support/r031_da3_depth_full/depth_npz/flame_steak/cam00_0171.npz,/leonardo_work/EUHPC_D21_034/proj_adags/data/n3v/flame_steak/motion_priors/masks/cam00_0171.png,/leonardo_work/EUHPC_D21_034/proj_adags/data/n3v/flame_steak/flow/cam00_0171.npz,0,0.1892300397157669,0.45627787709236145,0.29288551211357117,0.4484902620315552,0.37905481457710266,0.05923578888177872,0.04326412454247475,0.6019076108932495,0.661659836769104,0.7103042602539062,0.060373704880476,flame_steak_depth_005_cam00_0171
1513,"[304, 336, 400, 432]",1.0,1.0,1.0,flame_steak,cam00,cam00_0171,171,/leonardo_work/EUHPC_D21_034/proj_adags/repo/adags/refine-logs/depth_occlusion_support/r031_da3_depth_full/depth_npz/flame_steak/cam00_0171.npz,/leonardo_work/EUHPC_D21_034/proj_adags/data/n3v/flame_steak/motion_priors/masks/cam00_0171.png,/leonardo_work/EUHPC_D21_034/proj_adags/data/n3v/flame_steak/flow/cam00_0171.npz,1,0.1892300397157669,0.45627787709236145,0.29288551211357117,0.4484902620315552,0.37905481457710266,0.05923578888177872,0.04326412454247475,0.6019076108932495,0.661659836769104,0.7103042602539062,0.060373704880476,flame_steak_depth_006_cam00_0171
1507,"[272, 336, 368, 432]",1.0,1.0,1.0,flame_steak,cam00,cam00_0186,186,/leonardo_work/EUHPC_D21_034/proj_adags/repo/adags/refine-logs/depth_occlusion_support/r031_da3_depth_full/depth_npz/flame_steak/cam00_0186.npz,/leonardo_work/EUHPC_D21_034/proj_adags/data/n3v/flame_steak/motion_priors/masks/cam00_0186.png,/leonardo_work/EUHPC_D21_034/proj_adags/data/n3v/flame_steak/flow/cam00_0186.npz,0,0.19084472954273224,0.3138754367828369,0.2984084188938141,0.48256468772888184,0.3878212571144104,0.06015487387776375,0.0805789977312088,0.6600900888442993,0.656501293182373,0.707328200340271,0.05584246665239334,flame_steak_depth_007_cam00_0186
1506,"[240, 336, 336, 432]",1.0,1.0,1.0,flame_steak,cam00,cam00_0186,186,/leonardo_work/EUHPC_D21_034/proj_adags/repo/adags/refine-logs/depth_occlusion_support/r031_da3_depth_full/depth_npz/flame_steak/cam00_0186.npz,/leonardo_work/EUHPC_D21_034/proj_adags/data/n3v/flame_steak/motion_priors/masks/cam00_0186.png,/leonardo_work/EUHPC_D21_034/proj_adags/data/n3v/flame_steak/flow/cam00_0186.npz,1,0.19084472954273224,0.3138754367828369,0.2984084188938141,0.48256468772888184,0.3878212571144104,0.06015487387776375,0.0805789977312088,0.6600900888442993,0.656501293182373,0.707328200340271,0.05584246665239334,flame_steak_depth_008_cam00_0186
1506,"[256, 336, 352, 432]",1.0,1.0,1.0,flame_steak,cam00,cam00_0186,186,/leonardo_work/EUHPC_D21_034/proj_adags/repo/adags/refine-logs/depth_occlusion_support/r031_da3_depth_full/depth_npz/flame_steak/cam00_0186.npz,/leonardo_work/EUHPC_D21_034/proj_adags/data/n3v/flame_steak/motion_priors/masks/cam00_0186.png,/leonardo_work/EUHPC_D21_034/proj_adags/data/n3v/flame_steak/flow/cam00_0186.npz,2,0.19084472954273224,0.3138754367828369,0.2984084188938141,0.48256468772888184,0.3878212571144104,0.06015487387776375,0.0805789977312088,0.6600900888442993,0.656501293182373,0.707328200340271,0.05584246665239334,flame_steak_depth_009_cam00_0186
1501,"[240, 336, 336, 432]",1.0,1.0,1.0,flame_steak,cam00,cam00_0187,187,/leonardo_work/EUHPC_D21_034/proj_adags/repo/adags/refine-logs/depth_occlusion_support/r031_da3_depth_full/depth_npz/flame_steak/cam00_0187.npz,/leonardo_work/EUHPC_D21_034/proj_adags/data/n3v/flame_steak/motion_priors/masks/cam00_0187.png,/leonardo_work/EUHPC_D21_034/proj_adags/data/n3v/flame_steak/flow/cam00_0187.npz,0,0.19056500494480133,0.34632226824760437,0.2890923321247101,0.48110559582710266,0.38913974165916443,0.0599360428750515,0.0807044580578804,0.6273035407066345,0.6572569608688354,0.7081217765808105,0.06221187487244606,flame_steak_depth_010_cam00_0187
1501,"[256, 336, 352, 432]",1.0,1.0,1.0,flame_steak,cam00,cam00_0187,187,/leonardo_work/EUHPC_D21_034/proj_adags/repo/adags/refine-logs/depth_occlusion_support/r031_da3_depth_full/depth_npz/flame_steak/cam00_0187.npz,/leonardo_work/EUHPC_D21_034/proj_adags/data/n3v/flame_steak/motion_priors/masks/cam00_0187.png,/leonardo_work/EUHPC_D21_034/proj_adags/data/n3v/flame_steak/flow/cam00_0187.npz,1,0.19056500494480133,0.34632226824760437,0.2890923321247101,0.48110559582710266,0.38913974165916443,0.0599360428750515,0.0807044580578804,0.6273035407066345,0.6572569608688354,0.7081217765808105,0.06221187487244606,flame_steak_depth_011_cam00_0187
1501,"[272, 336, 368, 432]",1.0,1.0,1.0,flame_steak,cam00,cam00_0187,187,/leonardo_work/EUHPC_D21_034/proj_adags/repo/adags/refine-logs/depth_occlusion_support/r031_da3_depth_full/depth_npz/flame_steak/cam00_0187.npz,/leonardo_work/EUHPC_D21_034/proj_adags/data/n3v/flame_steak/motion_priors/masks/cam00_0187.png,/leonardo_work/EUHPC_D21_034/proj_adags/data/n3v/flame_steak/flow/cam00_0187.npz,2,0.19056500494480133,0.34632226824760437,0.2890923321247101,0.48110559582710266,0.38913974165916443,0.0599360428750515,0.0807044580578804,0.6273035407066345,0.6572569608688354,0.7081217765808105,0.06221187487244606,flame_steak_depth_012_cam00_0187
1500,"[304, 336, 400, 432]",1.0,1.0,1.0,flame_steak,cam00,cam00_0184,184,/leonardo_work/EUHPC_D21_034/proj_adags/repo/adags/refine-logs/depth_occlusion_support/r031_da3_depth_full/depth_npz/flame_steak/cam00_0184.npz,/leonardo_work/EUHPC_D21_034/proj_adags/data/n3v/flame_steak/motion_priors/masks/cam00_0184.png,/leonardo_work/EUHPC_D21_034/proj_adags/data/n3v/flame_steak/flow/cam00_0184.npz,0,0.19264376163482666,0.3372859060764313,0.2987726628780365,0.46117785573005676,0.38572439551353455,0.05923578888177872,0.06964917480945587,0.5664775967597961,0.6561599373817444,0.7074915766716003,0.05876019597053528,flame_steak_depth_013_cam00_0184
1469,"[320, 336, 416, 432]",1.0,1.0,1.0,flame_steak,cam00,cam00_0171,171,/leonardo_work/EUHPC_D21_034/proj_adags/repo/adags/refine-logs/depth_occlusion_support/r031_da3_depth_full/depth_npz/flame_steak/cam00_0171.npz,/leonardo_work/EUHPC_D21_034/proj_adags/data/n3v/flame_steak/motion_priors/masks/cam00_0171.png,/leonardo_work/EUHPC_D21_034/proj_adags/data/n3v/flame_steak/flow/cam00_0171.npz,2,0.1892300397157669,0.45627787709236145,0.29288551211357117,0.4484902620315552,0.37905481457710266,0.05923578888177872,0.04326412454247475,0.6019076108932495,0.661659836769104,0.7103042602539062,0.060373704880476,flame_steak_depth_014_cam00_0171
1468,"[288, 336, 384, 432]",1.0,1.0,1.0,flame_steak,cam00,cam00_0174,174,/leonardo_work/EUHPC_D21_034/proj_adags/repo/adags/refine-logs/depth_occlusion_support/r031_da3_depth_full/depth_npz/flame_steak/cam00_0174.npz,/leonardo_work/EUHPC_D21_034/proj_adags/data/n3v/flame_steak/motion_priors/masks/cam00_0174.png,/leonardo_work/EUHPC_D21_034/proj_adags/data/n3v/flame_steak/flow/cam00_0174.npz,0,0.19377875328063965,0.3101811707019806,0.3283460736274719,0.4776158034801483,0.3843041956424713,0.05835463106632233,0.06616248190402985,0.4934438467025757,0.6580768823623657,0.7087841033935547,0.05625678226351738,flame_steak_depth_015_cam00_0174
1465,"[304, 336, 400, 432]",1.0,1.0,1.0,flame_steak,cam00,cam00_0186,186,/leonardo_work/EUHPC_D21_034/proj_adags/repo/adags/refine-logs/depth_occlusion_support/r031_da3_depth_full/depth_npz/flame_steak/cam00_0186.npz,/leonardo_work/EUHPC_D21_034/proj_adags/data/n3v/flame_steak/motion_priors/masks/cam00_0186.png,/leonardo_work/EUHPC_D21_034/proj_adags/data/n3v/flame_steak/flow/cam00_0186.npz,3,0.19084472954273224,0.3138754367828369,0.2984084188938141,0.48256468772888184,0.3878212571144104,0.06015487387776375,0.0805789977312088,0.6600900888442993,0.656501293182373,0.707328200340271,0.05584246665239334,flame_steak_depth_016_cam00_0186
1464,"[240, 336, 336, 432]",1.0,1.0,1.0,flame_steak,cam00,cam00_0188,188,/leonardo_work/EUHPC_D21_034/proj_adags/repo/adags/refine-logs/depth_occlusion_support/r031_da3_depth_full/depth_npz/flame_steak/cam00_0188.npz,/leonardo_work/EUHPC_D21_034/proj_adags/data/n3v/flame_steak/motion_priors/masks/cam00_0188.png,/leonardo_work/EUHPC_D21_034/proj_adags/data/n3v/flame_steak/flow/cam00_0188.npz,0,0.18616905808448792,0.391458660364151,0.3128766715526581,0.463411420583725,0.3831668794155121,0.05939042568206787,0.06372325867414474,0.6947877407073975,0.6579747200012207,0.7084952592849731,0.05992437154054642,flame_steak_depth_017_cam00_0188
1464,"[256, 336, 352, 432]",1.0,1.0,1.0,flame_steak,cam00,cam00_0188,188,/leonardo_work/EUHPC_D21_034/proj_adags/repo/adags/refine-logs/depth_occlusion_support/r031_da3_depth_full/depth_npz/flame_steak/cam00_0188.npz,/leonardo_work/EUHPC_D21_034/proj_adags/data/n3v/flame_steak/motion_priors/masks/cam00_0188.png,/leonardo_work/EUHPC_D21_034/proj_adags/data/n3v/flame_steak/flow/cam00_0188.npz,1,0.18616905808448792,0.391458660364151,0.3128766715526581,0.463411420583725,0.3831668794155121,0.05939042568206787,0.06372325867414474,0.6947877407073975,0.6579747200012207,0.7084952592849731,0.05992437154054642,flame_steak_depth_018_cam00_0188
1464,"[272, 336, 368, 432]",1.0,1.0,1.0,flame_steak,cam00,cam00_0188,188,/leonardo_work/EUHPC_D21_034/proj_adags/repo/adags/refine-logs/depth_occlusion_support/r031_da3_depth_full/depth_npz/flame_steak/cam00_0188.npz,/leonardo_work/EUHPC_D21_034/proj_adags/data/n3v/flame_steak/motion_priors/masks/cam00_0188.png,/leonardo_work/EUHPC_D21_034/proj_adags/data/n3v/flame_steak/flow/cam00_0188.npz,2,0.18616905808448792,0.391458660364151,0.3128766715526581,0.463411420583725,0.3831668794155121,0.05939042568206787,0.06372325867414474,0.6947877407073975,0.6579747200012207,0.7084952592849731,0.05992437154054642,flame_steak_depth_019_cam00_0188
1455,"[288, 336, 384, 432]",1.0,1.0,1.0,flame_steak,cam00,cam00_0178,178,/leonardo_work/EUHPC_D21_034/proj_adags/repo/adags/refine-logs/depth_occlusion_support/r031_da3_depth_full/depth_npz/flame_steak/cam00_0178.npz,/leonardo_work/EUHPC_D21_034/proj_adags/data/n3v/flame_steak/motion_priors/masks/cam00_0178.png,/leonardo_work/EUHPC_D21_034/proj_adags/data/n3v/flame_steak/flow/cam00_0178.npz,0,0.1672486662864685,0.37858840823173523,0.30776870250701904,0.44639310240745544,0.3840080797672272,0.05485043674707413,0.07566845417022705,0.45537328720092773,0.6579426527023315,0.7074682116508484,0.05758435279130936,flame_steak_depth_020_cam00_0178
1450,"[304, 336, 400, 432]",1.0,1.0,1.0,flame_steak,cam00,cam00_0185,185,/leonardo_work/EUHPC_D21_034/proj_adags/repo/adags/refine-logs/depth_occlusion_support/r031_da3_depth_full/depth_npz/flame_steak/cam00_0185.npz,/leonardo_work/EUHPC_D21_034/proj_adags/data/n3v/flame_steak/motion_priors/masks/cam00_0185.png,/leonardo_work/EUHPC_D21_034/proj_adags/data/n3v/flame_steak/flow/cam00_0185.npz,0,0.1938154697418213,0.4255920946598053,0.3008389472961426,0.45533642172813416,0.3874748945236206,0.05973472073674202,0.07724986225366592,0.44985878467559814,0.6572861671447754,0.7071968913078308,0.058129966259002686,flame_steak_depth_021_cam00_0185
1444,"[304, 336, 400, 432]",1.0,1.0,1.0,flame_steak,cam00,cam00_0174,174,/leonardo_work/EUHPC_D21_034/proj_adags/repo/adags/refine-logs/depth_occlusion_support/r031_da3_depth_full/depth_npz/flame_steak/cam00_0174.npz,/leonardo_work/EUHPC_D21_034/proj_adags/data/n3v/flame_steak/motion_priors/masks/cam00_0174.png,/leonardo_work/EUHPC_D21_034/proj_adags/data/n3v/flame_steak/flow/cam00_0174.npz,1,0.19377875328063965,0.3101811707019806,0.3283460736274719,0.4776158034801483,0.3843041956424713,0.05835463106632233,0.06616248190402985,0.4934438467025757,0.6580768823623657,0.7087841033935547,0.05625678226351738,flame_steak_depth_022_cam00_0174
1441,"[288, 320, 384, 416]",1.0,1.0,1.0,flame_steak,cam00,cam00_0179,179,/leonardo_work/EUHPC_D21_034/proj_adags/repo/adags/refine-logs/depth_occlusion_support/r031_da3_depth_full/depth_npz/flame_steak/cam00_0179.npz,/leonardo_work/EUHPC_D21_034/proj_adags/data/n3v/flame_steak/motion_priors/masks/cam00_0179.png,/leonardo_work/EUHPC_D21_034/proj_adags/data/n3v/flame_steak/flow/cam00_0179.npz,0,0.16723096370697021,0.45596837997436523,0.29870888590812683,0.445183128118515,0.37852853536605835,0.05715836212038994,0.05795782059431076,0.5495314002037048,0.6571052670478821,0.7080809473991394,0.05759018659591675,flame_steak_depth_023_cam00_0179
1440,"[288, 336, 384, 432]",1.0,1.0,1.0,flame_steak,cam00,cam00_0179,179,/leonardo_work/EUHPC_D21_034/proj_adags/repo/adags/refine-logs/depth_occlusion_support/r031_da3_depth_full/depth_npz/flame_steak/cam00_0179.npz,/leonardo_work/EUHPC_D21_034/proj_adags/data/n3v/flame_steak/motion_priors/masks/cam00_0179.png,/leonardo_work/EUHPC_D21_034/proj_adags/data/n3v/flame_steak/flow/cam00_0179.npz,1,0.16723096370697021,0.45596837997436523,0.29870888590812683,0.445183128118515,0.37852853536605835,0.05715836212038994,0.05795782059431076,0.5495314002037048,0.6571052670478821,0.7080809473991394,0.05759018659591675,flame_steak_depth_024_cam00_0179
1436,"[272, 336, 368, 432]",1.0,1.0,1.0,flame_steak,cam00,cam00_0171,171,/leonardo_work/EUHPC_D21_034/proj_adags/repo/adags/refine-logs/depth_occlusion_support/r031_da3_depth_full/depth_npz/flame_steak/cam00_0171.npz,/leonardo_work/EUHPC_D21_034/proj_adags/data/n3v/flame_steak/motion_priors/masks/cam00_0171.png,/leonardo_work/EUHPC_D21_034/proj_adags/data/n3v/flame_steak/flow/cam00_0171.npz,3,0.1892300397157669,0.45627787709236145,0.29288551211357117,0.4484902620315552,0.37905481457710266,0.05923578888177872,0.04326412454247475,0.6019076108932495,0.661659836769104,0.7103042602539062,0.060373704880476,flame_steak_depth_025_cam00_0171
1431,"[304, 336, 400, 432]",1.0,1.0,1.0,flame_steak,cam00,cam00_0175,175,/leonardo_work/EUHPC_D21_034/proj_adags/repo/adags/refine-logs/depth_occlusion_support/r031_da3_depth_full/depth_npz/flame_steak/cam00_0175.npz,/leonardo_work/EUHPC_D21_034/proj_adags/data/n3v/flame_steak/motion_priors/masks/cam00_0175.png,/leonardo_work/EUHPC_D21_034/proj_adags/data/n3v/flame_steak/flow/cam00_0175.npz,0,0.19558842480182648,0.38368403911590576,0.2971906065940857,0.47313690185546875,0.37952449917793274,0.056096307933330536,0.05825251340866089,0.44479069113731384,0.6584824323654175,0.7076783180236816,0.05113908275961876,flame_steak_depth_026_cam00_0175
1426,"[240, 336, 336, 432]",1.0,1.0,1.0,flame_steak,cam00,cam00_0185,185,/leonardo_work/EUHPC_D21_034/proj_adags/repo/adags/refine-logs/depth_occlusion_support/r031_da3_depth_full/depth_npz/flame_steak/cam00_0185.npz,/leonardo_work/EUHPC_D21_034/proj_adags/data/n3v/flame_steak/motion_priors/masks/cam00_0185.png,/leonardo_work/EUHPC_D21_034/proj_adags/data/n3v/flame_steak/flow/cam00_0185.npz,1,0.1938154697418213,0.4255920946598053,0.3008389472961426,0.45533642172813416,0.3874748945236206,0.05973472073674202,0.07724986225366592,0.44985878467559814,0.6572861671447754,0.7071968913078308,0.058129966259002686,flame_steak_depth_027_cam00_0185
1426,"[256, 336, 352, 432]",1.0,1.0,1.0,flame_steak,cam00,cam00_0185,185,/leonardo_work/EUHPC_D21_034/proj_adags/repo/adags/refine-logs/depth_occlusion_support/r031_da3_depth_full/depth_npz/flame_steak/cam00_0185.npz,/leonardo_work/EUHPC_D21_034/proj_adags/data/n3v/flame_steak/motion_priors/masks/cam00_0185.png,/leonardo_work/EUHPC_D21_034/proj_adags/data/n3v/flame_steak/flow/cam00_0185.npz,2,0.1938154697418213,0.4255920946598053,0.3008389472961426,0.45533642172813416,0.3874748945236206,0.05973472073674202,0.07724986225366592,0.44985878467559814,0.6572861671447754,0.7071968913078308,0.058129966259002686,flame_steak_depth_028_cam00_0185
1426,"[272, 336, 368, 432]",1.0,1.0,1.0,flame_steak,cam00,cam00_0185,185,/leonardo_work/EUHPC_D21_034/proj_adags/repo/adags/refine-logs/depth_occlusion_support/r031_da3_depth_full/depth_npz/flame_steak/cam00_0185.npz,/leonardo_work/EUHPC_D21_034/proj_adags/data/n3v/flame_steak/motion_priors/masks/cam00_0185.png,/leonardo_work/EUHPC_D21_034/proj_adags/data/n3v/flame_steak/flow/cam00_0185.npz,3,0.1938154697418213,0.4255920946598053,0.3008389472961426,0.45533642172813416,0.3874748945236206,0.05973472073674202,0.07724986225366592,0.44985878467559814,0.6572861671447754,0.7071968913078308,0.058129966259002686,flame_steak_depth_029_cam00_0185
1424,"[304, 352, 400, 448]",1.0,1.0,1.0,flame_steak,cam00,cam00_0174,174,/leonardo_work/EUHPC_D21_034/proj_adags/repo/adags/refine-logs/depth_occlusion_support/r031_da3_depth_full/depth_npz/flame_steak/cam00_0174.npz,/leonardo_work/EUHPC_D21_034/proj_adags/data/n3v/flame_steak/motion_priors/masks/cam00_0174.png,/leonardo_work/EUHPC_D21_034/proj_adags/data/n3v/flame_steak/flow/cam00_0174.npz,2,0.19377875328063965,0.3101811707019806,0.3283460736274719,0.4776158034801483,0.3843041956424713,0.05835463106632233,0.06616248190402985,0.4934438467025757,0.6580768823623657,0.7087841033935547,0.05625678226351738,flame_steak_depth_030_cam00_0174
1420,"[304, 336, 400, 432]",1.0,1.0,1.0,flame_steak,cam00,cam00_0179,179,/leonardo_work/EUHPC_D21_034/proj_adags/repo/adags/refine-logs/depth_occlusion_support/r031_da3_depth_full/depth_npz/flame_steak/cam00_0179.npz,/leonardo_work/EUHPC_D21_034/proj_adags/data/n3v/flame_steak/motion_priors/masks/cam00_0179.png,/leonardo_work/EUHPC_D21_034/proj_adags/data/n3v/flame_steak/flow/cam00_0179.npz,2,0.16723096370697021,0.45596837997436523,0.29870888590812683,0.445183128118515,0.37852853536605835,0.05715836212038994,0.05795782059431076,0.5495314002037048,0.6571052670478821,0.7080809473991394,0.05759018659591675,flame_steak_depth_031_cam00_0179
1419,"[288, 320, 384, 416]",1.0,1.0,1.0,flame_steak,cam00,cam00_0178,178,/leonardo_work/EUHPC_D21_034/proj_adags/repo/adags/refine-logs/depth_occlusion_support/r031_da3_depth_full/depth_npz/flame_steak/cam00_0178.npz,/leonardo_work/EUHPC_D21_034/proj_adags/data/n3v/flame_steak/motion_priors/masks/cam00_0178.png,/leonardo_work/EUHPC_D21_034/proj_adags/data/n3v/flame_steak/flow/cam00_0178.npz,1,0.1672486662864685,0.37858840823173523,0.30776870250701904,0.44639310240745544,0.3840080797672272,0.05485043674707413,0.07566845417022705,0.45537328720092773,0.6579426527023315,0.7074682116508484,0.05758435279130936,flame_steak_depth_032_cam00_0178
1417,"[288, 336, 384, 432]",1.0,1.0,1.0,flame_steak,cam00,cam00_0175,175,/leonardo_work/EUHPC_D21_034/proj_adags/repo/adags/refine-logs/depth_occlusion_support/r031_da3_depth_full/depth_npz/flame_steak/cam00_0175.npz,/leonardo_work/EUHPC_D21_034/proj_adags/data/n3v/flame_steak/motion_priors/masks/cam00_0175.png,/leonardo_work/EUHPC_D21_034/proj_adags/data/n3v/flame_steak/flow/cam00_0175.npz,1,0.19558842480182648,0.38368403911590576,0.2971906065940857,0.47313690185546875,0.37952449917793274,0.056096307933330536,0.05825251340866089,0.44479069113731384,0.6584824323654175,0.7076783180236816,0.05113908275961876,flame_steak_depth_033_cam00_0175
1413,"[288, 336, 384, 432]",1.0,1.0,1.0,flame_steak,cam00,cam00_0184,184,/leonardo_work/EUHPC_D21_034/proj_adags/repo/adags/refine-logs/depth_occlusion_support/r031_da3_depth_full/depth_npz/flame_steak/cam00_0184.npz,/leonardo_work/EUHPC_D21_034/proj_adags/data/n3v/flame_steak/motion_priors/masks/cam00_0184.png,/leonardo_work/EUHPC_D21_034/proj_adags/data/n3v/flame_steak/flow/cam00_0184.npz,1,0.19264376163482666,0.3372859060764313,0.2987726628780365,0.46117785573005676,0.38572439551353455,0.05923578888177872,0.06964917480945587,0.5664775967597961,0.6561599373817444,0.7074915766716003,0.05876019597053528,flame_steak_depth_034_cam00_0184
1411,"[288, 336, 384, 432]",1.0,1.0,1.0,flame_steak,cam00,cam00_0180,180,/leonardo_work/EUHPC_D21_034/proj_adags/repo/adags/refine-logs/depth_occlusion_support/r031_da3_depth_full/depth_npz/flame_steak/cam00_0180.npz,/leonardo_work/EUHPC_D21_034/proj_adags/data/n3v/flame_steak/motion_priors/masks/cam00_0180.png,/leonardo_work/EUHPC_D21_034/proj_adags/data/n3v/flame_steak/flow/cam00_0180.npz,0,0.1639859676361084,0.3607243001461029,0.29020434617996216,0.44230833649635315,0.382246196269989,0.05846550688147545,0.062427785247564316,0.5684937238693237,0.657049834728241,0.7087870240211487,0.05288388580083847,flame_steak_depth_035_cam00_0180
1406,"[304, 336, 400, 432]",1.0,1.0,1.0,flame_steak,cam00,cam00_0187,187,/leonardo_work/EUHPC_D21_034/proj_adags/repo/adags/refine-logs/depth_occlusion_support/r031_da3_depth_full/depth_npz/flame_steak/cam00_0187.npz,/leonardo_work/EUHPC_D21_034/proj_adags/data/n3v/flame_steak/motion_priors/masks/cam00_0187.png,/leonardo_work/EUHPC_D21_034/proj_adags/data/n3v/flame_steak/flow/cam00_0187.npz,3,0.19056500494480133,0.34632226824760437,0.2890923321247101,0.48110559582710266,0.38913974165916443,0.0599360428750515,0.0807044580578804,0.6273035407066345,0.6572569608688354,0.7081217765808105,0.06221187487244606,flame_steak_depth_036_cam00_0187
1401,"[288, 336, 384, 432]",1.0,1.0,1.0,flame_steak,cam00,cam00_0173,173,/leonardo_work/EUHPC_D21_034/proj_adags/repo/adags/refine-logs/depth_occlusion_support/r031_da3_depth_full/depth_npz/flame_steak/cam00_0173.npz,/leonardo_work/EUHPC_D21_034/proj_adags/data/n3v/flame_steak/motion_priors/masks/cam00_0173.png,/leonardo_work/EUHPC_D21_034/proj_adags/data/n3v/flame_steak/flow/cam00_0173.npz,0,0.19393542408943176,0.5915847420692444,0.28269314765930176,0.4380093216896057,0.38291653990745544,0.059011124074459076,0.056014612317085266,0.5227553844451904,0.6608895659446716,0.7085711359977722,0.056828659027814865,flame_steak_depth_037_cam00_0173
1398,"[304, 336, 400, 432]",1.0,1.0,1.0,flame_steak,cam00,cam00_0173,173,/leonardo_work/EUHPC_D21_034/proj_adags/repo/adags/refine-logs/depth_occlusion_support/r031_da3_depth_full/depth_npz/flame_steak/cam00_0173.npz,/leonardo_work/EUHPC_D21_034/proj_adags/data/n3v/flame_steak/motion_priors/masks/cam00_0173.png,/leonardo_work/EUHPC_D21_034/proj_adags/data/n3v/flame_steak/flow/cam00_0173.npz,1,0.19393542408943176,0.5915847420692444,0.28269314765930176,0.4380093216896057,0.38291653990745544,0.059011124074459076,0.056014612317085266,0.5227553844451904,0.6608895659446716,0.7085711359977722,0.056828659027814865,flame_steak_depth_038_cam00_0173
1392,"[256, 336, 352, 432]",1.0,1.0,1.0,flame_steak,cam00,cam00_0184,184,/leonardo_work/EUHPC_D21_034/proj_adags/repo/adags/refine-logs/depth_occlusion_support/r031_da3_depth_full/depth_npz/flame_steak/cam00_0184.npz,/leonardo_work/EUHPC_D21_034/proj_adags/data/n3v/flame_steak/motion_priors/masks/cam00_0184.png,/leonardo_work/EUHPC_D21_034/proj_adags/data/n3v/flame_steak/flow/cam00_0184.npz,2,0.19264376163482666,0.3372859060764313,0.2987726628780365,0.46117785573005676,0.38572439551353455,0.05923578888177872,0.06964917480945587,0.5664775967597961,0.6561599373817444,0.7074915766716003,0.05876019597053528,flame_steak_depth_039_cam00_0184
1392,"[272, 336, 368, 432]",1.0,1.0,1.0,flame_steak,cam00,cam00_0184,184,/leonardo_work/EUHPC_D21_034/proj_adags/repo/adags/refine-logs/depth_occlusion_support/r031_da3_depth_full/depth_npz/flame_steak/cam00_0184.npz,/leonardo_work/EUHPC_D21_034/proj_adags/data/n3v/flame_steak/motion_priors/masks/cam00_0184.png,/leonardo_work/EUHPC_D21_034/proj_adags/data/n3v/flame_steak/flow/cam00_0184.npz,3,0.19264376163482666,0.3372859060764313,0.2987726628780365,0.46117785573005676,0.38572439551353455,0.05923578888177872,0.06964917480945587,0.5664775967597961,0.6561599373817444,0.7074915766716003,0.05876019597053528,flame_steak_depth_040_cam00_0184
1390,"[224, 336, 320, 432]",1.0,1.0,1.0,flame_steak,cam00,cam00_0188,188,/leonardo_work/EUHPC_D21_034/proj_adags/repo/adags/refine-logs/depth_occlusion_support/r031_da3_depth_full/depth_npz/flame_steak/cam00_0188.npz,/leonardo_work/EUHPC_D21_034/proj_adags/data/n3v/flame_steak/motion_priors/masks/cam00_0188.png,/leonardo_work/EUHPC_D21_034/proj_adags/data/n3v/flame_steak/flow/cam00_0188.npz,3,0.18616905808448792,0.391458660364151,0.3128766715526581,0.463411420583725,0.3831668794155121,0.05939042568206787,0.06372325867414474,0.6947877407073975,0.6579747200012207,0.7084952592849731,0.05992437154054642,flame_steak_depth_041_cam00_0188
1389,"[304, 352, 400, 448]",1.0,1.0,1.0,flame_steak,cam00,cam00_0175,175,/leonardo_work/EUHPC_D21_034/proj_adags/repo/adags/refine-logs/depth_occlusion_support/r031_da3_depth_full/depth_npz/flame_steak/cam00_0175.npz,/leonardo_work/EUHPC_D21_034/proj_adags/data/n3v/flame_steak/motion_priors/masks/cam00_0175.png,/leonardo_work/EUHPC_D21_034/proj_adags/data/n3v/flame_steak/flow/cam00_0175.npz,2,0.19558842480182648,0.38368403911590576,0.2971906065940857,0.47313690185546875,0.37952449917793274,0.056096307933330536,0.05825251340866089,0.44479069113731384,0.6584824323654175,0.7076783180236816,0.05113908275961876,flame_steak_depth_042_cam00_0175
1386,"[320, 336, 416, 432]",1.0,1.0,1.0,flame_steak,cam00,cam00_0173,173,/leonardo_work/EUHPC_D21_034/proj_adags/repo/adags/refine-logs/depth_occlusion_support/r031_da3_depth_full/depth_npz/flame_steak/cam00_0173.npz,/leonardo_work/EUHPC_D21_034/proj_adags/data/n3v/flame_steak/motion_priors/masks/cam00_0173.png,/leonardo_work/EUHPC_D21_034/proj_adags/data/n3v/flame_steak/flow/cam00_0173.npz,2,0.19393542408943176,0.5915847420692444,0.28269314765930176,0.4380093216896057,0.38291653990745544,0.059011124074459076,0.056014612317085266,0.5227553844451904,0.6608895659446716,0.7085711359977722,0.056828659027814865,flame_steak_depth_043_cam00_0173
1386,"[256, 336, 352, 432]",1.0,1.0,1.0,flame_steak,cam00,cam00_0189,189,/leonardo_work/EUHPC_D21_034/proj_adags/repo/adags/refine-logs/depth_occlusion_support/r031_da3_depth_full/depth_npz/flame_steak/cam00_0189.npz,/leonardo_work/EUHPC_D21_034/proj_adags/data/n3v/flame_steak/motion_priors/masks/cam00_0189.png,/leonardo_work/EUHPC_D21_034/proj_adags/data/n3v/flame_steak/flow/cam00_0189.npz,0,0.18702960014343262,0.47141242027282715,0.2927362322807312,0.4552639126777649,0.38065794110298157,0.058016177266836166,0.053143564611673355,0.6699082851409912,0.6583335995674133,0.7090233564376831,0.05617508664727211,flame_steak_depth_044_cam00_0189
1386,"[272, 336, 368, 432]",1.0,1.0,1.0,flame_steak,cam00,cam00_0189,189,/leonardo_work/EUHPC_D21_034/proj_adags/repo/adags/refine-logs/depth_occlusion_support/r031_da3_depth_full/depth_npz/flame_steak/cam00_0189.npz,/leonardo_work/EUHPC_D21_034/proj_adags/data/n3v/flame_steak/motion_priors/masks/cam00_0189.png,/leonardo_work/EUHPC_D21_034/proj_adags/data/n3v/flame_steak/flow/cam00_0189.npz,1,0.18702960014343262,0.47141242027282715,0.2927362322807312,0.4552639126777649,0.38065794110298157,0.058016177266836166,0.053143564611673355,0.6699082851409912,0.6583335995674133,0.7090233564376831,0.05617508664727211,flame_steak_depth_045_cam00_0189
1385,"[272, 336, 368, 432]",1.0,1.0,1.0,flame_steak,cam00,cam00_0174,174,/leonardo_work/EUHPC_D21_034/proj_adags/repo/adags/refine-logs/depth_occlusion_support/r031_da3_depth_full/depth_npz/flame_steak/cam00_0174.npz,/leonardo_work/EUHPC_D21_034/proj_adags/data/n3v/flame_steak/motion_priors/masks/cam00_0174.png,/leonardo_work/EUHPC_D21_034/proj_adags/data/n3v/flame_steak/flow/cam00_0174.npz,3,0.19377875328063965,0.3101811707019806,0.3283460736274719,0.4776158034801483,0.3843041956424713,0.05835463106632233,0.06616248190402985,0.4934438467025757,0.6580768823623657,0.7087841033935547,0.05625678226351738,flame_steak_depth_046_cam00_0174
1384,"[304, 336, 400, 432]",1.0,1.0,1.0,flame_steak,cam00,cam00_0178,178,/leonardo_work/EUHPC_D21_034/proj_adags/repo/adags/refine-logs/depth_occlusion_support/r031_da3_depth_full/depth_npz/flame_steak/cam00_0178.npz,/leonardo_work/EUHPC_D21_034/proj_adags/data/n3v/flame_steak/motion_priors/masks/cam00_0178.png,/leonardo_work/EUHPC_D21_034/proj_adags/data/n3v/flame_steak/flow/cam00_0178.npz,2,0.1672486662864685,0.37858840823173523,0.30776870250701904,0.44639310240745544,0.3840080797672272,0.05485043674707413,0.07566845417022705,0.45537328720092773,0.6579426527023315,0.7074682116508484,0.05758435279130936,flame_steak_depth_047_cam00_0178
1380,"[240, 336, 336, 432]",1.0,1.0,1.0,flame_steak,cam00,cam00_0189,189,/leonardo_work/EUHPC_D21_034/proj_adags/repo/adags/refine-logs/depth_occlusion_support/r031_da3_depth_full/depth_npz/flame_steak/cam00_0189.npz,/leonardo_work/EUHPC_D21_034/proj_adags/data/n3v/flame_steak/motion_priors/masks/cam00_0189.png,/leonardo_work/EUHPC_D21_034/proj_adags/data/n3v/flame_steak/flow/cam00_0189.npz,2,0.18702960014343262,0.47141242027282715,0.2927362322807312,0.4552639126777649,0.38065794110298157,0.058016177266836166,0.053143564611673355,0.6699082851409912,0.6583335995674133,0.7090233564376831,0.05617508664727211,flame_steak_depth_048_cam00_0189
1378,"[240, 336, 336, 432]",1.0,1.0,1.0,flame_steak,cam00,cam00_0183,183,/leonardo_work/EUHPC_D21_034/proj_adags/repo/adags/refine-logs/depth_occlusion_support/r031_da3_depth_full/depth_npz/flame_steak/cam00_0183.npz,/leonardo_work/EUHPC_D21_034/proj_adags/data/n3v/flame_steak/motion_priors/masks/cam00_0183.png,/leonardo_work/EUHPC_D21_034/proj_adags/data/n3v/flame_steak/flow/cam00_0183.npz,0,0.16589461266994476,0.44502830505371094,0.3022320568561554,0.43612104654312134,0.38636502623558044,0.05848301202058792,0.07623157650232315,0.6045569181442261,0.6567463874816895,0.7070860266685486,0.0569336973130703,flame_steak_depth_049_cam00_0183
1378,"[256, 336, 352, 432]",1.0,1.0,1.0,flame_steak,cam00,cam00_0183,183,/leonardo_work/EUHPC_D21_034/proj_adags/repo/adags/refine-logs/depth_occlusion_support/r031_da3_depth_full/depth_npz/flame_steak/cam00_0183.npz,/leonardo_work/EUHPC_D21_034/proj_adags/data/n3v/flame_steak/motion_priors/masks/cam00_0183.png,/leonardo_work/EUHPC_D21_034/proj_adags/data/n3v/flame_steak/flow/cam00_0183.npz,1,0.16589461266994476,0.44502830505371094,0.3022320568561554,0.43612104654312134,0.38636502623558044,0.05848301202058792,0.07623157650232315,0.6045569181442261,0.6567463874816895,0.7070860266685486,0.0569336973130703,flame_steak_depth_050_cam00_0183
1378,"[272, 336, 368, 432]",1.0,1.0,1.0,flame_steak,cam00,cam00_0183,183,/leonardo_work/EUHPC_D21_034/proj_adags/repo/adags/refine-logs/depth_occlusion_support/r031_da3_depth_full/depth_npz/flame_steak/cam00_0183.npz,/leonardo_work/EUHPC_D21_034/proj_adags/data/n3v/flame_steak/motion_priors/masks/cam00_0183.png,/leonardo_work/EUHPC_D21_034/proj_adags/data/n3v/flame_steak/flow/cam00_0183.npz,2,0.16589461266994476,0.44502830505371094,0.3022320568561554,0.43612104654312134,0.38636502623558044,0.05848301202058792,0.07623157650232315,0.6045569181442261,0.6567463874816895,0.7070860266685486,0.0569336973130703,flame_steak_depth_051_cam00_0183
1375,"[240, 320, 336, 416]",1.0,1.0,1.0,flame_steak,cam00,cam00_0179,179,/leonardo_work/EUHPC_D21_034/proj_adags/repo/adags/refine-logs/depth_occlusion_support/r031_da3_depth_full/depth_npz/flame_steak/cam00_0179.npz,/leonardo_work/EUHPC_D21_034/proj_adags/data/n3v/flame_steak/motion_priors/masks/cam00_0179.png,/leonardo_work/EUHPC_D21_034/proj_adags/data/n3v/flame_steak/flow/cam00_0179.npz,3,0.16723096370697021,0.45596837997436523,0.29870888590812683,0.445183128118515,0.37852853536605835,0.05715836212038994,0.05795782059431076,0.5495314002037048,0.6571052670478821,0.7080809473991394,0.05759018659591675,flame_steak_depth_052_cam00_0179
1372,"[256, 336, 352, 432]",1.0,1.0,1.0,flame_steak,cam00,cam00_0180,180,/leonardo_work/EUHPC_D21_034/proj_adags/repo/adags/refine-logs/depth_occlusion_support/r031_da3_depth_full/depth_npz/flame_steak/cam00_0180.npz,/leonardo_work/EUHPC_D21_034/proj_adags/data/n3v/flame_steak/motion_priors/masks/cam00_0180.png,/leonardo_work/EUHPC_D21_034/proj_adags/data/n3v/flame_steak/flow/cam00_0180.npz,1,0.1639859676361084,0.3607243001461029,0.29020434617996216,0.44230833649635315,0.382246196269989,0.05846550688147545,0.062427785247564316,0.5684937238693237,0.657049834728241,0.7087870240211487,0.05288388580083847,flame_steak_depth_053_cam00_0180
1372,"[272, 336, 368, 432]",1.0,1.0,1.0,flame_steak,cam00,cam00_0180,180,/leonardo_work/EUHPC_D21_034/proj_adags/repo/adags/refine-logs/depth_occlusion_support/r031_da3_depth_full/depth_npz/flame_steak/cam00_0180.npz,/leonardo_work/EUHPC_D21_034/proj_adags/data/n3v/flame_steak/motion_priors/masks/cam00_0180.png,/leonardo_work/EUHPC_D21_034/proj_adags/data/n3v/flame_steak/flow/cam00_0180.npz,2,0.1639859676361084,0.3607243001461029,0.29020434617996216,0.44230833649635315,0.382246196269989,0.05846550688147545,0.062427785247564316,0.5684937238693237,0.657049834728241,0.7087870240211487,0.05288388580083847,flame_steak_depth_054_cam00_0180
1370,"[240, 336, 336, 432]",1.0,1.0,1.0,flame_steak,cam00,cam00_0180,180,/leonardo_work/EUHPC_D21_034/proj_adags/repo/adags/refine-logs/depth_occlusion_support/r031_da3_depth_full/depth_npz/flame_steak/cam00_0180.npz,/leonardo_work/EUHPC_D21_034/proj_adags/data/n3v/flame_steak/motion_priors/masks/cam00_0180.png,/leonardo_work/EUHPC_D21_034/proj_adags/data/n3v/flame_steak/flow/cam00_0180.npz,3,0.1639859676361084,0.3607243001461029,0.29020434617996216,0.44230833649635315,0.382246196269989,0.05846550688147545,0.062427785247564316,0.5684937238693237,0.657049834728241,0.7087870240211487,0.05288388580083847,flame_steak_depth_055_cam00_0180
1368,"[304, 336, 400, 432]",1.0,1.0,1.0,flame_steak,cam00,cam00_0176,176,/leonardo_work/EUHPC_D21_034/proj_adags/repo/adags/refine-logs/depth_occlusion_support/r031_da3_depth_full/depth_npz/flame_steak/cam00_0176.npz,/leonardo_work/EUHPC_D21_034/proj_adags/data/n3v/flame_steak/motion_priors/masks/cam00_0176.png,/leonardo_work/EUHPC_D21_034/proj_adags/data/n3v/flame_steak/flow/cam00_0176.npz,0,0.19683781266212463,0.29539787769317627,0.3009326457977295,0.4486168622970581,0.38196253776550293,0.05485043674707413,0.06834494322538376,0.4417474865913391,0.6574349403381348,0.7083523273468018,0.04991071671247482,flame_steak_depth_056_cam00_0176
1365,"[288, 336, 384, 432]",1.0,1.0,1.0,flame_steak,cam00,cam00_0183,183,/leonardo_work/EUHPC_D21_034/proj_adags/repo/adags/refine-logs/depth_occlusion_support/r031_da3_depth_full/depth_npz/flame_steak/cam00_0183.npz,/leonardo_work/EUHPC_D21_034/proj_adags/data/n3v/flame_steak/motion_priors/masks/cam00_0183.png,/leonardo_work/EUHPC_D21_034/proj_adags/data/n3v/flame_steak/flow/cam00_0183.npz,3,0.16589461266994476,0.44502830505371094,0.3022320568561554,0.43612104654312134,0.38636502623558044,0.05848301202058792,0.07623157650232315,0.6045569181442261,0.6567463874816895,0.7070860266685486,0.0569336973130703,flame_steak_depth_057_cam00_0183
1357,"[288, 336, 384, 432]",1.0,1.0,1.0,flame_steak,cam00,cam00_0176,176,/leonardo_work/EUHPC_D21_034/proj_adags/repo/adags/refine-logs/depth_occlusion_support/r031_da3_depth_full/depth_npz/flame_steak/cam00_0176.npz,/leonardo_work/EUHPC_D21_034/proj_adags/data/n3v/flame_steak/motion_priors/masks/cam00_0176.png,/leonardo_work/EUHPC_D21_034/proj_adags/data/n3v/flame_steak/flow/cam00_0176.npz,1,0.19683781266212463,0.29539787769317627,0.3009326457977295,0.4486168622970581,0.38196253776550293,0.05485043674707413,0.06834494322538376,0.4417474865913391,0.6574349403381348,0.7083523273468018,0.04991071671247482,flame_steak_depth_058_cam00_0176
1356,"[288, 336, 384, 432]",1.0,1.0,1.0,flame_steak,cam00,cam00_0181,181,/leonardo_work/EUHPC_D21_034/proj_adags/repo/adags/refine-logs/depth_occlusion_support/r031_da3_depth_full/depth_npz/flame_steak/cam00_0181.npz,/leonardo_work/EUHPC_D21_034/proj_adags/data/n3v/flame_steak/motion_priors/masks/cam00_0181.png,/leonardo_work/EUHPC_D21_034/proj_adags/data/n3v/flame_steak/flow/cam00_0181.npz,0,0.16421401500701904,0.41755348443984985,0.29425567388534546,0.44345158338546753,0.38239723443984985,0.05939626321196556,0.0628800317645073,0.6020593643188477,0.6573999524116516,0.7075440883636475,0.05683157593011856,flame_steak_depth_059_cam00_0181
1354,"[256, 336, 352, 432]",1.0,1.0,1.0,flame_steak,cam00,cam00_0178,178,/leonardo_work/EUHPC_D21_034/proj_adags/repo/adags/refine-logs/depth_occlusion_support/r031_da3_depth_full/depth_npz/flame_steak/cam00_0178.npz,/leonardo_work/EUHPC_D21_034/proj_adags/data/n3v/flame_steak/motion_priors/masks/cam00_0178.png,/leonardo_work/EUHPC_D21_034/proj_adags/data/n3v/flame_steak/flow/cam00_0178.npz,3,0.1672486662864685,0.37858840823173523,0.30776870250701904,0.44639310240745544,0.3840080797672272,0.05485043674707413,0.07566845417022705,0.45537328720092773,0.6579426527023315,0.7074682116508484,0.05758435279130936,flame_steak_depth_060_cam00_0178
1325,"[224, 336, 320, 432]",1.0,1.0,1.0,flame_steak,cam00,cam00_0189,189,/leonardo_work/EUHPC_D21_034/proj_adags/repo/adags/refine-logs/depth_occlusion_support/r031_da3_depth_full/depth_npz/flame_steak/cam00_0189.npz,/leonardo_work/EUHPC_D21_034/proj_adags/data/n3v/flame_steak/motion_priors/masks/cam00_0189.png,/leonardo_work/EUHPC_D21_034/proj_adags/data/n3v/flame_steak/flow/cam00_0189.npz,3,0.18702960014343262,0.47141242027282715,0.2927362322807312,0.4552639126777649,0.38065794110298157,0.058016177266836166,0.053143564611673355,0.6699082851409912,0.6583335995674133,0.7090233564376831,0.05617508664727211,flame_steak_depth_061_cam00_0189
1319,"[272, 336, 368, 432]",1.0,1.0,1.0,flame_steak,cam00,cam00_0175,175,/leonardo_work/EUHPC_D21_034/proj_adags/repo/adags/refine-logs/depth_occlusion_support/r031_da3_depth_full/depth_npz/flame_steak/cam00_0175.npz,/leonardo_work/EUHPC_D21_034/proj_adags/data/n3v/flame_steak/motion_priors/masks/cam00_0175.png,/leonardo_work/EUHPC_D21_034/proj_adags/data/n3v/flame_steak/flow/cam00_0175.npz,3,0.19558842480182648,0.38368403911590576,0.2971906065940857,0.47313690185546875,0.37952449917793274,0.056096307933330536,0.05825251340866089,0.44479069113731384,0.6584824323654175,0.7076783180236816,0.05113908275961876,flame_steak_depth_062_cam00_0175
1311,"[240, 336, 336, 432]",1.0,1.0,1.0,flame_steak,cam00,cam00_0181,181,/leonardo_work/EUHPC_D21_034/proj_adags/repo/adags/refine-logs/depth_occlusion_support/r031_da3_depth_full/depth_npz/flame_steak/cam00_0181.npz,/leonardo_work/EUHPC_D21_034/proj_adags/data/n3v/flame_steak/motion_priors/masks/cam00_0181.png,/leonardo_work/EUHPC_D21_034/proj_adags/data/n3v/flame_steak/flow/cam00_0181.npz,1,0.16421401500701904,0.41755348443984985,0.29425567388534546,0.44345158338546753,0.38239723443984985,0.05939626321196556,0.0628800317645073,0.6020593643188477,0.6573999524116516,0.7075440883636475,0.05683157593011856,flame_steak_depth_063_cam00_0181
1311,"[256, 336, 352, 432]",1.0,1.0,1.0,flame_steak,cam00,cam00_0181,181,/leonardo_work/EUHPC_D21_034/proj_adags/repo/adags/refine-logs/depth_occlusion_support/r031_da3_depth_full/depth_npz/flame_steak/cam00_0181.npz,/leonardo_work/EUHPC_D21_034/proj_adags/data/n3v/flame_steak/motion_priors/masks/cam00_0181.png,/leonardo_work/EUHPC_D21_034/proj_adags/data/n3v/flame_steak/flow/cam00_0181.npz,2,0.16421401500701904,0.41755348443984985,0.29425567388534546,0.44345158338546753,0.38239723443984985,0.05939626321196556,0.0628800317645073,0.6020593643188477,0.6573999524116516,0.7075440883636475,0.05683157593011856,flame_steak_depth_064_cam00_0181
1311,"[272, 336, 368, 432]",1.0,1.0,1.0,flame_steak,cam00,cam00_0181,181,/leonardo_work/EUHPC_D21_034/proj_adags/repo/adags/refine-logs/depth_occlusion_support/r031_da3_depth_full/depth_npz/flame_steak/cam00_0181.npz,/leonardo_work/EUHPC_D21_034/proj_adags/data/n3v/flame_steak/motion_priors/masks/cam00_0181.png,/leonardo_work/EUHPC_D21_034/proj_adags/data/n3v/flame_steak/flow/cam00_0181.npz,3,0.16421401500701904,0.41755348443984985,0.29425567388534546,0.44345158338546753,0.38239723443984985,0.05939626321196556,0.0628800317645073,0.6020593643188477,0.6573999524116516,0.7075440883636475,0.05683157593011856,flame_steak_depth_065_cam00_0181
1301,"[272, 336, 368, 432]",1.0,1.0,1.0,flame_steak,cam00,cam00_0173,173,/leonardo_work/EUHPC_D21_034/proj_adags/repo/adags/refine-logs/depth_occlusion_support/r031_da3_depth_full/depth_npz/flame_steak/cam00_0173.npz,/leonardo_work/EUHPC_D21_034/proj_adags/data/n3v/flame_steak/motion_priors/masks/cam00_0173.png,/leonardo_work/EUHPC_D21_034/proj_adags/data/n3v/flame_steak/flow/cam00_0173.npz,3,0.19393542408943176,0.5915847420692444,0.28269314765930176,0.4380093216896057,0.38291653990745544,0.059011124074459076,0.056014612317085266,0.5227553844451904,0.6608895659446716,0.7085711359977722,0.056828659027814865,flame_steak_depth_066_cam00_0173
1297,"[304, 352, 400, 448]",1.0,1.0,1.0,flame_steak,cam00,cam00_0176,176,/leonardo_work/EUHPC_D21_034/proj_adags/repo/adags/refine-logs/depth_occlusion_support/r031_da3_depth_full/depth_npz/flame_steak/cam00_0176.npz,/leonardo_work/EUHPC_D21_034/proj_adags/data/n3v/flame_steak/motion_priors/masks/cam00_0176.png,/leonardo_work/EUHPC_D21_034/proj_adags/data/n3v/flame_steak/flow/cam00_0176.npz,2,0.19683781266212463,0.29539787769317627,0.3009326457977295,0.4486168622970581,0.38196253776550293,0.05485043674707413,0.06834494322538376,0.4417474865913391,0.6574349403381348,0.7083523273468018,0.04991071671247482,flame_steak_depth_067_cam00_0176
1280,"[256, 336, 352, 432]",1.0,1.0,1.0,flame_steak,cam00,cam00_0176,176,/leonardo_work/EUHPC_D21_034/proj_adags/repo/adags/refine-logs/depth_occlusion_support/r031_da3_depth_full/depth_npz/flame_steak/cam00_0176.npz,/leonardo_work/EUHPC_D21_034/proj_adags/data/n3v/flame_steak/motion_priors/masks/cam00_0176.png,/leonardo_work/EUHPC_D21_034/proj_adags/data/n3v/flame_steak/flow/cam00_0176.npz,3,0.19683781266212463,0.29539787769317627,0.3009326457977295,0.4486168622970581,0.38196253776550293,0.05485043674707413,0.06834494322538376,0.4417474865913391,0.6574349403381348,0.7083523273468018,0.04991071671247482,flame_steak_depth_068_cam00_0176
674,"[208, 304, 304, 400]",1.0,1.0,1.0,flame_steak,cam00,cam00_0190,190,/leonardo_work/EUHPC_D21_034/proj_adags/repo/adags/refine-logs/depth_occlusion_support/r031_da3_depth_full/depth_npz/flame_steak/cam00_0190.npz,/leonardo_work/EUHPC_D21_034/proj_adags/data/n3v/flame_steak/motion_priors/masks/cam00_0190.png,/leonardo_work/EUHPC_D21_034/proj_adags/data/n3v/flame_steak/flow/cam00_0190.npz,0,0.18083837628364563,0.33205342292785645,0.2729644477367401,0.4736546576023102,0.3890868127346039,0.05771565064787865,0.06903936713933945,0.4857352077960968,0.6591272354125977,0.7094551920890808,0.05776816979050636,flame_steak_depth_069_cam00_0190
635,"[208, 288, 304, 384]",1.0,1.0,1.0,flame_steak,cam00,cam00_0190,190,/leonardo_work/EUHPC_D21_034/proj_adags/repo/adags/refine-logs/depth_occlusion_support/r031_da3_depth_full/depth_npz/flame_steak/cam00_0190.npz,/leonardo_work/EUHPC_D21_034/proj_adags/data/n3v/flame_steak/motion_priors/masks/cam00_0190.png,/leonardo_work/EUHPC_D21_034/proj_adags/data/n3v/flame_steak/flow/cam00_0190.npz,1,0.18083837628364563,0.33205342292785645,0.2729644477367401,0.4736546576023102,0.3890868127346039,0.05771565064787865,0.06903936713933945,0.4857352077960968,0.6591272354125977,0.7094551920890808,0.05776816979050636,flame_steak_depth_070_cam00_0190
624,"[208, 320, 304, 416]",1.0,1.0,1.0,flame_steak,cam00,cam00_0190,190,/leonardo_work/EUHPC_D21_034/proj_adags/repo/adags/refine-logs/depth_occlusion_support/r031_da3_depth_full/depth_npz/flame_steak/cam00_0190.npz,/leonardo_work/EUHPC_D21_034/proj_adags/data/n3v/flame_steak/motion_priors/masks/cam00_0190.png,/leonardo_work/EUHPC_D21_034/proj_adags/data/n3v/flame_steak/flow/cam00_0190.npz,2,0.18083837628364563,0.33205342292785645,0.2729644477367401,0.4736546576023102,0.3890868127346039,0.05771565064787865,0.06903936713933945,0.4857352077960968,0.6591272354125977,0.7094551920890808,0.05776816979050636,flame_steak_depth_071_cam00_0190
586,"[272, 240, 368, 336]",1.0,1.0,1.0,flame_steak,cam00,cam00_0193,193,/leonardo_work/EUHPC_D21_034/proj_adags/repo/adags/refine-logs/depth_occlusion_support/r031_da3_depth_full/depth_npz/flame_steak/cam00_0193.npz,/leonardo_work/EUHPC_D21_034/proj_adags/data/n3v/flame_steak/motion_priors/masks/cam00_0193.png,/leonardo_work/EUHPC_D21_034/proj_adags/data/n3v/flame_steak/flow/cam00_0193.npz,0,0.19335894286632538,0.37692031264305115,0.29721835255622864,0.4449407160282135,0.3786269426345825,0.05137833580374718,0.05008869990706444,0.4906078279018402,0.6582285761833191,0.7115939259529114,0.05596792697906494,flame_steak_depth_072_cam00_0193
532,"[352, 208, 448, 304]",1.0,1.0,1.0,flame_steak,cam00,cam00_0215,215,/leonardo_work/EUHPC_D21_034/proj_adags/repo/adags/refine-logs/depth_occlusion_support/r031_da3_depth_full/depth_npz/flame_steak/cam00_0215.npz,/leonardo_work/EUHPC_D21_034/proj_adags/data/n3v/flame_steak/motion_priors/masks/cam00_0215.png,/leonardo_work/EUHPC_D21_034/proj_adags/data/n3v/flame_steak/flow/cam00_0215.npz,0,0.1851348578929901,0.4056454002857208,0.26813018321990967,0.4485083818435669,0.37639400362968445,0.04996323585510254,0.05823500454425812,0.49838942289352417,0.6524398326873779,0.7152293920516968,0.05273508280515671,flame_steak_depth_073_cam00_0215
517,"[352, 240, 448, 336]",1.0,1.0,1.0,flame_steak,cam00,cam00_0215,215,/leonardo_work/EUHPC_D21_034/proj_adags/repo/adags/refine-logs/depth_occlusion_support/r031_da3_depth_full/depth_npz/flame_steak/cam00_0215.npz,/leonardo_work/EUHPC_D21_034/proj_adags/data/n3v/flame_steak/motion_priors/masks/cam00_0215.png,/leonardo_work/EUHPC_D21_034/proj_adags/data/n3v/flame_steak/flow/cam00_0215.npz,1,0.1851348578929901,0.4056454002857208,0.26813018321990967,0.4485083818435669,0.37639400362968445,0.04996323585510254,0.05823500454425812,0.49838942289352417,0.6524398326873779,0.7152293920516968,0.05273508280515671,flame_steak_depth_074_cam00_0215
516,"[368, 240, 464, 336]",1.0,1.0,1.0,flame_steak,cam00,cam00_0215,215,/leonardo_work/EUHPC_D21_034/proj_adags/repo/adags/refine-logs/depth_occlusion_support/r031_da3_depth_full/depth_npz/flame_steak/cam00_0215.npz,/leonardo_work/EUHPC_D21_034/proj_adags/data/n3v/flame_steak/motion_priors/masks/cam00_0215.png,/leonardo_work/EUHPC_D21_034/proj_adags/data/n3v/flame_steak/flow/cam00_0215.npz,2,0.1851348578929901,0.4056454002857208,0.26813018321990967,0.4485083818435669,0.37639400362968445,0.04996323585510254,0.05823500454425812,0.49838942289352417,0.6524398326873779,0.7152293920516968,0.05273508280515671,flame_steak_depth_075_cam00_0215
512,"[352, 224, 448, 320]",1.0,1.0,1.0,flame_steak,cam00,cam00_0215,215,/leonardo_work/EUHPC_D21_034/proj_adags/repo/adags/refine-logs/depth_occlusion_support/r031_da3_depth_full/depth_npz/flame_steak/cam00_0215.npz,/leonardo_work/EUHPC_D21_034/proj_adags/data/n3v/flame_steak/motion_priors/masks/cam00_0215.png,/leonardo_work/EUHPC_D21_034/proj_adags/data/n3v/flame_steak/flow/cam00_0215.npz,3,0.1851348578929901,0.4056454002857208,0.26813018321990967,0.4485083818435669,0.37639400362968445,0.04996323585510254,0.05823500454425812,0.49838942289352417,0.6524398326873779,0.7152293920516968,0.05273508280515671,flame_steak_depth_076_cam00_0215
468,"[240, 240, 336, 336]",1.0,1.0,1.0,flame_steak,cam00,cam00_0193,193,/leonardo_work/EUHPC_D21_034/proj_adags/repo/adags/refine-logs/depth_occlusion_support/r031_da3_depth_full/depth_npz/flame_steak/cam00_0193.npz,/leonardo_work/EUHPC_D21_034/proj_adags/data/n3v/flame_steak/motion_priors/masks/cam00_0193.png,/leonardo_work/EUHPC_D21_034/proj_adags/data/n3v/flame_steak/flow/cam00_0193.npz,1,0.19335894286632538,0.37692031264305115,0.29721835255622864,0.4449407160282135,0.3786269426345825,0.05137833580374718,0.05008869990706444,0.4906078279018402,0.6582285761833191,0.7115939259529114,0.05596792697906494,flame_steak_depth_077_cam00_0193
468,"[256, 240, 352, 336]",1.0,1.0,1.0,flame_steak,cam00,cam00_0193,193,/leonardo_work/EUHPC_D21_034/proj_adags/repo/adags/refine-logs/depth_occlusion_support/r031_da3_depth_full/depth_npz/flame_steak/cam00_0193.npz,/leonardo_work/EUHPC_D21_034/proj_adags/data/n3v/flame_steak/motion_priors/masks/cam00_0193.png,/leonardo_work/EUHPC_D21_034/proj_adags/data/n3v/flame_steak/flow/cam00_0193.npz,2,0.19335894286632538,0.37692031264305115,0.29721835255622864,0.4449407160282135,0.3786269426345825,0.05137833580374718,0.05008869990706444,0.4906078279018402,0.6582285761833191,0.7115939259529114,0.05596792697906494,flame_steak_depth_078_cam00_0193
437,"[208, 272, 304, 368]",1.0,1.0,1.0,flame_steak,cam00,cam00_0190,190,/leonardo_work/EUHPC_D21_034/proj_adags/repo/adags/refine-logs/depth_occlusion_support/r031_da3_depth_full/depth_npz/flame_steak/cam00_0190.npz,/leonardo_work/EUHPC_D21_034/proj_adags/data/n3v/flame_steak/motion_priors/masks/cam00_0190.png,/leonardo_work/EUHPC_D21_034/proj_adags/data/n3v/flame_steak/flow/cam00_0190.npz,3,0.18083837628364563,0.33205342292785645,0.2729644477367401,0.4736546576023102,0.3890868127346039,0.05771565064787865,0.06903936713933945,0.4857352077960968,0.6591272354125977,0.7094551920890808,0.05776816979050636,flame_steak_depth_079_cam00_0190
356,"[304, 160, 400, 256]",1.0,1.0,1.0,flame_steak,cam00,cam00_0182,182,/leonardo_work/EUHPC_D21_034/proj_adags/repo/adags/refine-logs/depth_occlusion_support/r031_da3_depth_full/depth_npz/flame_steak/cam00_0182.npz,/leonardo_work/EUHPC_D21_034/proj_adags/data/n3v/flame_steak/motion_priors/masks/cam00_0182.png,/leonardo_work/EUHPC_D21_034/proj_adags/data/n3v/flame_steak/flow/cam00_0182.npz,0,0.16468435525894165,0.4958805739879608,0.3070763349533081,0.43747657537460327,0.3823447823524475,0.05897319316864014,0.06647176295518875,0.5960779786109924,0.6580505967140198,0.707301914691925,0.05895860493183136,flame_steak_depth_080_cam00_0182
356,"[320, 160, 416, 256]",1.0,1.0,1.0,flame_steak,cam00,cam00_0182,182,/leonardo_work/EUHPC_D21_034/proj_adags/repo/adags/refine-logs/depth_occlusion_support/r031_da3_depth_full/depth_npz/flame_steak/cam00_0182.npz,/leonardo_work/EUHPC_D21_034/proj_adags/data/n3v/flame_steak/motion_priors/masks/cam00_0182.png,/leonardo_work/EUHPC_D21_034/proj_adags/data/n3v/flame_steak/flow/cam00_0182.npz,1,0.16468435525894165,0.4958805739879608,0.3070763349533081,0.43747657537460327,0.3823447823524475,0.05897319316864014,0.06647176295518875,0.5960779786109924,0.6580505967140198,0.707301914691925,0.05895860493183136,flame_steak_depth_081_cam00_0182
356,"[336, 160, 432, 256]",1.0,1.0,1.0,flame_steak,cam00,cam00_0182,182,/leonardo_work/EUHPC_D21_034/proj_adags/repo/adags/refine-logs/depth_occlusion_support/r031_da3_depth_full/depth_npz/flame_steak/cam00_0182.npz,/leonardo_work/EUHPC_D21_034/proj_adags/data/n3v/flame_steak/motion_priors/masks/cam00_0182.png,/leonardo_work/EUHPC_D21_034/proj_adags/data/n3v/flame_steak/flow/cam00_0182.npz,2,0.16468435525894165,0.4958805739879608,0.3070763349533081,0.43747657537460327,0.3823447823524475,0.05897319316864014,0.06647176295518875,0.5960779786109924,0.6580505967140198,0.707301914691925,0.05895860493183136,flame_steak_depth_082_cam00_0182
329,"[224, 240, 320, 336]",1.0,1.0,1.0,flame_steak,cam00,cam00_0193,193,/leonardo_work/EUHPC_D21_034/proj_adags/repo/adags/refine-logs/depth_occlusion_support/r031_da3_depth_full/depth_npz/flame_steak/cam00_0193.npz,/leonardo_work/EUHPC_D21_034/proj_adags/data/n3v/flame_steak/motion_priors/masks/cam00_0193.png,/leonardo_work/EUHPC_D21_034/proj_adags/data/n3v/flame_steak/flow/cam00_0193.npz,3,0.19335894286632538,0.37692031264305115,0.29721835255622864,0.4449407160282135,0.3786269426345825,0.05137833580374718,0.05008869990706444,0.4906078279018402,0.6582285761833191,0.7115939259529114,0.05596792697906494,flame_steak_depth_083_cam00_0193
292,"[352, 176, 448, 272]",1.0,1.0,1.0,flame_steak,cam00,cam00_0182,182,/leonardo_work/EUHPC_D21_034/proj_adags/repo/adags/refine-logs/depth_occlusion_support/r031_da3_depth_full/depth_npz/flame_steak/cam00_0182.npz,/leonardo_work/EUHPC_D21_034/proj_adags/data/n3v/flame_steak/motion_priors/masks/cam00_0182.png,/leonardo_work/EUHPC_D21_034/proj_adags/data/n3v/flame_steak/flow/cam00_0182.npz,3,0.16468435525894165,0.4958805739879608,0.3070763349533081,0.43747657537460327,0.3823447823524475,0.05897319316864014,0.06647176295518875,0.5960779786109924,0.6580505967140198,0.707301914691925,0.05895860493183136,flame_steak_depth_084_cam00_0182
237,"[208, 320, 304, 416]",1.0,1.0,1.0,flame_steak,cam00,cam00_0177,177,/leonardo_work/EUHPC_D21_034/proj_adags/repo/adags/refine-logs/depth_occlusion_support/r031_da3_depth_full/depth_npz/flame_steak/cam00_0177.npz,/leonardo_work/EUHPC_D21_034/proj_adags/data/n3v/flame_steak/motion_priors/masks/cam00_0177.png,/leonardo_work/EUHPC_D21_034/proj_adags/data/n3v/flame_steak/flow/cam00_0177.npz,0,0.16639475524425507,0.49599647521972656,0.29817214608192444,0.4471246898174286,0.38354602456092834,0.05513053759932518,0.07249687612056732,0.4277277886867523,0.6585057973861694,0.7075265645980835,0.052673809230327606,flame_steak_depth_085_cam00_0177
227,"[368, 176, 464, 272]",1.0,1.0,1.0,flame_steak,cam00,cam00_0218,218,/leonardo_work/EUHPC_D21_034/proj_adags/repo/adags/refine-logs/depth_occlusion_support/r031_da3_depth_full/depth_npz/flame_steak/cam00_0218.npz,/leonardo_work/EUHPC_D21_034/proj_adags/data/n3v/flame_steak/motion_priors/masks/cam00_0218.png,/leonardo_work/EUHPC_D21_034/proj_adags/data/n3v/flame_steak/flow/cam00_0218.npz,0,0.19429756700992584,0.29598361253738403,0.3021848797798157,0.45337975025177,0.37567952275276184,0.04964520409703255,0.05021124333143234,0.7079000473022461,0.6518504023551941,0.7140593528747559,0.05517430603504181,flame_steak_depth_086_cam00_0218
175,"[208, 336, 304, 432]",1.0,1.0,1.0,flame_steak,cam00,cam00_0177,177,/leonardo_work/EUHPC_D21_034/proj_adags/repo/adags/refine-logs/depth_occlusion_support/r031_da3_depth_full/depth_npz/flame_steak/cam00_0177.npz,/leonardo_work/EUHPC_D21_034/proj_adags/data/n3v/flame_steak/motion_priors/masks/cam00_0177.png,/leonardo_work/EUHPC_D21_034/proj_adags/data/n3v/flame_steak/flow/cam00_0177.npz,1,0.16639475524425507,0.49599647521972656,0.29817214608192444,0.4471246898174286,0.38354602456092834,0.05513053759932518,0.07249687612056732,0.4277277886867523,0.6585057973861694,0.7075265645980835,0.052673809230327606,flame_steak_depth_087_cam00_0177
162,"[368, 160, 464, 256]",1.0,1.0,1.0,flame_steak,cam00,cam00_0037,37,/leonardo_work/EUHPC_D21_034/proj_adags/repo/adags/refine-logs/depth_occlusion_support/r031_da3_depth_full/depth_npz/flame_steak/cam00_0037.npz,/leonardo_work/EUHPC_D21_034/proj_adags/data/n3v/flame_steak/motion_priors/masks/cam00_0037.png,/leonardo_work/EUHPC_D21_034/proj_adags/data/n3v/flame_steak/flow/cam00_0037.npz,0,0.18284228444099426,0.3876575827598572,0.2733725905418396,0.4404052793979645,0.37643030285835266,0.04769032448530197,0.0454815998673439,0.7816661596298218,0.6754169464111328,0.6855239868164062,0.054444871842861176,flame_steak_depth_088_cam00_0037
153,"[272, 160, 368, 256]",1.0,1.0,1.0,flame_steak,cam00,cam00_0177,177,/leonardo_work/EUHPC_D21_034/proj_adags/repo/adags/refine-logs/depth_occlusion_support/r031_da3_depth_full/depth_npz/flame_steak/cam00_0177.npz,/leonardo_work/EUHPC_D21_034/proj_adags/data/n3v/flame_steak/motion_priors/masks/cam00_0177.png,/leonardo_work/EUHPC_D21_034/proj_adags/data/n3v/flame_steak/flow/cam00_0177.npz,2,0.16639475524425507,0.49599647521972656,0.29817214608192444,0.4471246898174286,0.38354602456092834,0.05513053759932518,0.07249687612056732,0.4277277886867523,0.6585057973861694,0.7075265645980835,0.052673809230327606,flame_steak_depth_089_cam00_0177
153,"[368, 160, 464, 256]",1.0,1.0,1.0,flame_steak,cam00,cam00_0218,218,/leonardo_work/EUHPC_D21_034/proj_adags/repo/adags/refine-logs/depth_occlusion_support/r031_da3_depth_full/depth_npz/flame_steak/cam00_0218.npz,/leonardo_work/EUHPC_D21_034/proj_adags/data/n3v/flame_steak/motion_priors/masks/cam00_0218.png,/leonardo_work/EUHPC_D21_034/proj_adags/data/n3v/flame_steak/flow/cam00_0218.npz,1,0.19429756700992584,0.29598361253738403,0.3021848797798157,0.45337975025177,0.37567952275276184,0.04964520409703255,0.05021124333143234,0.7079000473022461,0.6518504023551941,0.7140593528747559,0.05517430603504181,flame_steak_depth_090_cam00_0218
149,"[224, 208, 320, 304]",1.0,1.0,1.0,flame_steak,cam00,cam00_0089,89,/leonardo_work/EUHPC_D21_034/proj_adags/repo/adags/refine-logs/depth_occlusion_support/r031_da3_depth_full/depth_npz/flame_steak/cam00_0089.npz,/leonardo_work/EUHPC_D21_034/proj_adags/data/n3v/flame_steak/motion_priors/masks/cam00_0089.png,/leonardo_work/EUHPC_D21_034/proj_adags/data/n3v/flame_steak/flow/cam00_0089.npz,0,0.1926937699317932,0.4011584222316742,0.2655658423900604,0.5229192972183228,0.37772780656814575,0.044367026537656784,0.05557403340935707,0.7148996591567993,0.6712416410446167,0.6992518901824951,0.05509844422340393,flame_steak_depth_091_cam00_0089
127,"[224, 411, 320, 507]",1.0,1.0,1.0,flame_steak,cam00,cam00_0177,177,/leonardo_work/EUHPC_D21_034/proj_adags/repo/adags/refine-logs/depth_occlusion_support/r031_da3_depth_full/depth_npz/flame_steak/cam00_0177.npz,/leonardo_work/EUHPC_D21_034/proj_adags/data/n3v/flame_steak/motion_priors/masks/cam00_0177.png,/leonardo_work/EUHPC_D21_034/proj_adags/data/n3v/flame_steak/flow/cam00_0177.npz,3,0.16639475524425507,0.49599647521972656,0.29817214608192444,0.4471246898174286,0.38354602456092834,0.05513053759932518,0.07249687612056732,0.4277277886867523,0.6585057973861694,0.7075265645980835,0.052673809230327606,flame_steak_depth_092_cam00_0177
122,"[208, 224, 304, 320]",1.0,1.0,1.0,flame_steak,cam00,cam00_0218,218,/leonardo_work/EUHPC_D21_034/proj_adags/repo/adags/refine-logs/depth_occlusion_support/r031_da3_depth_full/depth_npz/flame_steak/cam00_0218.npz,/leonardo_work/EUHPC_D21_034/proj_adags/data/n3v/flame_steak/motion_priors/masks/cam00_0218.png,/leonardo_work/EUHPC_D21_034/proj_adags/data/n3v/flame_steak/flow/cam00_0218.npz,2,0.19429756700992584,0.29598361253738403,0.3021848797798157,0.45337975025177,0.37567952275276184,0.04964520409703255,0.05021124333143234,0.7079000473022461,0.6518504023551941,0.7140593528747559,0.05517430603504181,flame_steak_depth_093_cam00_0218
119,"[288, 144, 384, 240]",1.0,1.0,1.0,flame_steak,cam00,cam00_0172,172,/leonardo_work/EUHPC_D21_034/proj_adags/repo/adags/refine-logs/depth_occlusion_support/r031_da3_depth_full/depth_npz/flame_steak/cam00_0172.npz,/leonardo_work/EUHPC_D21_034/proj_adags/data/n3v/flame_steak/motion_priors/masks/cam00_0172.png,/leonardo_work/EUHPC_D21_034/proj_adags/data/n3v/flame_steak/flow/cam00_0172.npz,0,0.19276167452335358,0.24293330311775208,0.29120442271232605,0.4377093017101288,0.37900790572166443,0.05919785797595978,0.045624569058418274,0.21482382714748383,0.6614876985549927,0.7110483050346375,0.05830211192369461,flame_steak_depth_094_cam00_0172
118,"[208, 336, 304, 432]",1.0,1.0,1.0,flame_steak,cam00,cam00_0089,89,/leonardo_work/EUHPC_D21_034/proj_adags/repo/adags/refine-logs/depth_occlusion_support/r031_da3_depth_full/depth_npz/flame_steak/cam00_0089.npz,/leonardo_work/EUHPC_D21_034/proj_adags/data/n3v/flame_steak/motion_priors/masks/cam00_0089.png,/leonardo_work/EUHPC_D21_034/proj_adags/data/n3v/flame_steak/flow/cam00_0089.npz,1,0.1926937699317932,0.4011584222316742,0.2655658423900604,0.5229192972183228,0.37772780656814575,0.044367026537656784,0.05557403340935707,0.7148996591567993,0.6712416410446167,0.6992518901824951,0.05509844422340393,flame_steak_depth_095_cam00_0089
118,"[400, 224, 496, 320]",1.0,1.0,1.0,flame_steak,cam00,cam00_0191,191,/leonardo_work/EUHPC_D21_034/proj_adags/repo/adags/refine-logs/depth_occlusion_support/r031_da3_depth_full/depth_npz/flame_steak/cam00_0191.npz,/leonardo_work/EUHPC_D21_034/proj_adags/data/n3v/flame_steak/motion_priors/masks/cam00_0191.png,/leonardo_work/EUHPC_D21_034/proj_adags/data/n3v/flame_steak/flow/cam00_0191.npz,0,0.18119074404239655,0.4402293562889099,0.2857292592525482,0.48035377264022827,0.38535287976264954,0.054946720600128174,0.06260284781455994,0.15508326888084412,0.6593723297119141,0.7097324132919312,0.05625094845890999,flame_steak_depth_096_cam00_0191
116,"[320, 128, 416, 224]",1.0,1.0,1.0,flame_steak,cam00,cam00_0172,172,/leonardo_work/EUHPC_D21_034/proj_adags/repo/adags/refine-logs/depth_occlusion_support/r031_da3_depth_full/depth_npz/flame_steak/cam00_0172.npz,/leonardo_work/EUHPC_D21_034/proj_adags/data/n3v/flame_steak/motion_priors/masks/cam00_0172.png,/leonardo_work/EUHPC_D21_034/proj_adags/data/n3v/flame_steak/flow/cam00_0172.npz,1,0.19276167452335358,0.24293330311775208,0.29120442271232605,0.4377093017101288,0.37900790572166443,0.05919785797595978,0.045624569058418274,0.21482382714748383,0.6614876985549927,0.7110483050346375,0.05830211192369461,flame_steak_depth_097_cam00_0172
116,"[336, 128, 432, 224]",1.0,1.0,1.0,flame_steak,cam00,cam00_0172,172,/leonardo_work/EUHPC_D21_034/proj_adags/repo/adags/refine-logs/depth_occlusion_support/r031_da3_depth_full/depth_npz/flame_steak/cam00_0172.npz,/leonardo_work/EUHPC_D21_034/proj_adags/data/n3v/flame_steak/motion_priors/masks/cam00_0172.png,/leonardo_work/EUHPC_D21_034/proj_adags/data/n3v/flame_steak/flow/cam00_0172.npz,2,0.19276167452335358,0.24293330311775208,0.29120442271232605,0.4377093017101288,0.37900790572166443,0.05919785797595978,0.045624569058418274,0.21482382714748383,0.6614876985549927,0.7110483050346375,0.05830211192369461,flame_steak_depth_098_cam00_0172
116,"[352, 128, 448, 224]",1.0,1.0,1.0,flame_steak,cam00,cam00_0172,172,/leonardo_work/EUHPC_D21_034/proj_adags/repo/adags/refine-logs/depth_occlusion_support/r031_da3_depth_full/depth_npz/flame_steak/cam00_0172.npz,/leonardo_work/EUHPC_D21_034/proj_adags/data/n3v/flame_steak/motion_priors/masks/cam00_0172.png,/leonardo_work/EUHPC_D21_034/proj_adags/data/n3v/flame_steak/flow/cam00_0172.npz,3,0.19276167452335358,0.24293330311775208,0.29120442271232605,0.4377093017101288,0.37900790572166443,0.05919785797595978,0.045624569058418274,0.21482382714748383,0.6614876985549927,0.7110483050346375,0.05830211192369461,flame_steak_depth_099_cam00_0172
111,"[400, 224, 496, 320]",1.0,1.0,1.0,flame_steak,cam00,cam00_0192,192,/leonardo_work/EUHPC_D21_034/proj_adags/repo/adags/refine-logs/depth_occlusion_support/r031_da3_depth_full/depth_npz/flame_steak/cam00_0192.npz,/leonardo_work/EUHPC_D21_034/proj_adags/data/n3v/flame_steak/motion_priors/masks/cam00_0192.png,/leonardo_work/EUHPC_D21_034/proj_adags/data/n3v/flame_steak/flow/cam00_0192.npz,0,0.19116652011871338,0.2841072678565979,0.3000817894935608,0.4464437663555145,0.383944571018219,0.053444091230630875,0.06257950514554977,0.362857848405838,0.6583977937698364,0.7117543816566467,0.055401887744665146,flame_steak_depth_100_cam00_0192
105,"[368, 144, 464, 240]",1.0,1.0,1.0,flame_steak,cam00,cam00_0037,37,/leonardo_work/EUHPC_D21_034/proj_adags/repo/adags/refine-logs/depth_occlusion_support/r031_da3_depth_full/depth_npz/flame_steak/cam00_0037.npz,/leonardo_work/EUHPC_D21_034/proj_adags/data/n3v/flame_steak/motion_priors/masks/cam00_0037.png,/leonardo_work/EUHPC_D21_034/proj_adags/data/n3v/flame_steak/flow/cam00_0037.npz,1,0.18284228444099426,0.3876575827598572,0.2733725905418396,0.4404052793979645,0.37643030285835266,0.04769032448530197,0.0454815998673439,0.7816661596298218,0.6754169464111328,0.6855239868164062,0.054444871842861176,flame_steak_depth_101_cam00_0037
104,"[320, 128, 416, 224]",1.0,1.0,1.0,flame_steak,cam00,cam00_0169,169,/leonardo_work/EUHPC_D21_034/proj_adags/repo/adags/refine-logs/depth_occlusion_support/r031_da3_depth_full/depth_npz/flame_steak/cam00_0169.npz,/leonardo_work/EUHPC_D21_034/proj_adags/data/n3v/flame_steak/motion_priors/masks/cam00_0169.png,/leonardo_work/EUHPC_D21_034/proj_adags/data/n3v/flame_steak/flow/cam00_0169.npz,0,0.1920325756072998,0.3433041274547577,0.304171621799469,0.43343472480773926,0.3784444034099579,0.051530059427022934,0.04769907519221306,0.5621039271354675,0.6637606024742126,0.7120373845100403,0.05786445364356041,flame_steak_depth_102_cam00_0169
104,"[336, 128, 432, 224]",1.0,1.0,1.0,flame_steak,cam00,cam00_0169,169,/leonardo_work/EUHPC_D21_034/proj_adags/repo/adags/refine-logs/depth_occlusion_support/r031_da3_depth_full/depth_npz/flame_steak/cam00_0169.npz,/leonardo_work/EUHPC_D21_034/proj_adags/data/n3v/flame_steak/motion_priors/masks/cam00_0169.png,/leonardo_work/EUHPC_D21_034/proj_adags/data/n3v/flame_steak/flow/cam00_0169.npz,1,0.1920325756072998,0.3433041274547577,0.304171621799469,0.43343472480773926,0.3784444034099579,0.051530059427022934,0.04769907519221306,0.5621039271354675,0.6637606024742126,0.7120373845100403,0.05786445364356041,flame_steak_depth_103_cam00_0169
104,"[352, 128, 448, 224]",1.0,1.0,1.0,flame_steak,cam00,cam00_0169,169,/leonardo_work/EUHPC_D21_034/proj_adags/repo/adags/refine-logs/depth_occlusion_support/r031_da3_depth_full/depth_npz/flame_steak/cam00_0169.npz,/leonardo_work/EUHPC_D21_034/proj_adags/data/n3v/flame_steak/motion_priors/masks/cam00_0169.png,/leonardo_work/EUHPC_D21_034/proj_adags/data/n3v/flame_steak/flow/cam00_0169.npz,2,0.1920325756072998,0.3433041274547577,0.304171621799469,0.43343472480773926,0.3784444034099579,0.051530059427022934,0.04769907519221306,0.5621039271354675,0.6637606024742126,0.7120373845100403,0.05786445364356041,flame_steak_depth_104_cam00_0169
104,"[368, 128, 464, 224]",1.0,1.0,1.0,flame_steak,cam00,cam00_0169,169,/leonardo_work/EUHPC_D21_034/proj_adags/repo/adags/refine-logs/depth_occlusion_support/r031_da3_depth_full/depth_npz/flame_steak/cam00_0169.npz,/leonardo_work/EUHPC_D21_034/proj_adags/data/n3v/flame_steak/motion_priors/masks/cam00_0169.png,/leonardo_work/EUHPC_D21_034/proj_adags/data/n3v/flame_steak/flow/cam00_0169.npz,3,0.1920325756072998,0.3433041274547577,0.304171621799469,0.43343472480773926,0.3784444034099579,0.051530059427022934,0.04769907519221306,0.5621039271354675,0.6637606024742126,0.7120373845100403,0.05786445364356041,flame_steak_depth_105_cam00_0169
104,"[240, 160, 336, 256]",1.0,1.0,1.0,flame_steak,cam00,cam00_0216,216,/leonardo_work/EUHPC_D21_034/proj_adags/repo/adags/refine-logs/depth_occlusion_support/r031_da3_depth_full/depth_npz/flame_steak/cam00_0216.npz,/leonardo_work/EUHPC_D21_034/proj_adags/data/n3v/flame_steak/motion_priors/masks/cam00_0216.png,/leonardo_work/EUHPC_D21_034/proj_adags/data/n3v/flame_steak/flow/cam00_0216.npz,0,0.1921359747648239,0.44544416666030884,0.32703453302383423,0.4743558168411255,0.37642529606819153,0.050987359136343,0.053082291036844254,0.5277126431465149,0.6523697972297668,0.7145787477493286,0.0531785786151886,flame_steak_depth_106_cam00_0216
103,"[240, 192, 336, 288]",1.0,1.0,1.0,flame_steak,cam00,cam00_0042,42,/leonardo_work/EUHPC_D21_034/proj_adags/repo/adags/refine-logs/depth_occlusion_support/r031_da3_depth_full/depth_npz/flame_steak/cam00_0042.npz,/leonardo_work/EUHPC_D21_034/proj_adags/data/n3v/flame_steak/motion_priors/masks/cam00_0042.png,/leonardo_work/EUHPC_D21_034/proj_adags/data/n3v/flame_steak/flow/cam00_0042.npz,0,0.19611488282680511,0.3593577444553375,0.3251476287841797,0.4622306525707245,0.3740745186805725,0.04728475958108902,0.04143470525741577,0.739081859588623,0.6748800873756409,0.6866268515586853,0.0507364347577095,flame_steak_depth_107_cam00_0042
94,"[368, 144, 464, 240]",1.0,1.0,1.0,flame_steak,cam00,cam00_0218,218,/leonardo_work/EUHPC_D21_034/proj_adags/repo/adags/refine-logs/depth_occlusion_support/r031_da3_depth_full/depth_npz/flame_steak/cam00_0218.npz,/leonardo_work/EUHPC_D21_034/proj_adags/data/n3v/flame_steak/motion_priors/masks/cam00_0218.png,/leonardo_work/EUHPC_D21_034/proj_adags/data/n3v/flame_steak/flow/cam00_0218.npz,3,0.19429756700992584,0.29598361253738403,0.3021848797798157,0.45337975025177,0.37567952275276184,0.04964520409703255,0.05021124333143234,0.7079000473022461,0.6518504023551941,0.7140593528747559,0.05517430603504181,flame_steak_depth_108_cam00_0218
78,"[192, 256, 288, 352]",1.0,1.0,1.0,flame_steak,cam00,cam00_0037,37,/leonardo_work/EUHPC_D21_034/proj_adags/repo/adags/refine-logs/depth_occlusion_support/r031_da3_depth_full/depth_npz/flame_steak/cam00_0037.npz,/leonardo_work/EUHPC_D21_034/proj_adags/data/n3v/flame_steak/motion_priors/masks/cam00_0037.png,/leonardo_work/EUHPC_D21_034/proj_adags/data/n3v/flame_steak/flow/cam00_0037.npz,2,0.18284228444099426,0.3876575827598572,0.2733725905418396,0.4404052793979645,0.37643030285835266,0.04769032448530197,0.0454815998673439,0.7816661596298218,0.6754169464111328,0.6855239868164062,0.054444871842861176,flame_steak_depth_109_cam00_0037
78,"[192, 272, 288, 368]",1.0,1.0,1.0,flame_steak,cam00,cam00_0037,37,/leonardo_work/EUHPC_D21_034/proj_adags/repo/adags/refine-logs/depth_occlusion_support/r031_da3_depth_full/depth_npz/flame_steak/cam00_0037.npz,/leonardo_work/EUHPC_D21_034/proj_adags/data/n3v/flame_steak/motion_priors/masks/cam00_0037.png,/leonardo_work/EUHPC_D21_034/proj_adags/data/n3v/flame_steak/flow/cam00_0037.npz,3,0.18284228444099426,0.3876575827598572,0.2733725905418396,0.4404052793979645,0.37643030285835266,0.04769032448530197,0.0454815998673439,0.7816661596298218,0.6754169464111328,0.6855239868164062,0.054444871842861176,flame_steak_depth_110_cam00_0037
77,"[416, 160, 512, 256]",1.0,1.0,1.0,flame_steak,cam00,cam00_0156,156,/leonardo_work/EUHPC_D21_034/proj_adags/repo/adags/refine-logs/depth_occlusion_support/r031_da3_depth_full/depth_npz/flame_steak/cam00_0156.npz,/leonardo_work/EUHPC_D21_034/proj_adags/data/n3v/flame_steak/motion_priors/masks/cam00_0156.png,/leonardo_work/EUHPC_D21_034/proj_adags/data/n3v/flame_steak/flow/cam00_0156.npz,0,0.19013871252536774,0.3423783481121063,0.30022621154785156,0.4799724221229553,0.372936874628067,0.03939521312713623,0.03454594314098358,0.855006217956543,0.6682509779930115,0.7113808989524841,0.05049426481127739,flame_steak_depth_111_cam00_0156
77,"[416, 176, 512, 272]",1.0,1.0,1.0,flame_steak,cam00,cam00_0156,156,/leonardo_work/EUHPC_D21_034/proj_adags/repo/adags/refine-logs/depth_occlusion_support/r031_da3_depth_full/depth_npz/flame_steak/cam00_0156.npz,/leonardo_work/EUHPC_D21_034/proj_adags/data/n3v/flame_steak/motion_priors/masks/cam00_0156.png,/leonardo_work/EUHPC_D21_034/proj_adags/data/n3v/flame_steak/flow/cam00_0156.npz,1,0.19013871252536774,0.3423783481121063,0.30022621154785156,0.4799724221229553,0.372936874628067,0.03939521312713623,0.03454594314098358,0.855006217956543,0.6682509779930115,0.7113808989524841,0.05049426481127739,flame_steak_depth_112_cam00_0156
76,"[256, 128, 352, 224]",1.0,1.0,1.0,flame_steak,cam00,cam00_0212,212,/leonardo_work/EUHPC_D21_034/proj_adags/repo/adags/refine-logs/depth_occlusion_support/r031_da3_depth_full/depth_npz/flame_steak/cam00_0212.npz,/leonardo_work/EUHPC_D21_034/proj_adags/data/n3v/flame_steak/motion_priors/masks/cam00_0212.png,/leonardo_work/EUHPC_D21_034/proj_adags/data/n3v/flame_steak/flow/cam00_0212.npz,0,0.1873188018798828,0.49603548645973206,0.25248757004737854,0.46073558926582336,0.37490954995155334,0.04768448695540428,0.054570335894823074,0.7902384400367737,0.651806652545929,0.7137792706489563,0.05021708086133003,flame_steak_depth_113_cam00_0212
74,"[384, 192, 480, 288]",1.0,1.0,1.0,flame_steak,cam00,cam00_0211,211,/leonardo_work/EUHPC_D21_034/proj_adags/repo/adags/refine-logs/depth_occlusion_support/r031_da3_depth_full/depth_npz/flame_steak/cam00_0211.npz,/leonardo_work/EUHPC_D21_034/proj_adags/data/n3v/flame_steak/motion_priors/masks/cam00_0211.png,/leonardo_work/EUHPC_D21_034/proj_adags/data/n3v/flame_steak/flow/cam00_0211.npz,0,0.19487117230892181,0.40427345037460327,0.2970227897167206,0.4594475328922272,0.3745785355567932,0.047144707292318344,0.05059930309653282,0.8054602146148682,0.6516257524490356,0.7121337056159973,0.051343321800231934,flame_steak_depth_114_cam00_0211
67,"[192, 256, 288, 352]",1.0,1.0,1.0,flame_steak,cam00,cam00_0088,88,/leonardo_work/EUHPC_D21_034/proj_adags/repo/adags/refine-logs/depth_occlusion_support/r031_da3_depth_full/depth_npz/flame_steak/cam00_0088.npz,/leonardo_work/EUHPC_D21_034/proj_adags/data/n3v/flame_steak/motion_priors/masks/cam00_0088.png,/leonardo_work/EUHPC_D21_034/proj_adags/data/n3v/flame_steak/flow/cam00_0088.npz,0,0.19247575104236603,0.36503082513809204,0.29037919640541077,0.4999946653842926,0.37647438049316406,0.04561289772391319,0.051354993134737015,0.7031645774841309,0.6714925765991211,0.6981227397918701,0.05569949746131897,flame_steak_depth_115_cam00_0088
67,"[192, 272, 288, 368]",1.0,1.0,1.0,flame_steak,cam00,cam00_0088,88,/leonardo_work/EUHPC_D21_034/proj_adags/repo/adags/refine-logs/depth_occlusion_support/r031_da3_depth_full/depth_npz/flame_steak/cam00_0088.npz,/leonardo_work/EUHPC_D21_034/proj_adags/data/n3v/flame_steak/motion_priors/masks/cam00_0088.png,/leonardo_work/EUHPC_D21_034/proj_adags/data/n3v/flame_steak/flow/cam00_0088.npz,1,0.19247575104236603,0.36503082513809204,0.29037919640541077,0.4999946653842926,0.37647438049316406,0.04561289772391319,0.051354993134737015,0.7031645774841309,0.6714925765991211,0.6981227397918701,0.05569949746131897,flame_steak_depth_116_cam00_0088
67,"[192, 288, 288, 384]",1.0,1.0,1.0,flame_steak,cam00,cam00_0088,88,/leonardo_work/EUHPC_D21_034/proj_adags/repo/adags/refine-logs/depth_occlusion_support/r031_da3_depth_full/depth_npz/flame_steak/cam00_0088.npz,/leonardo_work/EUHPC_D21_034/proj_adags/data/n3v/flame_steak/motion_priors/masks/cam00_0088.png,/leonardo_work/EUHPC_D21_034/proj_adags/data/n3v/flame_steak/flow/cam00_0088.npz,2,0.19247575104236603,0.36503082513809204,0.29037919640541077,0.4999946653842926,0.37647438049316406,0.04561289772391319,0.051354993134737015,0.7031645774841309,0.6714925765991211,0.6981227397918701,0.05569949746131897,flame_steak_depth_117_cam00_0088
67,"[192, 304, 288, 400]",1.0,1.0,1.0,flame_steak,cam00,cam00_0088,88,/leonardo_work/EUHPC_D21_034/proj_adags/repo/adags/refine-logs/depth_occlusion_support/r031_da3_depth_full/depth_npz/flame_steak/cam00_0088.npz,/leonardo_work/EUHPC_D21_034/proj_adags/data/n3v/flame_steak/motion_priors/masks/cam00_0088.png,/leonardo_work/EUHPC_D21_034/proj_adags/data/n3v/flame_steak/flow/cam00_0088.npz,3,0.19247575104236603,0.36503082513809204,0.29037919640541077,0.4999946653842926,0.37647438049316406,0.04561289772391319,0.051354993134737015,0.7031645774841309,0.6714925765991211,0.6981227397918701,0.05569949746131897,flame_steak_depth_118_cam00_0088
58,"[400, 208, 496, 304]",1.0,1.0,1.0,flame_steak,cam00,cam00_0191,191,/leonardo_work/EUHPC_D21_034/proj_adags/repo/adags/refine-logs/depth_occlusion_support/r031_da3_depth_full/depth_npz/flame_steak/cam00_0191.npz,/leonardo_work/EUHPC_D21_034/proj_adags/data/n3v/flame_steak/motion_priors/masks/cam00_0191.png,/leonardo_work/EUHPC_D21_034/proj_adags/data/n3v/flame_steak/flow/cam00_0191.npz,1,0.18119074404239655,0.4402293562889099,0.2857292592525482,0.48035377264022827,0.38535287976264954,0.054946720600128174,0.06260284781455994,0.15508326888084412,0.6593723297119141,0.7097324132919312,0.05625094845890999,flame_steak_depth_119_cam00_0191
55,"[192, 368, 288, 464]",1.0,1.0,1.0,flame_steak,cam00,cam00_0216,216,/leonardo_work/EUHPC_D21_034/proj_adags/repo/adags/refine-logs/depth_occlusion_support/r031_da3_depth_full/depth_npz/flame_steak/cam00_0216.npz,/leonardo_work/EUHPC_D21_034/proj_adags/data/n3v/flame_steak/motion_priors/masks/cam00_0216.png,/leonardo_work/EUHPC_D21_034/proj_adags/data/n3v/flame_steak/flow/cam00_0216.npz,1,0.1921359747648239,0.44544416666030884,0.32703453302383423,0.4743558168411255,0.37642529606819153,0.050987359136343,0.053082291036844254,0.5277126431465149,0.6523697972297668,0.7145787477493286,0.0531785786151886,flame_steak_depth_120_cam00_0216
55,"[368, 128, 464, 224]",1.0,1.0,1.0,flame_steak,cam00,cam00_0221,221,/leonardo_work/EUHPC_D21_034/proj_adags/repo/adags/refine-logs/depth_occlusion_support/r031_da3_depth_full/depth_npz/flame_steak/cam00_0221.npz,/leonardo_work/EUHPC_D21_034/proj_adags/data/n3v/flame_steak/motion_priors/masks/cam00_0221.png,/leonardo_work/EUHPC_D21_034/proj_adags/data/n3v/flame_steak/flow/cam00_0221.npz,0,0.1851227730512619,0.6163539290428162,0.2845163643360138,0.44811421632766724,0.36607688665390015,0.040649838745594025,0.022901276126503944,0.8766645789146423,0.651786208152771,0.7144853472709656,0.05209026113152504,flame_steak_depth_121_cam00_0221
54,"[368, 128, 464, 224]",1.0,1.0,1.0,flame_steak,cam00,cam00_0220,220,/leonardo_work/EUHPC_D21_034/proj_adags/repo/adags/refine-logs/depth_occlusion_support/r031_da3_depth_full/depth_npz/flame_steak/cam00_0220.npz,/leonardo_work/EUHPC_D21_034/proj_adags/data/n3v/flame_steak/motion_priors/masks/cam00_0220.png,/leonardo_work/EUHPC_D21_034/proj_adags/data/n3v/flame_steak/flow/cam00_0220.npz,0,0.1856888383626938,0.5472308993339539,0.2534898519515991,0.4454768896102905,0.3753484785556793,0.04505561292171478,0.05626845359802246,0.5924833416938782,0.6520838141441345,0.715343177318573,0.05068391561508179,flame_steak_depth_122_cam00_0220
52,"[416, 272, 512, 368]",1.0,1.0,1.0,flame_steak,cam00,cam00_0212,212,/leonardo_work/EUHPC_D21_034/proj_adags/repo/adags/refine-logs/depth_occlusion_support/r031_da3_depth_full/depth_npz/flame_steak/cam00_0212.npz,/leonardo_work/EUHPC_D21_034/proj_adags/data/n3v/flame_steak/motion_priors/masks/cam00_0212.png,/leonardo_work/EUHPC_D21_034/proj_adags/data/n3v/flame_steak/flow/cam00_0212.npz,1,0.1873188018798828,0.49603548645973206,0.25248757004737854,0.46073558926582336,0.37490954995155334,0.04768448695540428,0.054570335894823074,0.7902384400367737,0.651806652545929,0.7137792706489563,0.05021708086133003,flame_steak_depth_123_cam00_0212
52,"[416, 288, 512, 384]",1.0,1.0,1.0,flame_steak,cam00,cam00_0212,212,/leonardo_work/EUHPC_D21_034/proj_adags/repo/adags/refine-logs/depth_occlusion_support/r031_da3_depth_full/depth_npz/flame_steak/cam00_0212.npz,/leonardo_work/EUHPC_D21_034/proj_adags/data/n3v/flame_steak/motion_priors/masks/cam00_0212.png,/leonardo_work/EUHPC_D21_034/proj_adags/data/n3v/flame_steak/flow/cam00_0212.npz,2,0.1873188018798828,0.49603548645973206,0.25248757004737854,0.46073558926582336,0.37490954995155334,0.04768448695540428,0.054570335894823074,0.7902384400367737,0.651806652545929,0.7137792706489563,0.05021708086133003,flame_steak_depth_124_cam00_0212
52,"[416, 304, 512, 400]",1.0,1.0,1.0,flame_steak,cam00,cam00_0212,212,/leonardo_work/EUHPC_D21_034/proj_adags/repo/adags/refine-logs/depth_occlusion_support/r031_da3_depth_full/depth_npz/flame_steak/cam00_0212.npz,/leonardo_work/EUHPC_D21_034/proj_adags/data/n3v/flame_steak/motion_priors/masks/cam00_0212.png,/leonardo_work/EUHPC_D21_034/proj_adags/data/n3v/flame_steak/flow/cam00_0212.npz,3,0.1873188018798828,0.49603548645973206,0.25248757004737854,0.46073558926582336,0.37490954995155334,0.04768448695540428,0.054570335894823074,0.7902384400367737,0.651806652545929,0.7137792706489563,0.05021708086133003,flame_steak_depth_125_cam00_0212
50,"[256, 128, 352, 224]",1.0,1.0,1.0,flame_steak,cam00,cam00_0035,35,/leonardo_work/EUHPC_D21_034/proj_adags/repo/adags/refine-logs/depth_occlusion_support/r031_da3_depth_full/depth_npz/flame_steak/cam00_0035.npz,/leonardo_work/EUHPC_D21_034/proj_adags/data/n3v/flame_steak/motion_priors/masks/cam00_0035.png,/leonardo_work/EUHPC_D21_034/proj_adags/data/n3v/flame_steak/flow/cam00_0035.npz,0,0.1857271045446396,0.478598952293396,0.26359236240386963,0.42346712946891785,0.3749478757381439,0.048626914620399475,0.03786048665642738,0.8193807601928711,0.6755686402320862,0.6850075125694275,0.05149504542350769,flame_steak_depth_126_cam00_0035
50,"[256, 128, 352, 224]",1.0,1.0,1.0,flame_steak,cam00,cam00_0220,220,/leonardo_work/EUHPC_D21_034/proj_adags/repo/adags/refine-logs/depth_occlusion_support/r031_da3_depth_full/depth_npz/flame_steak/cam00_0220.npz,/leonardo_work/EUHPC_D21_034/proj_adags/data/n3v/flame_steak/motion_priors/masks/cam00_0220.png,/leonardo_work/EUHPC_D21_034/proj_adags/data/n3v/flame_steak/flow/cam00_0220.npz,1,0.1856888383626938,0.5472308993339539,0.2534898519515991,0.4454768896102905,0.3753484785556793,0.04505561292171478,0.05626845359802246,0.5924833416938782,0.6520838141441345,0.715343177318573,0.05068391561508179,flame_steak_depth_127_cam00_0220
48,"[400, 208, 496, 304]",1.0,1.0,1.0,flame_steak,cam00,cam00_0192,192,/leonardo_work/EUHPC_D21_034/proj_adags/repo/adags/refine-logs/depth_occlusion_support/r031_da3_depth_full/depth_npz/flame_steak/cam00_0192.npz,/leonardo_work/EUHPC_D21_034/proj_adags/data/n3v/flame_steak/motion_priors/masks/cam00_0192.png,/leonardo_work/EUHPC_D21_034/proj_adags/data/n3v/flame_steak/flow/cam00_0192.npz,1,0.19116652011871338,0.2841072678565979,0.3000817894935608,0.4464437663555145,0.383944571018219,0.053444091230630875,0.06257950514554977,0.362857848405838,0.6583977937698364,0.7117543816566467,0.055401887744665146,flame_steak_depth_128_cam00_0192
47,"[240, 144, 336, 240]",1.0,1.0,1.0,flame_steak,cam00,cam00_0216,216,/leonardo_work/EUHPC_D21_034/proj_adags/repo/adags/refine-logs/depth_occlusion_support/r031_da3_depth_full/depth_npz/flame_steak/cam00_0216.npz,/leonardo_work/EUHPC_D21_034/proj_adags/data/n3v/flame_steak/motion_priors/masks/cam00_0216.png,/leonardo_work/EUHPC_D21_034/proj_adags/data/n3v/flame_steak/flow/cam00_0216.npz,2,0.1921359747648239,0.44544416666030884,0.32703453302383423,0.4743558168411255,0.37642529606819153,0.050987359136343,0.053082291036844254,0.5277126431465149,0.6523697972297668,0.7145787477493286,0.0531785786151886,flame_steak_depth_129_cam00_0216
47,"[240, 176, 336, 272]",1.0,1.0,1.0,flame_steak,cam00,cam00_0231,231,/leonardo_work/EUHPC_D21_034/proj_adags/repo/adags/refine-logs/depth_occlusion_support/r031_da3_depth_full/depth_npz/flame_steak/cam00_0231.npz,/leonardo_work/EUHPC_D21_034/proj_adags/data/n3v/flame_steak/motion_priors/masks/cam00_0231.png,/leonardo_work/EUHPC_D21_034/proj_adags/data/n3v/flame_steak/flow/cam00_0231.npz,0,0.1815675050020218,0.525512158870697,0.2839823365211487,0.44041553139686584,0.36679959297180176,0.03615069389343262,0.031628210097551346,0.8604478240013123,0.6538286209106445,0.7146633267402649,0.04587549343705177,flame_steak_depth_130_cam00_0231
46,"[384, 128, 480, 224]",1.0,1.0,1.0,flame_steak,cam00,cam00_0087,87,/leonardo_work/EUHPC_D21_034/proj_adags/repo/adags/refine-logs/depth_occlusion_support/r031_da3_depth_full/depth_npz/flame_steak/cam00_0087.npz,/leonardo_work/EUHPC_D21_034/proj_adags/data/n3v/flame_steak/motion_priors/masks/cam00_0087.png,/leonardo_work/EUHPC_D21_034/proj_adags/data/n3v/flame_steak/flow/cam00_0087.npz,0,0.1890932321548462,0.4520972669124603,0.2657356560230255,0.3988390564918518,0.37563809752464294,0.046730391681194305,0.051147837191820145,0.7307400703430176,0.6713817119598389,0.6971744894981384,0.05832253769040108,flame_steak_depth_131_cam00_0087
46,"[416, 368, 512, 464]",1.0,1.0,1.0,flame_steak,cam00,cam00_0219,219,/leonardo_work/EUHPC_D21_034/proj_adags/repo/adags/refine-logs/depth_occlusion_support/r031_da3_depth_full/depth_npz/flame_steak/cam00_0219.npz,/leonardo_work/EUHPC_D21_034/proj_adags/data/n3v/flame_steak/motion_priors/masks/cam00_0219.png,/leonardo_work/EUHPC_D21_034/proj_adags/data/n3v/flame_steak/flow/cam00_0219.npz,0,0.19380611181259155,0.4783852994441986,0.30013012886047363,0.4500611424446106,0.3770253360271454,0.04787705838680267,0.06119942292571068,0.7616651058197021,0.6515061259269714,0.7145379185676575,0.05321067199110985,flame_steak_depth_132_cam00_0219
46,"[240, 160, 336, 256]",1.0,1.0,1.0,flame_steak,cam00,cam00_0231,231,/leonardo_work/EUHPC_D21_034/proj_adags/repo/adags/refine-logs/depth_occlusion_support/r031_da3_depth_full/depth_npz/flame_steak/cam00_0231.npz,/leonardo_work/EUHPC_D21_034/proj_adags/data/n3v/flame_steak/motion_priors/masks/cam00_0231.png,/leonardo_work/EUHPC_D21_034/proj_adags/data/n3v/flame_steak/flow/cam00_0231.npz,1,0.1815675050020218,0.525512158870697,0.2839823365211487,0.44041553139686584,0.36679959297180176,0.03615069389343262,0.031628210097551346,0.8604478240013123,0.6538286209106445,0.7146633267402649,0.04587549343705177,flame_steak_depth_133_cam00_0231
44,"[416, 240, 512, 336]",1.0,1.0,1.0,flame_steak,cam00,cam00_0033,33,/leonardo_work/EUHPC_D21_034/proj_adags/repo/adags/refine-logs/depth_occlusion_support/r031_da3_depth_full/depth_npz/flame_steak/cam00_0033.npz,/leonardo_work/EUHPC_D21_034/proj_adags/data/n3v/flame_steak/motion_priors/masks/cam00_0033.png,/leonardo_work/EUHPC_D21_034/proj_adags/data/n3v/flame_steak/flow/cam00_0033.npz,0,0.16579239070415497,0.5494343042373657,0.2907821536064148,0.44848328828811646,0.3787873387336731,0.04752401262521744,0.052192382514476776,0.6000986099243164,0.6752623319625854,0.6860112547874451,0.051354993134737015,flame_steak_depth_134_cam00_0033
44,"[224, 192, 320, 288]",1.0,1.0,1.0,flame_steak,cam00,cam00_0089,89,/leonardo_work/EUHPC_D21_034/proj_adags/repo/adags/refine-logs/depth_occlusion_support/r031_da3_depth_full/depth_npz/flame_steak/cam00_0089.npz,/leonardo_work/EUHPC_D21_034/proj_adags/data/n3v/flame_steak/motion_priors/masks/cam00_0089.png,/leonardo_work/EUHPC_D21_034/proj_adags/data/n3v/flame_steak/flow/cam00_0089.npz,2,0.1926937699317932,0.4011584222316742,0.2655658423900604,0.5229192972183228,0.37772780656814575,0.044367026537656784,0.05557403340935707,0.7148996591567993,0.6712416410446167,0.6992518901824951,0.05509844422340393,flame_steak_depth_135_cam00_0089
44,"[224, 192, 320, 288]",1.0,1.0,1.0,flame_steak,cam00,cam00_0221,221,/leonardo_work/EUHPC_D21_034/proj_adags/repo/adags/refine-logs/depth_occlusion_support/r031_da3_depth_full/depth_npz/flame_steak/cam00_0221.npz,/leonardo_work/EUHPC_D21_034/proj_adags/data/n3v/flame_steak/motion_priors/masks/cam00_0221.png,/leonardo_work/EUHPC_D21_034/proj_adags/data/n3v/flame_steak/flow/cam00_0221.npz,1,0.1851227730512619,0.6163539290428162,0.2845163643360138,0.44811421632766724,0.36607688665390015,0.040649838745594025,0.022901276126503944,0.8766645789146423,0.651786208152771,0.7144853472709656,0.05209026113152504,flame_steak_depth_136_cam00_0221
42,"[240, 128, 336, 224]",1.0,1.0,1.0,flame_steak,cam00,cam00_0207,207,/leonardo_work/EUHPC_D21_034/proj_adags/repo/adags/refine-logs/depth_occlusion_support/r031_da3_depth_full/depth_npz/flame_steak/cam00_0207.npz,/leonardo_work/EUHPC_D21_034/proj_adags/data/n3v/flame_steak/motion_priors/masks/cam00_0207.png,/leonardo_work/EUHPC_D21_034/proj_adags/data/n3v/flame_steak/flow/cam00_0207.npz,0,0.18893131613731384,0.40744394063949585,0.2853953540325165,0.49550408124923706,0.36961913108825684,0.043039459735155106,0.04142887145280838,0.7856167554855347,0.6532772183418274,0.7137179970741272,0.051530059427022934,flame_steak_depth_137_cam00_0207
40,"[224, 192, 320, 288]",1.0,1.0,1.0,flame_steak,cam00,cam00_0064,64,/leonardo_work/EUHPC_D21_034/proj_adags/repo/adags/refine-logs/depth_occlusion_support/r031_da3_depth_full/depth_npz/flame_steak/cam00_0064.npz,/leonardo_work/EUHPC_D21_034/proj_adags/data/n3v/flame_steak/motion_priors/masks/cam00_0064.png,/leonardo_work/EUHPC_D21_034/proj_adags/data/n3v/flame_steak/flow/cam00_0064.npz,0,0.16493667662143707,0.34221184253692627,0.3211919963359833,0.4833635985851288,0.37358009815216064,0.04581422358751297,0.041075825691223145,0.6342244148254395,0.6718777418136597,0.6882987022399902,0.05351411551237106,flame_steak_depth_138_cam00_0064
39,"[192, 320, 288, 416]",1.0,1.0,1.0,flame_steak,cam00,cam00_0090,90,/leonardo_work/EUHPC_D21_034/proj_adags/repo/adags/refine-logs/depth_occlusion_support/r031_da3_depth_full/depth_npz/flame_steak/cam00_0090.npz,/leonardo_work/EUHPC_D21_034/proj_adags/data/n3v/flame_steak/motion_priors/masks/cam00_0090.png,/leonardo_work/EUHPC_D21_034/proj_adags/data/n3v/flame_steak/flow/cam00_0090.npz,0,0.19364111125469208,0.29490840435028076,0.3187710642814636,0.46332553029060364,0.3757227063179016,0.041881121695041656,0.05156799033284187,0.3712025582790375,0.6717085242271423,0.6996954083442688,0.057184621691703796,flame_steak_depth_139_cam00_0090
39,"[240, 176, 336, 272]",1.0,1.0,1.0,flame_steak,cam00,cam00_0219,219,/leonardo_work/EUHPC_D21_034/proj_adags/repo/adags/refine-logs/depth_occlusion_support/r031_da3_depth_full/depth_npz/flame_steak/cam00_0219.npz,/leonardo_work/EUHPC_D21_034/proj_adags/data/n3v/flame_steak/motion_priors/masks/cam00_0219.png,/leonardo_work/EUHPC_D21_034/proj_adags/data/n3v/flame_steak/flow/cam00_0219.npz,1,0.19380611181259155,0.4783852994441986,0.30013012886047363,0.4500611424446106,0.3770253360271454,0.04787705838680267,0.06119942292571068,0.7616651058197021,0.6515061259269714,0.7145379185676575,0.05321067199110985,flame_steak_depth_140_cam00_0219
38,"[416, 224, 512, 320]",1.0,1.0,1.0,flame_steak,cam00,cam00_0039,39,/leonardo_work/EUHPC_D21_034/proj_adags/repo/adags/refine-logs/depth_occlusion_support/r031_da3_depth_full/depth_npz/flame_steak/cam00_0039.npz,/leonardo_work/EUHPC_D21_034/proj_adags/data/n3v/flame_steak/motion_priors/masks/cam00_0039.png,/leonardo_work/EUHPC_D21_034/proj_adags/data/n3v/flame_steak/flow/cam00_0039.npz,0,0.16575105488300323,0.4507073760032654,0.30343616008758545,0.448280394077301,0.3762015998363495,0.04694921895861626,0.04443997144699097,0.6626985669136047,0.6754081845283508,0.6856465339660645,0.051191601902246475,flame_steak_depth_141_cam00_0039
37,"[368, 160, 464, 256]",1.0,1.0,1.0,flame_steak,cam00,cam00_0191,191,/leonardo_work/EUHPC_D21_034/proj_adags/repo/adags/refine-logs/depth_occlusion_support/r031_da3_depth_full/depth_npz/flame_steak/cam00_0191.npz,/leonardo_work/EUHPC_D21_034/proj_adags/data/n3v/flame_steak/motion_priors/masks/cam00_0191.png,/leonardo_work/EUHPC_D21_034/proj_adags/data/n3v/flame_steak/flow/cam00_0191.npz,2,0.18119074404239655,0.4402293562889099,0.2857292592525482,0.48035377264022827,0.38535287976264954,0.054946720600128174,0.06260284781455994,0.15508326888084412,0.6593723297119141,0.7097324132919312,0.05625094845890999,flame_steak_depth_142_cam00_0191
37,"[208, 208, 304, 304]",1.0,1.0,1.0,flame_steak,cam00,cam00_0219,219,/leonardo_work/EUHPC_D21_034/proj_adags/repo/adags/refine-logs/depth_occlusion_support/r031_da3_depth_full/depth_npz/flame_steak/cam00_0219.npz,/leonardo_work/EUHPC_D21_034/proj_adags/data/n3v/flame_steak/motion_priors/masks/cam00_0219.png,/leonardo_work/EUHPC_D21_034/proj_adags/data/n3v/flame_steak/flow/cam00_0219.npz,2,0.19380611181259155,0.4783852994441986,0.30013012886047363,0.4500611424446106,0.3770253360271454,0.04787705838680267,0.06119942292571068,0.7616651058197021,0.6515061259269714,0.7145379185676575,0.05321067199110985,flame_steak_depth_143_cam00_0219
36,"[368, 128, 464, 224]",1.0,1.0,1.0,flame_steak,cam00,cam00_0001,1,/leonardo_work/EUHPC_D21_034/proj_adags/repo/adags/refine-logs/depth_occlusion_support/r031_da3_depth_full/depth_npz/flame_steak/cam00_0001.npz,/leonardo_work/EUHPC_D21_034/proj_adags/data/n3v/flame_steak/motion_priors/masks/cam00_0001.png,/leonardo_work/EUHPC_D21_034/proj_adags/data/n3v/flame_steak/flow/cam00_0001.npz,0,0.18426130712032318,0.3947502672672272,0.2649107277393341,0.42484575510025024,0.36930716037750244,0.029343627393245697,0.04188695549964905,0.888536810874939,0.6866443753242493,0.6723416447639465,0.05293932184576988,flame_steak_depth_144_cam00_0001
36,"[384, 128, 480, 224]",1.0,1.0,1.0,flame_steak,cam00,cam00_0156,156,/leonardo_work/EUHPC_D21_034/proj_adags/repo/adags/refine-logs/depth_occlusion_support/r031_da3_depth_full/depth_npz/flame_steak/cam00_0156.npz,/leonardo_work/EUHPC_D21_034/proj_adags/data/n3v/flame_steak/motion_priors/masks/cam00_0156.png,/leonardo_work/EUHPC_D21_034/proj_adags/data/n3v/flame_steak/flow/cam00_0156.npz,2,0.19013871252536774,0.3423783481121063,0.30022621154785156,0.4799724221229553,0.372936874628067,0.03939521312713623,0.03454594314098358,0.855006217956543,0.6682509779930115,0.7113808989524841,0.05049426481127739,flame_steak_depth_145_cam00_0156
36,"[240, 128, 336, 224]",1.0,1.0,1.0,flame_steak,cam00,cam00_0191,191,/leonardo_work/EUHPC_D21_034/proj_adags/repo/adags/refine-logs/depth_occlusion_support/r031_da3_depth_full/depth_npz/flame_steak/cam00_0191.npz,/leonardo_work/EUHPC_D21_034/proj_adags/data/n3v/flame_steak/motion_priors/masks/cam00_0191.png,/leonardo_work/EUHPC_D21_034/proj_adags/data/n3v/flame_steak/flow/cam00_0191.npz,3,0.18119074404239655,0.4402293562889099,0.2857292592525482,0.48035377264022827,0.38535287976264954,0.054946720600128174,0.06260284781455994,0.15508326888084412,0.6593723297119141,0.7097324132919312,0.05625094845890999,flame_steak_depth_146_cam00_0191
35,"[368, 176, 464, 272]",1.0,1.0,1.0,flame_steak,cam00,cam00_0192,192,/leonardo_work/EUHPC_D21_034/proj_adags/repo/adags/refine-logs/depth_occlusion_support/r031_da3_depth_full/depth_npz/flame_steak/cam00_0192.npz,/leonardo_work/EUHPC_D21_034/proj_adags/data/n3v/flame_steak/motion_priors/masks/cam00_0192.png,/leonardo_work/EUHPC_D21_034/proj_adags/data/n3v/flame_steak/flow/cam00_0192.npz,2,0.19116652011871338,0.2841072678565979,0.3000817894935608,0.4464437663555145,0.383944571018219,0.053444091230630875,0.06257950514554977,0.362857848405838,0.6583977937698364,0.7117543816566467,0.055401887744665146,flame_steak_depth_147_cam00_0192
33,"[416, 208, 512, 304]",1.0,1.0,1.0,flame_steak,cam00,cam00_0060,60,/leonardo_work/EUHPC_D21_034/proj_adags/repo/adags/refine-logs/depth_occlusion_support/r031_da3_depth_full/depth_npz/flame_steak/cam00_0060.npz,/leonardo_work/EUHPC_D21_034/proj_adags/data/n3v/flame_steak/motion_priors/masks/cam00_0060.png,/leonardo_work/EUHPC_D21_034/proj_adags/data/n3v/flame_steak/flow/cam00_0060.npz,0,0.19353947043418884,0.28343847393989563,0.3244139552116394,0.44726860523223877,0.3752354681491852,0.0445450097322464,0.041388023644685745,0.6143984198570251,0.6740864515304565,0.6907350420951843,0.055752016603946686,flame_steak_depth_148_cam00_0060
33,"[400, 368, 496, 464]",1.0,1.0,1.0,flame_steak,cam00,cam00_0216,216,/leonardo_work/EUHPC_D21_034/proj_adags/repo/adags/refine-logs/depth_occlusion_support/r031_da3_depth_full/depth_npz/flame_steak/cam00_0216.npz,/leonardo_work/EUHPC_D21_034/proj_adags/data/n3v/flame_steak/motion_priors/masks/cam00_0216.png,/leonardo_work/EUHPC_D21_034/proj_adags/data/n3v/flame_steak/flow/cam00_0216.npz,3,0.1921359747648239,0.44544416666030884,0.32703453302383423,0.4743558168411255,0.37642529606819153,0.050987359136343,0.053082291036844254,0.5277126431465149,0.6523697972297668,0.7145787477493286,0.0531785786151886,flame_steak_depth_149_cam00_0216
32,"[224, 192, 320, 288]",1.0,1.0,1.0,flame_steak,cam00,cam00_0042,42,/leonardo_work/EUHPC_D21_034/proj_adags/repo/adags/refine-logs/depth_occlusion_support/r031_da3_depth_full/depth_npz/flame_steak/cam00_0042.npz,/leonardo_work/EUHPC_D21_034/proj_adags/data/n3v/flame_steak/motion_priors/masks/cam00_0042.png,/leonardo_work/EUHPC_D21_034/proj_adags/data/n3v/flame_steak/flow/cam00_0042.npz,1,0.19611488282680511,0.3593577444553375,0.3251476287841797,0.4622306525707245,0.3740745186805725,0.04728475958108902,0.04143470525741577,0.739081859588623,0.6748800873756409,0.6866268515586853,0.0507364347577095,flame_steak_depth_150_cam00_0042
32,"[208, 352, 304, 448]",1.0,1.0,1.0,flame_steak,cam00,cam00_0086,86,/leonardo_work/EUHPC_D21_034/proj_adags/repo/adags/refine-logs/depth_occlusion_support/r031_da3_depth_full/depth_npz/flame_steak/cam00_0086.npz,/leonardo_work/EUHPC_D21_034/proj_adags/data/n3v/flame_steak/motion_priors/masks/cam00_0086.png,/leonardo_work/EUHPC_D21_034/proj_adags/data/n3v/flame_steak/flow/cam00_0086.npz,0,0.18559207022190094,0.3116227984428406,0.26268357038497925,0.41024354100227356,0.3793518543243408,0.04687044024467468,0.061202339828014374,0.6830117702484131,0.6708856821060181,0.6966259479522705,0.05532894656062126,flame_steak_depth_151_cam00_0086
32,"[416, 144, 512, 240]",1.0,1.0,1.0,flame_steak,cam00,cam00_0156,156,/leonardo_work/EUHPC_D21_034/proj_adags/repo/adags/refine-logs/depth_occlusion_support/r031_da3_depth_full/depth_npz/flame_steak/cam00_0156.npz,/leonardo_work/EUHPC_D21_034/proj_adags/data/n3v/flame_steak/motion_priors/masks/cam00_0156.png,/leonardo_work/EUHPC_D21_034/proj_adags/data/n3v/flame_steak/flow/cam00_0156.npz,3,0.19013871252536774,0.3423783481121063,0.30022621154785156,0.4799724221229553,0.372936874628067,0.03939521312713623,0.03454594314098358,0.855006217956543,0.6682509779930115,0.7113808989524841,0.05049426481127739,flame_steak_depth_152_cam00_0156
32,"[240, 144, 336, 240]",1.0,1.0,1.0,flame_steak,cam00,cam00_0217,217,/leonardo_work/EUHPC_D21_034/proj_adags/repo/adags/refine-logs/depth_occlusion_support/r031_da3_depth_full/depth_npz/flame_steak/cam00_0217.npz,/leonardo_work/EUHPC_D21_034/proj_adags/data/n3v/flame_steak/motion_priors/masks/cam00_0217.png,/leonardo_work/EUHPC_D21_034/proj_adags/data/n3v/flame_steak/flow/cam00_0217.npz,0,0.1940285861492157,0.33928537368774414,0.3236404359340668,0.4700053036212921,0.37569326162338257,0.05152130499482155,0.054996322840452194,0.4879235029220581,0.6513047814369202,0.7143978476524353,0.05190061032772064,flame_steak_depth_153_cam00_0217
32,"[240, 160, 336, 256]",1.0,1.0,1.0,flame_steak,cam00,cam00_0219,219,/leonardo_work/EUHPC_D21_034/proj_adags/repo/adags/refine-logs/depth_occlusion_support/r031_da3_depth_full/depth_npz/flame_steak/cam00_0219.npz,/leonardo_work/EUHPC_D21_034/proj_adags/data/n3v/flame_steak/motion_priors/masks/cam00_0219.png,/leonardo_work/EUHPC_D21_034/proj_adags/data/n3v/flame_steak/flow/cam00_0219.npz,3,0.19380611181259155,0.4783852994441986,0.30013012886047363,0.4500611424446106,0.3770253360271454,0.04787705838680267,0.06119942292571068,0.7616651058197021,0.6515061259269714,0.7145379185676575,0.05321067199110985,flame_steak_depth_154_cam00_0219
31,"[192, 224, 288, 320]",1.0,1.0,1.0,flame_steak,cam00,cam00_0217,217,/leonardo_work/EUHPC_D21_034/proj_adags/repo/adags/refine-logs/depth_occlusion_support/r031_da3_depth_full/depth_npz/flame_steak/cam00_0217.npz,/leonardo_work/EUHPC_D21_034/proj_adags/data/n3v/flame_steak/motion_priors/masks/cam00_0217.png,/leonardo_work/EUHPC_D21_034/proj_adags/data/n3v/flame_steak/flow/cam00_0217.npz,1,0.1940285861492157,0.33928537368774414,0.3236404359340668,0.4700053036212921,0.37569326162338257,0.05152130499482155,0.054996322840452194,0.4879235029220581,0.6513047814369202,0.7143978476524353,0.05190061032772064,flame_steak_depth_155_cam00_0217
30,"[192, 224, 288, 320]",1.0,1.0,1.0,flame_steak,cam00,cam00_0074,74,/leonardo_work/EUHPC_D21_034/proj_adags/repo/adags/refine-logs/depth_occlusion_support/r031_da3_depth_full/depth_npz/flame_steak/cam00_0074.npz,/leonardo_work/EUHPC_D21_034/proj_adags/data/n3v/flame_steak/motion_priors/masks/cam00_0074.png,/leonardo_work/EUHPC_D21_034/proj_adags/data/n3v/flame_steak/flow/cam00_0074.npz,0,0.19164222478866577,0.26564353704452515,0.2954075038433075,0.4796712398529053,0.37041375041007996,0.03393905609846115,0.046768318861722946,0.6379678845405579,0.6735379099845886,0.6930487751960754,0.0492979921400547,flame_steak_depth_156_cam00_0074
30,"[208, 208, 304, 304]",1.0,1.0,1.0,flame_steak,cam00,cam00_0089,89,/leonardo_work/EUHPC_D21_034/proj_adags/repo/adags/refine-logs/depth_occlusion_support/r031_da3_depth_full/depth_npz/flame_steak/cam00_0089.npz,/leonardo_work/EUHPC_D21_034/proj_adags/data/n3v/flame_steak/motion_priors/masks/cam00_0089.png,/leonardo_work/EUHPC_D21_034/proj_adags/data/n3v/flame_steak/flow/cam00_0089.npz,3,0.1926937699317932,0.4011584222316742,0.2655658423900604,0.5229192972183228,0.37772780656814575,0.044367026537656784,0.05557403340935707,0.7148996591567993,0.6712416410446167,0.6992518901824951,0.05509844422340393,flame_steak_depth_157_cam00_0089
29,"[384, 192, 480, 288]",1.0,1.0,1.0,flame_steak,cam00,cam00_0230,230,/leonardo_work/EUHPC_D21_034/proj_adags/repo/adags/refine-logs/depth_occlusion_support/r031_da3_depth_full/depth_npz/flame_steak/cam00_0230.npz,/leonardo_work/EUHPC_D21_034/proj_adags/data/n3v/flame_steak/motion_priors/masks/cam00_0230.png,/leonardo_work/EUHPC_D21_034/proj_adags/data/n3v/flame_steak/flow/cam00_0230.npz,0,0.18073652684688568,0.282097190618515,0.28162896633148193,0.45225533843040466,0.3656212389469147,0.03652416542172432,0.0326552540063858,0.862598180770874,0.6537411212921143,0.7135692238807678,0.04679166153073311,flame_steak_depth_158_cam00_0230
29,"[384, 208, 480, 304]",1.0,1.0,1.0,flame_steak,cam00,cam00_0230,230,/leonardo_work/EUHPC_D21_034/proj_adags/repo/adags/refine-logs/depth_occlusion_support/r031_da3_depth_full/depth_npz/flame_steak/cam00_0230.npz,/leonardo_work/EUHPC_D21_034/proj_adags/data/n3v/flame_steak/motion_priors/masks/cam00_0230.png,/leonardo_work/EUHPC_D21_034/proj_adags/data/n3v/flame_steak/flow/cam00_0230.npz,1,0.18073652684688568,0.282097190618515,0.28162896633148193,0.45225533843040466,0.3656212389469147,0.03652416542172432,0.0326552540063858,0.862598180770874,0.6537411212921143,0.7135692238807678,0.04679166153073311,flame_steak_depth_159_cam00_0230
29,"[384, 224, 480, 320]",1.0,1.0,1.0,flame_steak,cam00,cam00_0230,230,/leonardo_work/EUHPC_D21_034/proj_adags/repo/adags/refine-logs/depth_occlusion_support/r031_da3_depth_full/depth_npz/flame_steak/cam00_0230.npz,/leonardo_work/EUHPC_D21_034/proj_adags/data/n3v/flame_steak/motion_priors/masks/cam00_0230.png,/leonardo_work/EUHPC_D21_034/proj_adags/data/n3v/flame_steak/flow/cam00_0230.npz,2,0.18073652684688568,0.282097190618515,0.28162896633148193,0.45225533843040466,0.3656212389469147,0.03652416542172432,0.0326552540063858,0.862598180770874,0.6537411212921143,0.7135692238807678,0.04679166153073311,flame_steak_depth_160_cam00_0230
28,"[192, 224, 288, 320]",1.0,1.0,1.0,flame_steak,cam00,cam00_0196,196,/leonardo_work/EUHPC_D21_034/proj_adags/repo/adags/refine-logs/depth_occlusion_support/r031_da3_depth_full/depth_npz/flame_steak/cam00_0196.npz,/leonardo_work/EUHPC_D21_034/proj_adags/data/n3v/flame_steak/motion_priors/masks/cam00_0196.png,/leonardo_work/EUHPC_D21_034/proj_adags/data/n3v/flame_steak/flow/cam00_0196.npz,0,0.19165880978107452,0.2762691080570221,0.2972511351108551,0.43095216155052185,0.36747920513153076,0.035149913281202316,0.03142397105693817,0.8685269951820374,0.6561190485954285,0.7132219672203064,0.04880489781498909,flame_steak_depth_161_cam00_0196
27,"[192, 224, 288, 320]",1.0,1.0,1.0,flame_steak,cam00,cam00_0028,28,/leonardo_work/EUHPC_D21_034/proj_adags/repo/adags/refine-logs/depth_occlusion_support/r031_da3_depth_full/depth_npz/flame_steak/cam00_0028.npz,/leonardo_work/EUHPC_D21_034/proj_adags/data/n3v/flame_steak/motion_priors/masks/cam00_0028.png,/leonardo_work/EUHPC_D21_034/proj_adags/data/n3v/flame_steak/flow/cam00_0028.npz,0,0.1860266476869583,0.42499053478240967,0.3104473948478699,0.4899482727050781,0.3710910975933075,0.03958778455853462,0.035762637853622437,0.8501715660095215,0.6755774021148682,0.6826383471488953,0.05165844038128853,flame_steak_depth_162_cam00_0028
27,"[192, 224, 288, 320]",1.0,1.0,1.0,flame_steak,cam00,cam00_0029,29,/leonardo_work/EUHPC_D21_034/proj_adags/repo/adags/refine-logs/depth_occlusion_support/r031_da3_depth_full/depth_npz/flame_steak/cam00_0029.npz,/leonardo_work/EUHPC_D21_034/proj_adags/data/n3v/flame_steak/motion_priors/masks/cam00_0029.png,/leonardo_work/EUHPC_D21_034/proj_adags/data/n3v/flame_steak/flow/cam00_0029.npz,0,0.18837065994739532,0.2884819507598877,0.31993430852890015,0.482673317193985,0.3740144371986389,0.040769465267658234,0.044585857540369034,0.814677357673645,0.6756474375724792,0.6834844946861267,0.0524258017539978,flame_steak_depth_163_cam00_0029
27,"[352, 128, 448, 224]",1.0,1.0,1.0,flame_steak,cam00,cam00_0031,31,/leonardo_work/EUHPC_D21_034/proj_adags/repo/adags/refine-logs/depth_occlusion_support/r031_da3_depth_full/depth_npz/flame_steak/cam00_0031.npz,/leonardo_work/EUHPC_D21_034/proj_adags/data/n3v/flame_steak/motion_priors/masks/cam00_0031.png,/leonardo_work/EUHPC_D21_034/proj_adags/data/n3v/flame_steak/flow/cam00_0031.npz,0,0.18380150198936462,0.45169931650161743,0.2782104015350342,0.4266951382160187,0.3730420470237732,0.04553411900997162,0.03106217086315155,0.8131805658340454,0.6756970286369324,0.6848207712173462,0.04812506586313248,flame_steak_depth_164_cam00_0031
27,"[368, 128, 464, 224]",1.0,1.0,1.0,flame_steak,cam00,cam00_0031,31,/leonardo_work/EUHPC_D21_034/proj_adags/repo/adags/refine-logs/depth_occlusion_support/r031_da3_depth_full/depth_npz/flame_steak/cam00_0031.npz,/leonardo_work/EUHPC_D21_034/proj_adags/data/n3v/flame_steak/motion_priors/masks/cam00_0031.png,/leonardo_work/EUHPC_D21_034/proj_adags/data/n3v/flame_steak/flow/cam00_0031.npz,1,0.18380150198936462,0.45169931650161743,0.2782104015350342,0.4266951382160187,0.3730420470237732,0.04553411900997162,0.03106217086315155,0.8131805658340454,0.6756970286369324,0.6848207712173462,0.04812506586313248,flame_steak_depth_165_cam00_0031
27,"[192, 256, 288, 352]",1.0,1.0,1.0,flame_steak,cam00,cam00_0064,64,/leonardo_work/EUHPC_D21_034/proj_adags/repo/adags/refine-logs/depth_occlusion_support/r031_da3_depth_full/depth_npz/flame_steak/cam00_0064.npz,/leonardo_work/EUHPC_D21_034/proj_adags/data/n3v/flame_steak/motion_priors/masks/cam00_0064.png,/leonardo_work/EUHPC_D21_034/proj_adags/data/n3v/flame_steak/flow/cam00_0064.npz,1,0.16493667662143707,0.34221184253692627,0.3211919963359833,0.4833635985851288,0.37358009815216064,0.04581422358751297,0.041075825691223145,0.6342244148254395,0.6718777418136597,0.6882987022399902,0.05351411551237106,flame_steak_depth_166_cam00_0064
26,"[288, 128, 384, 224]",1.0,1.0,1.0,flame_steak,cam00,cam00_0168,168,/leonardo_work/EUHPC_D21_034/proj_adags/repo/adags/refine-logs/depth_occlusion_support/r031_da3_depth_full/depth_npz/flame_steak/cam00_0168.npz,/leonardo_work/EUHPC_D21_034/proj_adags/data/n3v/flame_steak/motion_priors/masks/cam00_0168.png,/leonardo_work/EUHPC_D21_034/proj_adags/data/n3v/flame_steak/flow/cam00_0168.npz,0,0.19050194323062897,0.45745357871055603,0.3132050037384033,0.4314316511154175,0.3768371343612671,0.04486595839262009,0.049977824091911316,0.4807808995246887,0.6646184325218201,0.7115734815597534,0.05444778874516487,flame_steak_depth_167_cam00_0168
26,"[240, 144, 336, 240]",1.0,1.0,1.0,flame_steak,cam00,cam00_0231,231,/leonardo_work/EUHPC_D21_034/proj_adags/repo/adags/refine-logs/depth_occlusion_support/r031_da3_depth_full/depth_npz/flame_steak/cam00_0231.npz,/leonardo_work/EUHPC_D21_034/proj_adags/data/n3v/flame_steak/motion_priors/masks/cam00_0231.png,/leonardo_work/EUHPC_D21_034/proj_adags/data/n3v/flame_steak/flow/cam00_0231.npz,2,0.1815675050020218,0.525512158870697,0.2839823365211487,0.44041553139686584,0.36679959297180176,0.03615069389343262,0.031628210097551346,0.8604478240013123,0.6538286209106445,0.7146633267402649,0.04587549343705177,flame_steak_depth_168_cam00_0231
25,"[192, 240, 288, 336]",1.0,1.0,1.0,flame_steak,cam00,cam00_0064,64,/leonardo_work/EUHPC_D21_034/proj_adags/repo/adags/refine-logs/depth_occlusion_support/r031_da3_depth_full/depth_npz/flame_steak/cam00_0064.npz,/leonardo_work/EUHPC_D21_034/proj_adags/data/n3v/flame_steak/motion_priors/masks/cam00_0064.png,/leonardo_work/EUHPC_D21_034/proj_adags/data/n3v/flame_steak/flow/cam00_0064.npz,2,0.16493667662143707,0.34221184253692627,0.3211919963359833,0.4833635985851288,0.37358009815216064,0.04581422358751297,0.041075825691223145,0.6342244148254395,0.6718777418136597,0.6882987022399902,0.05351411551237106,flame_steak_depth_169_cam00_0064
24,"[384, 160, 480, 256]",1.0,1.0,1.0,flame_steak,cam00,cam00_0035,35,/leonardo_work/EUHPC_D21_034/proj_adags/repo/adags/refine-logs/depth_occlusion_support/r031_da3_depth_full/depth_npz/flame_steak/cam00_0035.npz,/leonardo_work/EUHPC_D21_034/proj_adags/data/n3v/flame_steak/motion_priors/masks/cam00_0035.png,/leonardo_work/EUHPC_D21_034/proj_adags/data/n3v/flame_steak/flow/cam00_0035.npz,1,0.1857271045446396,0.478598952293396,0.26359236240386963,0.42346712946891785,0.3749478757381439,0.048626914620399475,0.03786048665642738,0.8193807601928711,0.6755686402320862,0.6850075125694275,0.05149504542350769,flame_steak_depth_170_cam00_0035
24,"[384, 176, 480, 272]",1.0,1.0,1.0,flame_steak,cam00,cam00_0035,35,/leonardo_work/EUHPC_D21_034/proj_adags/repo/adags/refine-logs/depth_occlusion_support/r031_da3_depth_full/depth_npz/flame_steak/cam00_0035.npz,/leonardo_work/EUHPC_D21_034/proj_adags/data/n3v/flame_steak/motion_priors/masks/cam00_0035.png,/leonardo_work/EUHPC_D21_034/proj_adags/data/n3v/flame_steak/flow/cam00_0035.npz,2,0.1857271045446396,0.478598952293396,0.26359236240386963,0.42346712946891785,0.3749478757381439,0.048626914620399475,0.03786048665642738,0.8193807601928711,0.6755686402320862,0.6850075125694275,0.05149504542350769,flame_steak_depth_171_cam00_0035
23,"[240, 176, 336, 272]",1.0,1.0,1.0,flame_steak,cam00,cam00_0035,35,/leonardo_work/EUHPC_D21_034/proj_adags/repo/adags/refine-logs/depth_occlusion_support/r031_da3_depth_full/depth_npz/flame_steak/cam00_0035.npz,/leonardo_work/EUHPC_D21_034/proj_adags/data/n3v/flame_steak/motion_priors/masks/cam00_0035.png,/leonardo_work/EUHPC_D21_034/proj_adags/data/n3v/flame_steak/flow/cam00_0035.npz,3,0.1857271045446396,0.478598952293396,0.26359236240386963,0.42346712946891785,0.3749478757381439,0.048626914620399475,0.03786048665642738,0.8193807601928711,0.6755686402320862,0.6850075125694275,0.05149504542350769,flame_steak_depth_172_cam00_0035
23,"[416, 144, 512, 240]",1.0,1.0,1.0,flame_steak,cam00,cam00_0166,166,/leonardo_work/EUHPC_D21_034/proj_adags/repo/adags/refine-logs/depth_occlusion_support/r031_da3_depth_full/depth_npz/flame_steak/cam00_0166.npz,/leonardo_work/EUHPC_D21_034/proj_adags/data/n3v/flame_steak/motion_priors/masks/cam00_0166.png,/leonardo_work/EUHPC_D21_034/proj_adags/data/n3v/flame_steak/flow/cam00_0166.npz,0,0.18305888772010803,0.3226335346698761,0.3032473623752594,0.45457082986831665,0.3699520528316498,0.03415204957127571,0.045111048966646194,0.6436282396316528,0.6644988059997559,0.7101438045501709,0.04895661771297455,flame_steak_depth_173_cam00_0166
22,"[384, 128, 480, 224]",1.0,1.0,1.0,flame_steak,cam00,cam00_0081,81,/leonardo_work/EUHPC_D21_034/proj_adags/repo/adags/refine-logs/depth_occlusion_support/r031_da3_depth_full/depth_npz/flame_steak/cam00_0081.npz,/leonardo_work/EUHPC_D21_034/proj_adags/data/n3v/flame_steak/motion_priors/masks/cam00_0081.png,/leonardo_work/EUHPC_D21_034/proj_adags/data/n3v/flame_steak/flow/cam00_0081.npz,0,0.18471357226371765,0.5803637504577637,0.2740669250488281,0.47284892201423645,0.3748228847980499,0.043815575540065765,0.054526567459106445,0.7370831966400146,0.6711629033088684,0.6942421197891235,0.055539023131132126,flame_steak_depth_174_cam00_0081
22,"[384, 176, 480, 272]",1.0,1.0,1.0,flame_steak,cam00,cam00_0230,230,/leonardo_work/EUHPC_D21_034/proj_adags/repo/adags/refine-logs/depth_occlusion_support/r031_da3_depth_full/depth_npz/flame_steak/cam00_0230.npz,/leonardo_work/EUHPC_D21_034/proj_adags/data/n3v/flame_steak/motion_priors/masks/cam00_0230.png,/leonardo_work/EUHPC_D21_034/proj_adags/data/n3v/flame_steak/flow/cam00_0230.npz,3,0.18073652684688568,0.282097190618515,0.28162896633148193,0.45225533843040466,0.3656212389469147,0.03652416542172432,0.0326552540063858,0.862598180770874,0.6537411212921143,0.7135692238807678,0.04679166153073311,flame_steak_depth_175_cam00_0230
21,"[208, 411, 304, 507]",1.0,1.0,1.0,flame_steak,cam00,cam00_0210,210,/leonardo_work/EUHPC_D21_034/proj_adags/repo/adags/refine-logs/depth_occlusion_support/r031_da3_depth_full/depth_npz/flame_steak/cam00_0210.npz,/leonardo_work/EUHPC_D21_034/proj_adags/data/n3v/flame_steak/motion_priors/masks/cam00_0210.png,/leonardo_work/EUHPC_D21_034/proj_adags/data/n3v/flame_steak/flow/cam00_0210.npz,0,0.19530975818634033,0.2945459485054016,0.29834723472595215,0.456900954246521,0.3764454424381256,0.044670470058918,0.06013444811105728,0.7862353324890137,0.6517395377159119,0.7144386768341064,0.05381172522902489,flame_steak_depth_176_cam00_0210
20,"[224, 192, 320, 288]",1.0,1.0,1.0,flame_steak,cam00,cam00_0046,46,/leonardo_work/EUHPC_D21_034/proj_adags/repo/adags/refine-logs/depth_occlusion_support/r031_da3_depth_full/depth_npz/flame_steak/cam00_0046.npz,/leonardo_work/EUHPC_D21_034/proj_adags/data/n3v/flame_steak/motion_priors/masks/cam00_0046.png,/leonardo_work/EUHPC_D21_034/proj_adags/data/n3v/flame_steak/flow/cam00_0046.npz,0,0.19625680148601532,0.28532740473747253,0.3184569180011749,0.434155136346817,0.36860114336013794,0.03462763875722885,0.03832440450787544,0.7325519919395447,0.6742848753929138,0.6865130662918091,0.04644737020134926,flame_steak_depth_177_cam00_0046
19,"[240, 128, 336, 224]",1.0,1.0,1.0,flame_steak,cam00,cam00_0211,211,/leonardo_work/EUHPC_D21_034/proj_adags/repo/adags/refine-logs/depth_occlusion_support/r031_da3_depth_full/depth_npz/flame_steak/cam00_0211.npz,/leonardo_work/EUHPC_D21_034/proj_adags/data/n3v/flame_steak/motion_priors/masks/cam00_0211.png,/leonardo_work/EUHPC_D21_034/proj_adags/data/n3v/flame_steak/flow/cam00_0211.npz,1,0.19487117230892181,0.40427345037460327,0.2970227897167206,0.4594475328922272,0.3745785355567932,0.047144707292318344,0.05059930309653282,0.8054602146148682,0.6516257524490356,0.7121337056159973,0.051343321800231934,flame_steak_depth_178_cam00_0211
18,"[288, 128, 384, 224]",1.0,1.0,1.0,flame_steak,cam00,cam00_0157,157,/leonardo_work/EUHPC_D21_034/proj_adags/repo/adags/refine-logs/depth_occlusion_support/r031_da3_depth_full/depth_npz/flame_steak/cam00_0157.npz,/leonardo_work/EUHPC_D21_034/proj_adags/data/n3v/flame_steak/motion_priors/masks/cam00_0157.png,/leonardo_work/EUHPC_D21_034/proj_adags/data/n3v/flame_steak/flow/cam00_0157.npz,0,0.19149141013622284,0.37739792466163635,0.2997000813484192,0.48247793316841125,0.3741099238395691,0.03802679479122162,0.04253469035029411,0.8665313124656677,0.6672502160072327,0.7110190987586975,0.04584048315882683,flame_steak_depth_179_cam00_0157
18,"[288, 128, 384, 224]",1.0,1.0,1.0,flame_steak,cam00,cam00_0166,166,/leonardo_work/EUHPC_D21_034/proj_adags/repo/adags/refine-logs/depth_occlusion_support/r031_da3_depth_full/depth_npz/flame_steak/cam00_0166.npz,/leonardo_work/EUHPC_D21_034/proj_adags/data/n3v/flame_steak/motion_priors/masks/cam00_0166.png,/leonardo_work/EUHPC_D21_034/proj_adags/data/n3v/flame_steak/flow/cam00_0166.npz,1,0.18305888772010803,0.3226335346698761,0.3032473623752594,0.45457082986831665,0.3699520528316498,0.03415204957127571,0.045111048966646194,0.6436282396316528,0.6644988059997559,0.7101438045501709,0.04895661771297455,flame_steak_depth_180_cam00_0166
17,"[256, 128, 352, 224]",1.0,1.0,1.0,flame_steak,cam00,cam00_0060,60,/leonardo_work/EUHPC_D21_034/proj_adags/repo/adags/refine-logs/depth_occlusion_support/r031_da3_depth_full/depth_npz/flame_steak/cam00_0060.npz,/leonardo_work/EUHPC_D21_034/proj_adags/data/n3v/flame_steak/motion_priors/masks/cam00_0060.png,/leonardo_work/EUHPC_D21_034/proj_adags/data/n3v/flame_steak/flow/cam00_0060.npz,1,0.19353947043418884,0.28343847393989563,0.3244139552116394,0.44726860523223877,0.3752354681491852,0.0445450097322464,0.041388023644685745,0.6143984198570251,0.6740864515304565,0.6907350420951843,0.055752016603946686,flame_steak_depth_181_cam00_0060
17,"[256, 128, 352, 224]",1.0,1.0,1.0,flame_steak,cam00,cam00_0061,61,/leonardo_work/EUHPC_D21_034/proj_adags/repo/adags/refine-logs/depth_occlusion_support/r031_da3_depth_full/depth_npz/flame_steak/cam00_0061.npz,/leonardo_work/EUHPC_D21_034/proj_adags/data/n3v/flame_steak/motion_priors/masks/cam00_0061.png,/leonardo_work/EUHPC_D21_034/proj_adags/data/n3v/flame_steak/flow/cam00_0061.npz,0,0.19403478503227234,0.3764590322971344,0.31703972816467285,0.4392452538013458,0.38035622239112854,0.046368591487407684,0.057593103498220444,0.5945578217506409,0.6732315421104431,0.6905103921890259,0.05825251340866089,flame_steak_depth_182_cam00_0061
17,"[272, 160, 368, 256]",1.0,1.0,1.0,flame_steak,cam00,cam00_0155,155,/leonardo_work/EUHPC_D21_034/proj_adags/repo/adags/refine-logs/depth_occlusion_support/r031_da3_depth_full/depth_npz/flame_steak/cam00_0155.npz,/leonardo_work/EUHPC_D21_034/proj_adags/data/n3v/flame_steak/motion_priors/masks/cam00_0155.png,/leonardo_work/EUHPC_D21_034/proj_adags/data/n3v/flame_steak/flow/cam00_0155.npz,0,0.1877191662788391,0.41771548986434937,0.29417866468429565,0.4386695623397827,0.37340617179870605,0.03732654079794884,0.03827480226755142,0.8907864093780518,0.6683764457702637,0.711249589920044,0.05019957199692726,flame_steak_depth_183_cam00_0155
16,"[240, 144, 336, 240]",1.0,1.0,1.0,flame_steak,cam00,cam00_0028,28,/leonardo_work/EUHPC_D21_034/proj_adags/repo/adags/refine-logs/depth_occlusion_support/r031_da3_depth_full/depth_npz/flame_steak/cam00_0028.npz,/leonardo_work/EUHPC_D21_034/proj_adags/data/n3v/flame_steak/motion_priors/masks/cam00_0028.png,/leonardo_work/EUHPC_D21_034/proj_adags/data/n3v/flame_steak/flow/cam00_0028.npz,1,0.1860266476869583,0.42499053478240967,0.3104473948478699,0.4899482727050781,0.3710910975933075,0.03958778455853462,0.035762637853622437,0.8501715660095215,0.6755774021148682,0.6826383471488953,0.05165844038128853,flame_steak_depth_184_cam00_0028
16,"[256, 128, 352, 224]",1.0,1.0,1.0,flame_steak,cam00,cam00_0059,59,/leonardo_work/EUHPC_D21_034/proj_adags/repo/adags/refine-logs/depth_occlusion_support/r031_da3_depth_full/depth_npz/flame_steak/cam00_0059.npz,/leonardo_work/EUHPC_D21_034/proj_adags/data/n3v/flame_steak/motion_priors/masks/cam00_0059.png,/leonardo_work/EUHPC_D21_034/proj_adags/data/n3v/flame_steak/flow/cam00_0059.npz,0,0.19555678963661194,0.4077885150909424,0.2987472712993622,0.4428013861179352,0.3719957768917084,0.040988292545080185,0.03696766123175621,0.6736371517181396,0.6729426980018616,0.690466582775116,0.05193854123353958,flame_steak_depth_185_cam00_0059
16,"[400, 144, 496, 240]",1.0,1.0,1.0,flame_steak,cam00,cam00_0082,82,/leonardo_work/EUHPC_D21_034/proj_adags/repo/adags/refine-logs/depth_occlusion_support/r031_da3_depth_full/depth_npz/flame_steak/cam00_0082.npz,/leonardo_work/EUHPC_D21_034/proj_adags/data/n3v/flame_steak/motion_priors/masks/cam00_0082.png,/leonardo_work/EUHPC_D21_034/proj_adags/data/n3v/flame_steak/flow/cam00_0082.npz,0,0.15816113352775574,0.24948832392692566,0.29177284240722656,0.48385751247406006,0.3712845742702484,0.0422312468290329,0.04370178282260895,0.7109111547470093,0.6718602180480957,0.6941079497337341,0.05607588589191437,flame_steak_depth_186_cam00_0082
16,"[208, 352, 304, 448]",1.0,1.0,1.0,flame_steak,cam00,cam00_0087,87,/leonardo_work/EUHPC_D21_034/proj_adags/repo/adags/refine-logs/depth_occlusion_support/r031_da3_depth_full/depth_npz/flame_steak/cam00_0087.npz,/leonardo_work/EUHPC_D21_034/proj_adags/data/n3v/flame_steak/motion_priors/masks/cam00_0087.png,/leonardo_work/EUHPC_D21_034/proj_adags/data/n3v/flame_steak/flow/cam00_0087.npz,1,0.1890932321548462,0.4520972669124603,0.2657356560230255,0.3988390564918518,0.37563809752464294,0.046730391681194305,0.051147837191820145,0.7307400703430176,0.6713817119598389,0.6971744894981384,0.05832253769040108,flame_steak_depth_187_cam00_0087
16,"[208, 192, 304, 288]",1.0,1.0,1.0,flame_steak,cam00,cam00_0204,204,/leonardo_work/EUHPC_D21_034/proj_adags/repo/adags/refine-logs/depth_occlusion_support/r031_da3_depth_full/depth_npz/flame_steak/cam00_0204.npz,/leonardo_work/EUHPC_D21_034/proj_adags/data/n3v/flame_steak/motion_priors/masks/cam00_0204.png,/leonardo_work/EUHPC_D21_034/proj_adags/data/n3v/flame_steak/flow/cam00_0204.npz,0,0.18864843249320984,0.4023546874523163,0.300678551197052,0.4546193480491638,0.3702058494091034,0.0405389629304409,0.038654107600450516,0.849859356880188,0.6543071269989014,0.7169100046157837,0.0483584851026535,flame_steak_depth_188_cam00_0204
16,"[400, 192, 496, 288]",1.0,1.0,1.0,flame_steak,cam00,cam00_0214,214,/leonardo_work/EUHPC_D21_034/proj_adags/repo/adags/refine-logs/depth_occlusion_support/r031_da3_depth_full/depth_npz/flame_steak/cam00_0214.npz,/leonardo_work/EUHPC_D21_034/proj_adags/data/n3v/flame_steak/motion_priors/masks/cam00_0214.png,/leonardo_work/EUHPC_D21_034/proj_adags/data/n3v/flame_steak/flow/cam00_0214.npz,0,0.1847134381532669,0.29175829887390137,0.2769615054130554,0.4559434950351715,0.3701498508453369,0.04860649257898331,0.03885543346405029,0.5380764007568359,0.6520605087280273,0.7144182920455933,0.05069267004728317,flame_steak_depth_189_cam00_0214
15,"[16, 400, 112, 496]",1.0,1.0,1.0,flame_steak,cam00,cam00_0027,27,/leonardo_work/EUHPC_D21_034/proj_adags/repo/adags/refine-logs/depth_occlusion_support/r031_da3_depth_full/depth_npz/flame_steak/cam00_0027.npz,/leonardo_work/EUHPC_D21_034/proj_adags/data/n3v/flame_steak/motion_priors/masks/cam00_0027.png,/leonardo_work/EUHPC_D21_034/proj_adags/data/n3v/flame_steak/flow/cam00_0027.npz,0,0.18264691531658173,0.612697184085846,0.28001222014427185,0.4837733507156372,0.36823418736457825,0.0337844155728817,0.037189409136772156,0.7593863606452942,0.6756620407104492,0.6828483939170837,0.0486735999584198,flame_steak_depth_190_cam00_0027
15,"[32, 400, 128, 496]",1.0,1.0,1.0,flame_steak,cam00,cam00_0027,27,/leonardo_work/EUHPC_D21_034/proj_adags/repo/adags/refine-logs/depth_occlusion_support/r031_da3_depth_full/depth_npz/flame_steak/cam00_0027.npz,/leonardo_work/EUHPC_D21_034/proj_adags/data/n3v/flame_steak/motion_priors/masks/cam00_0027.png,/leonardo_work/EUHPC_D21_034/proj_adags/data/n3v/flame_steak/flow/cam00_0027.npz,1,0.18264691531658173,0.612697184085846,0.28001222014427185,0.4837733507156372,0.36823418736457825,0.0337844155728817,0.037189409136772156,0.7593863606452942,0.6756620407104492,0.6828483939170837,0.0486735999584198,flame_steak_depth_191_cam00_0027
15,"[48, 400, 144, 496]",1.0,1.0,1.0,flame_steak,cam00,cam00_0027,27,/leonardo_work/EUHPC_D21_034/proj_adags/repo/adags/refine-logs/depth_occlusion_support/r031_da3_depth_full/depth_npz/flame_steak/cam00_0027.npz,/leonardo_work/EUHPC_D21_034/proj_adags/data/n3v/flame_steak/motion_priors/masks/cam00_0027.png,/leonardo_work/EUHPC_D21_034/proj_adags/data/n3v/flame_steak/flow/cam00_0027.npz,2,0.18264691531658173,0.612697184085846,0.28001222014427185,0.4837733507156372,0.36823418736457825,0.0337844155728817,0.037189409136772156,0.7593863606452942,0.6756620407104492,0.6828483939170837,0.0486735999584198,flame_steak_depth_192_cam00_0027
15,"[64, 400, 160, 496]",1.0,1.0,1.0,flame_steak,cam00,cam00_0027,27,/leonardo_work/EUHPC_D21_034/proj_adags/repo/adags/refine-logs/depth_occlusion_support/r031_da3_depth_full/depth_npz/flame_steak/cam00_0027.npz,/leonardo_work/EUHPC_D21_034/proj_adags/data/n3v/flame_steak/motion_priors/masks/cam00_0027.png,/leonardo_work/EUHPC_D21_034/proj_adags/data/n3v/flame_steak/flow/cam00_0027.npz,3,0.18264691531658173,0.612697184085846,0.28001222014427185,0.4837733507156372,0.36823418736457825,0.0337844155728817,0.037189409136772156,0.7593863606452942,0.6756620407104492,0.6828483939170837,0.0486735999584198,flame_steak_depth_193_cam00_0027
15,"[192, 224, 288, 320]",1.0,1.0,1.0,flame_steak,cam00,cam00_0086,86,/leonardo_work/EUHPC_D21_034/proj_adags/repo/adags/refine-logs/depth_occlusion_support/r031_da3_depth_full/depth_npz/flame_steak/cam00_0086.npz,/leonardo_work/EUHPC_D21_034/proj_adags/data/n3v/flame_steak/motion_priors/masks/cam00_0086.png,/leonardo_work/EUHPC_D21_034/proj_adags/data/n3v/flame_steak/flow/cam00_0086.npz,1,0.18559207022190094,0.3116227984428406,0.26268357038497925,0.41024354100227356,0.3793518543243408,0.04687044024467468,0.061202339828014374,0.6830117702484131,0.6708856821060181,0.6966259479522705,0.05532894656062126,flame_steak_depth_194_cam00_0086
15,"[272, 144, 368, 240]",1.0,1.0,1.0,flame_steak,cam00,cam00_0148,148,/leonardo_work/EUHPC_D21_034/proj_adags/repo/adags/refine-logs/depth_occlusion_support/r031_da3_depth_full/depth_npz/flame_steak/cam00_0148.npz,/leonardo_work/EUHPC_D21_034/proj_adags/data/n3v/flame_steak/motion_priors/masks/cam00_0148.png,/leonardo_work/EUHPC_D21_034/proj_adags/data/n3v/flame_steak/flow/cam00_0148.npz,0,0.19510921835899353,0.3124150335788727,0.29857203364372253,0.4488339424133301,0.36881425976753235,0.024777377024292946,0.04665161296725273,0.7185906171798706,0.6695143580436707,0.7106368541717529,0.045286111533641815,flame_steak_depth_195_cam00_0148
15,"[208, 192, 304, 288]",1.0,1.0,1.0,flame_steak,cam00,cam00_0195,195,/leonardo_work/EUHPC_D21_034/proj_adags/repo/adags/refine-logs/depth_occlusion_support/r031_da3_depth_full/depth_npz/flame_steak/cam00_0195.npz,/leonardo_work/EUHPC_D21_034/proj_adags/data/n3v/flame_steak/motion_priors/masks/cam00_0195.png,/leonardo_work/EUHPC_D21_034/proj_adags/data/n3v/flame_steak/flow/cam00_0195.npz,0,0.19257599115371704,0.3801691234111786,0.2768203020095825,0.439837247133255,0.37473762035369873,0.04402565211057663,0.03845861926674843,0.4106503129005432,0.6569010019302368,0.7116376757621765,0.05160592123866081,flame_steak_depth_196_cam00_0195
14,"[256, 128, 352, 224]",1.0,1.0,1.0,flame_steak,cam00,cam00_0044,44,/leonardo_work/EUHPC_D21_034/proj_adags/repo/adags/refine-logs/depth_occlusion_support/r031_da3_depth_full/depth_npz/flame_steak/cam00_0044.npz,/leonardo_work/EUHPC_D21_034/proj_adags/data/n3v/flame_steak/motion_priors/masks/cam00_0044.png,/leonardo_work/EUHPC_D21_034/proj_adags/data/n3v/flame_steak/flow/cam00_0044.npz,0,0.19165536761283875,0.37132102251052856,0.29160550236701965,0.47337064146995544,0.3716527819633484,0.04234212264418602,0.03627907484769821,0.7534662485122681,0.6739172339439392,0.68595290184021,0.04851895943284035,flame_steak_depth_197_cam00_0044
14,"[288, 128, 384, 224]",1.0,1.0,1.0,flame_steak,cam00,cam00_0164,164,/leonardo_work/EUHPC_D21_034/proj_adags/repo/adags/refine-logs/depth_occlusion_support/r031_da3_depth_full/depth_npz/flame_steak/cam00_0164.npz,/leonardo_work/EUHPC_D21_034/proj_adags/data/n3v/flame_steak/motion_priors/masks/cam00_0164.png,/leonardo_work/EUHPC_D21_034/proj_adags/data/n3v/flame_steak/flow/cam00_0164.npz,0,0.1881607323884964,0.43418088555336,0.32493358850479126,0.4425770342350006,0.365212619304657,0.029127715155482292,0.03377274423837662,0.6756445169448853,0.6655608415603638,0.708956241607666,0.048332225531339645,flame_steak_depth_198_cam00_0164
14,"[192, 224, 288, 320]",1.0,1.0,1.0,flame_steak,cam00,cam00_0207,207,/leonardo_work/EUHPC_D21_034/proj_adags/repo/adags/refine-logs/depth_occlusion_support/r031_da3_depth_full/depth_npz/flame_steak/cam00_0207.npz,/leonardo_work/EUHPC_D21_034/proj_adags/data/n3v/flame_steak/motion_priors/masks/cam00_0207.png,/leonardo_work/EUHPC_D21_034/proj_adags/data/n3v/flame_steak/flow/cam00_0207.npz,1,0.18893131613731384,0.40744394063949585,0.2853953540325165,0.49550408124923706,0.36961913108825684,0.043039459735155106,0.04142887145280838,0.7856167554855347,0.6532772183418274,0.7137179970741272,0.051530059427022934,flame_steak_depth_199_cam00_0207
13,"[384, 400, 480, 496]",1.0,1.0,1.0,flame_steak,cam00,cam00_0001,1,/leonardo_work/EUHPC_D21_034/proj_adags/repo/adags/refine-logs/depth_occlusion_support/r031_da3_depth_full/depth_npz/flame_steak/cam00_0001.npz,/leonardo_work/EUHPC_D21_034/proj_adags/data/n3v/flame_steak/motion_priors/masks/cam00_0001.png,/leonardo_work/EUHPC_D21_034/proj_adags/data/n3v/flame_steak/flow/cam00_0001.npz,1,0.18426130712032318,0.3947502672672272,0.2649107277393341,0.42484575510025024,0.36930716037750244,0.029343627393245697,0.04188695549964905,0.888536810874939,0.6866443753242493,0.6723416447639465,0.05293932184576988,flame_steak_depth_200_cam00_0001
13,"[192, 224, 288, 320]",1.0,1.0,1.0,flame_steak,cam00,cam00_0007,7,/leonardo_work/EUHPC_D21_034/proj_adags/repo/adags/refine-logs/depth_occlusion_support/r031_da3_depth_full/depth_npz/flame_steak/cam00_0007.npz,/leonardo_work/EUHPC_D21_034/proj_adags/data/n3v/flame_steak/motion_priors/masks/cam00_0007.png,/leonardo_work/EUHPC_D21_034/proj_adags/data/n3v/flame_steak/flow/cam00_0007.npz,0,0.18953438103199005,0.47520747780799866,0.2929740250110626,0.4357793629169464,0.36018890142440796,0.015662383288145065,0.035750966519117355,0.9045931100845337,0.6809606552124023,0.6777219772338867,0.04331372678279877,flame_steak_depth_201_cam00_0007
13,"[256, 128, 352, 224]",1.0,1.0,1.0,flame_steak,cam00,cam00_0058,58,/leonardo_work/EUHPC_D21_034/proj_adags/repo/adags/refine-logs/depth_occlusion_support/r031_da3_depth_full/depth_npz/flame_steak/cam00_0058.npz,/leonardo_work/EUHPC_D21_034/proj_adags/data/n3v/flame_steak/motion_priors/masks/cam00_0058.png,/leonardo_work/EUHPC_D21_034/proj_adags/data/n3v/flame_steak/flow/cam00_0058.npz,0,0.19342753291130066,0.2743547558784485,0.321725994348526,0.44714033603668213,0.36638933420181274,0.03637535870075226,0.026916073635220528,0.8754478693008423,0.6728639006614685,0.6896700859069824,0.05240829661488533,flame_steak_depth_202_cam00_0058
13,"[192, 224, 288, 320]",1.0,1.0,1.0,flame_steak,cam00,cam00_0192,192,/leonardo_work/EUHPC_D21_034/proj_adags/repo/adags/refine-logs/depth_occlusion_support/r031_da3_depth_full/depth_npz/flame_steak/cam00_0192.npz,/leonardo_work/EUHPC_D21_034/proj_adags/data/n3v/flame_steak/motion_priors/masks/cam00_0192.png,/leonardo_work/EUHPC_D21_034/proj_adags/data/n3v/flame_steak/flow/cam00_0192.npz,3,0.19116652011871338,0.2841072678565979,0.3000817894935608,0.4464437663555145,0.383944571018219,0.053444091230630875,0.06257950514554977,0.362857848405838,0.6583977937698364,0.7117543816566467,0.055401887744665146,flame_steak_depth_203_cam00_0192
13,"[208, 411, 304, 507]",1.0,1.0,1.0,flame_steak,cam00,cam00_0211,211,/leonardo_work/EUHPC_D21_034/proj_adags/repo/adags/refine-logs/depth_occlusion_support/r031_da3_depth_full/depth_npz/flame_steak/cam00_0211.npz,/leonardo_work/EUHPC_D21_034/proj_adags/data/n3v/flame_steak/motion_priors/masks/cam00_0211.png,/leonardo_work/EUHPC_D21_034/proj_adags/data/n3v/flame_steak/flow/cam00_0211.npz,2,0.19487117230892181,0.40427345037460327,0.2970227897167206,0.4594475328922272,0.3745785355567932,0.047144707292318344,0.05059930309653282,0.8054602146148682,0.6516257524490356,0.7121337056159973,0.051343321800231934,flame_steak_depth_204_cam00_0211
13,"[208, 411, 304, 507]",1.0,1.0,1.0,flame_steak,cam00,cam00_0213,213,/leonardo_work/EUHPC_D21_034/proj_adags/repo/adags/refine-logs/depth_occlusion_support/r031_da3_depth_full/depth_npz/flame_steak/cam00_0213.npz,/leonardo_work/EUHPC_D21_034/proj_adags/data/n3v/flame_steak/motion_priors/masks/cam00_0213.png,/leonardo_work/EUHPC_D21_034/proj_adags/data/n3v/flame_steak/flow/cam00_0213.npz,0,0.18796607851982117,0.3687781095504761,0.25649794936180115,0.4571143090724945,0.3690444231033325,0.047626134008169174,0.03942730650305748,0.7835655808448792,0.6513485908508301,0.7133036851882935,0.051667191088199615,flame_steak_depth_205_cam00_0213
12,"[240, 176, 336, 272]",1.0,1.0,1.0,flame_steak,cam00,cam00_0083,83,/leonardo_work/EUHPC_D21_034/proj_adags/repo/adags/refine-logs/depth_occlusion_support/r031_da3_depth_full/depth_npz/flame_steak/cam00_0083.npz,/leonardo_work/EUHPC_D21_034/proj_adags/data/n3v/flame_steak/motion_priors/masks/cam00_0083.png,/leonardo_work/EUHPC_D21_034/proj_adags/data/n3v/flame_steak/flow/cam00_0083.npz,0,0.16037239134311676,0.4262978732585907,0.29024016857147217,0.4749250113964081,0.3743137717247009,0.04343918710947037,0.05139000713825226,0.7628730535507202,0.6708623766899109,0.695167064666748,0.05466661974787712,flame_steak_depth_206_cam00_0083
12,"[192, 224, 288, 320]",1.0,1.0,1.0,flame_steak,cam00,cam00_0087,87,/leonardo_work/EUHPC_D21_034/proj_adags/repo/adags/refine-logs/depth_occlusion_support/r031_da3_depth_full/depth_npz/flame_steak/cam00_0087.npz,/leonardo_work/EUHPC_D21_034/proj_adags/data/n3v/flame_steak/motion_priors/masks/cam00_0087.png,/leonardo_work/EUHPC_D21_034/proj_adags/data/n3v/flame_steak/flow/cam00_0087.npz,2,0.1890932321548462,0.4520972669124603,0.2657356560230255,0.3988390564918518,0.37563809752464294,0.046730391681194305,0.051147837191820145,0.7307400703430176,0.6713817119598389,0.6971744894981384,0.05832253769040108,flame_steak_depth_207_cam00_0087
12,"[224, 192, 320, 288]",1.0,1.0,1.0,flame_steak,cam00,cam00_0092,92,/leonardo_work/EUHPC_D21_034/proj_adags/repo/adags/refine-logs/depth_occlusion_support/r031_da3_depth_full/depth_npz/flame_steak/cam00_0092.npz,/leonardo_work/EUHPC_D21_034/proj_adags/data/n3v/flame_steak/motion_priors/masks/cam00_0092.png,/leonardo_work/EUHPC_D21_034/proj_adags/data/n3v/flame_steak/flow/cam00_0092.npz,0,0.18990154564380646,0.3133901357650757,0.3093520402908325,0.4815109670162201,0.3735833168029785,0.0374111533164978,0.050354212522506714,0.7855467200279236,0.6713671088218689,0.6998587846755981,0.053155235946178436,flame_steak_depth_208_cam00_0092
12,"[224, 208, 320, 304]",1.0,1.0,1.0,flame_steak,cam00,cam00_0092,92,/leonardo_work/EUHPC_D21_034/proj_adags/repo/adags/refine-logs/depth_occlusion_support/r031_da3_depth_full/depth_npz/flame_steak/cam00_0092.npz,/leonardo_work/EUHPC_D21_034/proj_adags/data/n3v/flame_steak/motion_priors/masks/cam00_0092.png,/leonardo_work/EUHPC_D21_034/proj_adags/data/n3v/flame_steak/flow/cam00_0092.npz,1,0.18990154564380646,0.3133901357650757,0.3093520402908325,0.4815109670162201,0.3735833168029785,0.0374111533164978,0.050354212522506714,0.7855467200279236,0.6713671088218689,0.6998587846755981,0.053155235946178436,flame_steak_depth_209_cam00_0092
11,"[256, 128, 352, 224]",1.0,1.0,1.0,flame_steak,cam00,cam00_0045,45,/leonardo_work/EUHPC_D21_034/proj_adags/repo/adags/refine-logs/depth_occlusion_support/r031_da3_depth_full/depth_npz/flame_steak/cam00_0045.npz,/leonardo_work/EUHPC_D21_034/proj_adags/data/n3v/flame_steak/motion_priors/masks/cam00_0045.png,/leonardo_work/EUHPC_D21_034/proj_adags/data/n3v/flame_steak/flow/cam00_0045.npz,0,0.19435618817806244,0.435910165309906,0.2921709418296814,0.4683689773082733,0.3701019883155823,0.03887585550546646,0.03895755112171173,0.3785173296928406,0.6742002367973328,0.6852701306343079,0.05060513690114021,flame_steak_depth_210_cam00_0045
11,"[240, 176, 336, 272]",1.0,1.0,1.0,flame_steak,cam00,cam00_0078,78,/leonardo_work/EUHPC_D21_034/proj_adags/repo/adags/refine-logs/depth_occlusion_support/r031_da3_depth_full/depth_npz/flame_steak/cam00_0078.npz,/leonardo_work/EUHPC_D21_034/proj_adags/data/n3v/flame_steak/motion_priors/masks/cam00_0078.png,/leonardo_work/EUHPC_D21_034/proj_adags/data/n3v/flame_steak/flow/cam00_0078.npz,0,0.18095383048057556,0.645263135433197,0.275734543800354,0.4368193447589874,0.3715391457080841,0.040381405502557755,0.04398772120475769,0.655888557434082,0.6718339920043945,0.6936819553375244,0.05081521347165108,flame_steak_depth_211_cam00_0078
11,"[240, 176, 336, 272]",1.0,1.0,1.0,flame_steak,cam00,cam00_0079,79,/leonardo_work/EUHPC_D21_034/proj_adags/repo/adags/refine-logs/depth_occlusion_support/r031_da3_depth_full/depth_npz/flame_steak/cam00_0079.npz,/leonardo_work/EUHPC_D21_034/proj_adags/data/n3v/flame_steak/motion_priors/masks/cam00_0079.png,/leonardo_work/EUHPC_D21_034/proj_adags/data/n3v/flame_steak/flow/cam00_0079.npz,0,0.17988261580467224,0.41675254702568054,0.28948941826820374,0.44255051016807556,0.37301144003868103,0.041557252407073975,0.048644423484802246,0.6382975578308105,0.6719915270805359,0.6947323083877563,0.048402249813079834,flame_steak_depth_212_cam00_0079
11,"[240, 176, 336, 272]",1.0,1.0,1.0,flame_steak,cam00,cam00_0081,81,/leonardo_work/EUHPC_D21_034/proj_adags/repo/adags/refine-logs/depth_occlusion_support/r031_da3_depth_full/depth_npz/flame_steak/cam00_0081.npz,/leonardo_work/EUHPC_D21_034/proj_adags/data/n3v/flame_steak/motion_priors/masks/cam00_0081.png,/leonardo_work/EUHPC_D21_034/proj_adags/data/n3v/flame_steak/flow/cam00_0081.npz,1,0.18471357226371765,0.5803637504577637,0.2740669250488281,0.47284892201423645,0.3748228847980499,0.043815575540065765,0.054526567459106445,0.7370831966400146,0.6711629033088684,0.6942421197891235,0.055539023131132126,flame_steak_depth_213_cam00_0081
11,"[416, 144, 512, 240]",1.0,1.0,1.0,flame_steak,cam00,cam00_0151,151,/leonardo_work/EUHPC_D21_034/proj_adags/repo/adags/refine-logs/depth_occlusion_support/r031_da3_depth_full/depth_npz/flame_steak/cam00_0151.npz,/leonardo_work/EUHPC_D21_034/proj_adags/data/n3v/flame_steak/motion_priors/masks/cam00_0151.png,/leonardo_work/EUHPC_D21_034/proj_adags/data/n3v/flame_steak/flow/cam00_0151.npz,0,0.19401149451732635,0.49648454785346985,0.2883528769016266,0.4748283624649048,0.3684439957141876,0.03100673481822014,0.03758038207888603,0.8202735781669617,0.6682451367378235,0.7105901837348938,0.04975024238228798,flame_steak_depth_214_cam00_0151
11,"[208, 411, 304, 507]",1.0,1.0,1.0,flame_steak,cam00,cam00_0194,194,/leonardo_work/EUHPC_D21_034/proj_adags/repo/adags/refine-logs/depth_occlusion_support/r031_da3_depth_full/depth_npz/flame_steak/cam00_0194.npz,/leonardo_work/EUHPC_D21_034/proj_adags/data/n3v/flame_steak/motion_priors/masks/cam00_0194.png,/leonardo_work/EUHPC_D21_034/proj_adags/data/n3v/flame_steak/flow/cam00_0194.npz,0,0.1922270953655243,0.38834241032600403,0.28515058755874634,0.4342011511325836,0.3795231878757477,0.04938552528619766,0.05225073918700218,0.3047424852848053,0.6572248935699463,0.7119206786155701,0.05219530314207077,flame_steak_depth_215_cam00_0194
10,"[272, 128, 368, 224]",1.0,1.0,1.0,flame_steak,cam00,cam00_0086,86,/leonardo_work/EUHPC_D21_034/proj_adags/repo/adags/refine-logs/depth_occlusion_support/r031_da3_depth_full/depth_npz/flame_steak/cam00_0086.npz,/leonardo_work/EUHPC_D21_034/proj_adags/data/n3v/flame_steak/motion_priors/masks/cam00_0086.png,/leonardo_work/EUHPC_D21_034/proj_adags/data/n3v/flame_steak/flow/cam00_0086.npz,2,0.18559207022190094,0.3116227984428406,0.26268357038497925,0.41024354100227356,0.3793518543243408,0.04687044024467468,0.061202339828014374,0.6830117702484131,0.6708856821060181,0.6966259479522705,0.05532894656062126,flame_steak_depth_216_cam00_0086
10,"[208, 208, 304, 304]",1.0,1.0,1.0,flame_steak,cam00,cam00_0105,105,/leonardo_work/EUHPC_D21_034/proj_adags/repo/adags/refine-logs/depth_occlusion_support/r031_da3_depth_full/depth_npz/flame_steak/cam00_0105.npz,/leonardo_work/EUHPC_D21_034/proj_adags/data/n3v/flame_steak/motion_priors/masks/cam00_0105.png,/leonardo_work/EUHPC_D21_034/proj_adags/data/n3v/flame_steak/flow/cam00_0105.npz,0,0.19276589155197144,0.47483256459236145,0.3080734312534332,0.46684372425079346,0.37345924973487854,0.031065089628100395,0.052869297564029694,0.7899845838546753,0.6710811853408813,0.7044658660888672,0.04648821800947189,flame_steak_depth_217_cam00_0105
10,"[272, 144, 368, 240]",1.0,1.0,1.0,flame_steak,cam00,cam00_0151,151,/leonardo_work/EUHPC_D21_034/proj_adags/repo/adags/refine-logs/depth_occlusion_support/r031_da3_depth_full/depth_npz/flame_steak/cam00_0151.npz,/leonardo_work/EUHPC_D21_034/proj_adags/data/n3v/flame_steak/motion_priors/masks/cam00_0151.png,/leonardo_work/EUHPC_D21_034/proj_adags/data/n3v/flame_steak/flow/cam00_0151.npz,1,0.19401149451732635,0.49648454785346985,0.2883528769016266,0.4748283624649048,0.3684439957141876,0.03100673481822014,0.03758038207888603,0.8202735781669617,0.6682451367378235,0.7105901837348938,0.04975024238228798,flame_steak_depth_218_cam00_0151
10,"[208, 192, 304, 288]",1.0,1.0,1.0,flame_steak,cam00,cam00_0206,206,/leonardo_work/EUHPC_D21_034/proj_adags/repo/adags/refine-logs/depth_occlusion_support/r031_da3_depth_full/depth_npz/flame_steak/cam00_0206.npz,/leonardo_work/EUHPC_D21_034/proj_adags/data/n3v/flame_steak/motion_priors/masks/cam00_0206.png,/leonardo_work/EUHPC_D21_034/proj_adags/data/n3v/flame_steak/flow/cam00_0206.npz,0,0.18882575631141663,0.2473573535680771,0.2790786921977997,0.49332091212272644,0.37139955163002014,0.04119836911559105,0.04514606297016144,0.7882719039916992,0.652413547039032,0.7145904302597046,0.051360830664634705,flame_steak_depth_219_cam00_0206
9,"[400, 192, 496, 288]",1.0,1.0,1.0,flame_steak,cam00,cam00_0028,28,/leonardo_work/EUHPC_D21_034/proj_adags/repo/adags/refine-logs/depth_occlusion_support/r031_da3_depth_full/depth_npz/flame_steak/cam00_0028.npz,/leonardo_work/EUHPC_D21_034/proj_adags/data/n3v/flame_steak/motion_priors/masks/cam00_0028.png,/leonardo_work/EUHPC_D21_034/proj_adags/data/n3v/flame_steak/flow/cam00_0028.npz,2,0.1860266476869583,0.42499053478240967,0.3104473948478699,0.4899482727050781,0.3710910975933075,0.03958778455853462,0.035762637853622437,0.8501715660095215,0.6755774021148682,0.6826383471488953,0.05165844038128853,flame_steak_depth_220_cam00_0028
9,"[192, 352, 288, 448]",1.0,1.0,1.0,flame_steak,cam00,cam00_0030,30,/leonardo_work/EUHPC_D21_034/proj_adags/repo/adags/refine-logs/depth_occlusion_support/r031_da3_depth_full/depth_npz/flame_steak/cam00_0030.npz,/leonardo_work/EUHPC_D21_034/proj_adags/data/n3v/flame_steak/motion_priors/masks/cam00_0030.png,/leonardo_work/EUHPC_D21_034/proj_adags/data/n3v/flame_steak/flow/cam00_0030.npz,0,0.18260252475738525,0.37405550479888916,0.27765214443206787,0.4432770609855652,0.37312668561935425,0.04345377907156944,0.037927594035863876,0.8165505528450012,0.6761142611503601,0.6838608384132385,0.05289847403764725,flame_steak_depth_221_cam00_0030
9,"[400, 160, 496, 256]",1.0,1.0,1.0,flame_steak,cam00,cam00_0081,81,/leonardo_work/EUHPC_D21_034/proj_adags/repo/adags/refine-logs/depth_occlusion_support/r031_da3_depth_full/depth_npz/flame_steak/cam00_0081.npz,/leonardo_work/EUHPC_D21_034/proj_adags/data/n3v/flame_steak/motion_priors/masks/cam00_0081.png,/leonardo_work/EUHPC_D21_034/proj_adags/data/n3v/flame_steak/flow/cam00_0081.npz,2,0.18471357226371765,0.5803637504577637,0.2740669250488281,0.47284892201423645,0.3748228847980499,0.043815575540065765,0.054526567459106445,0.7370831966400146,0.6711629033088684,0.6942421197891235,0.055539023131132126,flame_steak_depth_222_cam00_0081
9,"[400, 176, 496, 272]",1.0,1.0,1.0,flame_steak,cam00,cam00_0081,81,/leonardo_work/EUHPC_D21_034/proj_adags/repo/adags/refine-logs/depth_occlusion_support/r031_da3_depth_full/depth_npz/flame_steak/cam00_0081.npz,/leonardo_work/EUHPC_D21_034/proj_adags/data/n3v/flame_steak/motion_priors/masks/cam00_0081.png,/leonardo_work/EUHPC_D21_034/proj_adags/data/n3v/flame_steak/flow/cam00_0081.npz,3,0.18471357226371765,0.5803637504577637,0.2740669250488281,0.47284892201423645,0.3748228847980499,0.043815575540065765,0.054526567459106445,0.7370831966400146,0.6711629033088684,0.6942421197891235,0.055539023131132126,flame_steak_depth_223_cam00_0081
9,"[240, 192, 336, 288]",1.0,1.0,1.0,flame_steak,cam00,cam00_0162,162,/leonardo_work/EUHPC_D21_034/proj_adags/repo/adags/refine-logs/depth_occlusion_support/r031_da3_depth_full/depth_npz/flame_steak/cam00_0162.npz,/leonardo_work/EUHPC_D21_034/proj_adags/data/n3v/flame_steak/motion_priors/masks/cam00_0162.png,/leonardo_work/EUHPC_D21_034/proj_adags/data/n3v/flame_steak/flow/cam00_0162.npz,0,0.19236032664775848,0.45300376415252686,0.31232622265815735,0.43679362535476685,0.36724552512168884,0.024663586169481277,0.04579088091850281,0.7688193917274475,0.6658847332000732,0.7087811827659607,0.04926589876413345,flame_steak_depth_224_cam00_0162
9,"[240, 208, 336, 304]",1.0,1.0,1.0,flame_steak,cam00,cam00_0162,162,/leonardo_work/EUHPC_D21_034/proj_adags/repo/adags/refine-logs/depth_occlusion_support/r031_da3_depth_full/depth_npz/flame_steak/cam00_0162.npz,/leonardo_work/EUHPC_D21_034/proj_adags/data/n3v/flame_steak/motion_priors/masks/cam00_0162.png,/leonardo_work/EUHPC_D21_034/proj_adags/data/n3v/flame_steak/flow/cam00_0162.npz,1,0.19236032664775848,0.45300376415252686,0.31232622265815735,0.43679362535476685,0.36724552512168884,0.024663586169481277,0.04579088091850281,0.7688193917274475,0.6658847332000732,0.7087811827659607,0.04926589876413345,flame_steak_depth_225_cam00_0162
9,"[208, 336, 304, 432]",1.0,1.0,1.0,flame_steak,cam00,cam00_0165,165,/leonardo_work/EUHPC_D21_034/proj_adags/repo/adags/refine-logs/depth_occlusion_support/r031_da3_depth_full/depth_npz/flame_steak/cam00_0165.npz,/leonardo_work/EUHPC_D21_034/proj_adags/data/n3v/flame_steak/motion_priors/masks/cam00_0165.png,/leonardo_work/EUHPC_D21_034/proj_adags/data/n3v/flame_steak/flow/cam00_0165.npz,0,0.1886380910873413,0.4033774435520172,0.32368308305740356,0.4451617896556854,0.3673599064350128,0.031129278242588043,0.0405418798327446,0.6271634697914124,0.6646797060966492,0.709577739238739,0.04467339068651199,flame_steak_depth_226_cam00_0165
9,"[416, 368, 512, 464]",1.0,1.0,1.0,flame_steak,cam00,cam00_0237,237,/leonardo_work/EUHPC_D21_034/proj_adags/repo/adags/refine-logs/depth_occlusion_support/r031_da3_depth_full/depth_npz/flame_steak/cam00_0237.npz,/leonardo_work/EUHPC_D21_034/proj_adags/data/n3v/flame_steak/motion_priors/masks/cam00_0237.png,/leonardo_work/EUHPC_D21_034/proj_adags/data/n3v/flame_steak/flow/cam00_0237.npz,0,0.19037745893001556,0.5014252662658691,0.30732491612434387,0.46349260210990906,0.36901891231536865,0.030402762815356255,0.044121939688920975,0.4635341763496399,0.6533180475234985,0.7133591175079346,0.050797708332538605,flame_steak_depth_227_cam00_0237
9,"[208, 208, 304, 304]",1.0,1.0,1.0,flame_steak,cam00,cam00_0257,257,/leonardo_work/EUHPC_D21_034/proj_adags/repo/adags/refine-logs/depth_occlusion_support/r031_da3_depth_full/depth_npz/flame_steak/cam00_0257.npz,/leonardo_work/EUHPC_D21_034/proj_adags/data/n3v/flame_steak/motion_priors/masks/cam00_0257.png,/leonardo_work/EUHPC_D21_034/proj_adags/data/n3v/flame_steak/flow/cam00_0257.npz,0,0.18471963703632355,0.529823899269104,0.2834126353263855,0.4723658561706543,0.3639702796936035,0.029676249250769615,0.029040183871984482,0.2394932508468628,0.657008945941925,0.7090175151824951,0.043115321546792984,flame_steak_depth_228_cam00_0257
9,"[224, 208, 320, 304]",1.0,1.0,1.0,flame_steak,cam00,cam00_0257,257,/leonardo_work/EUHPC_D21_034/proj_adags/repo/adags/refine-logs/depth_occlusion_support/r031_da3_depth_full/depth_npz/flame_steak/cam00_0257.npz,/leonardo_work/EUHPC_D21_034/proj_adags/data/n3v/flame_steak/motion_priors/masks/cam00_0257.png,/leonardo_work/EUHPC_D21_034/proj_adags/data/n3v/flame_steak/flow/cam00_0257.npz,1,0.18471963703632355,0.529823899269104,0.2834126353263855,0.4723658561706543,0.3639702796936035,0.029676249250769615,0.029040183871984482,0.2394932508468628,0.657008945941925,0.7090175151824951,0.043115321546792984,flame_steak_depth_229_cam00_0257
8,"[400, 384, 496, 480]",1.0,1.0,1.0,flame_steak,cam00,cam00_0064,64,/leonardo_work/EUHPC_D21_034/proj_adags/repo/adags/refine-logs/depth_occlusion_support/r031_da3_depth_full/depth_npz/flame_steak/cam00_0064.npz,/leonardo_work/EUHPC_D21_034/proj_adags/data/n3v/flame_steak/motion_priors/masks/cam00_0064.png,/leonardo_work/EUHPC_D21_034/proj_adags/data/n3v/flame_steak/flow/cam00_0064.npz,3,0.16493667662143707,0.34221184253692627,0.3211919963359833,0.4833635985851288,0.37358009815216064,0.04581422358751297,0.041075825691223145,0.6342244148254395,0.6718777418136597,0.6882987022399902,0.05351411551237106,flame_steak_depth_230_cam00_0064
8,"[256, 128, 352, 224]",1.0,1.0,1.0,flame_steak,cam00,cam00_0077,77,/leonardo_work/EUHPC_D21_034/proj_adags/repo/adags/refine-logs/depth_occlusion_support/r031_da3_depth_full/depth_npz/flame_steak/cam00_0077.npz,/leonardo_work/EUHPC_D21_034/proj_adags/data/n3v/flame_steak/motion_priors/masks/cam00_0077.png,/leonardo_work/EUHPC_D21_034/proj_adags/data/n3v/flame_steak/flow/cam00_0077.npz,0,0.18720008432865143,0.40349337458610535,0.27098777890205383,0.47230347990989685,0.37187477946281433,0.03767083212733269,0.05089690908789635,0.2718421518802643,0.6723941564559937,0.6926578283309937,0.050365883857011795,flame_steak_depth_231_cam00_0077
8,"[416, 368, 512, 464]",1.0,1.0,1.0,flame_steak,cam00,cam00_0082,82,/leonardo_work/EUHPC_D21_034/proj_adags/repo/adags/refine-logs/depth_occlusion_support/r031_da3_depth_full/depth_npz/flame_steak/cam00_0082.npz,/leonardo_work/EUHPC_D21_034/proj_adags/data/n3v/flame_steak/motion_priors/masks/cam00_0082.png,/leonardo_work/EUHPC_D21_034/proj_adags/data/n3v/flame_steak/flow/cam00_0082.npz,1,0.15816113352775574,0.24948832392692566,0.29177284240722656,0.48385751247406006,0.3712845742702484,0.0422312468290329,0.04370178282260895,0.7109111547470093,0.6718602180480957,0.6941079497337341,0.05607588589191437,flame_steak_depth_232_cam00_0082
8,"[208, 208, 304, 304]",1.0,1.0,1.0,flame_steak,cam00,cam00_0106,106,/leonardo_work/EUHPC_D21_034/proj_adags/repo/adags/refine-logs/depth_occlusion_support/r031_da3_depth_full/depth_npz/flame_steak/cam00_0106.npz,/leonardo_work/EUHPC_D21_034/proj_adags/data/n3v/flame_steak/motion_priors/masks/cam00_0106.png,/leonardo_work/EUHPC_D21_034/proj_adags/data/n3v/flame_steak/flow/cam00_0106.npz,0,0.19658401608467102,0.3326663672924042,0.3049662411212921,0.44482332468032837,0.3711864650249481,0.031371451914310455,0.04628981277346611,0.7506856918334961,0.6710841059684753,0.7044863104820251,0.047950003296136856,flame_steak_depth_233_cam00_0106
8,"[208, 192, 304, 288]",1.0,1.0,1.0,flame_steak,cam00,cam00_0207,207,/leonardo_work/EUHPC_D21_034/proj_adags/repo/adags/refine-logs/depth_occlusion_support/r031_da3_depth_full/depth_npz/flame_steak/cam00_0207.npz,/leonardo_work/EUHPC_D21_034/proj_adags/data/n3v/flame_steak/motion_priors/masks/cam00_0207.png,/leonardo_work/EUHPC_D21_034/proj_adags/data/n3v/flame_steak/flow/cam00_0207.npz,2,0.18893131613731384,0.40744394063949585,0.2853953540325165,0.49550408124923706,0.36961913108825684,0.043039459735155106,0.04142887145280838,0.7856167554855347,0.6532772183418274,0.7137179970741272,0.051530059427022934,flame_steak_depth_234_cam00_0207
8,"[240, 128, 336, 224]",1.0,1.0,1.0,flame_steak,cam00,cam00_0213,213,/leonardo_work/EUHPC_D21_034/proj_adags/repo/adags/refine-logs/depth_occlusion_support/r031_da3_depth_full/depth_npz/flame_steak/cam00_0213.npz,/leonardo_work/EUHPC_D21_034/proj_adags/data/n3v/flame_steak/motion_priors/masks/cam00_0213.png,/leonardo_work/EUHPC_D21_034/proj_adags/data/n3v/flame_steak/flow/cam00_0213.npz,1,0.18796607851982117,0.3687781095504761,0.25649794936180115,0.4571143090724945,0.3690444231033325,0.047626134008169174,0.03942730650305748,0.7835655808448792,0.6513485908508301,0.7133036851882935,0.051667191088199615,flame_steak_depth_235_cam00_0213
64,"[368, 144, 464, 240]",0.9999901056289673,1.0,0.9999920845031738,flame_steak,cam00,cam00_0211,211,/leonardo_work/EUHPC_D21_034/proj_adags/repo/adags/refine-logs/depth_occlusion_support/r031_da3_depth_full/depth_npz/flame_steak/cam00_0211.npz,/leonardo_work/EUHPC_D21_034/proj_adags/data/n3v/flame_steak/motion_priors/masks/cam00_0211.png,/leonardo_work/EUHPC_D21_034/proj_adags/data/n3v/flame_steak/flow/cam00_0211.npz,3,0.19487117230892181,0.40427345037460327,0.2970227897167206,0.4594475328922272,0.3745785355567932,0.047144707292318344,0.05059930309653282,0.8054602146148682,0.6516257524490356,0.7121337056159973,0.051343321800231934,flame_steak_depth_236_cam00_0211
15,"[384, 128, 480, 224]",0.9999524354934692,1.0,0.9999619483947755,flame_steak,cam00,cam00_0151,151,/leonardo_work/EUHPC_D21_034/proj_adags/repo/adags/refine-logs/depth_occlusion_support/r031_da3_depth_full/depth_npz/flame_steak/cam00_0151.npz,/leonardo_work/EUHPC_D21_034/proj_adags/data/n3v/flame_steak/motion_priors/masks/cam00_0151.png,/leonardo_work/EUHPC_D21_034/proj_adags/data/n3v/flame_steak/flow/cam00_0151.npz,2,0.19401149451732635,0.49648454785346985,0.2883528769016266,0.4748283624649048,0.3684439957141876,0.03100673481822014,0.03758038207888603,0.8202735781669617,0.6682451367378235,0.7105901837348938,0.04975024238228798,flame_steak_depth_237_cam00_0151
15,"[400, 128, 496, 224]",0.9999524354934692,1.0,0.9999619483947755,flame_steak,cam00,cam00_0151,151,/leonardo_work/EUHPC_D21_034/proj_adags/repo/adags/refine-logs/depth_occlusion_support/r031_da3_depth_full/depth_npz/flame_steak/cam00_0151.npz,/leonardo_work/EUHPC_D21_034/proj_adags/data/n3v/flame_steak/motion_priors/masks/cam00_0151.png,/leonardo_work/EUHPC_D21_034/proj_adags/data/n3v/flame_steak/flow/cam00_0151.npz,3,0.19401149451732635,0.49648454785346985,0.2883528769016266,0.4748283624649048,0.3684439957141876,0.03100673481822014,0.03758038207888603,0.8202735781669617,0.6682451367378235,0.7105901837348938,0.04975024238228798,flame_steak_depth_238_cam00_0151
68,"[240, 160, 336, 256]",0.9999140501022339,1.0,0.9999312400817872,flame_steak,cam00,cam00_0028,28,/leonardo_work/EUHPC_D21_034/proj_adags/repo/adags/refine-logs/depth_occlusion_support/r031_da3_depth_full/depth_npz/flame_steak/cam00_0028.npz,/leonardo_work/EUHPC_D21_034/proj_adags/data/n3v/flame_steak/motion_priors/masks/cam00_0028.png,/leonardo_work/EUHPC_D21_034/proj_adags/data/n3v/flame_steak/flow/cam00_0028.npz,3,0.1860266476869583,0.42499053478240967,0.3104473948478699,0.4899482727050781,0.3710910975933075,0.03958778455853462,0.035762637853622437,0.8501715660095215,0.6755774021148682,0.6826383471488953,0.05165844038128853,flame_steak_depth_239_cam00_0028
19,"[416, 208, 512, 304]",0.9999127388000488,1.0,0.9999301910400391,flame_steak,cam00,cam00_0042,42,/leonardo_work/EUHPC_D21_034/proj_adags/repo/adags/refine-logs/depth_occlusion_support/r031_da3_depth_full/depth_npz/flame_steak/cam00_0042.npz,/leonardo_work/EUHPC_D21_034/proj_adags/data/n3v/flame_steak/motion_priors/masks/cam00_0042.png,/leonardo_work/EUHPC_D21_034/proj_adags/data/n3v/flame_steak/flow/cam00_0042.npz,2,0.19611488282680511,0.3593577444553375,0.3251476287841797,0.4622306525707245,0.3740745186805725,0.04728475958108902,0.04143470525741577,0.739081859588623,0.6748800873756409,0.6866268515586853,0.0507364347577095,flame_steak_depth_240_cam00_0042
49,"[272, 128, 368, 224]",0.9999064207077026,1.0,0.9999251365661621,flame_steak,cam00,cam00_0060,60,/leonardo_work/EUHPC_D21_034/proj_adags/repo/adags/refine-logs/depth_occlusion_support/r031_da3_depth_full/depth_npz/flame_steak/cam00_0060.npz,/leonardo_work/EUHPC_D21_034/proj_adags/data/n3v/flame_steak/motion_priors/masks/cam00_0060.png,/leonardo_work/EUHPC_D21_034/proj_adags/data/n3v/flame_steak/flow/cam00_0060.npz,2,0.19353947043418884,0.28343847393989563,0.3244139552116394,0.44726860523223877,0.3752354681491852,0.0445450097322464,0.041388023644685745,0.6143984198570251,0.6740864515304565,0.6907350420951843,0.055752016603946686,flame_steak_depth_241_cam00_0060
66,"[240, 160, 336, 256]",0.9998970031738281,1.0,0.9999176025390626,flame_steak,cam00,cam00_0217,217,/leonardo_work/EUHPC_D21_034/proj_adags/repo/adags/refine-logs/depth_occlusion_support/r031_da3_depth_full/depth_npz/flame_steak/cam00_0217.npz,/leonardo_work/EUHPC_D21_034/proj_adags/data/n3v/flame_steak/motion_priors/masks/cam00_0217.png,/leonardo_work/EUHPC_D21_034/proj_adags/data/n3v/flame_steak/flow/cam00_0217.npz,2,0.1940285861492157,0.33928537368774414,0.3236404359340668,0.4700053036212921,0.37569326162338257,0.05152130499482155,0.054996322840452194,0.4879235029220581,0.6513047814369202,0.7143978476524353,0.05190061032772064,flame_steak_depth_242_cam00_0217
21,"[224, 192, 320, 288]",0.9998940825462341,1.0,0.9999152660369874,flame_steak,cam00,cam00_0103,103,/leonardo_work/EUHPC_D21_034/proj_adags/repo/adags/refine-logs/depth_occlusion_support/r031_da3_depth_full/depth_npz/flame_steak/cam00_0103.npz,/leonardo_work/EUHPC_D21_034/proj_adags/data/n3v/flame_steak/motion_priors/masks/cam00_0103.png,/leonardo_work/EUHPC_D21_034/proj_adags/data/n3v/flame_steak/flow/cam00_0103.npz,0,0.19203917682170868,0.44751712679862976,0.3187773525714874,0.46711742877960205,0.37181147933006287,0.03255021572113037,0.05061972513794899,0.7958900928497314,0.6715713739395142,0.7033833861351013,0.04960727319121361,flame_steak_depth_243_cam00_0103
66,"[256, 128, 352, 224]",0.9998728632926941,1.0,0.9998982906341554,flame_steak,cam00,cam00_0214,214,/leonardo_work/EUHPC_D21_034/proj_adags/repo/adags/refine-logs/depth_occlusion_support/r031_da3_depth_full/depth_npz/flame_steak/cam00_0214.npz,/leonardo_work/EUHPC_D21_034/proj_adags/data/n3v/flame_steak/motion_priors/masks/cam00_0214.png,/leonardo_work/EUHPC_D21_034/proj_adags/data/n3v/flame_steak/flow/cam00_0214.npz,1,0.1847134381532669,0.29175829887390137,0.2769615054130554,0.4559434950351715,0.3701498508453369,0.04860649257898331,0.03885543346405029,0.5380764007568359,0.6520605087280273,0.7144182920455933,0.05069267004728317,flame_steak_depth_244_cam00_0214
101,"[304, 128, 400, 224]",0.9998685717582703,1.0,0.9998948574066162,flame_steak,cam00,cam00_0060,60,/leonardo_work/EUHPC_D21_034/proj_adags/repo/adags/refine-logs/depth_occlusion_support/r031_da3_depth_full/depth_npz/flame_steak/cam00_0060.npz,/leonardo_work/EUHPC_D21_034/proj_adags/data/n3v/flame_steak/motion_priors/masks/cam00_0060.png,/leonardo_work/EUHPC_D21_034/proj_adags/data/n3v/flame_steak/flow/cam00_0060.npz,3,0.19353947043418884,0.28343847393989563,0.3244139552116394,0.44726860523223877,0.3752354681491852,0.0445450097322464,0.041388023644685745,0.6143984198570251,0.6740864515304565,0.6907350420951843,0.055752016603946686,flame_steak_depth_245_cam00_0060
118,"[272, 128, 368, 224]",0.9998385906219482,1.0,0.9998708724975587,flame_steak,cam00,cam00_0214,214,/leonardo_work/EUHPC_D21_034/proj_adags/repo/adags/refine-logs/depth_occlusion_support/r031_da3_depth_full/depth_npz/flame_steak/cam00_0214.npz,/leonardo_work/EUHPC_D21_034/proj_adags/data/n3v/flame_steak/motion_priors/masks/cam00_0214.png,/leonardo_work/EUHPC_D21_034/proj_adags/data/n3v/flame_steak/flow/cam00_0214.npz,2,0.1847134381532669,0.29175829887390137,0.2769615054130554,0.4559434950351715,0.3701498508453369,0.04860649257898331,0.03885543346405029,0.5380764007568359,0.6520605087280273,0.7144182920455933,0.05069267004728317,flame_steak_depth_246_cam00_0214
78,"[192, 256, 288, 352]",0.9998211860656738,1.0,0.9998569488525391,flame_steak,cam00,cam00_0087,87,/leonardo_work/EUHPC_D21_034/proj_adags/repo/adags/refine-logs/depth_occlusion_support/r031_da3_depth_full/depth_npz/flame_steak/cam00_0087.npz,/leonardo_work/EUHPC_D21_034/proj_adags/data/n3v/flame_steak/motion_priors/masks/cam00_0087.png,/leonardo_work/EUHPC_D21_034/proj_adags/data/n3v/flame_steak/flow/cam00_0087.npz,3,0.1890932321548462,0.4520972669124603,0.2657356560230255,0.3988390564918518,0.37563809752464294,0.046730391681194305,0.051147837191820145,0.7307400703430176,0.6713817119598389,0.6971744894981384,0.05832253769040108,flame_steak_depth_247_cam00_0087
128,"[400, 224, 496, 320]",0.9998202323913574,1.0,0.9998561859130859,flame_steak,cam00,cam00_0214,214,/leonardo_work/EUHPC_D21_034/proj_adags/repo/adags/refine-logs/depth_occlusion_support/r031_da3_depth_full/depth_npz/flame_steak/cam00_0214.npz,/leonardo_work/EUHPC_D21_034/proj_adags/data/n3v/flame_steak/motion_priors/masks/cam00_0214.png,/leonardo_work/EUHPC_D21_034/proj_adags/data/n3v/flame_steak/flow/cam00_0214.npz,3,0.1847134381532669,0.29175829887390137,0.2769615054130554,0.4559434950351715,0.3701498508453369,0.04860649257898331,0.03885543346405029,0.5380764007568359,0.6520605087280273,0.7144182920455933,0.05069267004728317,flame_steak_depth_248_cam00_0214
21,"[416, 368, 512, 464]",0.9997924566268921,1.0,0.9998339653015138,flame_steak,cam00,cam00_0128,128,/leonardo_work/EUHPC_D21_034/proj_adags/repo/adags/refine-logs/depth_occlusion_support/r031_da3_depth_full/depth_npz/flame_steak/cam00_0128.npz,/leonardo_work/EUHPC_D21_034/proj_adags/data/n3v/flame_steak/motion_priors/masks/cam00_0128.png,/leonardo_work/EUHPC_D21_034/proj_adags/data/n3v/flame_steak/flow/cam00_0128.npz,0,0.19117966294288635,0.45826247334480286,0.3155961036682129,0.4642062187194824,0.36668285727500916,0.026921909302473068,0.02901100553572178,0.6415945887565613,0.6700016260147095,0.7103247046470642,0.04383891820907593,flame_steak_depth_249_cam00_0128
39,"[208, 208, 304, 304]",0.9997831583023071,1.0,0.9998265266418458,flame_steak,cam00,cam00_0086,86,/leonardo_work/EUHPC_D21_034/proj_adags/repo/adags/refine-logs/depth_occlusion_support/r031_da3_depth_full/depth_npz/flame_steak/cam00_0086.npz,/leonardo_work/EUHPC_D21_034/proj_adags/data/n3v/flame_steak/motion_priors/masks/cam00_0086.png,/leonardo_work/EUHPC_D21_034/proj_adags/data/n3v/flame_steak/flow/cam00_0086.npz,3,0.18559207022190094,0.3116227984428406,0.26268357038497925,0.41024354100227356,0.3793518543243408,0.04687044024467468,0.061202339828014374,0.6830117702484131,0.6708856821060181,0.6966259479522705,0.05532894656062126,flame_steak_depth_250_cam00_0086
61,"[208, 320, 304, 416]",0.9997642040252686,1.0,0.9998113632202148,flame_steak,cam00,cam00_0168,168,/leonardo_work/EUHPC_D21_034/proj_adags/repo/adags/refine-logs/depth_occlusion_support/r031_da3_depth_full/depth_npz/flame_steak/cam00_0168.npz,/leonardo_work/EUHPC_D21_034/proj_adags/data/n3v/flame_steak/motion_priors/masks/cam00_0168.png,/leonardo_work/EUHPC_D21_034/proj_adags/data/n3v/flame_steak/flow/cam00_0168.npz,1,0.19050194323062897,0.45745357871055603,0.3132050037384033,0.4314316511154175,0.3768371343612671,0.04486595839262009,0.049977824091911316,0.4807808995246887,0.6646184325218201,0.7115734815597534,0.05444778874516487,flame_steak_depth_251_cam00_0168
79,"[224, 192, 320, 288]",0.9997547268867493,1.0,0.9998037815093994,flame_steak,cam00,cam00_0208,208,/leonardo_work/EUHPC_D21_034/proj_adags/repo/adags/refine-logs/depth_occlusion_support/r031_da3_depth_full/depth_npz/flame_steak/cam00_0208.npz,/leonardo_work/EUHPC_D21_034/proj_adags/data/n3v/flame_steak/motion_priors/masks/cam00_0208.png,/leonardo_work/EUHPC_D21_034/proj_adags/data/n3v/flame_steak/flow/cam00_0208.npz,0,0.18944083154201508,0.32775530219078064,0.3085056245326996,0.4542001783847809,0.3732244372367859,0.043491706252098083,0.04868235066533089,0.8230804204940796,0.6530612707138062,0.713090717792511,0.05057596042752266,flame_steak_depth_252_cam00_0208
23,"[240, 144, 336, 240]",0.9997297525405884,1.0,0.9997838020324707,flame_steak,cam00,cam00_0029,29,/leonardo_work/EUHPC_D21_034/proj_adags/repo/adags/refine-logs/depth_occlusion_support/r031_da3_depth_full/depth_npz/flame_steak/cam00_0029.npz,/leonardo_work/EUHPC_D21_034/proj_adags/data/n3v/flame_steak/motion_priors/masks/cam00_0029.png,/leonardo_work/EUHPC_D21_034/proj_adags/data/n3v/flame_steak/flow/cam00_0029.npz,1,0.18837065994739532,0.2884819507598877,0.31993430852890015,0.482673317193985,0.3740144371986389,0.040769465267658234,0.044585857540369034,0.814677357673645,0.6756474375724792,0.6834844946861267,0.0524258017539978,flame_steak_depth_253_cam00_0029
30,"[240, 144, 336, 240]",0.9997113347053528,1.0,0.9997690677642823,flame_steak,cam00,cam00_0031,31,/leonardo_work/EUHPC_D21_034/proj_adags/repo/adags/refine-logs/depth_occlusion_support/r031_da3_depth_full/depth_npz/flame_steak/cam00_0031.npz,/leonardo_work/EUHPC_D21_034/proj_adags/data/n3v/flame_steak/motion_priors/masks/cam00_0031.png,/leonardo_work/EUHPC_D21_034/proj_adags/data/n3v/flame_steak/flow/cam00_0031.npz,2,0.18380150198936462,0.45169931650161743,0.2782104015350342,0.4266951382160187,0.3730420470237732,0.04553411900997162,0.03106217086315155,0.8131805658340454,0.6756970286369324,0.6848207712173462,0.04812506586313248,flame_steak_depth_254_cam00_0031
27,"[272, 128, 368, 224]",0.9997104406356812,1.0,0.999768352508545,flame_steak,cam00,cam00_0083,83,/leonardo_work/EUHPC_D21_034/proj_adags/repo/adags/refine-logs/depth_occlusion_support/r031_da3_depth_full/depth_npz/flame_steak/cam00_0083.npz,/leonardo_work/EUHPC_D21_034/proj_adags/data/n3v/flame_steak/motion_priors/masks/cam00_0083.png,/leonardo_work/EUHPC_D21_034/proj_adags/data/n3v/flame_steak/flow/cam00_0083.npz,1,0.16037239134311676,0.4262978732585907,0.29024016857147217,0.4749250113964081,0.3743137717247009,0.04343918710947037,0.05139000713825226,0.7628730535507202,0.6708623766899109,0.695167064666748,0.05466661974787712,flame_steak_depth_255_cam00_0083
106,"[416, 352, 512, 448]",0.9996697902679443,1.0,0.9997358322143555,flame_steak,cam00,cam00_0217,217,/leonardo_work/EUHPC_D21_034/proj_adags/repo/adags/refine-logs/depth_occlusion_support/r031_da3_depth_full/depth_npz/flame_steak/cam00_0217.npz,/leonardo_work/EUHPC_D21_034/proj_adags/data/n3v/flame_steak/motion_priors/masks/cam00_0217.png,/leonardo_work/EUHPC_D21_034/proj_adags/data/n3v/flame_steak/flow/cam00_0217.npz,3,0.1940285861492157,0.33928537368774414,0.3236404359340668,0.4700053036212921,0.37569326162338257,0.05152130499482155,0.054996322840452194,0.4879235029220581,0.6513047814369202,0.7143978476524353,0.05190061032772064,flame_steak_depth_256_cam00_0217
40,"[192, 224, 288, 320]",0.9996654391288757,1.0,0.9997323513031007,flame_steak,cam00,cam00_0079,79,/leonardo_work/EUHPC_D21_034/proj_adags/repo/adags/refine-logs/depth_occlusion_support/r031_da3_depth_full/depth_npz/flame_steak/cam00_0079.npz,/leonardo_work/EUHPC_D21_034/proj_adags/data/n3v/flame_steak/motion_priors/masks/cam00_0079.png,/leonardo_work/EUHPC_D21_034/proj_adags/data/n3v/flame_steak/flow/cam00_0079.npz,1,0.17988261580467224,0.41675254702568054,0.28948941826820374,0.44255051016807556,0.37301144003868103,0.041557252407073975,0.048644423484802246,0.6382975578308105,0.6719915270805359,0.6947323083877563,0.048402249813079834,flame_steak_depth_257_cam00_0079
13,"[432, 368, 528, 464]",0.9996646642684937,1.0,0.9997317314147949,flame_steak,cam00,cam00_0128,128,/leonardo_work/EUHPC_D21_034/proj_adags/repo/adags/refine-logs/depth_occlusion_support/r031_da3_depth_full/depth_npz/flame_steak/cam00_0128.npz,/leonardo_work/EUHPC_D21_034/proj_adags/data/n3v/flame_steak/motion_priors/masks/cam00_0128.png,/leonardo_work/EUHPC_D21_034/proj_adags/data/n3v/flame_steak/flow/cam00_0128.npz,1,0.19117966294288635,0.45826247334480286,0.3155961036682129,0.4642062187194824,0.36668285727500916,0.026921909302473068,0.02901100553572178,0.6415945887565613,0.6700016260147095,0.7103247046470642,0.04383891820907593,flame_steak_depth_258_cam00_0128
116,"[208, 336, 304, 432]",0.9996561408042908,1.0,0.9997249126434327,flame_steak,cam00,cam00_0090,90,/leonardo_work/EUHPC_D21_034/proj_adags/repo/adags/refine-logs/depth_occlusion_support/r031_da3_depth_full/depth_npz/flame_steak/cam00_0090.npz,/leonardo_work/EUHPC_D21_034/proj_adags/data/n3v/flame_steak/motion_priors/masks/cam00_0090.png,/leonardo_work/EUHPC_D21_034/proj_adags/data/n3v/flame_steak/flow/cam00_0090.npz,1,0.19364111125469208,0.29490840435028076,0.3187710642814636,0.46332553029060364,0.3757227063179016,0.041881121695041656,0.05156799033284187,0.3712025582790375,0.6717085242271423,0.6996954083442688,0.057184621691703796,flame_steak_depth_259_cam00_0090
16,"[192, 224, 288, 320]",0.9996560215950012,1.0,0.9997248172760009,flame_steak,cam00,cam00_0208,208,/leonardo_work/EUHPC_D21_034/proj_adags/repo/adags/refine-logs/depth_occlusion_support/r031_da3_depth_full/depth_npz/flame_steak/cam00_0208.npz,/leonardo_work/EUHPC_D21_034/proj_adags/data/n3v/flame_steak/motion_priors/masks/cam00_0208.png,/leonardo_work/EUHPC_D21_034/proj_adags/data/n3v/flame_steak/flow/cam00_0208.npz,1,0.18944083154201508,0.32775530219078064,0.3085056245326996,0.4542001783847809,0.3732244372367859,0.043491706252098083,0.04868235066533089,0.8230804204940796,0.6530612707138062,0.713090717792511,0.05057596042752266,flame_steak_depth_260_cam00_0208
91,"[352, 128, 448, 224]",0.9996508955955505,1.0,0.9997207164764406,flame_steak,cam00,cam00_0221,221,/leonardo_work/EUHPC_D21_034/proj_adags/repo/adags/refine-logs/depth_occlusion_support/r031_da3_depth_full/depth_npz/flame_steak/cam00_0221.npz,/leonardo_work/EUHPC_D21_034/proj_adags/data/n3v/flame_steak/motion_priors/masks/cam00_0221.png,/leonardo_work/EUHPC_D21_034/proj_adags/data/n3v/flame_steak/flow/cam00_0221.npz,2,0.1851227730512619,0.6163539290428162,0.2845163643360138,0.44811421632766724,0.36607688665390015,0.040649838745594025,0.022901276126503944,0.8766645789146423,0.651786208152771,0.7144853472709656,0.05209026113152504,flame_steak_depth_261_cam00_0221
93,"[416, 256, 512, 352]",0.9996346831321716,1.0,0.9997077465057373,flame_steak,cam00,cam00_0220,220,/leonardo_work/EUHPC_D21_034/proj_adags/repo/adags/refine-logs/depth_occlusion_support/r031_da3_depth_full/depth_npz/flame_steak/cam00_0220.npz,/leonardo_work/EUHPC_D21_034/proj_adags/data/n3v/flame_steak/motion_priors/masks/cam00_0220.png,/leonardo_work/EUHPC_D21_034/proj_adags/data/n3v/flame_steak/flow/cam00_0220.npz,2,0.1856888383626938,0.5472308993339539,0.2534898519515991,0.4454768896102905,0.3753484785556793,0.04505561292171478,0.05626845359802246,0.5924833416938782,0.6520838141441345,0.715343177318573,0.05068391561508179,flame_steak_depth_262_cam00_0220
43,"[416, 240, 512, 336]",0.99960857629776,1.0,0.9996868610382081,flame_steak,cam00,cam00_0220,220,/leonardo_work/EUHPC_D21_034/proj_adags/repo/adags/refine-logs/depth_occlusion_support/r031_da3_depth_full/depth_npz/flame_steak/cam00_0220.npz,/leonardo_work/EUHPC_D21_034/proj_adags/data/n3v/flame_steak/motion_priors/masks/cam00_0220.png,/leonardo_work/EUHPC_D21_034/proj_adags/data/n3v/flame_steak/flow/cam00_0220.npz,3,0.1856888383626938,0.5472308993339539,0.2534898519515991,0.4454768896102905,0.3753484785556793,0.04505561292171478,0.05626845359802246,0.5924833416938782,0.6520838141441345,0.715343177318573,0.05068391561508179,flame_steak_depth_263_cam00_0220
48,"[240, 192, 336, 288]",0.9996054172515869,1.0,0.9996843338012695,flame_steak,cam00,cam00_0231,231,/leonardo_work/EUHPC_D21_034/proj_adags/repo/adags/refine-logs/depth_occlusion_support/r031_da3_depth_full/depth_npz/flame_steak/cam00_0231.npz,/leonardo_work/EUHPC_D21_034/proj_adags/data/n3v/flame_steak/motion_priors/masks/cam00_0231.png,/leonardo_work/EUHPC_D21_034/proj_adags/data/n3v/flame_steak/flow/cam00_0231.npz,3,0.1815675050020218,0.525512158870697,0.2839823365211487,0.44041553139686584,0.36679959297180176,0.03615069389343262,0.031628210097551346,0.8604478240013123,0.6538286209106445,0.7146633267402649,0.04587549343705177,flame_steak_depth_264_cam00_0231
118,"[208, 256, 304, 352]",0.9996012449264526,1.0,0.9996809959411621,flame_steak,cam00,cam00_0168,168,/leonardo_work/EUHPC_D21_034/proj_adags/repo/adags/refine-logs/depth_occlusion_support/r031_da3_depth_full/depth_npz/flame_steak/cam00_0168.npz,/leonardo_work/EUHPC_D21_034/proj_adags/data/n3v/flame_steak/motion_priors/masks/cam00_0168.png,/leonardo_work/EUHPC_D21_034/proj_adags/data/n3v/flame_steak/flow/cam00_0168.npz,2,0.19050194323062897,0.45745357871055603,0.3132050037384033,0.4314316511154175,0.3768371343612671,0.04486595839262009,0.049977824091911316,0.4807808995246887,0.6646184325218201,0.7115734815597534,0.05444778874516487,flame_steak_depth_265_cam00_0168
118,"[208, 272, 304, 368]",0.9996012449264526,1.0,0.9996809959411621,flame_steak,cam00,cam00_0168,168,/leonardo_work/EUHPC_D21_034/proj_adags/repo/adags/refine-logs/depth_occlusion_support/r031_da3_depth_full/depth_npz/flame_steak/cam00_0168.npz,/leonardo_work/EUHPC_D21_034/proj_adags/data/n3v/flame_steak/motion_priors/masks/cam00_0168.png,/leonardo_work/EUHPC_D21_034/proj_adags/data/n3v/flame_steak/flow/cam00_0168.npz,3,0.19050194323062897,0.45745357871055603,0.3132050037384033,0.4314316511154175,0.3768371343612671,0.04486595839262009,0.049977824091911316,0.4807808995246887,0.6646184325218201,0.7115734815597534,0.05444778874516487,flame_steak_depth_266_cam00_0168
65,"[240, 144, 336, 240]",0.9995867013931274,1.0,0.999669361114502,flame_steak,cam00,cam00_0213,213,/leonardo_work/EUHPC_D21_034/proj_adags/repo/adags/refine-logs/depth_occlusion_support/r031_da3_depth_full/depth_npz/flame_steak/cam00_0213.npz,/leonardo_work/EUHPC_D21_034/proj_adags/data/n3v/flame_steak/motion_priors/masks/cam00_0213.png,/leonardo_work/EUHPC_D21_034/proj_adags/data/n3v/flame_steak/flow/cam00_0213.npz,2,0.18796607851982117,0.3687781095504761,0.25649794936180115,0.4571143090724945,0.3690444231033325,0.047626134008169174,0.03942730650305748,0.7835655808448792,0.6513485908508301,0.7133036851882935,0.051667191088199615,flame_steak_depth_267_cam00_0213
60,"[288, 128, 384, 224]",0.9995841383934021,1.0,0.9996673107147218,flame_steak,cam00,cam00_0090,90,/leonardo_work/EUHPC_D21_034/proj_adags/repo/adags/refine-logs/depth_occlusion_support/r031_da3_depth_full/depth_npz/flame_steak/cam00_0090.npz,/leonardo_work/EUHPC_D21_034/proj_adags/data/n3v/flame_steak/motion_priors/masks/cam00_0090.png,/leonardo_work/EUHPC_D21_034/proj_adags/data/n3v/flame_steak/flow/cam00_0090.npz,2,0.19364111125469208,0.29490840435028076,0.3187710642814636,0.46332553029060364,0.3757227063179016,0.041881121695041656,0.05156799033284187,0.3712025582790375,0.6717085242271423,0.6996954083442688,0.057184621691703796,flame_steak_depth_268_cam00_0090
8,"[0, 256, 96, 352]",0.9995359778404236,1.0,0.9996287822723389,flame_steak,cam00,cam00_0062,62,/leonardo_work/EUHPC_D21_034/proj_adags/repo/adags/refine-logs/depth_occlusion_support/r031_da3_depth_full/depth_npz/flame_steak/cam00_0062.npz,/leonardo_work/EUHPC_D21_034/proj_adags/data/n3v/flame_steak/motion_priors/masks/cam00_0062.png,/leonardo_work/EUHPC_D21_034/proj_adags/data/n3v/flame_steak/flow/cam00_0062.npz,0,0.19192786514759064,0.5054507851600647,0.3194124400615692,0.44685688614845276,0.37789100408554077,0.04613808915019035,0.0512382835149765,0.3880904018878937,0.6727968454360962,0.6906416416168213,0.057310085743665695,flame_steak_depth_269_cam00_0062
126,"[208, 352, 304, 448]",0.9995191097259521,1.0,0.9996152877807618,flame_steak,cam00,cam00_0065,65,/leonardo_work/EUHPC_D21_034/proj_adags/repo/adags/refine-logs/depth_occlusion_support/r031_da3_depth_full/depth_npz/flame_steak/cam00_0065.npz,/leonardo_work/EUHPC_D21_034/proj_adags/data/n3v/flame_steak/motion_priors/masks/cam00_0065.png,/leonardo_work/EUHPC_D21_034/proj_adags/data/n3v/flame_steak/flow/cam00_0065.npz,0,0.1654372364282608,0.40733274817466736,0.3212321400642395,0.4779582619667053,0.3746298849582672,0.043821413069963455,0.042727261781692505,0.7636666297912598,0.67318195104599,0.6893024444580078,0.0523032583296299,flame_steak_depth_270_cam00_0065
28,"[416, 224, 512, 320]",0.9994822144508362,1.0,0.9995857715606691,flame_steak,cam00,cam00_0090,90,/leonardo_work/EUHPC_D21_034/proj_adags/repo/adags/refine-logs/depth_occlusion_support/r031_da3_depth_full/depth_npz/flame_steak/cam00_0090.npz,/leonardo_work/EUHPC_D21_034/proj_adags/data/n3v/flame_steak/motion_priors/masks/cam00_0090.png,/leonardo_work/EUHPC_D21_034/proj_adags/data/n3v/flame_steak/flow/cam00_0090.npz,3,0.19364111125469208,0.29490840435028076,0.3187710642814636,0.46332553029060364,0.3757227063179016,0.041881121695041656,0.05156799033284187,0.3712025582790375,0.6717085242271423,0.6996954083442688,0.057184621691703796,flame_steak_depth_271_cam00_0090
68,"[368, 176, 464, 272]",0.999472439289093,1.0,0.9995779514312744,flame_steak,cam00,cam00_0207,207,/leonardo_work/EUHPC_D21_034/proj_adags/repo/adags/refine-logs/depth_occlusion_support/r031_da3_depth_full/depth_npz/flame_steak/cam00_0207.npz,/leonardo_work/EUHPC_D21_034/proj_adags/data/n3v/flame_steak/motion_priors/masks/cam00_0207.png,/leonardo_work/EUHPC_D21_034/proj_adags/data/n3v/flame_steak/flow/cam00_0207.npz,3,0.18893131613731384,0.40744394063949585,0.2853953540325165,0.49550408124923706,0.36961913108825684,0.043039459735155106,0.04142887145280838,0.7856167554855347,0.6532772183418274,0.7137179970741272,0.051530059427022934,flame_steak_depth_272_cam00_0207
152,"[224, 208, 320, 304]",0.9994657635688782,1.0,0.9995726108551026,flame_steak,cam00,cam00_0208,208,/leonardo_work/EUHPC_D21_034/proj_adags/repo/adags/refine-logs/depth_occlusion_support/r031_da3_depth_full/depth_npz/flame_steak/cam00_0208.npz,/leonardo_work/EUHPC_D21_034/proj_adags/data/n3v/flame_steak/motion_priors/masks/cam00_0208.png,/leonardo_work/EUHPC_D21_034/proj_adags/data/n3v/flame_steak/flow/cam00_0208.npz,2,0.18944083154201508,0.32775530219078064,0.3085056245326996,0.4542001783847809,0.3732244372367859,0.043491706252098083,0.04868235066533089,0.8230804204940796,0.6530612707138062,0.713090717792511,0.05057596042752266,flame_steak_depth_273_cam00_0208
30,"[256, 128, 352, 224]",0.9994631409645081,1.0,0.9995705127716066,flame_steak,cam00,cam00_0039,39,/leonardo_work/EUHPC_D21_034/proj_adags/repo/adags/refine-logs/depth_occlusion_support/r031_da3_depth_full/depth_npz/flame_steak/cam00_0039.npz,/leonardo_work/EUHPC_D21_034/proj_adags/data/n3v/flame_steak/motion_priors/masks/cam00_0039.png,/leonardo_work/EUHPC_D21_034/proj_adags/data/n3v/flame_steak/flow/cam00_0039.npz,1,0.16575105488300323,0.4507073760032654,0.30343616008758545,0.448280394077301,0.3762015998363495,0.04694921895861626,0.04443997144699097,0.6626985669136047,0.6754081845283508,0.6856465339660645,0.051191601902246475,flame_steak_depth_274_cam00_0039
18,"[400, 368, 496, 464]",0.9994604587554932,1.0,0.9995683670043947,flame_steak,cam00,cam00_0061,61,/leonardo_work/EUHPC_D21_034/proj_adags/repo/adags/refine-logs/depth_occlusion_support/r031_da3_depth_full/depth_npz/flame_steak/cam00_0061.npz,/leonardo_work/EUHPC_D21_034/proj_adags/data/n3v/flame_steak/motion_priors/masks/cam00_0061.png,/leonardo_work/EUHPC_D21_034/proj_adags/data/n3v/flame_steak/flow/cam00_0061.npz,1,0.19403478503227234,0.3764590322971344,0.31703972816467285,0.4392452538013458,0.38035622239112854,0.046368591487407684,0.057593103498220444,0.5945578217506409,0.6732315421104431,0.6905103921890259,0.05825251340866089,flame_steak_depth_275_cam00_0061
157,"[256, 160, 352, 256]",0.9994468092918396,1.0,0.9995574474334716,flame_steak,cam00,cam00_0042,42,/leonardo_work/EUHPC_D21_034/proj_adags/repo/adags/refine-logs/depth_occlusion_support/r031_da3_depth_full/depth_npz/flame_steak/cam00_0042.npz,/leonardo_work/EUHPC_D21_034/proj_adags/data/n3v/flame_steak/motion_priors/masks/cam00_0042.png,/leonardo_work/EUHPC_D21_034/proj_adags/data/n3v/flame_steak/flow/cam00_0042.npz,3,0.19611488282680511,0.3593577444553375,0.3251476287841797,0.4622306525707245,0.3740745186805725,0.04728475958108902,0.04143470525741577,0.739081859588623,0.6748800873756409,0.6866268515586853,0.0507364347577095,flame_steak_depth_276_cam00_0042
29,"[240, 192, 336, 288]",0.9994447827339172,1.0,0.9995558261871338,flame_steak,cam00,cam00_0105,105,/leonardo_work/EUHPC_D21_034/proj_adags/repo/adags/refine-logs/depth_occlusion_support/r031_da3_depth_full/depth_npz/flame_steak/cam00_0105.npz,/leonardo_work/EUHPC_D21_034/proj_adags/data/n3v/flame_steak/motion_priors/masks/cam00_0105.png,/leonardo_work/EUHPC_D21_034/proj_adags/data/n3v/flame_steak/flow/cam00_0105.npz,1,0.19276589155197144,0.47483256459236145,0.3080734312534332,0.46684372425079346,0.37345924973487854,0.031065089628100395,0.052869297564029694,0.7899845838546753,0.6710811853408813,0.7044658660888672,0.04648821800947189,flame_steak_depth_277_cam00_0105
29,"[256, 192, 352, 288]",0.9994447827339172,1.0,0.9995558261871338,flame_steak,cam00,cam00_0105,105,/leonardo_work/EUHPC_D21_034/proj_adags/repo/adags/refine-logs/depth_occlusion_support/r031_da3_depth_full/depth_npz/flame_steak/cam00_0105.npz,/leonardo_work/EUHPC_D21_034/proj_adags/data/n3v/flame_steak/motion_priors/masks/cam00_0105.png,/leonardo_work/EUHPC_D21_034/proj_adags/data/n3v/flame_steak/flow/cam00_0105.npz,2,0.19276589155197144,0.47483256459236145,0.3080734312534332,0.46684372425079346,0.37345924973487854,0.031065089628100395,0.052869297564029694,0.7899845838546753,0.6710811853408813,0.7044658660888672,0.04648821800947189,flame_steak_depth_278_cam00_0105
47,"[432, 368, 528, 464]",0.9994414448738098,1.0,0.9995531558990478,flame_steak,cam00,cam00_0155,155,/leonardo_work/EUHPC_D21_034/proj_adags/repo/adags/refine-logs/depth_occlusion_support/r031_da3_depth_full/depth_npz/flame_steak/cam00_0155.npz,/leonardo_work/EUHPC_D21_034/proj_adags/data/n3v/flame_steak/motion_priors/masks/cam00_0155.png,/leonardo_work/EUHPC_D21_034/proj_adags/data/n3v/flame_steak/flow/cam00_0155.npz,1,0.1877191662788391,0.41771548986434937,0.29417866468429565,0.4386695623397827,0.37340617179870605,0.03732654079794884,0.03827480226755142,0.8907864093780518,0.6683764457702637,0.711249589920044,0.05019957199692726,flame_steak_depth_279_cam00_0155
38,"[192, 256, 288, 352]",0.9994266629219055,1.0,0.9995413303375245,flame_steak,cam00,cam00_0039,39,/leonardo_work/EUHPC_D21_034/proj_adags/repo/adags/refine-logs/depth_occlusion_support/r031_da3_depth_full/depth_npz/flame_steak/cam00_0039.npz,/leonardo_work/EUHPC_D21_034/proj_adags/data/n3v/flame_steak/motion_priors/masks/cam00_0039.png,/leonardo_work/EUHPC_D21_034/proj_adags/data/n3v/flame_steak/flow/cam00_0039.npz,2,0.16575105488300323,0.4507073760032654,0.30343616008758545,0.448280394077301,0.3762015998363495,0.04694921895861626,0.04443997144699097,0.6626985669136047,0.6754081845283508,0.6856465339660645,0.051191601902246475,flame_steak_depth_280_cam00_0039
38,"[192, 272, 288, 368]",0.9994266629219055,1.0,0.9995413303375245,flame_steak,cam00,cam00_0039,39,/leonardo_work/EUHPC_D21_034/proj_adags/repo/adags/refine-logs/depth_occlusion_support/r031_da3_depth_full/depth_npz/flame_steak/cam00_0039.npz,/leonardo_work/EUHPC_D21_034/proj_adags/data/n3v/flame_steak/motion_priors/masks/cam00_0039.png,/leonardo_work/EUHPC_D21_034/proj_adags/data/n3v/flame_steak/flow/cam00_0039.npz,3,0.16575105488300323,0.4507073760032654,0.30343616008758545,0.448280394077301,0.3762015998363495,0.04694921895861626,0.04443997144699097,0.6626985669136047,0.6754081845283508,0.6856465339660645,0.051191601902246475,flame_steak_depth_281_cam00_0039
623,"[224, 352, 320, 448]",0.9994057416915894,1.0,0.9995245933532715,flame_steak,cam00,cam00_0065,65,/leonardo_work/EUHPC_D21_034/proj_adags/repo/adags/refine-logs/depth_occlusion_support/r031_da3_depth_full/depth_npz/flame_steak/cam00_0065.npz,/leonardo_work/EUHPC_D21_034/proj_adags/data/n3v/flame_steak/motion_priors/masks/cam00_0065.png,/leonardo_work/EUHPC_D21_034/proj_adags/data/n3v/flame_steak/flow/cam00_0065.npz,1,0.1654372364282608,0.40733274817466736,0.3212321400642395,0.4779582619667053,0.3746298849582672,0.043821413069963455,0.042727261781692505,0.7636666297912598,0.67318195104599,0.6893024444580078,0.0523032583296299,flame_steak_depth_282_cam00_0065
40,"[192, 224, 288, 320]",0.9993733167648315,1.0,0.9994986534118653,flame_steak,cam00,cam00_0080,80,/leonardo_work/EUHPC_D21_034/proj_adags/repo/adags/refine-logs/depth_occlusion_support/r031_da3_depth_full/depth_npz/flame_steak/cam00_0080.npz,/leonardo_work/EUHPC_D21_034/proj_adags/data/n3v/flame_steak/motion_priors/masks/cam00_0080.png,/leonardo_work/EUHPC_D21_034/proj_adags/data/n3v/flame_steak/flow/cam00_0080.npz,0,0.1838841736316681,0.5473632216453552,0.24934105575084686,0.47245505452156067,0.3737388253211975,0.043065719306468964,0.04982610419392586,0.6556493043899536,0.6716647148132324,0.695085346698761,0.05339157208800316,flame_steak_depth_283_cam00_0080
9,"[208, 208, 304, 304]",0.9993481040000916,1.0,0.9994784832000734,flame_steak,cam00,cam00_0066,66,/leonardo_work/EUHPC_D21_034/proj_adags/repo/adags/refine-logs/depth_occlusion_support/r031_da3_depth_full/depth_npz/flame_steak/cam00_0066.npz,/leonardo_work/EUHPC_D21_034/proj_adags/data/n3v/flame_steak/motion_priors/masks/cam00_0066.png,/leonardo_work/EUHPC_D21_034/proj_adags/data/n3v/flame_steak/flow/cam00_0066.npz,0,0.16385716199874878,0.37157610058784485,0.311806321144104,0.4588219225406647,0.3712080121040344,0.04278269782662392,0.03564009070396423,0.8218433260917664,0.6734387278556824,0.6893811821937561,0.0516788624227047,flame_steak_depth_284_cam00_0066
27,"[240, 128, 336, 224]",0.9993413090705872,1.0,0.9994730472564697,flame_steak,cam00,cam00_0210,210,/leonardo_work/EUHPC_D21_034/proj_adags/repo/adags/refine-logs/depth_occlusion_support/r031_da3_depth_full/depth_npz/flame_steak/cam00_0210.npz,/leonardo_work/EUHPC_D21_034/proj_adags/data/n3v/flame_steak/motion_priors/masks/cam00_0210.png,/leonardo_work/EUHPC_D21_034/proj_adags/data/n3v/flame_steak/flow/cam00_0210.npz,1,0.19530975818634033,0.2945459485054016,0.29834723472595215,0.456900954246521,0.3764454424381256,0.044670470058918,0.06013444811105728,0.7862353324890137,0.6517395377159119,0.7144386768341064,0.05381172522902489,flame_steak_depth_285_cam00_0210
188,"[224, 224, 320, 320]",0.9993322491645813,1.0,0.9994657993316651,flame_steak,cam00,cam00_0208,208,/leonardo_work/EUHPC_D21_034/proj_adags/repo/adags/refine-logs/depth_occlusion_support/r031_da3_depth_full/depth_npz/flame_steak/cam00_0208.npz,/leonardo_work/EUHPC_D21_034/proj_adags/data/n3v/flame_steak/motion_priors/masks/cam00_0208.png,/leonardo_work/EUHPC_D21_034/proj_adags/data/n3v/flame_steak/flow/cam00_0208.npz,3,0.18944083154201508,0.32775530219078064,0.3085056245326996,0.4542001783847809,0.3732244372367859,0.043491706252098083,0.04868235066533089,0.8230804204940796,0.6530612707138062,0.713090717792511,0.05057596042752266,flame_steak_depth_286_cam00_0208
70,"[416, 368, 512, 464]",0.9993118047714233,1.0,0.9994494438171386,flame_steak,cam00,cam00_0155,155,/leonardo_work/EUHPC_D21_034/proj_adags/repo/adags/refine-logs/depth_occlusion_support/r031_da3_depth_full/depth_npz/flame_steak/cam00_0155.npz,/leonardo_work/EUHPC_D21_034/proj_adags/data/n3v/flame_steak/motion_priors/masks/cam00_0155.png,/leonardo_work/EUHPC_D21_034/proj_adags/data/n3v/flame_steak/flow/cam00_0155.npz,2,0.1877191662788391,0.41771548986434937,0.29417866468429565,0.4386695623397827,0.37340617179870605,0.03732654079794884,0.03827480226755142,0.8907864093780518,0.6683764457702637,0.711249589920044,0.05019957199692726,flame_steak_depth_287_cam00_0155
15,"[208, 208, 304, 304]",0.9992941617965698,1.0,0.999435329437256,flame_steak,cam00,cam00_0103,103,/leonardo_work/EUHPC_D21_034/proj_adags/repo/adags/refine-logs/depth_occlusion_support/r031_da3_depth_full/depth_npz/flame_steak/cam00_0103.npz,/leonardo_work/EUHPC_D21_034/proj_adags/data/n3v/flame_steak/motion_priors/masks/cam00_0103.png,/leonardo_work/EUHPC_D21_034/proj_adags/data/n3v/flame_steak/flow/cam00_0103.npz,1,0.19203917682170868,0.44751712679862976,0.3187773525714874,0.46711742877960205,0.37181147933006287,0.03255021572113037,0.05061972513794899,0.7958900928497314,0.6715713739395142,0.7033833861351013,0.04960727319121361,flame_steak_depth_288_cam00_0103
102,"[416, 256, 512, 352]",0.9992902874946594,1.0,0.9994322299957277,flame_steak,cam00,cam00_0033,33,/leonardo_work/EUHPC_D21_034/proj_adags/repo/adags/refine-logs/depth_occlusion_support/r031_da3_depth_full/depth_npz/flame_steak/cam00_0033.npz,/leonardo_work/EUHPC_D21_034/proj_adags/data/n3v/flame_steak/motion_priors/masks/cam00_0033.png,/leonardo_work/EUHPC_D21_034/proj_adags/data/n3v/flame_steak/flow/cam00_0033.npz,1,0.16579239070415497,0.5494343042373657,0.2907821536064148,0.44848328828811646,0.3787873387336731,0.04752401262521744,0.052192382514476776,0.6000986099243164,0.6752623319625854,0.6860112547874451,0.051354993134737015,flame_steak_depth_289_cam00_0033
78,"[224, 192, 320, 288]",0.9992777705192566,1.0,0.9994222164154054,flame_steak,cam00,cam00_0210,210,/leonardo_work/EUHPC_D21_034/proj_adags/repo/adags/refine-logs/depth_occlusion_support/r031_da3_depth_full/depth_npz/flame_steak/cam00_0210.npz,/leonardo_work/EUHPC_D21_034/proj_adags/data/n3v/flame_steak/motion_priors/masks/cam00_0210.png,/leonardo_work/EUHPC_D21_034/proj_adags/data/n3v/flame_steak/flow/cam00_0210.npz,2,0.19530975818634033,0.2945459485054016,0.29834723472595215,0.456900954246521,0.3764454424381256,0.044670470058918,0.06013444811105728,0.7862353324890137,0.6517395377159119,0.7144386768341064,0.05381172522902489,flame_steak_depth_290_cam00_0210
39,"[208, 368, 304, 464]",0.9992775321006775,1.0,0.999422025680542,flame_steak,cam00,cam00_0065,65,/leonardo_work/EUHPC_D21_034/proj_adags/repo/adags/refine-logs/depth_occlusion_support/r031_da3_depth_full/depth_npz/flame_steak/cam00_0065.npz,/leonardo_work/EUHPC_D21_034/proj_adags/data/n3v/flame_steak/motion_priors/masks/cam00_0065.png,/leonardo_work/EUHPC_D21_034/proj_adags/data/n3v/flame_steak/flow/cam00_0065.npz,2,0.1654372364282608,0.40733274817466736,0.3212321400642395,0.4779582619667053,0.3746298849582672,0.043821413069963455,0.042727261781692505,0.7636666297912598,0.67318195104599,0.6893024444580078,0.0523032583296299,flame_steak_depth_291_cam00_0065
138,"[304, 128, 400, 224]",0.9992676973342896,1.0,0.9994141578674316,flame_steak,cam00,cam00_0221,221,/leonardo_work/EUHPC_D21_034/proj_adags/repo/adags/refine-logs/depth_occlusion_support/r031_da3_depth_full/depth_npz/flame_steak/cam00_0221.npz,/leonardo_work/EUHPC_D21_034/proj_adags/data/n3v/flame_steak/motion_priors/masks/cam00_0221.png,/leonardo_work/EUHPC_D21_034/proj_adags/data/n3v/flame_steak/flow/cam00_0221.npz,3,0.1851227730512619,0.6163539290428162,0.2845163643360138,0.44811421632766724,0.36607688665390015,0.040649838745594025,0.022901276126503944,0.8766645789146423,0.651786208152771,0.7144853472709656,0.05209026113152504,flame_steak_depth_292_cam00_0221
443,"[224, 368, 320, 464]",0.9992653727531433,1.0,0.9994122982025146,flame_steak,cam00,cam00_0065,65,/leonardo_work/EUHPC_D21_034/proj_adags/repo/adags/refine-logs/depth_occlusion_support/r031_da3_depth_full/depth_npz/flame_steak/cam00_0065.npz,/leonardo_work/EUHPC_D21_034/proj_adags/data/n3v/flame_steak/motion_priors/masks/cam00_0065.png,/leonardo_work/EUHPC_D21_034/proj_adags/data/n3v/flame_steak/flow/cam00_0065.npz,3,0.1654372364282608,0.40733274817466736,0.3212321400642395,0.4779582619667053,0.3746298849582672,0.043821413069963455,0.042727261781692505,0.7636666297912598,0.67318195104599,0.6893024444580078,0.0523032583296299,flame_steak_depth_293_cam00_0065
63,"[240, 128, 336, 224]",0.9992592930793762,1.0,0.9994074344635011,flame_steak,cam00,cam00_0194,194,/leonardo_work/EUHPC_D21_034/proj_adags/repo/adags/refine-logs/depth_occlusion_support/r031_da3_depth_full/depth_npz/flame_steak/cam00_0194.npz,/leonardo_work/EUHPC_D21_034/proj_adags/data/n3v/flame_steak/motion_priors/masks/cam00_0194.png,/leonardo_work/EUHPC_D21_034/proj_adags/data/n3v/flame_steak/flow/cam00_0194.npz,1,0.1922270953655243,0.38834241032600403,0.28515058755874634,0.4342011511325836,0.3795231878757477,0.04938552528619766,0.05225073918700218,0.3047424852848053,0.6572248935699463,0.7119206786155701,0.05219530314207077,flame_steak_depth_294_cam00_0194
104,"[224, 208, 320, 304]",0.9992549419403076,1.0,0.9994039535522461,flame_steak,cam00,cam00_0062,62,/leonardo_work/EUHPC_D21_034/proj_adags/repo/adags/refine-logs/depth_occlusion_support/r031_da3_depth_full/depth_npz/flame_steak/cam00_0062.npz,/leonardo_work/EUHPC_D21_034/proj_adags/data/n3v/flame_steak/motion_priors/masks/cam00_0062.png,/leonardo_work/EUHPC_D21_034/proj_adags/data/n3v/flame_steak/flow/cam00_0062.npz,1,0.19192786514759064,0.5054507851600647,0.3194124400615692,0.44685688614845276,0.37789100408554077,0.04613808915019035,0.0512382835149765,0.3880904018878937,0.6727968454360962,0.6906416416168213,0.057310085743665695,flame_steak_depth_295_cam00_0062
13,"[400, 384, 496, 480]",0.9992528557777405,1.0,0.9994022846221924,flame_steak,cam00,cam00_0061,61,/leonardo_work/EUHPC_D21_034/proj_adags/repo/adags/refine-logs/depth_occlusion_support/r031_da3_depth_full/depth_npz/flame_steak/cam00_0061.npz,/leonardo_work/EUHPC_D21_034/proj_adags/data/n3v/flame_steak/motion_priors/masks/cam00_0061.png,/leonardo_work/EUHPC_D21_034/proj_adags/data/n3v/flame_steak/flow/cam00_0061.npz,2,0.19403478503227234,0.3764590322971344,0.31703972816467285,0.4392452538013458,0.38035622239112854,0.046368591487407684,0.057593103498220444,0.5945578217506409,0.6732315421104431,0.6905103921890259,0.05825251340866089,flame_steak_depth_296_cam00_0061
13,"[400, 400, 496, 496]",0.9992528557777405,1.0,0.9994022846221924,flame_steak,cam00,cam00_0061,61,/leonardo_work/EUHPC_D21_034/proj_adags/repo/adags/refine-logs/depth_occlusion_support/r031_da3_depth_full/depth_npz/flame_steak/cam00_0061.npz,/leonardo_work/EUHPC_D21_034/proj_adags/data/n3v/flame_steak/motion_priors/masks/cam00_0061.png,/leonardo_work/EUHPC_D21_034/proj_adags/data/n3v/flame_steak/flow/cam00_0061.npz,3,0.19403478503227234,0.3764590322971344,0.31703972816467285,0.4392452538013458,0.38035622239112854,0.046368591487407684,0.057593103498220444,0.5945578217506409,0.6732315421104431,0.6905103921890259,0.05825251340866089,flame_steak_depth_297_cam00_0061
67,"[352, 128, 448, 224]",0.9992088079452515,1.0,0.9993670463562012,flame_steak,cam00,cam00_0063,63,/leonardo_work/EUHPC_D21_034/proj_adags/repo/adags/refine-logs/depth_occlusion_support/r031_da3_depth_full/depth_npz/flame_steak/cam00_0063.npz,/leonardo_work/EUHPC_D21_034/proj_adags/data/n3v/flame_steak/motion_priors/masks/cam00_0063.png,/leonardo_work/EUHPC_D21_034/proj_adags/data/n3v/flame_steak/flow/cam00_0063.npz,0,0.16328927874565125,0.5667737126350403,0.3135916292667389,0.4454286992549896,0.3789520561695099,0.04657283425331116,0.052930571138858795,0.621768593788147,0.6719565391540527,0.6886109113693237,0.054757069796323776,flame_steak_depth_298_cam00_0063
58,"[192, 368, 288, 464]",0.9991974234580994,1.0,0.9993579387664795,flame_steak,cam00,cam00_0202,202,/leonardo_work/EUHPC_D21_034/proj_adags/repo/adags/refine-logs/depth_occlusion_support/r031_da3_depth_full/depth_npz/flame_steak/cam00_0202.npz,/leonardo_work/EUHPC_D21_034/proj_adags/data/n3v/flame_steak/motion_priors/masks/cam00_0202.png,/leonardo_work/EUHPC_D21_034/proj_adags/data/n3v/flame_steak/flow/cam00_0202.npz,0,0.19071438908576965,0.29343751072883606,0.3203781247138977,0.44006988406181335,0.3684651255607605,0.02944283001124859,0.042584292590618134,0.8829202055931091,0.6537352800369263,0.715874195098877,0.044209469109773636,flame_steak_depth_299_cam00_0202
20,"[224, 192, 320, 288]",0.9991949200630188,1.0,0.9993559360504152,flame_steak,cam00,cam00_0105,105,/leonardo_work/EUHPC_D21_034/proj_adags/repo/adags/refine-logs/depth_occlusion_support/r031_da3_depth_full/depth_npz/flame_steak/cam00_0105.npz,/leonardo_work/EUHPC_D21_034/proj_adags/data/n3v/flame_steak/motion_priors/masks/cam00_0105.png,/leonardo_work/EUHPC_D21_034/proj_adags/data/n3v/flame_steak/flow/cam00_0105.npz,3,0.19276589155197144,0.47483256459236145,0.3080734312534332,0.46684372425079346,0.37345924973487854,0.031065089628100395,0.052869297564029694,0.7899845838546753,0.6710811853408813,0.7044658660888672,0.04648821800947189,flame_steak_depth_300_cam00_0105
75,"[288, 128, 384, 224]",0.9991225004196167,1.0,0.9992980003356935,flame_steak,cam00,cam00_0031,31,/leonardo_work/EUHPC_D21_034/proj_adags/repo/adags/refine-logs/depth_occlusion_support/r031_da3_depth_full/depth_npz/flame_steak/cam00_0031.npz,/leonardo_work/EUHPC_D21_034/proj_adags/data/n3v/flame_steak/motion_priors/masks/cam00_0031.png,/leonardo_work/EUHPC_D21_034/proj_adags/data/n3v/flame_steak/flow/cam00_0031.npz,3,0.18380150198936462,0.45169931650161743,0.2782104015350342,0.4266951382160187,0.3730420470237732,0.04553411900997162,0.03106217086315155,0.8131805658340454,0.6756970286369324,0.6848207712173462,0.04812506586313248,flame_steak_depth_301_cam00_0031
16,"[400, 384, 496, 480]",0.9990962743759155,1.0,0.9992770195007326,flame_steak,cam00,cam00_0041,41,/leonardo_work/EUHPC_D21_034/proj_adags/repo/adags/refine-logs/depth_occlusion_support/r031_da3_depth_full/depth_npz/flame_steak/cam00_0041.npz,/leonardo_work/EUHPC_D21_034/proj_adags/data/n3v/flame_steak/motion_priors/masks/cam00_0041.png,/leonardo_work/EUHPC_D21_034/proj_adags/data/n3v/flame_steak/flow/cam00_0041.npz,0,0.16773585975170135,0.2673186659812927,0.3112947344779968,0.4436955153942108,0.37645408511161804,0.047506507486104965,0.04006337374448776,0.8203727602958679,0.6752710342407227,0.686454713344574,0.048877838999032974,flame_steak_depth_302_cam00_0041
16,"[400, 400, 496, 496]",0.9990962743759155,1.0,0.9992770195007326,flame_steak,cam00,cam00_0041,41,/leonardo_work/EUHPC_D21_034/proj_adags/repo/adags/refine-logs/depth_occlusion_support/r031_da3_depth_full/depth_npz/flame_steak/cam00_0041.npz,/leonardo_work/EUHPC_D21_034/proj_adags/data/n3v/flame_steak/motion_priors/masks/cam00_0041.png,/leonardo_work/EUHPC_D21_034/proj_adags/data/n3v/flame_steak/flow/cam00_0041.npz,1,0.16773585975170135,0.2673186659812927,0.3112947344779968,0.4436955153942108,0.37645408511161804,0.047506507486104965,0.04006337374448776,0.8203727602958679,0.6752710342407227,0.686454713344574,0.048877838999032974,flame_steak_depth_303_cam00_0041
16,"[400, 411, 496, 507]",0.9990962743759155,1.0,0.9992770195007326,flame_steak,cam00,cam00_0041,41,/leonardo_work/EUHPC_D21_034/proj_adags/repo/adags/refine-logs/depth_occlusion_support/r031_da3_depth_full/depth_npz/flame_steak/cam00_0041.npz,/leonardo_work/EUHPC_D21_034/proj_adags/data/n3v/flame_steak/motion_priors/masks/cam00_0041.png,/leonardo_work/EUHPC_D21_034/proj_adags/data/n3v/flame_steak/flow/cam00_0041.npz,2,0.16773585975170135,0.2673186659812927,0.3112947344779968,0.4436955153942108,0.37645408511161804,0.047506507486104965,0.04006337374448776,0.8203727602958679,0.6752710342407227,0.686454713344574,0.048877838999032974,flame_steak_depth_304_cam00_0041
68,"[224, 192, 320, 288]",0.9990458488464355,1.0,0.9992366790771485,flame_steak,cam00,cam00_0209,209,/leonardo_work/EUHPC_D21_034/proj_adags/repo/adags/refine-logs/depth_occlusion_support/r031_da3_depth_full/depth_npz/flame_steak/cam00_0209.npz,/leonardo_work/EUHPC_D21_034/proj_adags/data/n3v/flame_steak/motion_priors/masks/cam00_0209.png,/leonardo_work/EUHPC_D21_034/proj_adags/data/n3v/flame_steak/flow/cam00_0209.npz,0,0.19067369401454926,0.47959762811660767,0.3105735778808594,0.4508763551712036,0.3730359673500061,0.04470256716012955,0.044647131115198135,0.5815097689628601,0.6525973677635193,0.7138405442237854,0.05337114632129669,flame_steak_depth_305_cam00_0209
132,"[256, 144, 352, 240]",0.999028742313385,1.0,0.999222993850708,flame_steak,cam00,cam00_0213,213,/leonardo_work/EUHPC_D21_034/proj_adags/repo/adags/refine-logs/depth_occlusion_support/r031_da3_depth_full/depth_npz/flame_steak/cam00_0213.npz,/leonardo_work/EUHPC_D21_034/proj_adags/data/n3v/flame_steak/motion_priors/masks/cam00_0213.png,/leonardo_work/EUHPC_D21_034/proj_adags/data/n3v/flame_steak/flow/cam00_0213.npz,3,0.18796607851982117,0.3687781095504761,0.25649794936180115,0.4571143090724945,0.3690444231033325,0.047626134008169174,0.03942730650305748,0.7835655808448792,0.6513485908508301,0.7133036851882935,0.051667191088199615,flame_steak_depth_306_cam00_0213
35,"[192, 224, 288, 320]",0.999022364616394,1.0,0.9992178916931154,flame_steak,cam00,cam00_0274,274,/leonardo_work/EUHPC_D21_034/proj_adags/repo/adags/refine-logs/depth_occlusion_support/r031_da3_depth_full/depth_npz/flame_steak/cam00_0274.npz,/leonardo_work/EUHPC_D21_034/proj_adags/data/n3v/flame_steak/motion_priors/masks/cam00_0274.png,/leonardo_work/EUHPC_D21_034/proj_adags/data/n3v/flame_steak/flow/cam00_0274.npz,0,0.18281233310699463,0.23847627639770508,0.25312551856040955,0.4381807744503021,0.357174813747406,0.018291259184479713,0.036953072994947433,0.894891619682312,0.6574378609657288,0.6995787024497986,0.03589393571019173,flame_steak_depth_307_cam00_0274
37,"[416, 208, 512, 304]",0.9988803267478943,1.0,0.9991042613983154,flame_steak,cam00,cam00_0044,44,/leonardo_work/EUHPC_D21_034/proj_adags/repo/adags/refine-logs/depth_occlusion_support/r031_da3_depth_full/depth_npz/flame_steak/cam00_0044.npz,/leonardo_work/EUHPC_D21_034/proj_adags/data/n3v/flame_steak/motion_priors/masks/cam00_0044.png,/leonardo_work/EUHPC_D21_034/proj_adags/data/n3v/flame_steak/flow/cam00_0044.npz,1,0.19165536761283875,0.37132102251052856,0.29160550236701965,0.47337064146995544,0.3716527819633484,0.04234212264418602,0.03627907484769821,0.7534662485122681,0.6739172339439392,0.68595290184021,0.04851895943284035,flame_steak_depth_308_cam00_0044
14,"[16, 352, 112, 448]",0.9988802075386047,1.0,0.9991041660308839,flame_steak,cam00,cam00_0067,67,/leonardo_work/EUHPC_D21_034/proj_adags/repo/adags/refine-logs/depth_occlusion_support/r031_da3_depth_full/depth_npz/flame_steak/cam00_0067.npz,/leonardo_work/EUHPC_D21_034/proj_adags/data/n3v/flame_steak/motion_priors/masks/cam00_0067.png,/leonardo_work/EUHPC_D21_034/proj_adags/data/n3v/flame_steak/flow/cam00_0067.npz,0,0.16548222303390503,0.38558223843574524,0.29616326093673706,0.4577847123146057,0.373198926448822,0.04036681726574898,0.04069652035832405,0.8062713742256165,0.674305260181427,0.6897809505462646,0.05095818266272545,flame_steak_depth_309_cam00_0067
14,"[32, 352, 128, 448]",0.9988802075386047,1.0,0.9991041660308839,flame_steak,cam00,cam00_0067,67,/leonardo_work/EUHPC_D21_034/proj_adags/repo/adags/refine-logs/depth_occlusion_support/r031_da3_depth_full/depth_npz/flame_steak/cam00_0067.npz,/leonardo_work/EUHPC_D21_034/proj_adags/data/n3v/flame_steak/motion_priors/masks/cam00_0067.png,/leonardo_work/EUHPC_D21_034/proj_adags/data/n3v/flame_steak/flow/cam00_0067.npz,1,0.16548222303390503,0.38558223843574524,0.29616326093673706,0.4577847123146057,0.373198926448822,0.04036681726574898,0.04069652035832405,0.8062713742256165,0.674305260181427,0.6897809505462646,0.05095818266272545,flame_steak_depth_310_cam00_0067
14,"[48, 352, 144, 448]",0.9988802075386047,1.0,0.9991041660308839,flame_steak,cam00,cam00_0067,67,/leonardo_work/EUHPC_D21_034/proj_adags/repo/adags/refine-logs/depth_occlusion_support/r031_da3_depth_full/depth_npz/flame_steak/cam00_0067.npz,/leonardo_work/EUHPC_D21_034/proj_adags/data/n3v/flame_steak/motion_priors/masks/cam00_0067.png,/leonardo_work/EUHPC_D21_034/proj_adags/data/n3v/flame_steak/flow/cam00_0067.npz,2,0.16548222303390503,0.38558223843574524,0.29616326093673706,0.4577847123146057,0.373198926448822,0.04036681726574898,0.04069652035832405,0.8062713742256165,0.674305260181427,0.6897809505462646,0.05095818266272545,flame_steak_depth_311_cam00_0067
14,"[64, 352, 160, 448]",0.9988802075386047,1.0,0.9991041660308839,flame_steak,cam00,cam00_0067,67,/leonardo_work/EUHPC_D21_034/proj_adags/repo/adags/refine-logs/depth_occlusion_support/r031_da3_depth_full/depth_npz/flame_steak/cam00_0067.npz,/leonardo_work/EUHPC_D21_034/proj_adags/data/n3v/flame_steak/motion_priors/masks/cam00_0067.png,/leonardo_work/EUHPC_D21_034/proj_adags/data/n3v/flame_steak/flow/cam00_0067.npz,3,0.16548222303390503,0.38558223843574524,0.29616326093673706,0.4577847123146057,0.373198926448822,0.04036681726574898,0.04069652035832405,0.8062713742256165,0.674305260181427,0.6897809505462646,0.05095818266272545,flame_steak_depth_312_cam00_0067
509,"[384, 320, 480, 416]",0.9988654851913452,1.0,0.9990923881530762,flame_steak,cam00,cam00_0194,194,/leonardo_work/EUHPC_D21_034/proj_adags/repo/adags/refine-logs/depth_occlusion_support/r031_da3_depth_full/depth_npz/flame_steak/cam00_0194.npz,/leonardo_work/EUHPC_D21_034/proj_adags/data/n3v/flame_steak/motion_priors/masks/cam00_0194.png,/leonardo_work/EUHPC_D21_034/proj_adags/data/n3v/flame_steak/flow/cam00_0194.npz,2,0.1922270953655243,0.38834241032600403,0.28515058755874634,0.4342011511325836,0.3795231878757477,0.04938552528619766,0.05225073918700218,0.3047424852848053,0.6572248935699463,0.7119206786155701,0.05219530314207077,flame_steak_depth_313_cam00_0194
39,"[224, 144, 320, 240]",0.9988641142845154,1.0,0.9990912914276124,flame_steak,cam00,cam00_0194,194,/leonardo_work/EUHPC_D21_034/proj_adags/repo/adags/refine-logs/depth_occlusion_support/r031_da3_depth_full/depth_npz/flame_steak/cam00_0194.npz,/leonardo_work/EUHPC_D21_034/proj_adags/data/n3v/flame_steak/motion_priors/masks/cam00_0194.png,/leonardo_work/EUHPC_D21_034/proj_adags/data/n3v/flame_steak/flow/cam00_0194.npz,3,0.1922270953655243,0.38834241032600403,0.28515058755874634,0.4342011511325836,0.3795231878757477,0.04938552528619766,0.05225073918700218,0.3047424852848053,0.6572248935699463,0.7119206786155701,0.05219530314207077,flame_steak_depth_314_cam00_0194
50,"[400, 192, 496, 288]",0.9988618493080139,1.0,0.9990894794464111,flame_steak,cam00,cam00_0063,63,/leonardo_work/EUHPC_D21_034/proj_adags/repo/adags/refine-logs/depth_occlusion_support/r031_da3_depth_full/depth_npz/flame_steak/cam00_0063.npz,/leonardo_work/EUHPC_D21_034/proj_adags/data/n3v/flame_steak/motion_priors/masks/cam00_0063.png,/leonardo_work/EUHPC_D21_034/proj_adags/data/n3v/flame_steak/flow/cam00_0063.npz,1,0.16328927874565125,0.5667737126350403,0.3135916292667389,0.4454286992549896,0.3789520561695099,0.04657283425331116,0.052930571138858795,0.621768593788147,0.6719565391540527,0.6886109113693237,0.054757069796323776,flame_steak_depth_315_cam00_0063
32,"[224, 192, 320, 288]",0.998852014541626,1.0,0.9990816116333008,flame_steak,cam00,cam00_0062,62,/leonardo_work/EUHPC_D21_034/proj_adags/repo/adags/refine-logs/depth_occlusion_support/r031_da3_depth_full/depth_npz/flame_steak/cam00_0062.npz,/leonardo_work/EUHPC_D21_034/proj_adags/data/n3v/flame_steak/motion_priors/masks/cam00_0062.png,/leonardo_work/EUHPC_D21_034/proj_adags/data/n3v/flame_steak/flow/cam00_0062.npz,2,0.19192786514759064,0.5054507851600647,0.3194124400615692,0.44685688614845276,0.37789100408554077,0.04613808915019035,0.0512382835149765,0.3880904018878937,0.6727968454360962,0.6906416416168213,0.057310085743665695,flame_steak_depth_316_cam00_0062
36,"[384, 128, 480, 224]",0.9988449811935425,1.0,0.9990759849548341,flame_steak,cam00,cam00_0155,155,/leonardo_work/EUHPC_D21_034/proj_adags/repo/adags/refine-logs/depth_occlusion_support/r031_da3_depth_full/depth_npz/flame_steak/cam00_0155.npz,/leonardo_work/EUHPC_D21_034/proj_adags/data/n3v/flame_steak/motion_priors/masks/cam00_0155.png,/leonardo_work/EUHPC_D21_034/proj_adags/data/n3v/flame_steak/flow/cam00_0155.npz,3,0.1877191662788391,0.41771548986434937,0.29417866468429565,0.4386695623397827,0.37340617179870605,0.03732654079794884,0.03827480226755142,0.8907864093780518,0.6683764457702637,0.711249589920044,0.05019957199692726,flame_steak_depth_317_cam00_0155
169,"[416, 240, 512, 336]",0.9988349080085754,1.0,0.9990679264068605,flame_steak,cam00,cam00_0044,44,/leonardo_work/EUHPC_D21_034/proj_adags/repo/adags/refine-logs/depth_occlusion_support/r031_da3_depth_full/depth_npz/flame_steak/cam00_0044.npz,/leonardo_work/EUHPC_D21_034/proj_adags/data/n3v/flame_steak/motion_priors/masks/cam00_0044.png,/leonardo_work/EUHPC_D21_034/proj_adags/data/n3v/flame_steak/flow/cam00_0044.npz,2,0.19165536761283875,0.37132102251052856,0.29160550236701965,0.47337064146995544,0.3716527819633484,0.04234212264418602,0.03627907484769821,0.7534662485122681,0.6739172339439392,0.68595290184021,0.04851895943284035,flame_steak_depth_318_cam00_0044
16,"[400, 368, 496, 464]",0.998784065246582,1.0,0.9990272521972656,flame_steak,cam00,cam00_0085,85,/leonardo_work/EUHPC_D21_034/proj_adags/repo/adags/refine-logs/depth_occlusion_support/r031_da3_depth_full/depth_npz/flame_steak/cam00_0085.npz,/leonardo_work/EUHPC_D21_034/proj_adags/data/n3v/flame_steak/motion_priors/masks/cam00_0085.png,/leonardo_work/EUHPC_D21_034/proj_adags/data/n3v/flame_steak/flow/cam00_0085.npz,0,0.15648822486400604,0.3977954089641571,0.2612777054309845,0.3794560730457306,0.37670376896858215,0.04587549343705177,0.05321650579571724,0.7149288654327393,0.6713262796401978,0.6964129209518433,0.05595042183995247,flame_steak_depth_319_cam00_0085
16,"[416, 368, 512, 464]",0.998784065246582,1.0,0.9990272521972656,flame_steak,cam00,cam00_0085,85,/leonardo_work/EUHPC_D21_034/proj_adags/repo/adags/refine-logs/depth_occlusion_support/r031_da3_depth_full/depth_npz/flame_steak/cam00_0085.npz,/leonardo_work/EUHPC_D21_034/proj_adags/data/n3v/flame_steak/motion_priors/masks/cam00_0085.png,/leonardo_work/EUHPC_D21_034/proj_adags/data/n3v/flame_steak/flow/cam00_0085.npz,1,0.15648822486400604,0.3977954089641571,0.2612777054309845,0.3794560730457306,0.37670376896858215,0.04587549343705177,0.05321650579571724,0.7149288654327393,0.6713262796401978,0.6964129209518433,0.05595042183995247,flame_steak_depth_320_cam00_0085
38,"[272, 160, 368, 256]",0.9987601041793823,1.0,0.999008083343506,flame_steak,cam00,cam00_0152,152,/leonardo_work/EUHPC_D21_034/proj_adags/repo/adags/refine-logs/depth_occlusion_support/r031_da3_depth_full/depth_npz/flame_steak/cam00_0152.npz,/leonardo_work/EUHPC_D21_034/proj_adags/data/n3v/flame_steak/motion_priors/masks/cam00_0152.png,/leonardo_work/EUHPC_D21_034/proj_adags/data/n3v/flame_steak/flow/cam00_0152.npz,0,0.192673459649086,0.2574561834335327,0.2951411008834839,0.4313771724700928,0.37564539909362793,0.03406743332743645,0.04936802014708519,0.8578714728355408,0.6687586903572083,0.7121716141700745,0.04804337024688721,flame_steak_depth_321_cam00_0152
85,"[256, 144, 352, 240]",0.9987503886222839,1.0,0.9990003108978271,flame_steak,cam00,cam00_0044,44,/leonardo_work/EUHPC_D21_034/proj_adags/repo/adags/refine-logs/depth_occlusion_support/r031_da3_depth_full/depth_npz/flame_steak/cam00_0044.npz,/leonardo_work/EUHPC_D21_034/proj_adags/data/n3v/flame_steak/motion_priors/masks/cam00_0044.png,/leonardo_work/EUHPC_D21_034/proj_adags/data/n3v/flame_steak/flow/cam00_0044.npz,3,0.19165536761283875,0.37132102251052856,0.29160550236701965,0.47337064146995544,0.3716527819633484,0.04234212264418602,0.03627907484769821,0.7534662485122681,0.6739172339439392,0.68595290184021,0.04851895943284035,flame_steak_depth_322_cam00_0044
126,"[192, 368, 288, 464]",0.9987309575080872,1.0,0.9989847660064697,flame_steak,cam00,cam00_0209,209,/leonardo_work/EUHPC_D21_034/proj_adags/repo/adags/refine-logs/depth_occlusion_support/r031_da3_depth_full/depth_npz/flame_steak/cam00_0209.npz,/leonardo_work/EUHPC_D21_034/proj_adags/data/n3v/flame_steak/motion_priors/masks/cam00_0209.png,/leonardo_work/EUHPC_D21_034/proj_adags/data/n3v/flame_steak/flow/cam00_0209.npz,1,0.19067369401454926,0.47959762811660767,0.3105735778808594,0.4508763551712036,0.3730359673500061,0.04470256716012955,0.044647131115198135,0.5815097689628601,0.6525973677635193,0.7138405442237854,0.05337114632129669,flame_steak_depth_323_cam00_0209
55,"[208, 400, 304, 496]",0.9987056255340576,1.0,0.998964500427246,flame_steak,cam00,cam00_0210,210,/leonardo_work/EUHPC_D21_034/proj_adags/repo/adags/refine-logs/depth_occlusion_support/r031_da3_depth_full/depth_npz/flame_steak/cam00_0210.npz,/leonardo_work/EUHPC_D21_034/proj_adags/data/n3v/flame_steak/motion_priors/masks/cam00_0210.png,/leonardo_work/EUHPC_D21_034/proj_adags/data/n3v/flame_steak/flow/cam00_0210.npz,3,0.19530975818634033,0.2945459485054016,0.29834723472595215,0.456900954246521,0.3764454424381256,0.044670470058918,0.06013444811105728,0.7862353324890137,0.6517395377159119,0.7144386768341064,0.05381172522902489,flame_steak_depth_324_cam00_0210
439,"[208, 368, 304, 464]",0.9986855983734131,1.0,0.9989484786987306,flame_steak,cam00,cam00_0209,209,/leonardo_work/EUHPC_D21_034/proj_adags/repo/adags/refine-logs/depth_occlusion_support/r031_da3_depth_full/depth_npz/flame_steak/cam00_0209.npz,/leonardo_work/EUHPC_D21_034/proj_adags/data/n3v/flame_steak/motion_priors/masks/cam00_0209.png,/leonardo_work/EUHPC_D21_034/proj_adags/data/n3v/flame_steak/flow/cam00_0209.npz,2,0.19067369401454926,0.47959762811660767,0.3105735778808594,0.4508763551712036,0.3730359673500061,0.04470256716012955,0.044647131115198135,0.5815097689628601,0.6525973677635193,0.7138405442237854,0.05337114632129669,flame_steak_depth_325_cam00_0209
40,"[368, 128, 464, 224]",0.9986746907234192,1.0,0.9989397525787354,flame_steak,cam00,cam00_0063,63,/leonardo_work/EUHPC_D21_034/proj_adags/repo/adags/refine-logs/depth_occlusion_support/r031_da3_depth_full/depth_npz/flame_steak/cam00_0063.npz,/leonardo_work/EUHPC_D21_034/proj_adags/data/n3v/flame_steak/motion_priors/masks/cam00_0063.png,/leonardo_work/EUHPC_D21_034/proj_adags/data/n3v/flame_steak/flow/cam00_0063.npz,2,0.16328927874565125,0.5667737126350403,0.3135916292667389,0.4454286992549896,0.3789520561695099,0.04657283425331116,0.052930571138858795,0.621768593788147,0.6719565391540527,0.6886109113693237,0.054757069796323776,flame_steak_depth_326_cam00_0063
15,"[400, 128, 496, 224]",0.998663604259491,1.0,0.9989308834075927,flame_steak,cam00,cam00_0153,153,/leonardo_work/EUHPC_D21_034/proj_adags/repo/adags/refine-logs/depth_occlusion_support/r031_da3_depth_full/depth_npz/flame_steak/cam00_0153.npz,/leonardo_work/EUHPC_D21_034/proj_adags/data/n3v/flame_steak/motion_priors/masks/cam00_0153.png,/leonardo_work/EUHPC_D21_034/proj_adags/data/n3v/flame_steak/flow/cam00_0153.npz,0,0.19479991495609283,0.27041709423065186,0.28693580627441406,0.4339907765388489,0.37337660789489746,0.03684511408209801,0.0375395342707634,0.3410974144935608,0.6694852113723755,0.7118244171142578,0.048025861382484436,flame_steak_depth_327_cam00_0153
232,"[400, 256, 496, 352]",0.9986533522605896,1.0,0.9989226818084718,flame_steak,cam00,cam00_0209,209,/leonardo_work/EUHPC_D21_034/proj_adags/repo/adags/refine-logs/depth_occlusion_support/r031_da3_depth_full/depth_npz/flame_steak/cam00_0209.npz,/leonardo_work/EUHPC_D21_034/proj_adags/data/n3v/flame_steak/motion_priors/masks/cam00_0209.png,/leonardo_work/EUHPC_D21_034/proj_adags/data/n3v/flame_steak/flow/cam00_0209.npz,3,0.19067369401454926,0.47959762811660767,0.3105735778808594,0.4508763551712036,0.3730359673500061,0.04470256716012955,0.044647131115198135,0.5815097689628601,0.6525973677635193,0.7138405442237854,0.05337114632129669,flame_steak_depth_328_cam00_0209
92,"[304, 128, 400, 224]",0.9986323714256287,1.0,0.9989058971405029,flame_steak,cam00,cam00_0063,63,/leonardo_work/EUHPC_D21_034/proj_adags/repo/adags/refine-logs/depth_occlusion_support/r031_da3_depth_full/depth_npz/flame_steak/cam00_0063.npz,/leonardo_work/EUHPC_D21_034/proj_adags/data/n3v/flame_steak/motion_priors/masks/cam00_0063.png,/leonardo_work/EUHPC_D21_034/proj_adags/data/n3v/flame_steak/flow/cam00_0063.npz,3,0.16328927874565125,0.5667737126350403,0.3135916292667389,0.4454286992549896,0.3789520561695099,0.04657283425331116,0.052930571138858795,0.621768593788147,0.6719565391540527,0.6886109113693237,0.054757069796323776,flame_steak_depth_329_cam00_0063
25,"[240, 144, 336, 240]",0.9985783100128174,1.0,0.998862648010254,flame_steak,cam00,cam00_0032,32,/leonardo_work/EUHPC_D21_034/proj_adags/repo/adags/refine-logs/depth_occlusion_support/r031_da3_depth_full/depth_npz/flame_steak/cam00_0032.npz,/leonardo_work/EUHPC_D21_034/proj_adags/data/n3v/flame_steak/motion_priors/masks/cam00_0032.png,/leonardo_work/EUHPC_D21_034/proj_adags/data/n3v/flame_steak/flow/cam00_0032.npz,0,0.16528941690921783,0.4078041613101959,0.2922765016555786,0.4492524266242981,0.375512957572937,0.047544438391923904,0.043339986354112625,0.2016356736421585,0.6752739548683167,0.6849200129508972,0.05126454308629036,flame_steak_depth_330_cam00_0032
21,"[208, 368, 304, 464]",0.9985417723655701,1.0,0.998833417892456,flame_steak,cam00,cam00_0083,83,/leonardo_work/EUHPC_D21_034/proj_adags/repo/adags/refine-logs/depth_occlusion_support/r031_da3_depth_full/depth_npz/flame_steak/cam00_0083.npz,/leonardo_work/EUHPC_D21_034/proj_adags/data/n3v/flame_steak/motion_priors/masks/cam00_0083.png,/leonardo_work/EUHPC_D21_034/proj_adags/data/n3v/flame_steak/flow/cam00_0083.npz,2,0.16037239134311676,0.4262978732585907,0.29024016857147217,0.4749250113964081,0.3743137717247009,0.04343918710947037,0.05139000713825226,0.7628730535507202,0.6708623766899109,0.695167064666748,0.05466661974787712,flame_steak_depth_331_cam00_0083
32,"[384, 144, 480, 240]",0.9984941482543945,1.0,0.9987953186035157,flame_steak,cam00,cam00_0222,222,/leonardo_work/EUHPC_D21_034/proj_adags/repo/adags/refine-logs/depth_occlusion_support/r031_da3_depth_full/depth_npz/flame_steak/cam00_0222.npz,/leonardo_work/EUHPC_D21_034/proj_adags/data/n3v/flame_steak/motion_priors/masks/cam00_0222.png,/leonardo_work/EUHPC_D21_034/proj_adags/data/n3v/flame_steak/flow/cam00_0222.npz,0,0.1802118420600891,0.2939497232437134,0.27412310242652893,0.45488306879997253,0.3655388355255127,0.035771388560533524,0.02555641159415245,0.8759351372718811,0.6516870260238647,0.7152060270309448,0.04809005185961723,flame_steak_depth_332_cam00_0222
22,"[256, 128, 352, 224]",0.9984792470932007,1.0,0.9987833976745606,flame_steak,cam00,cam00_0062,62,/leonardo_work/EUHPC_D21_034/proj_adags/repo/adags/refine-logs/depth_occlusion_support/r031_da3_depth_full/depth_npz/flame_steak/cam00_0062.npz,/leonardo_work/EUHPC_D21_034/proj_adags/data/n3v/flame_steak/motion_priors/masks/cam00_0062.png,/leonardo_work/EUHPC_D21_034/proj_adags/data/n3v/flame_steak/flow/cam00_0062.npz,3,0.19192786514759064,0.5054507851600647,0.3194124400615692,0.44685688614845276,0.37789100408554077,0.04613808915019035,0.0512382835149765,0.3880904018878937,0.6727968454360962,0.6906416416168213,0.057310085743665695,flame_steak_depth_333_cam00_0062
24,"[256, 128, 352, 224]",0.9984416365623474,1.0,0.9987533092498779,flame_steak,cam00,cam00_0041,41,/leonardo_work/EUHPC_D21_034/proj_adags/repo/adags/refine-logs/depth_occlusion_support/r031_da3_depth_full/depth_npz/flame_steak/cam00_0041.npz,/leonardo_work/EUHPC_D21_034/proj_adags/data/n3v/flame_steak/motion_priors/masks/cam00_0041.png,/leonardo_work/EUHPC_D21_034/proj_adags/data/n3v/flame_steak/flow/cam00_0041.npz,3,0.16773585975170135,0.2673186659812927,0.3112947344779968,0.4436955153942108,0.37645408511161804,0.047506507486104965,0.04006337374448776,0.8203727602958679,0.6752710342407227,0.686454713344574,0.048877838999032974,flame_steak_depth_334_cam00_0041
23,"[432, 272, 528, 368]",0.9983829855918884,1.0,0.9987063884735108,flame_steak,cam00,cam00_0103,103,/leonardo_work/EUHPC_D21_034/proj_adags/repo/adags/refine-logs/depth_occlusion_support/r031_da3_depth_full/depth_npz/flame_steak/cam00_0103.npz,/leonardo_work/EUHPC_D21_034/proj_adags/data/n3v/flame_steak/motion_priors/masks/cam00_0103.png,/leonardo_work/EUHPC_D21_034/proj_adags/data/n3v/flame_steak/flow/cam00_0103.npz,2,0.19203917682170868,0.44751712679862976,0.3187773525714874,0.46711742877960205,0.37181147933006287,0.03255021572113037,0.05061972513794899,0.7958900928497314,0.6715713739395142,0.7033833861351013,0.04960727319121361,flame_steak_depth_335_cam00_0103
46,"[192, 240, 288, 336]",0.9983641505241394,1.0,0.9986913204193115,flame_steak,cam00,cam00_0066,66,/leonardo_work/EUHPC_D21_034/proj_adags/repo/adags/refine-logs/depth_occlusion_support/r031_da3_depth_full/depth_npz/flame_steak/cam00_0066.npz,/leonardo_work/EUHPC_D21_034/proj_adags/data/n3v/flame_steak/motion_priors/masks/cam00_0066.png,/leonardo_work/EUHPC_D21_034/proj_adags/data/n3v/flame_steak/flow/cam00_0066.npz,1,0.16385716199874878,0.37157610058784485,0.311806321144104,0.4588219225406647,0.3712080121040344,0.04278269782662392,0.03564009070396423,0.8218433260917664,0.6734387278556824,0.6893811821937561,0.0516788624227047,flame_steak_depth_336_cam00_0066
82,"[384, 160, 480, 256]",0.9983525276184082,1.0,0.9986820220947266,flame_steak,cam00,cam00_0066,66,/leonardo_work/EUHPC_D21_034/proj_adags/repo/adags/refine-logs/depth_occlusion_support/r031_da3_depth_full/depth_npz/flame_steak/cam00_0066.npz,/leonardo_work/EUHPC_D21_034/proj_adags/data/n3v/flame_steak/motion_priors/masks/cam00_0066.png,/leonardo_work/EUHPC_D21_034/proj_adags/data/n3v/flame_steak/flow/cam00_0066.npz,2,0.16385716199874878,0.37157610058784485,0.311806321144104,0.4588219225406647,0.3712080121040344,0.04278269782662392,0.03564009070396423,0.8218433260917664,0.6734387278556824,0.6893811821937561,0.0516788624227047,flame_steak_depth_337_cam00_0066
50,"[368, 128, 464, 224]",0.9983437061309814,1.0,0.9986749649047852,flame_steak,cam00,cam00_0045,45,/leonardo_work/EUHPC_D21_034/proj_adags/repo/adags/refine-logs/depth_occlusion_support/r031_da3_depth_full/depth_npz/flame_steak/cam00_0045.npz,/leonardo_work/EUHPC_D21_034/proj_adags/data/n3v/flame_steak/motion_priors/masks/cam00_0045.png,/leonardo_work/EUHPC_D21_034/proj_adags/data/n3v/flame_steak/flow/cam00_0045.npz,1,0.19435618817806244,0.435910165309906,0.2921709418296814,0.4683689773082733,0.3701019883155823,0.03887585550546646,0.03895755112171173,0.3785173296928406,0.6742002367973328,0.6852701306343079,0.05060513690114021,flame_steak_depth_338_cam00_0045
14,"[272, 128, 368, 224]",0.9983035922050476,1.0,0.998642873764038,flame_steak,cam00,cam00_0085,85,/leonardo_work/EUHPC_D21_034/proj_adags/repo/adags/refine-logs/depth_occlusion_support/r031_da3_depth_full/depth_npz/flame_steak/cam00_0085.npz,/leonardo_work/EUHPC_D21_034/proj_adags/data/n3v/flame_steak/motion_priors/masks/cam00_0085.png,/leonardo_work/EUHPC_D21_034/proj_adags/data/n3v/flame_steak/flow/cam00_0085.npz,2,0.15648822486400604,0.3977954089641571,0.2612777054309845,0.3794560730457306,0.37670376896858215,0.04587549343705177,0.05321650579571724,0.7149288654327393,0.6713262796401978,0.6964129209518433,0.05595042183995247,flame_steak_depth_339_cam00_0085
110,"[416, 224, 512, 320]",0.9982892274856567,1.0,0.9986313819885255,flame_steak,cam00,cam00_0045,45,/leonardo_work/EUHPC_D21_034/proj_adags/repo/adags/refine-logs/depth_occlusion_support/r031_da3_depth_full/depth_npz/flame_steak/cam00_0045.npz,/leonardo_work/EUHPC_D21_034/proj_adags/data/n3v/flame_steak/motion_priors/masks/cam00_0045.png,/leonardo_work/EUHPC_D21_034/proj_adags/data/n3v/flame_steak/flow/cam00_0045.npz,2,0.19435618817806244,0.435910165309906,0.2921709418296814,0.4683689773082733,0.3701019883155823,0.03887585550546646,0.03895755112171173,0.3785173296928406,0.6742002367973328,0.6852701306343079,0.05060513690114021,flame_steak_depth_340_cam00_0045
24,"[96, 400, 192, 496]",0.9982811808586121,1.0,0.9986249446868898,flame_steak,cam00,cam00_0022,22,/leonardo_work/EUHPC_D21_034/proj_adags/repo/adags/refine-logs/depth_occlusion_support/r031_da3_depth_full/depth_npz/flame_steak/cam00_0022.npz,/leonardo_work/EUHPC_D21_034/proj_adags/data/n3v/flame_steak/motion_priors/masks/cam00_0022.png,/leonardo_work/EUHPC_D21_034/proj_adags/data/n3v/flame_steak/flow/cam00_0022.npz,0,0.18820543587207794,0.30806609988212585,0.2914636433124542,0.4868883490562439,0.3608332872390747,0.0170804001390934,0.04031721502542496,0.734897792339325,0.6759479641914368,0.6826208233833313,0.04201825335621834,flame_steak_depth_341_cam00_0022
16,"[192, 224, 288, 320]",0.9982689619064331,1.0,0.9986151695251466,flame_steak,cam00,cam00_0032,32,/leonardo_work/EUHPC_D21_034/proj_adags/repo/adags/refine-logs/depth_occlusion_support/r031_da3_depth_full/depth_npz/flame_steak/cam00_0032.npz,/leonardo_work/EUHPC_D21_034/proj_adags/data/n3v/flame_steak/motion_priors/masks/cam00_0032.png,/leonardo_work/EUHPC_D21_034/proj_adags/data/n3v/flame_steak/flow/cam00_0032.npz,1,0.16528941690921783,0.4078041613101959,0.2922765016555786,0.4492524266242981,0.375512957572937,0.047544438391923904,0.043339986354112625,0.2016356736421585,0.6752739548683167,0.6849200129508972,0.05126454308629036,flame_steak_depth_342_cam00_0032
34,"[240, 144, 336, 240]",0.9982560276985168,1.0,0.9986048221588135,flame_steak,cam00,cam00_0030,30,/leonardo_work/EUHPC_D21_034/proj_adags/repo/adags/refine-logs/depth_occlusion_support/r031_da3_depth_full/depth_npz/flame_steak/cam00_0030.npz,/leonardo_work/EUHPC_D21_034/proj_adags/data/n3v/flame_steak/motion_priors/masks/cam00_0030.png,/leonardo_work/EUHPC_D21_034/proj_adags/data/n3v/flame_steak/flow/cam00_0030.npz,1,0.18260252475738525,0.37405550479888916,0.27765214443206787,0.4432770609855652,0.37312668561935425,0.04345377907156944,0.037927594035863876,0.8165505528450012,0.6761142611503601,0.6838608384132385,0.05289847403764725,flame_steak_depth_343_cam00_0030
86,"[256, 144, 352, 240]",0.9982419610023499,1.0,0.9985935688018799,flame_steak,cam00,cam00_0045,45,/leonardo_work/EUHPC_D21_034/proj_adags/repo/adags/refine-logs/depth_occlusion_support/r031_da3_depth_full/depth_npz/flame_steak/cam00_0045.npz,/leonardo_work/EUHPC_D21_034/proj_adags/data/n3v/flame_steak/motion_priors/masks/cam00_0045.png,/leonardo_work/EUHPC_D21_034/proj_adags/data/n3v/flame_steak/flow/cam00_0045.npz,3,0.19435618817806244,0.435910165309906,0.2921709418296814,0.4683689773082733,0.3701019883155823,0.03887585550546646,0.03895755112171173,0.3785173296928406,0.6742002367973328,0.6852701306343079,0.05060513690114021,flame_steak_depth_344_cam00_0045
120,"[224, 411, 320, 507]",0.9982404112815857,1.0,0.9985923290252685,flame_steak,cam00,cam00_0066,66,/leonardo_work/EUHPC_D21_034/proj_adags/repo/adags/refine-logs/depth_occlusion_support/r031_da3_depth_full/depth_npz/flame_steak/cam00_0066.npz,/leonardo_work/EUHPC_D21_034/proj_adags/data/n3v/flame_steak/motion_priors/masks/cam00_0066.png,/leonardo_work/EUHPC_D21_034/proj_adags/data/n3v/flame_steak/flow/cam00_0066.npz,3,0.16385716199874878,0.37157610058784485,0.311806321144104,0.4588219225406647,0.3712080121040344,0.04278269782662392,0.03564009070396423,0.8218433260917664,0.6734387278556824,0.6893811821937561,0.0516788624227047,flame_steak_depth_345_cam00_0066
11,"[240, 176, 336, 272]",0.9982112646102905,1.0,0.9985690116882324,flame_steak,cam00,cam00_0077,77,/leonardo_work/EUHPC_D21_034/proj_adags/repo/adags/refine-logs/depth_occlusion_support/r031_da3_depth_full/depth_npz/flame_steak/cam00_0077.npz,/leonardo_work/EUHPC_D21_034/proj_adags/data/n3v/flame_steak/motion_priors/masks/cam00_0077.png,/leonardo_work/EUHPC_D21_034/proj_adags/data/n3v/flame_steak/flow/cam00_0077.npz,1,0.18720008432865143,0.40349337458610535,0.27098777890205383,0.47230347990989685,0.37187477946281433,0.03767083212733269,0.05089690908789635,0.2718421518802643,0.6723941564559937,0.6926578283309937,0.050365883857011795,flame_steak_depth_346_cam00_0077
18,"[192, 224, 288, 320]",0.9982026219367981,1.0,0.9985620975494385,flame_steak,cam00,cam00_0085,85,/leonardo_work/EUHPC_D21_034/proj_adags/repo/adags/refine-logs/depth_occlusion_support/r031_da3_depth_full/depth_npz/flame_steak/cam00_0085.npz,/leonardo_work/EUHPC_D21_034/proj_adags/data/n3v/flame_steak/motion_priors/masks/cam00_0085.png,/leonardo_work/EUHPC_D21_034/proj_adags/data/n3v/flame_steak/flow/cam00_0085.npz,3,0.15648822486400604,0.3977954089641571,0.2612777054309845,0.3794560730457306,0.37670376896858215,0.04587549343705177,0.05321650579571724,0.7149288654327393,0.6713262796401978,0.6964129209518433,0.05595042183995247,flame_steak_depth_347_cam00_0085
59,"[208, 208, 304, 304]",0.9981507062911987,1.0,0.9985205650329589,flame_steak,cam00,cam00_0030,30,/leonardo_work/EUHPC_D21_034/proj_adags/repo/adags/refine-logs/depth_occlusion_support/r031_da3_depth_full/depth_npz/flame_steak/cam00_0030.npz,/leonardo_work/EUHPC_D21_034/proj_adags/data/n3v/flame_steak/motion_priors/masks/cam00_0030.png,/leonardo_work/EUHPC_D21_034/proj_adags/data/n3v/flame_steak/flow/cam00_0030.npz,2,0.18260252475738525,0.37405550479888916,0.27765214443206787,0.4432770609855652,0.37312668561935425,0.04345377907156944,0.037927594035863876,0.8165505528450012,0.6761142611503601,0.6838608384132385,0.05289847403764725,flame_steak_depth_348_cam00_0030
86,"[224, 411, 320, 507]",0.9981487393379211,1.0,0.998518991470337,flame_steak,cam00,cam00_0092,92,/leonardo_work/EUHPC_D21_034/proj_adags/repo/adags/refine-logs/depth_occlusion_support/r031_da3_depth_full/depth_npz/flame_steak/cam00_0092.npz,/leonardo_work/EUHPC_D21_034/proj_adags/data/n3v/flame_steak/motion_priors/masks/cam00_0092.png,/leonardo_work/EUHPC_D21_034/proj_adags/data/n3v/flame_steak/flow/cam00_0092.npz,2,0.18990154564380646,0.3133901357650757,0.3093520402908325,0.4815109670162201,0.3735833168029785,0.0374111533164978,0.050354212522506714,0.7855467200279236,0.6713671088218689,0.6998587846755981,0.053155235946178436,flame_steak_depth_349_cam00_0092
58,"[416, 240, 512, 336]",0.9981251955032349,1.0,0.9985001564025879,flame_steak,cam00,cam00_0222,222,/leonardo_work/EUHPC_D21_034/proj_adags/repo/adags/refine-logs/depth_occlusion_support/r031_da3_depth_full/depth_npz/flame_steak/cam00_0222.npz,/leonardo_work/EUHPC_D21_034/proj_adags/data/n3v/flame_steak/motion_priors/masks/cam00_0222.png,/leonardo_work/EUHPC_D21_034/proj_adags/data/n3v/flame_steak/flow/cam00_0222.npz,1,0.1802118420600891,0.2939497232437134,0.27412310242652893,0.45488306879997253,0.3655388355255127,0.035771388560533524,0.02555641159415245,0.8759351372718811,0.6516870260238647,0.7152060270309448,0.04809005185961723,flame_steak_depth_350_cam00_0222
76,"[400, 160, 496, 256]",0.9981071949005127,1.0,0.9984857559204101,flame_steak,cam00,cam00_0083,83,/leonardo_work/EUHPC_D21_034/proj_adags/repo/adags/refine-logs/depth_occlusion_support/r031_da3_depth_full/depth_npz/flame_steak/cam00_0083.npz,/leonardo_work/EUHPC_D21_034/proj_adags/data/n3v/flame_steak/motion_priors/masks/cam00_0083.png,/leonardo_work/EUHPC_D21_034/proj_adags/data/n3v/flame_steak/flow/cam00_0083.npz,3,0.16037239134311676,0.4262978732585907,0.29024016857147217,0.4749250113964081,0.3743137717247009,0.04343918710947037,0.05139000713825226,0.7628730535507202,0.6708623766899109,0.695167064666748,0.05466661974787712,flame_steak_depth_351_cam00_0083
54,"[240, 160, 336, 256]",0.9980872273445129,1.0,0.9984697818756103,flame_steak,cam00,cam00_0032,32,/leonardo_work/EUHPC_D21_034/proj_adags/repo/adags/refine-logs/depth_occlusion_support/r031_da3_depth_full/depth_npz/flame_steak/cam00_0032.npz,/leonardo_work/EUHPC_D21_034/proj_adags/data/n3v/flame_steak/motion_priors/masks/cam00_0032.png,/leonardo_work/EUHPC_D21_034/proj_adags/data/n3v/flame_steak/flow/cam00_0032.npz,2,0.16528941690921783,0.4078041613101959,0.2922765016555786,0.4492524266242981,0.375512957572937,0.047544438391923904,0.043339986354112625,0.2016356736421585,0.6752739548683167,0.6849200129508972,0.05126454308629036,flame_steak_depth_352_cam00_0032
66,"[416, 368, 512, 464]",0.9980605244636536,1.0,0.9984484195709229,flame_steak,cam00,cam00_0228,228,/leonardo_work/EUHPC_D21_034/proj_adags/repo/adags/refine-logs/depth_occlusion_support/r031_da3_depth_full/depth_npz/flame_steak/cam00_0228.npz,/leonardo_work/EUHPC_D21_034/proj_adags/data/n3v/flame_steak/motion_priors/masks/cam00_0228.png,/leonardo_work/EUHPC_D21_034/proj_adags/data/n3v/flame_steak/flow/cam00_0228.npz,0,0.18526676297187805,0.3669831156730652,0.3215571343898773,0.47601833939552307,0.3694308400154114,0.03555547818541527,0.04662243276834488,0.7958988547325134,0.6534464359283447,0.7145553827285767,0.04884282872080803,flame_steak_depth_353_cam00_0228
30,"[432, 288, 528, 384]",0.9980405569076538,1.0,0.9984324455261231,flame_steak,cam00,cam00_0103,103,/leonardo_work/EUHPC_D21_034/proj_adags/repo/adags/refine-logs/depth_occlusion_support/r031_da3_depth_full/depth_npz/flame_steak/cam00_0103.npz,/leonardo_work/EUHPC_D21_034/proj_adags/data/n3v/flame_steak/motion_priors/masks/cam00_0103.png,/leonardo_work/EUHPC_D21_034/proj_adags/data/n3v/flame_steak/flow/cam00_0103.npz,3,0.19203917682170868,0.44751712679862976,0.3187773525714874,0.46711742877960205,0.37181147933006287,0.03255021572113037,0.05061972513794899,0.7958900928497314,0.6715713739395142,0.7033833861351013,0.04960727319121361,flame_steak_depth_354_cam00_0103
33,"[416, 224, 512, 320]",0.9979532361030579,1.0,0.9983625888824463,flame_steak,cam00,cam00_0038,38,/leonardo_work/EUHPC_D21_034/proj_adags/repo/adags/refine-logs/depth_occlusion_support/r031_da3_depth_full/depth_npz/flame_steak/cam00_0038.npz,/leonardo_work/EUHPC_D21_034/proj_adags/data/n3v/flame_steak/motion_priors/masks/cam00_0038.png,/leonardo_work/EUHPC_D21_034/proj_adags/data/n3v/flame_steak/flow/cam00_0038.npz,0,0.1642935574054718,0.24788205325603485,0.3083762228488922,0.4488165080547333,0.3750154674053192,0.046018462628126144,0.04526568949222565,0.7310259938240051,0.6752126812934875,0.6866677403450012,0.05166427418589592,flame_steak_depth_355_cam00_0038
45,"[224, 144, 320, 240]",0.9979134202003479,1.0,0.9983307361602785,flame_steak,cam00,cam00_0195,195,/leonardo_work/EUHPC_D21_034/proj_adags/repo/adags/refine-logs/depth_occlusion_support/r031_da3_depth_full/depth_npz/flame_steak/cam00_0195.npz,/leonardo_work/EUHPC_D21_034/proj_adags/data/n3v/flame_steak/motion_priors/masks/cam00_0195.png,/leonardo_work/EUHPC_D21_034/proj_adags/data/n3v/flame_steak/flow/cam00_0195.npz,1,0.19257599115371704,0.3801691234111786,0.2768203020095825,0.439837247133255,0.37473762035369873,0.04402565211057663,0.03845861926674843,0.4106503129005432,0.6569010019302368,0.7116376757621765,0.05160592123866081,flame_steak_depth_356_cam00_0195
42,"[400, 384, 496, 480]",0.9978806376457214,1.0,0.9983045101165773,flame_steak,cam00,cam00_0150,150,/leonardo_work/EUHPC_D21_034/proj_adags/repo/adags/refine-logs/depth_occlusion_support/r031_da3_depth_full/depth_npz/flame_steak/cam00_0150.npz,/leonardo_work/EUHPC_D21_034/proj_adags/data/n3v/flame_steak/motion_priors/masks/cam00_0150.png,/leonardo_work/EUHPC_D21_034/proj_adags/data/n3v/flame_steak/flow/cam00_0150.npz,0,0.1913621574640274,0.35956767201423645,0.3083498179912567,0.4747697710990906,0.37106582522392273,0.028395364060997963,0.0483614020049572,0.8327351808547974,0.6687178611755371,0.7110044956207275,0.048063792288303375,flame_steak_depth_357_cam00_0150
73,"[240, 176, 336, 272]",0.9978339076042175,1.0,0.998267126083374,flame_steak,cam00,cam00_0032,32,/leonardo_work/EUHPC_D21_034/proj_adags/repo/adags/refine-logs/depth_occlusion_support/r031_da3_depth_full/depth_npz/flame_steak/cam00_0032.npz,/leonardo_work/EUHPC_D21_034/proj_adags/data/n3v/flame_steak/motion_priors/masks/cam00_0032.png,/leonardo_work/EUHPC_D21_034/proj_adags/data/n3v/flame_steak/flow/cam00_0032.npz,3,0.16528941690921783,0.4078041613101959,0.2922765016555786,0.4492524266242981,0.375512957572937,0.047544438391923904,0.043339986354112625,0.2016356736421585,0.6752739548683167,0.6849200129508972,0.05126454308629036,flame_steak_depth_358_cam00_0032
69,"[224, 160, 320, 256]",0.9978058338165283,1.0,0.9982446670532228,flame_steak,cam00,cam00_0204,204,/leonardo_work/EUHPC_D21_034/proj_adags/repo/adags/refine-logs/depth_occlusion_support/r031_da3_depth_full/depth_npz/flame_steak/cam00_0204.npz,/leonardo_work/EUHPC_D21_034/proj_adags/data/n3v/flame_steak/motion_priors/masks/cam00_0204.png,/leonardo_work/EUHPC_D21_034/proj_adags/data/n3v/flame_steak/flow/cam00_0204.npz,1,0.18864843249320984,0.4023546874523163,0.300678551197052,0.4546193480491638,0.3702058494091034,0.0405389629304409,0.038654107600450516,0.849859356880188,0.6543071269989014,0.7169100046157837,0.0483584851026535,flame_steak_depth_359_cam00_0204
69,"[224, 176, 320, 272]",0.9978058338165283,1.0,0.9982446670532228,flame_steak,cam00,cam00_0204,204,/leonardo_work/EUHPC_D21_034/proj_adags/repo/adags/refine-logs/depth_occlusion_support/r031_da3_depth_full/depth_npz/flame_steak/cam00_0204.npz,/leonardo_work/EUHPC_D21_034/proj_adags/data/n3v/flame_steak/motion_priors/masks/cam00_0204.png,/leonardo_work/EUHPC_D21_034/proj_adags/data/n3v/flame_steak/flow/cam00_0204.npz,2,0.18864843249320984,0.4023546874523163,0.300678551197052,0.4546193480491638,0.3702058494091034,0.0405389629304409,0.038654107600450516,0.849859356880188,0.6543071269989014,0.7169100046157837,0.0483584851026535,flame_steak_depth_360_cam00_0204
19,"[416, 368, 512, 464]",1.0,1.0,1.0,sear_steak,cam00,cam00_0096,96,/leonardo_work/EUHPC_D21_034/proj_adags/repo/adags/refine-logs/depth_occlusion_support/r031_da3_depth_full/depth_npz/sear_steak/cam00_0096.npz,/leonardo_work/EUHPC_D21_034/proj_adags/data/n3v/sear_steak/motion_priors/masks/cam00_0096.png,/leonardo_work/EUHPC_D21_034/proj_adags/data/n3v/sear_steak/flow/cam00_0096.npz,0,0.1942584216594696,0.3378736972808838,0.2644824683666229,0.4996074140071869,0.3794749677181244,0.031403545290231705,0.049627698957920074,0.8456315994262695,0.677806556224823,0.7340633273124695,0.04449540749192238,sear_steak_depth_001_cam00_0096
17,"[400, 240, 496, 336]",1.0,1.0,1.0,sear_steak,cam00,cam00_0281,281,/leonardo_work/EUHPC_D21_034/proj_adags/repo/adags/refine-logs/depth_occlusion_support/r031_da3_depth_full/depth_npz/sear_steak/cam00_0281.npz,/leonardo_work/EUHPC_D21_034/proj_adags/data/n3v/sear_steak/motion_priors/masks/cam00_0281.png,/leonardo_work/EUHPC_D21_034/proj_adags/data/n3v/sear_steak/flow/cam00_0281.npz,0,0.1899995654821396,0.5478977560997009,0.25581493973731995,0.46946054697036743,0.37191540002822876,0.028304914012551308,0.05845966935157776,0.4834272861480713,0.6851884126663208,0.6925936341285706,0.03154359757900238,sear_steak_depth_002_cam00_0281
13,"[256, 128, 352, 224]",1.0,1.0,1.0,sear_steak,cam00,cam00_0088,88,/leonardo_work/EUHPC_D21_034/proj_adags/repo/adags/refine-logs/depth_occlusion_support/r031_da3_depth_full/depth_npz/sear_steak/cam00_0088.npz,/leonardo_work/EUHPC_D21_034/proj_adags/data/n3v/sear_steak/motion_priors/masks/cam00_0088.png,/leonardo_work/EUHPC_D21_034/proj_adags/data/n3v/sear_steak/flow/cam00_0088.npz,0,0.1868228167295456,0.31690773367881775,0.2578025460243225,0.4681386947631836,0.3799409866333008,0.035958126187324524,0.04600679129362106,0.6346504092216492,0.6769516468048096,0.7319538593292236,0.04951682314276695,sear_steak_depth_003_cam00_0088
13,"[224, 192, 320, 288]",1.0,1.0,1.0,sear_steak,cam00,cam00_0281,281,/leonardo_work/EUHPC_D21_034/proj_adags/repo/adags/refine-logs/depth_occlusion_support/r031_da3_depth_full/depth_npz/sear_steak/cam00_0281.npz,/leonardo_work/EUHPC_D21_034/proj_adags/data/n3v/sear_steak/motion_priors/masks/cam00_0281.png,/leonardo_work/EUHPC_D21_034/proj_adags/data/n3v/sear_steak/flow/cam00_0281.npz,1,0.1899995654821396,0.5478977560997009,0.25581493973731995,0.46946054697036743,0.37191540002822876,0.028304914012551308,0.05845966935157776,0.4834272861480713,0.6851884126663208,0.6925936341285706,0.03154359757900238,sear_steak_depth_004_cam00_0281
13,"[240, 192, 336, 288]",1.0,1.0,1.0,sear_steak,cam00,cam00_0281,281,/leonardo_work/EUHPC_D21_034/proj_adags/repo/adags/refine-logs/depth_occlusion_support/r031_da3_depth_full/depth_npz/sear_steak/cam00_0281.npz,/leonardo_work/EUHPC_D21_034/proj_adags/data/n3v/sear_steak/motion_priors/masks/cam00_0281.png,/leonardo_work/EUHPC_D21_034/proj_adags/data/n3v/sear_steak/flow/cam00_0281.npz,2,0.1899995654821396,0.5478977560997009,0.25581493973731995,0.46946054697036743,0.37191540002822876,0.028304914012551308,0.05845966935157776,0.4834272861480713,0.6851884126663208,0.6925936341285706,0.03154359757900238,sear_steak_depth_005_cam00_0281
12,"[416, 224, 512, 320]",1.0,1.0,1.0,sear_steak,cam00,cam00_0095,95,/leonardo_work/EUHPC_D21_034/proj_adags/repo/adags/refine-logs/depth_occlusion_support/r031_da3_depth_full/depth_npz/sear_steak/cam00_0095.npz,/leonardo_work/EUHPC_D21_034/proj_adags/data/n3v/sear_steak/motion_priors/masks/cam00_0095.png,/leonardo_work/EUHPC_D21_034/proj_adags/data/n3v/sear_steak/flow/cam00_0095.npz,0,0.19636310636997223,0.3936954438686371,0.3146805465221405,0.4730803668498993,0.38311171531677246,0.03547378256917,0.051343321800231934,0.8115349411964417,0.6774914264678955,0.7333484888076782,0.0485510528087616,sear_steak_depth_006_cam00_0095
8,"[256, 128, 352, 224]",1.0,1.0,1.0,sear_steak,cam00,cam00_0186,186,/leonardo_work/EUHPC_D21_034/proj_adags/repo/adags/refine-logs/depth_occlusion_support/r031_da3_depth_full/depth_npz/sear_steak/cam00_0186.npz,/leonardo_work/EUHPC_D21_034/proj_adags/data/n3v/sear_steak/motion_priors/masks/cam00_0186.png,/leonardo_work/EUHPC_D21_034/proj_adags/data/n3v/sear_steak/flow/cam00_0186.npz,0,0.1871940940618515,0.5643789172172546,0.2589596211910248,0.4547954797744751,0.37804433703422546,0.02914813905954361,0.04184027016162872,0.8616966009140015,0.6812641024589539,0.7357848286628723,0.03833024203777313,sear_steak_depth_007_cam00_0186
8,"[256, 160, 352, 256]",1.0,1.0,1.0,sear_steak,cam00,cam00_0288,288,/leonardo_work/EUHPC_D21_034/proj_adags/repo/adags/refine-logs/depth_occlusion_support/r031_da3_depth_full/depth_npz/sear_steak/cam00_0288.npz,/leonardo_work/EUHPC_D21_034/proj_adags/data/n3v/sear_steak/motion_priors/masks/cam00_0288.png,/leonardo_work/EUHPC_D21_034/proj_adags/data/n3v/sear_steak/flow/cam00_0288.npz,0,0.19500327110290527,0.31623944640159607,0.2612851560115814,0.4929240345954895,0.3661671280860901,0.02640838921070099,0.03989122807979584,0.6457436084747314,0.6837995648384094,0.6908342242240906,0.031572774052619934,sear_steak_depth_008_cam00_0288
8,"[256, 176, 352, 272]",1.0,1.0,1.0,sear_steak,cam00,cam00_0288,288,/leonardo_work/EUHPC_D21_034/proj_adags/repo/adags/refine-logs/depth_occlusion_support/r031_da3_depth_full/depth_npz/sear_steak/cam00_0288.npz,/leonardo_work/EUHPC_D21_034/proj_adags/data/n3v/sear_steak/motion_priors/masks/cam00_0288.png,/leonardo_work/EUHPC_D21_034/proj_adags/data/n3v/sear_steak/flow/cam00_0288.npz,1,0.19500327110290527,0.31623944640159607,0.2612851560115814,0.4929240345954895,0.3661671280860901,0.02640838921070099,0.03989122807979584,0.6457436084747314,0.6837995648384094,0.6908342242240906,0.031572774052619934,sear_steak_depth_009_cam00_0288
8,"[256, 192, 352, 288]",1.0,1.0,1.0,sear_steak,cam00,cam00_0288,288,/leonardo_work/EUHPC_D21_034/proj_adags/repo/adags/refine-logs/depth_occlusion_support/r031_da3_depth_full/depth_npz/sear_steak/cam00_0288.npz,/leonardo_work/EUHPC_D21_034/proj_adags/data/n3v/sear_steak/motion_priors/masks/cam00_0288.png,/leonardo_work/EUHPC_D21_034/proj_adags/data/n3v/sear_steak/flow/cam00_0288.npz,2,0.19500327110290527,0.31623944640159607,0.2612851560115814,0.4929240345954895,0.3661671280860901,0.02640838921070099,0.03989122807979584,0.6457436084747314,0.6837995648384094,0.6908342242240906,0.031572774052619934,sear_steak_depth_010_cam00_0288
12,"[224, 192, 320, 288]",0.9998059868812561,1.0,0.9998447895050049,sear_steak,cam00,cam00_0112,112,/leonardo_work/EUHPC_D21_034/proj_adags/repo/adags/refine-logs/depth_occlusion_support/r031_da3_depth_full/depth_npz/sear_steak/cam00_0112.npz,/leonardo_work/EUHPC_D21_034/proj_adags/data/n3v/sear_steak/motion_priors/masks/cam00_0112.png,/leonardo_work/EUHPC_D21_034/proj_adags/data/n3v/sear_steak/flow/cam00_0112.npz,0,0.1902085542678833,0.3106846809387207,0.26184210181236267,0.4724533259868622,0.38279908895492554,0.035657599568367004,0.04128006845712662,0.8656764030456543,0.6788248419761658,0.7356710433959961,0.05018790066242218,sear_steak_depth_011_cam00_0112
22,"[352, 368, 448, 464]",0.9995942711830139,1.0,0.9996754169464113,sear_steak,cam00,cam00_0096,96,/leonardo_work/EUHPC_D21_034/proj_adags/repo/adags/refine-logs/depth_occlusion_support/r031_da3_depth_full/depth_npz/sear_steak/cam00_0096.npz,/leonardo_work/EUHPC_D21_034/proj_adags/data/n3v/sear_steak/motion_priors/masks/cam00_0096.png,/leonardo_work/EUHPC_D21_034/proj_adags/data/n3v/sear_steak/flow/cam00_0096.npz,1,0.1942584216594696,0.3378736972808838,0.2644824683666229,0.4996074140071869,0.3794749677181244,0.031403545290231705,0.049627698957920074,0.8456315994262695,0.677806556224823,0.7340633273124695,0.04449540749192238,sear_steak_depth_012_cam00_0096
22,"[368, 368, 464, 464]",0.9995942711830139,1.0,0.9996754169464113,sear_steak,cam00,cam00_0096,96,/leonardo_work/EUHPC_D21_034/proj_adags/repo/adags/refine-logs/depth_occlusion_support/r031_da3_depth_full/depth_npz/sear_steak/cam00_0096.npz,/leonardo_work/EUHPC_D21_034/proj_adags/data/n3v/sear_steak/motion_priors/masks/cam00_0096.png,/leonardo_work/EUHPC_D21_034/proj_adags/data/n3v/sear_steak/flow/cam00_0096.npz,2,0.1942584216594696,0.3378736972808838,0.2644824683666229,0.4996074140071869,0.3794749677181244,0.031403545290231705,0.049627698957920074,0.8456315994262695,0.677806556224823,0.7340633273124695,0.04449540749192238,sear_steak_depth_013_cam00_0096
22,"[384, 368, 480, 464]",0.9995942711830139,1.0,0.9996754169464113,sear_steak,cam00,cam00_0096,96,/leonardo_work/EUHPC_D21_034/proj_adags/repo/adags/refine-logs/depth_occlusion_support/r031_da3_depth_full/depth_npz/sear_steak/cam00_0096.npz,/leonardo_work/EUHPC_D21_034/proj_adags/data/n3v/sear_steak/motion_priors/masks/cam00_0096.png,/leonardo_work/EUHPC_D21_034/proj_adags/data/n3v/sear_steak/flow/cam00_0096.npz,3,0.1942584216594696,0.3378736972808838,0.2644824683666229,0.4996074140071869,0.3794749677181244,0.031403545290231705,0.049627698957920074,0.8456315994262695,0.677806556224823,0.7340633273124695,0.04449540749192238,sear_steak_depth_014_cam00_0096
21,"[400, 240, 496, 336]",0.9995885491371155,1.0,0.9996708393096925,sear_steak,cam00,cam00_0282,282,/leonardo_work/EUHPC_D21_034/proj_adags/repo/adags/refine-logs/depth_occlusion_support/r031_da3_depth_full/depth_npz/sear_steak/cam00_0282.npz,/leonardo_work/EUHPC_D21_034/proj_adags/data/n3v/sear_steak/motion_priors/masks/cam00_0282.png,/leonardo_work/EUHPC_D21_034/proj_adags/data/n3v/sear_steak/flow/cam00_0282.npz,0,0.18902096152305603,0.29554280638694763,0.2686091363430023,0.481594443321228,0.3694728910923004,0.029445746913552284,0.050295859575271606,0.531797468662262,0.6846486330032349,0.6913098096847534,0.03532789647579193,sear_steak_depth_015_cam00_0282
21,"[240, 192, 336, 288]",0.9991549253463745,1.0,0.9993239402770997,sear_steak,cam00,cam00_0112,112,/leonardo_work/EUHPC_D21_034/proj_adags/repo/adags/refine-logs/depth_occlusion_support/r031_da3_depth_full/depth_npz/sear_steak/cam00_0112.npz,/leonardo_work/EUHPC_D21_034/proj_adags/data/n3v/sear_steak/motion_priors/masks/cam00_0112.png,/leonardo_work/EUHPC_D21_034/proj_adags/data/n3v/sear_steak/flow/cam00_0112.npz,1,0.1902085542678833,0.3106846809387207,0.26184210181236267,0.4724533259868622,0.38279908895492554,0.035657599568367004,0.04128006845712662,0.8656764030456543,0.6788248419761658,0.7356710433959961,0.05018790066242218,sear_steak_depth_016_cam00_0112
32,"[416, 224, 512, 320]",0.9991177320480347,1.0,0.9992941856384279,sear_steak,cam00,cam00_0091,91,/leonardo_work/EUHPC_D21_034/proj_adags/repo/adags/refine-logs/depth_occlusion_support/r031_da3_depth_full/depth_npz/sear_steak/cam00_0091.npz,/leonardo_work/EUHPC_D21_034/proj_adags/data/n3v/sear_steak/motion_priors/masks/cam00_0091.png,/leonardo_work/EUHPC_D21_034/proj_adags/data/n3v/sear_steak/flow/cam00_0091.npz,0,0.19658344984054565,0.3931392729282379,0.25110581517219543,0.45135194063186646,0.38514694571495056,0.036565013229846954,0.05467245727777481,0.7840995192527771,0.678413450717926,0.7344864010810852,0.05139000713825226,sear_steak_depth_017_cam00_0091
10,"[208, 208, 304, 304]",0.9990777969360352,1.0,0.9992622375488283,sear_steak,cam00,cam00_0111,111,/leonardo_work/EUHPC_D21_034/proj_adags/repo/adags/refine-logs/depth_occlusion_support/r031_da3_depth_full/depth_npz/sear_steak/cam00_0111.npz,/leonardo_work/EUHPC_D21_034/proj_adags/data/n3v/sear_steak/motion_priors/masks/cam00_0111.png,/leonardo_work/EUHPC_D21_034/proj_adags/data/n3v/sear_steak/flow/cam00_0111.npz,0,0.18664056062698364,0.3630608022212982,0.2650463283061981,0.47503817081451416,0.3825436532497406,0.034799784421920776,0.04557788744568825,0.8726264238357544,0.6791516542434692,0.734900712966919,0.049613106995821,sear_steak_depth_018_cam00_0111
33,"[384, 192, 480, 288]",0.9986996650695801,1.0,0.998959732055664,sear_steak,cam00,cam00_0010,10,/leonardo_work/EUHPC_D21_034/proj_adags/repo/adags/refine-logs/depth_occlusion_support/r031_da3_depth_full/depth_npz/sear_steak/cam00_0010.npz,/leonardo_work/EUHPC_D21_034/proj_adags/data/n3v/sear_steak/motion_priors/masks/cam00_0010.png,/leonardo_work/EUHPC_D21_034/proj_adags/data/n3v/sear_steak/flow/cam00_0010.npz,0,0.19023653864860535,0.5254767537117004,0.2665225565433502,0.4647044241428375,0.37584102153778076,0.03178868442773819,0.046068064868450165,0.8087280988693237,0.677304744720459,0.714838445186615,0.04952266067266464,sear_steak_depth_019_cam00_0010
84,"[384, 160, 480, 256]",0.998531699180603,1.0,0.9988253593444825,sear_steak,cam00,cam00_0093,93,/leonardo_work/EUHPC_D21_034/proj_adags/repo/adags/refine-logs/depth_occlusion_support/r031_da3_depth_full/depth_npz/sear_steak/cam00_0093.npz,/leonardo_work/EUHPC_D21_034/proj_adags/data/n3v/sear_steak/motion_priors/masks/cam00_0093.png,/leonardo_work/EUHPC_D21_034/proj_adags/data/n3v/sear_steak/flow/cam00_0093.npz,0,0.19317033886909485,0.49271026253700256,0.26835307478904724,0.4981920123100281,0.38646650314331055,0.040655672550201416,0.05495547503232956,0.7508227825164795,0.6780662536621094,0.7347344160079956,0.04782162234187126,sear_steak_depth_020_cam00_0093
84,"[384, 176, 480, 272]",0.998531699180603,1.0,0.9988253593444825,sear_steak,cam00,cam00_0093,93,/leonardo_work/EUHPC_D21_034/proj_adags/repo/adags/refine-logs/depth_occlusion_support/r031_da3_depth_full/depth_npz/sear_steak/cam00_0093.npz,/leonardo_work/EUHPC_D21_034/proj_adags/data/n3v/sear_steak/motion_priors/masks/cam00_0093.png,/leonardo_work/EUHPC_D21_034/proj_adags/data/n3v/sear_steak/flow/cam00_0093.npz,1,0.19317033886909485,0.49271026253700256,0.26835307478904724,0.4981920123100281,0.38646650314331055,0.040655672550201416,0.05495547503232956,0.7508227825164795,0.6780662536621094,0.7347344160079956,0.04782162234187126,sear_steak_depth_021_cam00_0093
12,"[416, 368, 512, 464]",0.9984264373779297,1.0,0.9987411499023438,sear_steak,cam00,cam00_0012,12,/leonardo_work/EUHPC_D21_034/proj_adags/repo/adags/refine-logs/depth_occlusion_support/r031_da3_depth_full/depth_npz/sear_steak/cam00_0012.npz,/leonardo_work/EUHPC_D21_034/proj_adags/data/n3v/sear_steak/motion_priors/masks/cam00_0012.png,/leonardo_work/EUHPC_D21_034/proj_adags/data/n3v/sear_steak/flow/cam00_0012.npz,0,0.19103305041790009,0.38584721088409424,0.27707669138908386,0.4938422739505768,0.3759865164756775,0.03339635580778122,0.04356756806373596,0.7706341743469238,0.6763535141944885,0.716559886932373,0.04909083619713783,sear_steak_depth_022_cam00_0012
14,"[400, 192, 496, 288]",0.9983518719673157,1.0,0.9986814975738525,sear_steak,cam00,cam00_0010,10,/leonardo_work/EUHPC_D21_034/proj_adags/repo/adags/refine-logs/depth_occlusion_support/r031_da3_depth_full/depth_npz/sear_steak/cam00_0010.npz,/leonardo_work/EUHPC_D21_034/proj_adags/data/n3v/sear_steak/motion_priors/masks/cam00_0010.png,/leonardo_work/EUHPC_D21_034/proj_adags/data/n3v/sear_steak/flow/cam00_0010.npz,1,0.19023653864860535,0.5254767537117004,0.2665225565433502,0.4647044241428375,0.37584102153778076,0.03178868442773819,0.046068064868450165,0.8087280988693237,0.677304744720459,0.714838445186615,0.04952266067266464,sear_steak_depth_023_cam00_0010
26,"[272, 128, 368, 224]",0.9982609152793884,1.0,0.9986087322235109,sear_steak,cam00,cam00_0282,282,/leonardo_work/EUHPC_D21_034/proj_adags/repo/adags/refine-logs/depth_occlusion_support/r031_da3_depth_full/depth_npz/sear_steak/cam00_0282.npz,/leonardo_work/EUHPC_D21_034/proj_adags/data/n3v/sear_steak/motion_priors/masks/cam00_0282.png,/leonardo_work/EUHPC_D21_034/proj_adags/data/n3v/sear_steak/flow/cam00_0282.npz,1,0.18902096152305603,0.29554280638694763,0.2686091363430023,0.481594443321228,0.3694728910923004,0.029445746913552284,0.050295859575271606,0.531797468662262,0.6846486330032349,0.6913098096847534,0.03532789647579193,sear_steak_depth_024_cam00_0282
26,"[288, 128, 384, 224]",0.9982609152793884,1.0,0.9986087322235109,sear_steak,cam00,cam00_0282,282,/leonardo_work/EUHPC_D21_034/proj_adags/repo/adags/refine-logs/depth_occlusion_support/r031_da3_depth_full/depth_npz/sear_steak/cam00_0282.npz,/leonardo_work/EUHPC_D21_034/proj_adags/data/n3v/sear_steak/motion_priors/masks/cam00_0282.png,/leonardo_work/EUHPC_D21_034/proj_adags/data/n3v/sear_steak/flow/cam00_0282.npz,2,0.18902096152305603,0.29554280638694763,0.2686091363430023,0.481594443321228,0.3694728910923004,0.029445746913552284,0.050295859575271606,0.531797468662262,0.6846486330032349,0.6913098096847534,0.03532789647579193,sear_steak_depth_025_cam00_0282
22,"[208, 208, 304, 304]",0.9980716705322266,1.0,0.9984573364257814,sear_steak,cam00,cam00_0206,206,/leonardo_work/EUHPC_D21_034/proj_adags/repo/adags/refine-logs/depth_occlusion_support/r031_da3_depth_full/depth_npz/sear_steak/cam00_0206.npz,/leonardo_work/EUHPC_D21_034/proj_adags/data/n3v/sear_steak/motion_priors/masks/cam00_0206.png,/leonardo_work/EUHPC_D21_034/proj_adags/data/n3v/sear_steak/flow/cam00_0206.npz,0,0.18040934205055237,0.22139200568199158,0.26675060391426086,0.4255681335926056,0.37593063712120056,0.025095410645008087,0.04552828520536423,0.45825308561325073,0.6836420297622681,0.7268186211585999,0.04359382763504982,sear_steak_depth_026_cam00_0206
52,"[192, 384, 288, 480]",0.9979461431503296,1.0,0.9983569145202638,sear_steak,cam00,cam00_0177,177,/leonardo_work/EUHPC_D21_034/proj_adags/repo/adags/refine-logs/depth_occlusion_support/r031_da3_depth_full/depth_npz/sear_steak/cam00_0177.npz,/leonardo_work/EUHPC_D21_034/proj_adags/data/n3v/sear_steak/motion_priors/masks/cam00_0177.png,/leonardo_work/EUHPC_D21_034/proj_adags/data/n3v/sear_steak/flow/cam00_0177.npz,0,0.1975751370191574,0.5099273324012756,0.2843206524848938,0.5041215419769287,0.375851571559906,0.024269692599773407,0.03829522803425789,0.8362189531326294,0.6796184778213501,0.7358285784721375,0.043634675443172455,sear_steak_depth_027_cam00_0177
36,"[384, 144, 480, 240]",0.9979144334793091,1.0,0.9983315467834473,sear_steak,cam00,cam00_0094,94,/leonardo_work/EUHPC_D21_034/proj_adags/repo/adags/refine-logs/depth_occlusion_support/r031_da3_depth_full/depth_npz/sear_steak/cam00_0094.npz,/leonardo_work/EUHPC_D21_034/proj_adags/data/n3v/sear_steak/motion_priors/masks/cam00_0094.png,/leonardo_work/EUHPC_D21_034/proj_adags/data/n3v/sear_steak/flow/cam00_0094.npz,0,0.19454896450042725,0.3272625803947449,0.3176807463169098,0.4834439158439636,0.3823246359825134,0.03656793013215065,0.0444808192551136,0.7368585467338562,0.6784893274307251,0.7342296838760376,0.04521608725190163,sear_steak_depth_028_cam00_0094
44,"[192, 384, 288, 480]",0.9978994131088257,1.0,0.9983195304870607,sear_steak,cam00,cam00_0176,176,/leonardo_work/EUHPC_D21_034/proj_adags/repo/adags/refine-logs/depth_occlusion_support/r031_da3_depth_full/depth_npz/sear_steak/cam00_0176.npz,/leonardo_work/EUHPC_D21_034/proj_adags/data/n3v/sear_steak/motion_priors/masks/cam00_0176.png,/leonardo_work/EUHPC_D21_034/proj_adags/data/n3v/sear_steak/flow/cam00_0176.npz,0,0.19679366052150726,0.41593724489212036,0.2662810683250427,0.5187265276908875,0.3754581809043884,0.02859085239470005,0.031791605055332184,0.8291580677032471,0.6799102425575256,0.7366572022438049,0.04029679298400879,sear_steak_depth_029_cam00_0176
44,"[192, 384, 288, 480]",0.9978135824203491,1.0,0.9982508659362794,sear_steak,cam00,cam00_0186,186,/leonardo_work/EUHPC_D21_034/proj_adags/repo/adags/refine-logs/depth_occlusion_support/r031_da3_depth_full/depth_npz/sear_steak/cam00_0186.npz,/leonardo_work/EUHPC_D21_034/proj_adags/data/n3v/sear_steak/motion_priors/masks/cam00_0186.png,/leonardo_work/EUHPC_D21_034/proj_adags/data/n3v/sear_steak/flow/cam00_0186.npz,1,0.1871940940618515,0.5643789172172546,0.2589596211910248,0.4547954797744751,0.37804433703422546,0.02914813905954361,0.04184027016162872,0.8616966009140015,0.6812641024589539,0.7357848286628723,0.03833024203777313,sear_steak_depth_030_cam00_0186
32,"[400, 240, 496, 336]",0.9977815747261047,1.0,0.9982252597808838,sear_steak,cam00,cam00_0284,284,/leonardo_work/EUHPC_D21_034/proj_adags/repo/adags/refine-logs/depth_occlusion_support/r031_da3_depth_full/depth_npz/sear_steak/cam00_0284.npz,/leonardo_work/EUHPC_D21_034/proj_adags/data/n3v/sear_steak/motion_priors/masks/cam00_0284.png,/leonardo_work/EUHPC_D21_034/proj_adags/data/n3v/sear_steak/flow/cam00_0284.npz,0,0.19494199752807617,0.5454004406929016,0.24801403284072876,0.4671654999256134,0.3672044277191162,0.02967916615307331,0.04106707125902176,0.6363689303398132,0.6844093799591064,0.6904461979866028,0.031146785244345665,sear_steak_depth_031_cam00_0284
11,"[208, 224, 304, 320]",0.9977650046348572,1.0,0.9982120037078859,sear_steak,cam00,cam00_0012,12,/leonardo_work/EUHPC_D21_034/proj_adags/repo/adags/refine-logs/depth_occlusion_support/r031_da3_depth_full/depth_npz/sear_steak/cam00_0012.npz,/leonardo_work/EUHPC_D21_034/proj_adags/data/n3v/sear_steak/motion_priors/masks/cam00_0012.png,/leonardo_work/EUHPC_D21_034/proj_adags/data/n3v/sear_steak/flow/cam00_0012.npz,1,0.19103305041790009,0.38584721088409424,0.27707669138908386,0.4938422739505768,0.3759865164756775,0.03339635580778122,0.04356756806373596,0.7706341743469238,0.6763535141944885,0.716559886932373,0.04909083619713783,sear_steak_depth_032_cam00_0012
11,"[224, 224, 320, 320]",0.9977650046348572,1.0,0.9982120037078859,sear_steak,cam00,cam00_0012,12,/leonardo_work/EUHPC_D21_034/proj_adags/repo/adags/refine-logs/depth_occlusion_support/r031_da3_depth_full/depth_npz/sear_steak/cam00_0012.npz,/leonardo_work/EUHPC_D21_034/proj_adags/data/n3v/sear_steak/motion_priors/masks/cam00_0012.png,/leonardo_work/EUHPC_D21_034/proj_adags/data/n3v/sear_steak/flow/cam00_0012.npz,2,0.19103305041790009,0.38584721088409424,0.27707669138908386,0.4938422739505768,0.3759865164756775,0.03339635580778122,0.04356756806373596,0.7706341743469238,0.6763535141944885,0.716559886932373,0.04909083619713783,sear_steak_depth_033_cam00_0012
66,"[416, 256, 512, 352]",0.9976769685745239,1.0,0.9981415748596192,sear_steak,cam00,cam00_0095,95,/leonardo_work/EUHPC_D21_034/proj_adags/repo/adags/refine-logs/depth_occlusion_support/r031_da3_depth_full/depth_npz/sear_steak/cam00_0095.npz,/leonardo_work/EUHPC_D21_034/proj_adags/data/n3v/sear_steak/motion_priors/masks/cam00_0095.png,/leonardo_work/EUHPC_D21_034/proj_adags/data/n3v/sear_steak/flow/cam00_0095.npz,1,0.19636310636997223,0.3936954438686371,0.3146805465221405,0.4730803668498993,0.38311171531677246,0.03547378256917,0.051343321800231934,0.8115349411964417,0.6774914264678955,0.7333484888076782,0.0485510528087616,sear_steak_depth_034_cam00_0095
53,"[384, 144, 480, 240]",0.9976727962493896,1.0,0.9981382369995118,sear_steak,cam00,cam00_0093,93,/leonardo_work/EUHPC_D21_034/proj_adags/repo/adags/refine-logs/depth_occlusion_support/r031_da3_depth_full/depth_npz/sear_steak/cam00_0093.npz,/leonardo_work/EUHPC_D21_034/proj_adags/data/n3v/sear_steak/motion_priors/masks/cam00_0093.png,/leonardo_work/EUHPC_D21_034/proj_adags/data/n3v/sear_steak/flow/cam00_0093.npz,2,0.19317033886909485,0.49271026253700256,0.26835307478904724,0.4981920123100281,0.38646650314331055,0.040655672550201416,0.05495547503232956,0.7508227825164795,0.6780662536621094,0.7347344160079956,0.04782162234187126,sear_steak_depth_035_cam00_0093
10,"[208, 411, 304, 507]",0.9976053237915039,1.0,0.9980842590332031,sear_steak,cam00,cam00_0113,113,/leonardo_work/EUHPC_D21_034/proj_adags/repo/adags/refine-logs/depth_occlusion_support/r031_da3_depth_full/depth_npz/sear_steak/cam00_0113.npz,/leonardo_work/EUHPC_D21_034/proj_adags/data/n3v/sear_steak/motion_priors/masks/cam00_0113.png,/leonardo_work/EUHPC_D21_034/proj_adags/data/n3v/sear_steak/flow/cam00_0113.npz,0,0.16151566803455353,0.4807679057121277,0.2721076011657715,0.5000009536743164,0.38016626238822937,0.033005379140377045,0.03634034842252731,0.8903049826622009,0.679469645023346,0.7353267073631287,0.048381827771663666,sear_steak_depth_036_cam00_0113
26,"[384, 368, 480, 464]",0.9973083138465881,1.0,0.9978466510772706,sear_steak,cam00,cam00_0112,112,/leonardo_work/EUHPC_D21_034/proj_adags/repo/adags/refine-logs/depth_occlusion_support/r031_da3_depth_full/depth_npz/sear_steak/cam00_0112.npz,/leonardo_work/EUHPC_D21_034/proj_adags/data/n3v/sear_steak/motion_priors/masks/cam00_0112.png,/leonardo_work/EUHPC_D21_034/proj_adags/data/n3v/sear_steak/flow/cam00_0112.npz,2,0.1902085542678833,0.3106846809387207,0.26184210181236267,0.4724533259868622,0.38279908895492554,0.035657599568367004,0.04128006845712662,0.8656764030456543,0.6788248419761658,0.7356710433959961,0.05018790066242218,sear_steak_depth_037_cam00_0112
26,"[400, 368, 496, 464]",0.9973083138465881,1.0,0.9978466510772706,sear_steak,cam00,cam00_0112,112,/leonardo_work/EUHPC_D21_034/proj_adags/repo/adags/refine-logs/depth_occlusion_support/r031_da3_depth_full/depth_npz/sear_steak/cam00_0112.npz,/leonardo_work/EUHPC_D21_034/proj_adags/data/n3v/sear_steak/motion_priors/masks/cam00_0112.png,/leonardo_work/EUHPC_D21_034/proj_adags/data/n3v/sear_steak/flow/cam00_0112.npz,3,0.1902085542678833,0.3106846809387207,0.26184210181236267,0.4724533259868622,0.38279908895492554,0.035657599568367004,0.04128006845712662,0.8656764030456543,0.6788248419761658,0.7356710433959961,0.05018790066242218,sear_steak_depth_038_cam00_0112
38,"[192, 240, 288, 336]",0.9971998333930969,1.0,0.9977598667144776,sear_steak,cam00,cam00_0110,110,/leonardo_work/EUHPC_D21_034/proj_adags/repo/adags/refine-logs/depth_occlusion_support/r031_da3_depth_full/depth_npz/sear_steak/cam00_0110.npz,/leonardo_work/EUHPC_D21_034/proj_adags/data/n3v/sear_steak/motion_priors/masks/cam00_0110.png,/leonardo_work/EUHPC_D21_034/proj_adags/data/n3v/sear_steak/flow/cam00_0110.npz,0,0.18719135224819183,0.37212905287742615,0.2586103081703186,0.4779492914676666,0.37762555480003357,0.0319053940474987,0.03889336436986923,0.8330532312393188,0.6789240837097168,0.7326074242591858,0.049184203147888184,sear_steak_depth_039_cam00_0110
26,"[400, 144, 496, 240]",0.9971848726272583,1.0,0.9977478981018066,sear_steak,cam00,cam00_0285,285,/leonardo_work/EUHPC_D21_034/proj_adags/repo/adags/refine-logs/depth_occlusion_support/r031_da3_depth_full/depth_npz/sear_steak/cam00_0285.npz,/leonardo_work/EUHPC_D21_034/proj_adags/data/n3v/sear_steak/motion_priors/masks/cam00_0285.png,/leonardo_work/EUHPC_D21_034/proj_adags/data/n3v/sear_steak/flow/cam00_0285.npz,0,0.16538016498088837,0.3498236835002899,0.2744898796081543,0.48776358366012573,0.3701511323451996,0.028833024203777313,0.04950806871056557,0.5411458611488342,0.684202253818512,0.6906358599662781,0.034318357706069946,sear_steak_depth_040_cam00_0285
44,"[416, 240, 512, 336]",0.996966540813446,1.0,0.9975732326507569,sear_steak,cam00,cam00_0095,95,/leonardo_work/EUHPC_D21_034/proj_adags/repo/adags/refine-logs/depth_occlusion_support/r031_da3_depth_full/depth_npz/sear_steak/cam00_0095.npz,/leonardo_work/EUHPC_D21_034/proj_adags/data/n3v/sear_steak/motion_priors/masks/cam00_0095.png,/leonardo_work/EUHPC_D21_034/proj_adags/data/n3v/sear_steak/flow/cam00_0095.npz,2,0.19636310636997223,0.3936954438686371,0.3146805465221405,0.4730803668498993,0.38311171531677246,0.03547378256917,0.051343321800231934,0.8115349411964417,0.6774914264678955,0.7333484888076782,0.0485510528087616,sear_steak_depth_041_cam00_0095
8,"[192, 224, 288, 320]",0.9968273639678955,1.0,0.9974618911743165,sear_steak,cam00,cam00_0208,208,/leonardo_work/EUHPC_D21_034/proj_adags/repo/adags/refine-logs/depth_occlusion_support/r031_da3_depth_full/depth_npz/sear_steak/cam00_0208.npz,/leonardo_work/EUHPC_D21_034/proj_adags/data/n3v/sear_steak/motion_priors/masks/cam00_0208.png,/leonardo_work/EUHPC_D21_034/proj_adags/data/n3v/sear_steak/flow/cam00_0208.npz,0,0.19032616913318634,0.26677992939949036,0.2573195695877075,0.4712105691432953,0.3735945522785187,0.024934934452176094,0.03659127280116081,0.38561907410621643,0.6830730438232422,0.7276151776313782,0.04095911607146263,sear_steak_depth_042_cam00_0208
32,"[304, 128, 400, 224]",0.9967834949493408,1.0,0.9974267959594727,sear_steak,cam00,cam00_0282,282,/leonardo_work/EUHPC_D21_034/proj_adags/repo/adags/refine-logs/depth_occlusion_support/r031_da3_depth_full/depth_npz/sear_steak/cam00_0282.npz,/leonardo_work/EUHPC_D21_034/proj_adags/data/n3v/sear_steak/motion_priors/masks/cam00_0282.png,/leonardo_work/EUHPC_D21_034/proj_adags/data/n3v/sear_steak/flow/cam00_0282.npz,3,0.18902096152305603,0.29554280638694763,0.2686091363430023,0.481594443321228,0.3694728910923004,0.029445746913552284,0.050295859575271606,0.531797468662262,0.6846486330032349,0.6913098096847534,0.03532789647579193,sear_steak_depth_043_cam00_0282
40,"[256, 128, 352, 224]",0.9967638254165649,1.0,0.997411060333252,sear_steak,cam00,cam00_0092,92,/leonardo_work/EUHPC_D21_034/proj_adags/repo/adags/refine-logs/depth_occlusion_support/r031_da3_depth_full/depth_npz/sear_steak/cam00_0092.npz,/leonardo_work/EUHPC_D21_034/proj_adags/data/n3v/sear_steak/motion_priors/masks/cam00_0092.png,/leonardo_work/EUHPC_D21_034/proj_adags/data/n3v/sear_steak/flow/cam00_0092.npz,0,0.19421075284481049,0.36748048663139343,0.2643825113773346,0.48817428946495056,0.381535142660141,0.0414172001183033,0.04270975664258003,0.8114911913871765,0.677803635597229,0.7333543300628662,0.04831763729453087,sear_steak_depth_044_cam00_0092
57,"[400, 160, 496, 256]",0.9966499209403992,1.0,0.9973199367523193,sear_steak,cam00,cam00_0284,284,/leonardo_work/EUHPC_D21_034/proj_adags/repo/adags/refine-logs/depth_occlusion_support/r031_da3_depth_full/depth_npz/sear_steak/cam00_0284.npz,/leonardo_work/EUHPC_D21_034/proj_adags/data/n3v/sear_steak/motion_priors/masks/cam00_0284.png,/leonardo_work/EUHPC_D21_034/proj_adags/data/n3v/sear_steak/flow/cam00_0284.npz,1,0.19494199752807617,0.5454004406929016,0.24801403284072876,0.4671654999256134,0.3672044277191162,0.02967916615307331,0.04106707125902176,0.6363689303398132,0.6844093799591064,0.6904461979866028,0.031146785244345665,sear_steak_depth_045_cam00_0284
57,"[400, 176, 496, 272]",0.9966499209403992,1.0,0.9973199367523193,sear_steak,cam00,cam00_0284,284,/leonardo_work/EUHPC_D21_034/proj_adags/repo/adags/refine-logs/depth_occlusion_support/r031_da3_depth_full/depth_npz/sear_steak/cam00_0284.npz,/leonardo_work/EUHPC_D21_034/proj_adags/data/n3v/sear_steak/motion_priors/masks/cam00_0284.png,/leonardo_work/EUHPC_D21_034/proj_adags/data/n3v/sear_steak/flow/cam00_0284.npz,2,0.19494199752807617,0.5454004406929016,0.24801403284072876,0.4671654999256134,0.3672044277191162,0.02967916615307331,0.04106707125902176,0.6363689303398132,0.6844093799591064,0.6904461979866028,0.031146785244345665,sear_steak_depth_046_cam00_0284
57,"[400, 192, 496, 288]",0.9966499209403992,1.0,0.9973199367523193,sear_steak,cam00,cam00_0284,284,/leonardo_work/EUHPC_D21_034/proj_adags/repo/adags/refine-logs/depth_occlusion_support/r031_da3_depth_full/depth_npz/sear_steak/cam00_0284.npz,/leonardo_work/EUHPC_D21_034/proj_adags/data/n3v/sear_steak/motion_priors/masks/cam00_0284.png,/leonardo_work/EUHPC_D21_034/proj_adags/data/n3v/sear_steak/flow/cam00_0284.npz,3,0.19494199752807617,0.5454004406929016,0.24801403284072876,0.4671654999256134,0.3672044277191162,0.02967916615307331,0.04106707125902176,0.6363689303398132,0.6844093799591064,0.6904461979866028,0.031146785244345665,sear_steak_depth_047_cam00_0284
29,"[192, 224, 288, 320]",0.9963809847831726,1.0,0.9971047878265382,sear_steak,cam00,cam00_0280,280,/leonardo_work/EUHPC_D21_034/proj_adags/repo/adags/refine-logs/depth_occlusion_support/r031_da3_depth_full/depth_npz/sear_steak/cam00_0280.npz,/leonardo_work/EUHPC_D21_034/proj_adags/data/n3v/sear_steak/motion_priors/masks/cam00_0280.png,/leonardo_work/EUHPC_D21_034/proj_adags/data/n3v/sear_steak/flow/cam00_0280.npz,0,0.1892474889755249,0.27953773736953735,0.24814093112945557,0.470450222492218,0.366916686296463,0.026315022259950638,0.04470256716012955,0.47294095158576965,0.6852409243583679,0.6931275725364685,0.03195791319012642,sear_steak_depth_048_cam00_0280
12,"[48, 368, 144, 464]",0.9963421821594238,1.0,0.9970737457275392,sear_steak,cam00,cam00_0093,93,/leonardo_work/EUHPC_D21_034/proj_adags/repo/adags/refine-logs/depth_occlusion_support/r031_da3_depth_full/depth_npz/sear_steak/cam00_0093.npz,/leonardo_work/EUHPC_D21_034/proj_adags/data/n3v/sear_steak/motion_priors/masks/cam00_0093.png,/leonardo_work/EUHPC_D21_034/proj_adags/data/n3v/sear_steak/flow/cam00_0093.npz,3,0.19317033886909485,0.49271026253700256,0.26835307478904724,0.4981920123100281,0.38646650314331055,0.040655672550201416,0.05495547503232956,0.7508227825164795,0.6780662536621094,0.7347344160079956,0.04782162234187126,sear_steak_depth_049_cam00_0093
13,"[208, 208, 304, 304]",0.9963264465332031,1.0,0.9970611572265626,sear_steak,cam00,cam00_0226,226,/leonardo_work/EUHPC_D21_034/proj_adags/repo/adags/refine-logs/depth_occlusion_support/r031_da3_depth_full/depth_npz/sear_steak/cam00_0226.npz,/leonardo_work/EUHPC_D21_034/proj_adags/data/n3v/sear_steak/motion_priors/masks/cam00_0226.png,/leonardo_work/EUHPC_D21_034/proj_adags/data/n3v/sear_steak/flow/cam00_0226.npz,0,0.18891359865665436,0.2747664153575897,0.2611825168132782,0.4721491038799286,0.36958032846450806,0.016721520572900772,0.04201825335621834,0.7660971283912659,0.6831576824188232,0.7214003801345825,0.03285949304699898,sear_steak_depth_050_cam00_0226
29,"[384, 128, 480, 224]",0.9957936406135559,1.0,0.9966349124908447,sear_steak,cam00,cam00_0088,88,/leonardo_work/EUHPC_D21_034/proj_adags/repo/adags/refine-logs/depth_occlusion_support/r031_da3_depth_full/depth_npz/sear_steak/cam00_0088.npz,/leonardo_work/EUHPC_D21_034/proj_adags/data/n3v/sear_steak/motion_priors/masks/cam00_0088.png,/leonardo_work/EUHPC_D21_034/proj_adags/data/n3v/sear_steak/flow/cam00_0088.npz,1,0.1868228167295456,0.31690773367881775,0.2578025460243225,0.4681386947631836,0.3799409866333008,0.035958126187324524,0.04600679129362106,0.6346504092216492,0.6769516468048096,0.7319538593292236,0.04951682314276695,sear_steak_depth_051_cam00_0088
62,"[400, 160, 496, 256]",0.9955187439918518,1.0,0.9964149951934815,sear_steak,cam00,cam00_0285,285,/leonardo_work/EUHPC_D21_034/proj_adags/repo/adags/refine-logs/depth_occlusion_support/r031_da3_depth_full/depth_npz/sear_steak/cam00_0285.npz,/leonardo_work/EUHPC_D21_034/proj_adags/data/n3v/sear_steak/motion_priors/masks/cam00_0285.png,/leonardo_work/EUHPC_D21_034/proj_adags/data/n3v/sear_steak/flow/cam00_0285.npz,1,0.16538016498088837,0.3498236835002899,0.2744898796081543,0.48776358366012573,0.3701511323451996,0.028833024203777313,0.04950806871056557,0.5411458611488342,0.684202253818512,0.6906358599662781,0.034318357706069946,sear_steak_depth_052_cam00_0285
62,"[400, 176, 496, 272]",0.9955187439918518,1.0,0.9964149951934815,sear_steak,cam00,cam00_0285,285,/leonardo_work/EUHPC_D21_034/proj_adags/repo/adags/refine-logs/depth_occlusion_support/r031_da3_depth_full/depth_npz/sear_steak/cam00_0285.npz,/leonardo_work/EUHPC_D21_034/proj_adags/data/n3v/sear_steak/motion_priors/masks/cam00_0285.png,/leonardo_work/EUHPC_D21_034/proj_adags/data/n3v/sear_steak/flow/cam00_0285.npz,2,0.16538016498088837,0.3498236835002899,0.2744898796081543,0.48776358366012573,0.3701511323451996,0.028833024203777313,0.04950806871056557,0.5411458611488342,0.684202253818512,0.6906358599662781,0.034318357706069946,sear_steak_depth_053_cam00_0285
62,"[400, 192, 496, 288]",0.9955187439918518,1.0,0.9964149951934815,sear_steak,cam00,cam00_0285,285,/leonardo_work/EUHPC_D21_034/proj_adags/repo/adags/refine-logs/depth_occlusion_support/r031_da3_depth_full/depth_npz/sear_steak/cam00_0285.npz,/leonardo_work/EUHPC_D21_034/proj_adags/data/n3v/sear_steak/motion_priors/masks/cam00_0285.png,/leonardo_work/EUHPC_D21_034/proj_adags/data/n3v/sear_steak/flow/cam00_0285.npz,3,0.16538016498088837,0.3498236835002899,0.2744898796081543,0.48776358366012573,0.3701511323451996,0.028833024203777313,0.04950806871056557,0.5411458611488342,0.684202253818512,0.6906358599662781,0.034318357706069946,sear_steak_depth_054_cam00_0285
56,"[208, 352, 304, 448]",0.9955180883407593,1.0,0.9964144706726075,sear_steak,cam00,cam00_0012,12,/leonardo_work/EUHPC_D21_034/proj_adags/repo/adags/refine-logs/depth_occlusion_support/r031_da3_depth_full/depth_npz/sear_steak/cam00_0012.npz,/leonardo_work/EUHPC_D21_034/proj_adags/data/n3v/sear_steak/motion_priors/masks/cam00_0012.png,/leonardo_work/EUHPC_D21_034/proj_adags/data/n3v/sear_steak/flow/cam00_0012.npz,3,0.19103305041790009,0.38584721088409424,0.27707669138908386,0.4938422739505768,0.3759865164756775,0.03339635580778122,0.04356756806373596,0.7706341743469238,0.6763535141944885,0.716559886932373,0.04909083619713783,sear_steak_depth_055_cam00_0012
26,"[416, 240, 512, 336]",0.9954016804695129,1.0,0.9963213443756105,sear_steak,cam00,cam00_0014,14,/leonardo_work/EUHPC_D21_034/proj_adags/repo/adags/refine-logs/depth_occlusion_support/r031_da3_depth_full/depth_npz/sear_steak/cam00_0014.npz,/leonardo_work/EUHPC_D21_034/proj_adags/data/n3v/sear_steak/motion_priors/masks/cam00_0014.png,/leonardo_work/EUHPC_D21_034/proj_adags/data/n3v/sear_steak/flow/cam00_0014.npz,0,0.1880730539560318,0.46919551491737366,0.2557431757450104,0.47746312618255615,0.37313997745513916,0.0312810018658638,0.040223848074674606,0.8078235983848572,0.6758312582969666,0.7151564359664917,0.04563915729522705,sear_steak_depth_056_cam00_0014
92,"[256, 160, 352, 256]",0.9953473806381226,1.0,0.9962779045104981,sear_steak,cam00,cam00_0204,204,/leonardo_work/EUHPC_D21_034/proj_adags/repo/adags/refine-logs/depth_occlusion_support/r031_da3_depth_full/depth_npz/sear_steak/cam00_0204.npz,/leonardo_work/EUHPC_D21_034/proj_adags/data/n3v/sear_steak/motion_priors/masks/cam00_0204.png,/leonardo_work/EUHPC_D21_034/proj_adags/data/n3v/sear_steak/flow/cam00_0204.npz,0,0.1839064657688141,0.34711968898773193,0.2843501567840576,0.47629544138908386,0.37719106674194336,0.02962956391274929,0.04500892758369446,0.6835982799530029,0.6830205321311951,0.7277785539627075,0.04656407982110977,sear_steak_depth_057_cam00_0204
33,"[256, 144, 352, 240]",0.9952771663665771,1.0,0.9962217330932617,sear_steak,cam00,cam00_0204,204,/leonardo_work/EUHPC_D21_034/proj_adags/repo/adags/refine-logs/depth_occlusion_support/r031_da3_depth_full/depth_npz/sear_steak/cam00_0204.npz,/leonardo_work/EUHPC_D21_034/proj_adags/data/n3v/sear_steak/motion_priors/masks/cam00_0204.png,/leonardo_work/EUHPC_D21_034/proj_adags/data/n3v/sear_steak/flow/cam00_0204.npz,1,0.1839064657688141,0.34711968898773193,0.2843501567840576,0.47629544138908386,0.37719106674194336,0.02962956391274929,0.04500892758369446,0.6835982799530029,0.6830205321311951,0.7277785539627075,0.04656407982110977,sear_steak_depth_058_cam00_0204
30,"[416, 336, 512, 432]",0.9951432347297668,1.0,0.9961145877838136,sear_steak,cam00,cam00_0111,111,/leonardo_work/EUHPC_D21_034/proj_adags/repo/adags/refine-logs/depth_occlusion_support/r031_da3_depth_full/depth_npz/sear_steak/cam00_0111.npz,/leonardo_work/EUHPC_D21_034/proj_adags/data/n3v/sear_steak/motion_priors/masks/cam00_0111.png,/leonardo_work/EUHPC_D21_034/proj_adags/data/n3v/sear_steak/flow/cam00_0111.npz,1,0.18664056062698364,0.3630608022212982,0.2650463283061981,0.47503817081451416,0.3825436532497406,0.034799784421920776,0.04557788744568825,0.8726264238357544,0.6791516542434692,0.734900712966919,0.049613106995821,sear_steak_depth_059_cam00_0111
13,"[368, 128, 464, 224]",0.9949718713760376,1.0,0.9959774971008302,sear_steak,cam00,cam00_0201,201,/leonardo_work/EUHPC_D21_034/proj_adags/repo/adags/refine-logs/depth_occlusion_support/r031_da3_depth_full/depth_npz/sear_steak/cam00_0201.npz,/leonardo_work/EUHPC_D21_034/proj_adags/data/n3v/sear_steak/motion_priors/masks/cam00_0201.png,/leonardo_work/EUHPC_D21_034/proj_adags/data/n3v/sear_steak/flow/cam00_0201.npz,0,0.18509861826896667,0.34203073382377625,0.2530679404735565,0.44307130575180054,0.37765252590179443,0.025109998881816864,0.05332738161087036,0.7404502630233765,0.6827900409698486,0.7300047874450684,0.042263343930244446,sear_steak_depth_060_cam00_0201
13,"[384, 128, 480, 224]",0.9949718713760376,1.0,0.9959774971008302,sear_steak,cam00,cam00_0201,201,/leonardo_work/EUHPC_D21_034/proj_adags/repo/adags/refine-logs/depth_occlusion_support/r031_da3_depth_full/depth_npz/sear_steak/cam00_0201.npz,/leonardo_work/EUHPC_D21_034/proj_adags/data/n3v/sear_steak/motion_priors/masks/cam00_0201.png,/leonardo_work/EUHPC_D21_034/proj_adags/data/n3v/sear_steak/flow/cam00_0201.npz,1,0.18509861826896667,0.34203073382377625,0.2530679404735565,0.44307130575180054,0.37765252590179443,0.025109998881816864,0.05332738161087036,0.7404502630233765,0.6827900409698486,0.7300047874450684,0.042263343930244446,sear_steak_depth_061_cam00_0201
56,"[192, 336, 288, 432]",0.9948927760124207,1.0,0.9959142208099365,sear_steak,cam00,cam00_0176,176,/leonardo_work/EUHPC_D21_034/proj_adags/repo/adags/refine-logs/depth_occlusion_support/r031_da3_depth_full/depth_npz/sear_steak/cam00_0176.npz,/leonardo_work/EUHPC_D21_034/proj_adags/data/n3v/sear_steak/motion_priors/masks/cam00_0176.png,/leonardo_work/EUHPC_D21_034/proj_adags/data/n3v/sear_steak/flow/cam00_0176.npz,1,0.19679366052150726,0.41593724489212036,0.2662810683250427,0.5187265276908875,0.3754581809043884,0.02859085239470005,0.031791605055332184,0.8291580677032471,0.6799102425575256,0.7366572022438049,0.04029679298400879,sear_steak_depth_062_cam00_0176
55,"[192, 352, 288, 448]",0.9948693513870239,1.0,0.9958954811096192,sear_steak,cam00,cam00_0176,176,/leonardo_work/EUHPC_D21_034/proj_adags/repo/adags/refine-logs/depth_occlusion_support/r031_da3_depth_full/depth_npz/sear_steak/cam00_0176.npz,/leonardo_work/EUHPC_D21_034/proj_adags/data/n3v/sear_steak/motion_priors/masks/cam00_0176.png,/leonardo_work/EUHPC_D21_034/proj_adags/data/n3v/sear_steak/flow/cam00_0176.npz,2,0.19679366052150726,0.41593724489212036,0.2662810683250427,0.5187265276908875,0.3754581809043884,0.02859085239470005,0.031791605055332184,0.8291580677032471,0.6799102425575256,0.7366572022438049,0.04029679298400879,sear_steak_depth_063_cam00_0176
55,"[192, 368, 288, 464]",0.9948693513870239,1.0,0.9958954811096192,sear_steak,cam00,cam00_0176,176,/leonardo_work/EUHPC_D21_034/proj_adags/repo/adags/refine-logs/depth_occlusion_support/r031_da3_depth_full/depth_npz/sear_steak/cam00_0176.npz,/leonardo_work/EUHPC_D21_034/proj_adags/data/n3v/sear_steak/motion_priors/masks/cam00_0176.png,/leonardo_work/EUHPC_D21_034/proj_adags/data/n3v/sear_steak/flow/cam00_0176.npz,3,0.19679366052150726,0.41593724489212036,0.2662810683250427,0.5187265276908875,0.3754581809043884,0.02859085239470005,0.031791605055332184,0.8291580677032471,0.6799102425575256,0.7366572022438049,0.04029679298400879,sear_steak_depth_064_cam00_0176
34,"[320, 256, 416, 352]",0.9948031306266785,1.0,0.9958425045013428,sear_steak,cam00,cam00_0281,281,/leonardo_work/EUHPC_D21_034/proj_adags/repo/adags/refine-logs/depth_occlusion_support/r031_da3_depth_full/depth_npz/sear_steak/cam00_0281.npz,/leonardo_work/EUHPC_D21_034/proj_adags/data/n3v/sear_steak/motion_priors/masks/cam00_0281.png,/leonardo_work/EUHPC_D21_034/proj_adags/data/n3v/sear_steak/flow/cam00_0281.npz,3,0.1899995654821396,0.5478977560997009,0.25581493973731995,0.46946054697036743,0.37191540002822876,0.028304914012551308,0.05845966935157776,0.4834272861480713,0.6851884126663208,0.6925936341285706,0.03154359757900238,sear_steak_depth_065_cam00_0281
22,"[224, 208, 320, 304]",0.994750440120697,1.0,0.9958003520965577,sear_steak,cam00,cam00_0095,95,/leonardo_work/EUHPC_D21_034/proj_adags/repo/adags/refine-logs/depth_occlusion_support/r031_da3_depth_full/depth_npz/sear_steak/cam00_0095.npz,/leonardo_work/EUHPC_D21_034/proj_adags/data/n3v/sear_steak/motion_priors/masks/cam00_0095.png,/leonardo_work/EUHPC_D21_034/proj_adags/data/n3v/sear_steak/flow/cam00_0095.npz,3,0.19636310636997223,0.3936954438686371,0.3146805465221405,0.4730803668498993,0.38311171531677246,0.03547378256917,0.051343321800231934,0.8115349411964417,0.6774914264678955,0.7333484888076782,0.0485510528087616,sear_steak_depth_066_cam00_0095
40,"[256, 144, 352, 240]",0.9947016835212708,1.0,0.9957613468170166,sear_steak,cam00,cam00_0169,169,/leonardo_work/EUHPC_D21_034/proj_adags/repo/adags/refine-logs/depth_occlusion_support/r031_da3_depth_full/depth_npz/sear_steak/cam00_0169.npz,/leonardo_work/EUHPC_D21_034/proj_adags/data/n3v/sear_steak/motion_priors/masks/cam00_0169.png,/leonardo_work/EUHPC_D21_034/proj_adags/data/n3v/sear_steak/flow/cam00_0169.npz,0,0.18382714688777924,0.5248932838439941,0.2777723968029022,0.46861082315444946,0.3828716278076172,0.03625865280628204,0.04768448695540428,0.7956216335296631,0.6804033517837524,0.7403393983840942,0.0481746681034565,sear_steak_depth_067_cam00_0169
40,"[400, 240, 496, 336]",0.9946090579032898,1.0,0.9956872463226318,sear_steak,cam00,cam00_0286,286,/leonardo_work/EUHPC_D21_034/proj_adags/repo/adags/refine-logs/depth_occlusion_support/r031_da3_depth_full/depth_npz/sear_steak/cam00_0286.npz,/leonardo_work/EUHPC_D21_034/proj_adags/data/n3v/sear_steak/motion_priors/masks/cam00_0286.png,/leonardo_work/EUHPC_D21_034/proj_adags/data/n3v/sear_steak/flow/cam00_0286.npz,0,0.16442713141441345,0.5784996151924133,0.2608945965766907,0.4818616807460785,0.3692411184310913,0.028905967250466347,0.047588203102350235,0.6501172780990601,0.683563232421875,0.6906737685203552,0.03489023447036743,sear_steak_depth_068_cam00_0286
9,"[432, 288, 528, 384]",0.994594156742096,1.0,0.9956753253936768,sear_steak,cam00,cam00_0209,209,/leonardo_work/EUHPC_D21_034/proj_adags/repo/adags/refine-logs/depth_occlusion_support/r031_da3_depth_full/depth_npz/sear_steak/cam00_0209.npz,/leonardo_work/EUHPC_D21_034/proj_adags/data/n3v/sear_steak/motion_priors/masks/cam00_0209.png,/leonardo_work/EUHPC_D21_034/proj_adags/data/n3v/sear_steak/flow/cam00_0209.npz,0,0.18993420898914337,0.3956117630004883,0.25220638513565063,0.46677765250205994,0.37684690952301025,0.025054560974240303,0.04432034492492676,0.8143768310546875,0.683035135269165,0.7266318798065186,0.04214079678058624,sear_steak_depth_069_cam00_0209
9,"[432, 304, 528, 400]",0.994594156742096,1.0,0.9956753253936768,sear_steak,cam00,cam00_0209,209,/leonardo_work/EUHPC_D21_034/proj_adags/repo/adags/refine-logs/depth_occlusion_support/r031_da3_depth_full/depth_npz/sear_steak/cam00_0209.npz,/leonardo_work/EUHPC_D21_034/proj_adags/data/n3v/sear_steak/motion_priors/masks/cam00_0209.png,/leonardo_work/EUHPC_D21_034/proj_adags/data/n3v/sear_steak/flow/cam00_0209.npz,1,0.18993420898914337,0.3956117630004883,0.25220638513565063,0.46677765250205994,0.37684690952301025,0.025054560974240303,0.04432034492492676,0.8143768310546875,0.683035135269165,0.7266318798065186,0.04214079678058624,sear_steak_depth_070_cam00_0209
9,"[432, 320, 528, 416]",0.994594156742096,1.0,0.9956753253936768,sear_steak,cam00,cam00_0209,209,/leonardo_work/EUHPC_D21_034/proj_adags/repo/adags/refine-logs/depth_occlusion_support/r031_da3_depth_full/depth_npz/sear_steak/cam00_0209.npz,/leonardo_work/EUHPC_D21_034/proj_adags/data/n3v/sear_steak/motion_priors/masks/cam00_0209.png,/leonardo_work/EUHPC_D21_034/proj_adags/data/n3v/sear_steak/flow/cam00_0209.npz,2,0.18993420898914337,0.3956117630004883,0.25220638513565063,0.46677765250205994,0.37684690952301025,0.025054560974240303,0.04432034492492676,0.8143768310546875,0.683035135269165,0.7266318798065186,0.04214079678058624,sear_steak_depth_071_cam00_0209
9,"[432, 336, 528, 432]",0.994594156742096,1.0,0.9956753253936768,sear_steak,cam00,cam00_0209,209,/leonardo_work/EUHPC_D21_034/proj_adags/repo/adags/refine-logs/depth_occlusion_support/r031_da3_depth_full/depth_npz/sear_steak/cam00_0209.npz,/leonardo_work/EUHPC_D21_034/proj_adags/data/n3v/sear_steak/motion_priors/masks/cam00_0209.png,/leonardo_work/EUHPC_D21_034/proj_adags/data/n3v/sear_steak/flow/cam00_0209.npz,3,0.18993420898914337,0.3956117630004883,0.25220638513565063,0.46677765250205994,0.37684690952301025,0.025054560974240303,0.04432034492492676,0.8143768310546875,0.683035135269165,0.7266318798065186,0.04214079678058624,sear_steak_depth_072_cam00_0209
87,"[384, 368, 480, 464]",0.9945846796035767,1.0,0.9956677436828614,sear_steak,cam00,cam00_0092,92,/leonardo_work/EUHPC_D21_034/proj_adags/repo/adags/refine-logs/depth_occlusion_support/r031_da3_depth_full/depth_npz/sear_steak/cam00_0092.npz,/leonardo_work/EUHPC_D21_034/proj_adags/data/n3v/sear_steak/motion_priors/masks/cam00_0092.png,/leonardo_work/EUHPC_D21_034/proj_adags/data/n3v/sear_steak/flow/cam00_0092.npz,1,0.19421075284481049,0.36748048663139343,0.2643825113773346,0.48817428946495056,0.381535142660141,0.0414172001183033,0.04270975664258003,0.8114911913871765,0.677803635597229,0.7333543300628662,0.04831763729453087,sear_steak_depth_073_cam00_0092
87,"[400, 368, 496, 464]",0.9945846796035767,1.0,0.9956677436828614,sear_steak,cam00,cam00_0092,92,/leonardo_work/EUHPC_D21_034/proj_adags/repo/adags/refine-logs/depth_occlusion_support/r031_da3_depth_full/depth_npz/sear_steak/cam00_0092.npz,/leonardo_work/EUHPC_D21_034/proj_adags/data/n3v/sear_steak/motion_priors/masks/cam00_0092.png,/leonardo_work/EUHPC_D21_034/proj_adags/data/n3v/sear_steak/flow/cam00_0092.npz,2,0.19421075284481049,0.36748048663139343,0.2643825113773346,0.48817428946495056,0.381535142660141,0.0414172001183033,0.04270975664258003,0.8114911913871765,0.677803635597229,0.7333543300628662,0.04831763729453087,sear_steak_depth_074_cam00_0092
67,"[192, 368, 288, 464]",0.9945632219314575,1.0,0.9956505775451661,sear_steak,cam00,cam00_0177,177,/leonardo_work/EUHPC_D21_034/proj_adags/repo/adags/refine-logs/depth_occlusion_support/r031_da3_depth_full/depth_npz/sear_steak/cam00_0177.npz,/leonardo_work/EUHPC_D21_034/proj_adags/data/n3v/sear_steak/motion_priors/masks/cam00_0177.png,/leonardo_work/EUHPC_D21_034/proj_adags/data/n3v/sear_steak/flow/cam00_0177.npz,1,0.1975751370191574,0.5099273324012756,0.2843206524848938,0.5041215419769287,0.375851571559906,0.024269692599773407,0.03829522803425789,0.8362189531326294,0.6796184778213501,0.7358285784721375,0.043634675443172455,sear_steak_depth_075_cam00_0177
38,"[384, 368, 480, 464]",0.9944151043891907,1.0,0.9955320835113526,sear_steak,cam00,cam00_0185,185,/leonardo_work/EUHPC_D21_034/proj_adags/repo/adags/refine-logs/depth_occlusion_support/r031_da3_depth_full/depth_npz/sear_steak/cam00_0185.npz,/leonardo_work/EUHPC_D21_034/proj_adags/data/n3v/sear_steak/motion_priors/masks/cam00_0185.png,/leonardo_work/EUHPC_D21_034/proj_adags/data/n3v/sear_steak/flow/cam00_0185.npz,0,0.19640491902828217,0.4893178343772888,0.26796799898147583,0.5030598640441895,0.37632283568382263,0.027286626398563385,0.044159866869449615,0.8101957440376282,0.681328296661377,0.7358723282814026,0.03447591885924339,sear_steak_depth_076_cam00_0185
38,"[400, 368, 496, 464]",0.9944151043891907,1.0,0.9955320835113526,sear_steak,cam00,cam00_0185,185,/leonardo_work/EUHPC_D21_034/proj_adags/repo/adags/refine-logs/depth_occlusion_support/r031_da3_depth_full/depth_npz/sear_steak/cam00_0185.npz,/leonardo_work/EUHPC_D21_034/proj_adags/data/n3v/sear_steak/motion_priors/masks/cam00_0185.png,/leonardo_work/EUHPC_D21_034/proj_adags/data/n3v/sear_steak/flow/cam00_0185.npz,1,0.19640491902828217,0.4893178343772888,0.26796799898147583,0.5030598640441895,0.37632283568382263,0.027286626398563385,0.044159866869449615,0.8101957440376282,0.681328296661377,0.7358723282814026,0.03447591885924339,sear_steak_depth_077_cam00_0185
38,"[416, 368, 512, 464]",0.9944151043891907,1.0,0.9955320835113526,sear_steak,cam00,cam00_0185,185,/leonardo_work/EUHPC_D21_034/proj_adags/repo/adags/refine-logs/depth_occlusion_support/r031_da3_depth_full/depth_npz/sear_steak/cam00_0185.npz,/leonardo_work/EUHPC_D21_034/proj_adags/data/n3v/sear_steak/motion_priors/masks/cam00_0185.png,/leonardo_work/EUHPC_D21_034/proj_adags/data/n3v/sear_steak/flow/cam00_0185.npz,2,0.19640491902828217,0.4893178343772888,0.26796799898147583,0.5030598640441895,0.37632283568382263,0.027286626398563385,0.044159866869449615,0.8101957440376282,0.681328296661377,0.7358723282814026,0.03447591885924339,sear_steak_depth_078_cam00_0185
40,"[384, 128, 480, 224]",0.9941864013671875,1.0,0.99534912109375,sear_steak,cam00,cam00_0172,172,/leonardo_work/EUHPC_D21_034/proj_adags/repo/adags/refine-logs/depth_occlusion_support/r031_da3_depth_full/depth_npz/sear_steak/cam00_0172.npz,/leonardo_work/EUHPC_D21_034/proj_adags/data/n3v/sear_steak/motion_priors/masks/cam00_0172.png,/leonardo_work/EUHPC_D21_034/proj_adags/data/n3v/sear_steak/flow/cam00_0172.npz,0,0.19239495694637299,0.4659374952316284,0.3001766502857208,0.4876866340637207,0.37904852628707886,0.03559340909123421,0.03965780884027481,0.7439311146736145,0.680178701877594,0.7400621771812439,0.05140167847275734,sear_steak_depth_079_cam00_0172
73,"[400, 160, 496, 256]",0.994033694267273,1.0,0.9952269554138184,sear_steak,cam00,cam00_0286,286,/leonardo_work/EUHPC_D21_034/proj_adags/repo/adags/refine-logs/depth_occlusion_support/r031_da3_depth_full/depth_npz/sear_steak/cam00_0286.npz,/leonardo_work/EUHPC_D21_034/proj_adags/data/n3v/sear_steak/motion_priors/masks/cam00_0286.png,/leonardo_work/EUHPC_D21_034/proj_adags/data/n3v/sear_steak/flow/cam00_0286.npz,1,0.16442713141441345,0.5784996151924133,0.2608945965766907,0.4818616807460785,0.3692411184310913,0.028905967250466347,0.047588203102350235,0.6501172780990601,0.683563232421875,0.6906737685203552,0.03489023447036743,sear_steak_depth_080_cam00_0286
73,"[400, 176, 496, 272]",0.994033694267273,1.0,0.9952269554138184,sear_steak,cam00,cam00_0286,286,/leonardo_work/EUHPC_D21_034/proj_adags/repo/adags/refine-logs/depth_occlusion_support/r031_da3_depth_full/depth_npz/sear_steak/cam00_0286.npz,/leonardo_work/EUHPC_D21_034/proj_adags/data/n3v/sear_steak/motion_priors/masks/cam00_0286.png,/leonardo_work/EUHPC_D21_034/proj_adags/data/n3v/sear_steak/flow/cam00_0286.npz,2,0.16442713141441345,0.5784996151924133,0.2608945965766907,0.4818616807460785,0.3692411184310913,0.028905967250466347,0.047588203102350235,0.6501172780990601,0.683563232421875,0.6906737685203552,0.03489023447036743,sear_steak_depth_081_cam00_0286
73,"[400, 192, 496, 288]",0.994033694267273,1.0,0.9952269554138184,sear_steak,cam00,cam00_0286,286,/leonardo_work/EUHPC_D21_034/proj_adags/repo/adags/refine-logs/depth_occlusion_support/r031_da3_depth_full/depth_npz/sear_steak/cam00_0286.npz,/leonardo_work/EUHPC_D21_034/proj_adags/data/n3v/sear_steak/motion_priors/masks/cam00_0286.png,/leonardo_work/EUHPC_D21_034/proj_adags/data/n3v/sear_steak/flow/cam00_0286.npz,3,0.16442713141441345,0.5784996151924133,0.2608945965766907,0.4818616807460785,0.3692411184310913,0.028905967250466347,0.047588203102350235,0.6501172780990601,0.683563232421875,0.6906737685203552,0.03489023447036743,sear_steak_depth_082_cam00_0286
28,"[224, 208, 320, 304]",0.9940027594566345,1.0,0.9952022075653078,sear_steak,cam00,cam00_0206,206,/leonardo_work/EUHPC_D21_034/proj_adags/repo/adags/refine-logs/depth_occlusion_support/r031_da3_depth_full/depth_npz/sear_steak/cam00_0206.npz,/leonardo_work/EUHPC_D21_034/proj_adags/data/n3v/sear_steak/motion_priors/masks/cam00_0206.png,/leonardo_work/EUHPC_D21_034/proj_adags/data/n3v/sear_steak/flow/cam00_0206.npz,1,0.18040934205055237,0.22139200568199158,0.26675060391426086,0.4255681335926056,0.37593063712120056,0.025095410645008087,0.04552828520536423,0.45825308561325073,0.6836420297622681,0.7268186211585999,0.04359382763504982,sear_steak_depth_083_cam00_0206
106,"[416, 240, 512, 336]",0.993874192237854,1.0,0.9950993537902832,sear_steak,cam00,cam00_0091,91,/leonardo_work/EUHPC_D21_034/proj_adags/repo/adags/refine-logs/depth_occlusion_support/r031_da3_depth_full/depth_npz/sear_steak/cam00_0091.npz,/leonardo_work/EUHPC_D21_034/proj_adags/data/n3v/sear_steak/motion_priors/masks/cam00_0091.png,/leonardo_work/EUHPC_D21_034/proj_adags/data/n3v/sear_steak/flow/cam00_0091.npz,1,0.19658344984054565,0.3931392729282379,0.25110581517219543,0.45135194063186646,0.38514694571495056,0.036565013229846954,0.05467245727777481,0.7840995192527771,0.678413450717926,0.7344864010810852,0.05139000713825226,sear_steak_depth_084_cam00_0091
99,"[256, 160, 352, 256]",0.993869960308075,1.0,0.99509596824646,sear_steak,cam00,cam00_0169,169,/leonardo_work/EUHPC_D21_034/proj_adags/repo/adags/refine-logs/depth_occlusion_support/r031_da3_depth_full/depth_npz/sear_steak/cam00_0169.npz,/leonardo_work/EUHPC_D21_034/proj_adags/data/n3v/sear_steak/motion_priors/masks/cam00_0169.png,/leonardo_work/EUHPC_D21_034/proj_adags/data/n3v/sear_steak/flow/cam00_0169.npz,1,0.18382714688777924,0.5248932838439941,0.2777723968029022,0.46861082315444946,0.3828716278076172,0.03625865280628204,0.04768448695540428,0.7956216335296631,0.6804033517837524,0.7403393983840942,0.0481746681034565,sear_steak_depth_085_cam00_0169
20,"[256, 128, 352, 224]",0.9937294125556946,1.0,0.9949835300445558,sear_steak,cam00,cam00_0089,89,/leonardo_work/EUHPC_D21_034/proj_adags/repo/adags/refine-logs/depth_occlusion_support/r031_da3_depth_full/depth_npz/sear_steak/cam00_0089.npz,/leonardo_work/EUHPC_D21_034/proj_adags/data/n3v/sear_steak/motion_priors/masks/cam00_0089.png,/leonardo_work/EUHPC_D21_034/proj_adags/data/n3v/sear_steak/flow/cam00_0089.npz,0,0.18702121078968048,0.33913350105285645,0.2621091902256012,0.46210992336273193,0.3797813057899475,0.03721858561038971,0.04025886207818985,0.7063244581222534,0.6781654357910156,0.7334097623825073,0.045359056442976,sear_steak_depth_086_cam00_0089
37,"[400, 192, 496, 288]",0.9936029314994812,1.0,0.994882345199585,sear_steak,cam00,cam00_0092,92,/leonardo_work/EUHPC_D21_034/proj_adags/repo/adags/refine-logs/depth_occlusion_support/r031_da3_depth_full/depth_npz/sear_steak/cam00_0092.npz,/leonardo_work/EUHPC_D21_034/proj_adags/data/n3v/sear_steak/motion_priors/masks/cam00_0092.png,/leonardo_work/EUHPC_D21_034/proj_adags/data/n3v/sear_steak/flow/cam00_0092.npz,3,0.19421075284481049,0.36748048663139343,0.2643825113773346,0.48817428946495056,0.381535142660141,0.0414172001183033,0.04270975664258003,0.8114911913871765,0.677803635597229,0.7333543300628662,0.04831763729453087,sear_steak_depth_087_cam00_0092
58,"[208, 336, 304, 432]",0.9935895800590515,1.0,0.9948716640472413,sear_steak,cam00,cam00_0031,31,/leonardo_work/EUHPC_D21_034/proj_adags/repo/adags/refine-logs/depth_occlusion_support/r031_da3_depth_full/depth_npz/sear_steak/cam00_0031.npz,/leonardo_work/EUHPC_D21_034/proj_adags/data/n3v/sear_steak/motion_priors/masks/cam00_0031.png,/leonardo_work/EUHPC_D21_034/proj_adags/data/n3v/sear_steak/flow/cam00_0031.npz,0,0.19329942762851715,0.40694546699523926,0.27174270153045654,0.5069100260734558,0.3784565031528473,0.03409077599644661,0.05326610803604126,0.599847674369812,0.6777365207672119,0.715349018573761,0.05777692049741745,sear_steak_depth_088_cam00_0031
32,"[224, 192, 320, 288]",0.993458092212677,1.0,0.9947664737701416,sear_steak,cam00,cam00_0088,88,/leonardo_work/EUHPC_D21_034/proj_adags/repo/adags/refine-logs/depth_occlusion_support/r031_da3_depth_full/depth_npz/sear_steak/cam00_0088.npz,/leonardo_work/EUHPC_D21_034/proj_adags/data/n3v/sear_steak/motion_priors/masks/cam00_0088.png,/leonardo_work/EUHPC_D21_034/proj_adags/data/n3v/sear_steak/flow/cam00_0088.npz,2,0.1868228167295456,0.31690773367881775,0.2578025460243225,0.4681386947631836,0.3799409866333008,0.035958126187324524,0.04600679129362106,0.6346504092216492,0.6769516468048096,0.7319538593292236,0.04951682314276695,sear_steak_depth_089_cam00_0088
32,"[384, 128, 480, 224]",0.993387758731842,1.0,0.9947102069854736,sear_steak,cam00,cam00_0110,110,/leonardo_work/EUHPC_D21_034/proj_adags/repo/adags/refine-logs/depth_occlusion_support/r031_da3_depth_full/depth_npz/sear_steak/cam00_0110.npz,/leonardo_work/EUHPC_D21_034/proj_adags/data/n3v/sear_steak/motion_priors/masks/cam00_0110.png,/leonardo_work/EUHPC_D21_034/proj_adags/data/n3v/sear_steak/flow/cam00_0110.npz,1,0.18719135224819183,0.37212905287742615,0.2586103081703186,0.4779492914676666,0.37762555480003357,0.0319053940474987,0.03889336436986923,0.8330532312393188,0.6789240837097168,0.7326074242591858,0.049184203147888184,sear_steak_depth_090_cam00_0110
37,"[384, 240, 480, 336]",0.9933104515075684,1.0,0.9946483612060548,sear_steak,cam00,cam00_0103,103,/leonardo_work/EUHPC_D21_034/proj_adags/repo/adags/refine-logs/depth_occlusion_support/r031_da3_depth_full/depth_npz/sear_steak/cam00_0103.npz,/leonardo_work/EUHPC_D21_034/proj_adags/data/n3v/sear_steak/motion_priors/masks/cam00_0103.png,/leonardo_work/EUHPC_D21_034/proj_adags/data/n3v/sear_steak/flow/cam00_0103.npz,0,0.18844439089298248,0.3510977625846863,0.2557174563407898,0.4741654396057129,0.38052913546562195,0.03126057609915733,0.05657481774687767,0.5170278549194336,0.6785855889320374,0.7328525185585022,0.041157521307468414,sear_steak_depth_091_cam00_0103
47,"[416, 368, 512, 464]",0.9933058023452759,1.0,0.9946446418762207,sear_steak,cam00,cam00_0091,91,/leonardo_work/EUHPC_D21_034/proj_adags/repo/adags/refine-logs/depth_occlusion_support/r031_da3_depth_full/depth_npz/sear_steak/cam00_0091.npz,/leonardo_work/EUHPC_D21_034/proj_adags/data/n3v/sear_steak/motion_priors/masks/cam00_0091.png,/leonardo_work/EUHPC_D21_034/proj_adags/data/n3v/sear_steak/flow/cam00_0091.npz,2,0.19658344984054565,0.3931392729282379,0.25110581517219543,0.45135194063186646,0.38514694571495056,0.036565013229846954,0.05467245727777481,0.7840995192527771,0.678413450717926,0.7344864010810852,0.05139000713825226,sear_steak_depth_092_cam00_0091
59,"[256, 256, 352, 352]",0.9933034777641296,1.0,0.9946427822113038,sear_steak,cam00,cam00_0177,177,/leonardo_work/EUHPC_D21_034/proj_adags/repo/adags/refine-logs/depth_occlusion_support/r031_da3_depth_full/depth_npz/sear_steak/cam00_0177.npz,/leonardo_work/EUHPC_D21_034/proj_adags/data/n3v/sear_steak/motion_priors/masks/cam00_0177.png,/leonardo_work/EUHPC_D21_034/proj_adags/data/n3v/sear_steak/flow/cam00_0177.npz,2,0.1975751370191574,0.5099273324012756,0.2843206524848938,0.5041215419769287,0.375851571559906,0.024269692599773407,0.03829522803425789,0.8362189531326294,0.6796184778213501,0.7358285784721375,0.043634675443172455,sear_steak_depth_093_cam00_0177
35,"[256, 128, 352, 224]",0.9932807087898254,1.0,0.9946245670318603,sear_steak,cam00,cam00_0091,91,/leonardo_work/EUHPC_D21_034/proj_adags/repo/adags/refine-logs/depth_occlusion_support/r031_da3_depth_full/depth_npz/sear_steak/cam00_0091.npz,/leonardo_work/EUHPC_D21_034/proj_adags/data/n3v/sear_steak/motion_priors/masks/cam00_0091.png,/leonardo_work/EUHPC_D21_034/proj_adags/data/n3v/sear_steak/flow/cam00_0091.npz,3,0.19658344984054565,0.3931392729282379,0.25110581517219543,0.45135194063186646,0.38514694571495056,0.036565013229846954,0.05467245727777481,0.7840995192527771,0.678413450717926,0.7344864010810852,0.05139000713825226,sear_steak_depth_094_cam00_0091
52,"[400, 144, 496, 240]",0.9932729005813599,1.0,0.994618320465088,sear_steak,cam00,cam00_0034,34,/leonardo_work/EUHPC_D21_034/proj_adags/repo/adags/refine-logs/depth_occlusion_support/r031_da3_depth_full/depth_npz/sear_steak/cam00_0034.npz,/leonardo_work/EUHPC_D21_034/proj_adags/data/n3v/sear_steak/motion_priors/masks/cam00_0034.png,/leonardo_work/EUHPC_D21_034/proj_adags/data/n3v/sear_steak/flow/cam00_0034.npz,0,0.18707172572612762,0.457705557346344,0.2968357801437378,0.46852245926856995,0.3759802579879761,0.03131309524178505,0.04384183511137962,0.6753790378570557,0.6775118708610535,0.7139310240745544,0.05661274865269661,sear_steak_depth_095_cam00_0034
27,"[256, 144, 352, 240]",0.993042528629303,1.0,0.9944340229034425,sear_steak,cam00,cam00_0118,118,/leonardo_work/EUHPC_D21_034/proj_adags/repo/adags/refine-logs/depth_occlusion_support/r031_da3_depth_full/depth_npz/sear_steak/cam00_0118.npz,/leonardo_work/EUHPC_D21_034/proj_adags/data/n3v/sear_steak/motion_priors/masks/cam00_0118.png,/leonardo_work/EUHPC_D21_034/proj_adags/data/n3v/sear_steak/flow/cam00_0118.npz,0,0.18695607781410217,0.38249340653419495,0.2767775356769562,0.4709681570529938,0.3660789132118225,0.005546608008444309,0.03442047908902168,0.9057047367095947,0.6799394488334656,0.7363712787628174,0.04357340559363365,sear_steak_depth_096_cam00_0118
109,"[256, 160, 352, 256]",0.99283766746521,1.0,0.994270133972168,sear_steak,cam00,cam00_0202,202,/leonardo_work/EUHPC_D21_034/proj_adags/repo/adags/refine-logs/depth_occlusion_support/r031_da3_depth_full/depth_npz/sear_steak/cam00_0202.npz,/leonardo_work/EUHPC_D21_034/proj_adags/data/n3v/sear_steak/motion_priors/masks/cam00_0202.png,/leonardo_work/EUHPC_D21_034/proj_adags/data/n3v/sear_steak/flow/cam00_0202.npz,0,0.19274020195007324,0.4804494082927704,0.27043142914772034,0.4851638376712799,0.3792472183704376,0.02774762734770775,0.05258919671177864,0.7547383904457092,0.6833006739616394,0.7299405932426453,0.04522484168410301,sear_steak_depth_097_cam00_0202
57,"[384, 160, 480, 256]",0.9928260445594788,1.0,0.994260835647583,sear_steak,cam00,cam00_0094,94,/leonardo_work/EUHPC_D21_034/proj_adags/repo/adags/refine-logs/depth_occlusion_support/r031_da3_depth_full/depth_npz/sear_steak/cam00_0094.npz,/leonardo_work/EUHPC_D21_034/proj_adags/data/n3v/sear_steak/motion_priors/masks/cam00_0094.png,/leonardo_work/EUHPC_D21_034/proj_adags/data/n3v/sear_steak/flow/cam00_0094.npz,1,0.19454896450042725,0.3272625803947449,0.3176807463169098,0.4834439158439636,0.3823246359825134,0.03656793013215065,0.0444808192551136,0.7368585467338562,0.6784893274307251,0.7342296838760376,0.04521608725190163,sear_steak_depth_098_cam00_0094
57,"[384, 176, 480, 272]",0.9928260445594788,1.0,0.994260835647583,sear_steak,cam00,cam00_0094,94,/leonardo_work/EUHPC_D21_034/proj_adags/repo/adags/refine-logs/depth_occlusion_support/r031_da3_depth_full/depth_npz/sear_steak/cam00_0094.npz,/leonardo_work/EUHPC_D21_034/proj_adags/data/n3v/sear_steak/motion_priors/masks/cam00_0094.png,/leonardo_work/EUHPC_D21_034/proj_adags/data/n3v/sear_steak/flow/cam00_0094.npz,2,0.19454896450042725,0.3272625803947449,0.3176807463169098,0.4834439158439636,0.3823246359825134,0.03656793013215065,0.0444808192551136,0.7368585467338562,0.6784893274307251,0.7342296838760376,0.04521608725190163,sear_steak_depth_099_cam00_0094
176,"[256, 176, 352, 272]",0.9927892088890076,1.0,0.9942313671112062,sear_steak,cam00,cam00_0171,171,/leonardo_work/EUHPC_D21_034/proj_adags/repo/adags/refine-logs/depth_occlusion_support/r031_da3_depth_full/depth_npz/sear_steak/cam00_0171.npz,/leonardo_work/EUHPC_D21_034/proj_adags/data/n3v/sear_steak/motion_priors/masks/cam00_0171.png,/leonardo_work/EUHPC_D21_034/proj_adags/data/n3v/sear_steak/flow/cam00_0171.npz,0,0.19181939959526062,0.47216612100601196,0.29544952511787415,0.4781339168548584,0.3841593861579895,0.03895755112171173,0.0499894954264164,0.8067498803138733,0.6793821454048157,0.7405027747154236,0.049983661621809006,sear_steak_depth_100_cam00_0171
176,"[256, 192, 352, 288]",0.9927892088890076,1.0,0.9942313671112062,sear_steak,cam00,cam00_0171,171,/leonardo_work/EUHPC_D21_034/proj_adags/repo/adags/refine-logs/depth_occlusion_support/r031_da3_depth_full/depth_npz/sear_steak/cam00_0171.npz,/leonardo_work/EUHPC_D21_034/proj_adags/data/n3v/sear_steak/motion_priors/masks/cam00_0171.png,/leonardo_work/EUHPC_D21_034/proj_adags/data/n3v/sear_steak/flow/cam00_0171.npz,1,0.19181939959526062,0.47216612100601196,0.29544952511787415,0.4781339168548584,0.3841593861579895,0.03895755112171173,0.0499894954264164,0.8067498803138733,0.6793821454048157,0.7405027747154236,0.049983661621809006,sear_steak_depth_101_cam00_0171
18,"[224, 192, 320, 288]",0.9925711154937744,1.0,0.9940568923950195,sear_steak,cam00,cam00_0202,202,/leonardo_work/EUHPC_D21_034/proj_adags/repo/adags/refine-logs/depth_occlusion_support/r031_da3_depth_full/depth_npz/sear_steak/cam00_0202.npz,/leonardo_work/EUHPC_D21_034/proj_adags/data/n3v/sear_steak/motion_priors/masks/cam00_0202.png,/leonardo_work/EUHPC_D21_034/proj_adags/data/n3v/sear_steak/flow/cam00_0202.npz,1,0.19274020195007324,0.4804494082927704,0.27043142914772034,0.4851638376712799,0.3792472183704376,0.02774762734770775,0.05258919671177864,0.7547383904457092,0.6833006739616394,0.7299405932426453,0.04522484168410301,sear_steak_depth_102_cam00_0202
18,"[240, 192, 336, 288]",0.9925711154937744,1.0,0.9940568923950195,sear_steak,cam00,cam00_0202,202,/leonardo_work/EUHPC_D21_034/proj_adags/repo/adags/refine-logs/depth_occlusion_support/r031_da3_depth_full/depth_npz/sear_steak/cam00_0202.npz,/leonardo_work/EUHPC_D21_034/proj_adags/data/n3v/sear_steak/motion_priors/masks/cam00_0202.png,/leonardo_work/EUHPC_D21_034/proj_adags/data/n3v/sear_steak/flow/cam00_0202.npz,2,0.19274020195007324,0.4804494082927704,0.27043142914772034,0.4851638376712799,0.3792472183704376,0.02774762734770775,0.05258919671177864,0.7547383904457092,0.6833006739616394,0.7299405932426453,0.04522484168410301,sear_steak_depth_103_cam00_0202
43,"[256, 144, 352, 240]",0.9924634099006653,1.0,0.9939707279205323,sear_steak,cam00,cam00_0202,202,/leonardo_work/EUHPC_D21_034/proj_adags/repo/adags/refine-logs/depth_occlusion_support/r031_da3_depth_full/depth_npz/sear_steak/cam00_0202.npz,/leonardo_work/EUHPC_D21_034/proj_adags/data/n3v/sear_steak/motion_priors/masks/cam00_0202.png,/leonardo_work/EUHPC_D21_034/proj_adags/data/n3v/sear_steak/flow/cam00_0202.npz,3,0.19274020195007324,0.4804494082927704,0.27043142914772034,0.4851638376712799,0.3792472183704376,0.02774762734770775,0.05258919671177864,0.7547383904457092,0.6833006739616394,0.7299405932426453,0.04522484168410301,sear_steak_depth_104_cam00_0202
22,"[192, 240, 288, 336]",0.9924364686012268,1.0,0.9939491748809814,sear_steak,cam00,cam00_0098,98,/leonardo_work/EUHPC_D21_034/proj_adags/repo/adags/refine-logs/depth_occlusion_support/r031_da3_depth_full/depth_npz/sear_steak/cam00_0098.npz,/leonardo_work/EUHPC_D21_034/proj_adags/data/n3v/sear_steak/motion_priors/masks/cam00_0098.png,/leonardo_work/EUHPC_D21_034/proj_adags/data/n3v/sear_steak/flow/cam00_0098.npz,0,0.18455514311790466,0.3941946029663086,0.27882200479507446,0.4784069061279297,0.3797178268432617,0.025617683306336403,0.06157580763101578,0.6688432693481445,0.6790115833282471,0.7350553870201111,0.04028220474720001,sear_steak_depth_105_cam00_0098
40,"[400, 144, 496, 240]",0.9923995733261108,1.0,0.9939196586608887,sear_steak,cam00,cam00_0210,210,/leonardo_work/EUHPC_D21_034/proj_adags/repo/adags/refine-logs/depth_occlusion_support/r031_da3_depth_full/depth_npz/sear_steak/cam00_0210.npz,/leonardo_work/EUHPC_D21_034/proj_adags/data/n3v/sear_steak/motion_priors/masks/cam00_0210.png,/leonardo_work/EUHPC_D21_034/proj_adags/data/n3v/sear_steak/flow/cam00_0210.npz,0,0.18842646479606628,0.24363583326339722,0.28634002804756165,0.46629050374031067,0.3730871081352234,0.021066023036837578,0.039517756551504135,0.886885404586792,0.6824691295623779,0.7264597415924072,0.04187236726284027,sear_steak_depth_106_cam00_0210
69,"[416, 368, 512, 464]",0.9923614263534546,1.0,0.9938891410827637,sear_steak,cam00,cam00_0171,171,/leonardo_work/EUHPC_D21_034/proj_adags/repo/adags/refine-logs/depth_occlusion_support/r031_da3_depth_full/depth_npz/sear_steak/cam00_0171.npz,/leonardo_work/EUHPC_D21_034/proj_adags/data/n3v/sear_steak/motion_priors/masks/cam00_0171.png,/leonardo_work/EUHPC_D21_034/proj_adags/data/n3v/sear_steak/flow/cam00_0171.npz,2,0.19181939959526062,0.47216612100601196,0.29544952511787415,0.4781339168548584,0.3841593861579895,0.03895755112171173,0.0499894954264164,0.8067498803138733,0.6793821454048157,0.7405027747154236,0.049983661621809006,sear_steak_depth_107_cam00_0171
40,"[400, 144, 496, 240]",0.9921823740005493,1.0,0.9937458992004395,sear_steak,cam00,cam00_0288,288,/leonardo_work/EUHPC_D21_034/proj_adags/repo/adags/refine-logs/depth_occlusion_support/r031_da3_depth_full/depth_npz/sear_steak/cam00_0288.npz,/leonardo_work/EUHPC_D21_034/proj_adags/data/n3v/sear_steak/motion_priors/masks/cam00_0288.png,/leonardo_work/EUHPC_D21_034/proj_adags/data/n3v/sear_steak/flow/cam00_0288.npz,3,0.19500327110290527,0.31623944640159607,0.2612851560115814,0.4929240345954895,0.3661671280860901,0.02640838921070099,0.03989122807979584,0.6457436084747314,0.6837995648384094,0.6908342242240906,0.031572774052619934,sear_steak_depth_108_cam00_0288
26,"[368, 128, 464, 224]",0.9919204711914062,1.0,0.9935363769531251,sear_steak,cam00,cam00_0186,186,/leonardo_work/EUHPC_D21_034/proj_adags/repo/adags/refine-logs/depth_occlusion_support/r031_da3_depth_full/depth_npz/sear_steak/cam00_0186.npz,/leonardo_work/EUHPC_D21_034/proj_adags/data/n3v/sear_steak/motion_priors/masks/cam00_0186.png,/leonardo_work/EUHPC_D21_034/proj_adags/data/n3v/sear_steak/flow/cam00_0186.npz,2,0.1871940940618515,0.5643789172172546,0.2589596211910248,0.4547954797744751,0.37804433703422546,0.02914813905954361,0.04184027016162872,0.8616966009140015,0.6812641024589539,0.7357848286628723,0.03833024203777313,sear_steak_depth_109_cam00_0186
26,"[384, 128, 480, 224]",0.9919204711914062,1.0,0.9935363769531251,sear_steak,cam00,cam00_0186,186,/leonardo_work/EUHPC_D21_034/proj_adags/repo/adags/refine-logs/depth_occlusion_support/r031_da3_depth_full/depth_npz/sear_steak/cam00_0186.npz,/leonardo_work/EUHPC_D21_034/proj_adags/data/n3v/sear_steak/motion_priors/masks/cam00_0186.png,/leonardo_work/EUHPC_D21_034/proj_adags/data/n3v/sear_steak/flow/cam00_0186.npz,3,0.1871940940618515,0.5643789172172546,0.2589596211910248,0.4547954797744751,0.37804433703422546,0.02914813905954361,0.04184027016162872,0.8616966009140015,0.6812641024589539,0.7357848286628723,0.03833024203777313,sear_steak_depth_110_cam00_0186
18,"[48, 256, 144, 352]",0.9917392730712891,1.0,0.9933914184570314,sear_steak,cam00,cam00_0098,98,/leonardo_work/EUHPC_D21_034/proj_adags/repo/adags/refine-logs/depth_occlusion_support/r031_da3_depth_full/depth_npz/sear_steak/cam00_0098.npz,/leonardo_work/EUHPC_D21_034/proj_adags/data/n3v/sear_steak/motion_priors/masks/cam00_0098.png,/leonardo_work/EUHPC_D21_034/proj_adags/data/n3v/sear_steak/flow/cam00_0098.npz,1,0.18455514311790466,0.3941946029663086,0.27882200479507446,0.4784069061279297,0.3797178268432617,0.025617683306336403,0.06157580763101578,0.6688432693481445,0.6790115833282471,0.7350553870201111,0.04028220474720001,sear_steak_depth_111_cam00_0098
16,"[416, 224, 512, 320]",0.9915104508399963,1.0,0.993208360671997,sear_steak,cam00,cam00_0021,21,/leonardo_work/EUHPC_D21_034/proj_adags/repo/adags/refine-logs/depth_occlusion_support/r031_da3_depth_full/depth_npz/sear_steak/cam00_0021.npz,/leonardo_work/EUHPC_D21_034/proj_adags/data/n3v/sear_steak/motion_priors/masks/cam00_0021.png,/leonardo_work/EUHPC_D21_034/proj_adags/data/n3v/sear_steak/flow/cam00_0021.npz,0,0.18681080639362335,0.3527402877807617,0.27028608322143555,0.4453514814376831,0.3711787462234497,0.022355658933520317,0.041338421404361725,0.8053989410400391,0.6770829558372498,0.7143161296844482,0.04531529173254967,sear_steak_depth_112_cam00_0021
33,"[416, 224, 512, 320]",0.9914937019348145,1.0,0.9931949615478517,sear_steak,cam00,cam00_0025,25,/leonardo_work/EUHPC_D21_034/proj_adags/repo/adags/refine-logs/depth_occlusion_support/r031_da3_depth_full/depth_npz/sear_steak/cam00_0025.npz,/leonardo_work/EUHPC_D21_034/proj_adags/data/n3v/sear_steak/motion_priors/masks/cam00_0025.png,/leonardo_work/EUHPC_D21_034/proj_adags/data/n3v/sear_steak/flow/cam00_0025.npz,0,0.18930584192276,0.477932333946228,0.2698187232017517,0.4910469055175781,0.37539026141166687,0.029133550822734833,0.04978817328810692,0.7975882291793823,0.6760267615318298,0.7137792706489563,0.052755504846572876,sear_steak_depth_113_cam00_0025
91,"[400, 160, 496, 256]",0.9912453293800354,1.0,0.9929962635040284,sear_steak,cam00,cam00_0210,210,/leonardo_work/EUHPC_D21_034/proj_adags/repo/adags/refine-logs/depth_occlusion_support/r031_da3_depth_full/depth_npz/sear_steak/cam00_0210.npz,/leonardo_work/EUHPC_D21_034/proj_adags/data/n3v/sear_steak/motion_priors/masks/cam00_0210.png,/leonardo_work/EUHPC_D21_034/proj_adags/data/n3v/sear_steak/flow/cam00_0210.npz,1,0.18842646479606628,0.24363583326339722,0.28634002804756165,0.46629050374031067,0.3730871081352234,0.021066023036837578,0.039517756551504135,0.886885404586792,0.6824691295623779,0.7264597415924072,0.04187236726284027,sear_steak_depth_114_cam00_0210
91,"[400, 176, 496, 272]",0.9912453293800354,1.0,0.9929962635040284,sear_steak,cam00,cam00_0210,210,/leonardo_work/EUHPC_D21_034/proj_adags/repo/adags/refine-logs/depth_occlusion_support/r031_da3_depth_full/depth_npz/sear_steak/cam00_0210.npz,/leonardo_work/EUHPC_D21_034/proj_adags/data/n3v/sear_steak/motion_priors/masks/cam00_0210.png,/leonardo_work/EUHPC_D21_034/proj_adags/data/n3v/sear_steak/flow/cam00_0210.npz,2,0.18842646479606628,0.24363583326339722,0.28634002804756165,0.46629050374031067,0.3730871081352234,0.021066023036837578,0.039517756551504135,0.886885404586792,0.6824691295623779,0.7264597415924072,0.04187236726284027,sear_steak_depth_115_cam00_0210
244,"[256, 208, 352, 304]",0.9912333488464355,1.0,0.9929866790771484,sear_steak,cam00,cam00_0171,171,/leonardo_work/EUHPC_D21_034/proj_adags/repo/adags/refine-logs/depth_occlusion_support/r031_da3_depth_full/depth_npz/sear_steak/cam00_0171.npz,/leonardo_work/EUHPC_D21_034/proj_adags/data/n3v/sear_steak/motion_priors/masks/cam00_0171.png,/leonardo_work/EUHPC_D21_034/proj_adags/data/n3v/sear_steak/flow/cam00_0171.npz,3,0.19181939959526062,0.47216612100601196,0.29544952511787415,0.4781339168548584,0.3841593861579895,0.03895755112171173,0.0499894954264164,0.8067498803138733,0.6793821454048157,0.7405027747154236,0.049983661621809006,sear_steak_depth_116_cam00_0171
23,"[224, 192, 320, 288]",0.9912217259407043,1.0,0.9929773807525635,sear_steak,cam00,cam00_0280,280,/leonardo_work/EUHPC_D21_034/proj_adags/repo/adags/refine-logs/depth_occlusion_support/r031_da3_depth_full/depth_npz/sear_steak/cam00_0280.npz,/leonardo_work/EUHPC_D21_034/proj_adags/data/n3v/sear_steak/motion_priors/masks/cam00_0280.png,/leonardo_work/EUHPC_D21_034/proj_adags/data/n3v/sear_steak/flow/cam00_0280.npz,1,0.1892474889755249,0.27953773736953735,0.24814093112945557,0.470450222492218,0.366916686296463,0.026315022259950638,0.04470256716012955,0.47294095158576965,0.6852409243583679,0.6931275725364685,0.03195791319012642,sear_steak_depth_117_cam00_0280
23,"[240, 192, 336, 288]",0.9912217259407043,1.0,0.9929773807525635,sear_steak,cam00,cam00_0280,280,/leonardo_work/EUHPC_D21_034/proj_adags/repo/adags/refine-logs/depth_occlusion_support/r031_da3_depth_full/depth_npz/sear_steak/cam00_0280.npz,/leonardo_work/EUHPC_D21_034/proj_adags/data/n3v/sear_steak/motion_priors/masks/cam00_0280.png,/leonardo_work/EUHPC_D21_034/proj_adags/data/n3v/sear_steak/flow/cam00_0280.npz,2,0.1892474889755249,0.27953773736953735,0.24814093112945557,0.470450222492218,0.366916686296463,0.026315022259950638,0.04470256716012955,0.47294095158576965,0.6852409243583679,0.6931275725364685,0.03195791319012642,sear_steak_depth_118_cam00_0280
23,"[240, 176, 336, 272]",0.9911865592002869,1.0,0.9929492473602295,sear_steak,cam00,cam00_0011,11,/leonardo_work/EUHPC_D21_034/proj_adags/repo/adags/refine-logs/depth_occlusion_support/r031_da3_depth_full/depth_npz/sear_steak/cam00_0011.npz,/leonardo_work/EUHPC_D21_034/proj_adags/data/n3v/sear_steak/motion_priors/masks/cam00_0011.png,/leonardo_work/EUHPC_D21_034/proj_adags/data/n3v/sear_steak/flow/cam00_0011.npz,0,0.19156332314014435,0.47552597522735596,0.2656400799751282,0.4545350968837738,0.3766559660434723,0.03225260600447655,0.04909083619713783,0.7874345183372498,0.6769254207611084,0.7157779335975647,0.048069629818201065,sear_steak_depth_119_cam00_0011
20,"[400, 160, 496, 256]",0.991053581237793,1.0,0.9928428649902343,sear_steak,cam00,cam00_0030,30,/leonardo_work/EUHPC_D21_034/proj_adags/repo/adags/refine-logs/depth_occlusion_support/r031_da3_depth_full/depth_npz/sear_steak/cam00_0030.npz,/leonardo_work/EUHPC_D21_034/proj_adags/data/n3v/sear_steak/motion_priors/masks/cam00_0030.png,/leonardo_work/EUHPC_D21_034/proj_adags/data/n3v/sear_steak/flow/cam00_0030.npz,0,0.1902131736278534,0.28925445675849915,0.2650502324104309,0.5154457688331604,0.374563068151474,0.03199292719364166,0.04785371571779251,0.6691408753395081,0.6765548586845398,0.7152235507965088,0.05568490922451019,sear_steak_depth_120_cam00_0030
20,"[400, 176, 496, 272]",0.991053581237793,1.0,0.9928428649902343,sear_steak,cam00,cam00_0030,30,/leonardo_work/EUHPC_D21_034/proj_adags/repo/adags/refine-logs/depth_occlusion_support/r031_da3_depth_full/depth_npz/sear_steak/cam00_0030.npz,/leonardo_work/EUHPC_D21_034/proj_adags/data/n3v/sear_steak/motion_priors/masks/cam00_0030.png,/leonardo_work/EUHPC_D21_034/proj_adags/data/n3v/sear_steak/flow/cam00_0030.npz,1,0.1902131736278534,0.28925445675849915,0.2650502324104309,0.5154457688331604,0.374563068151474,0.03199292719364166,0.04785371571779251,0.6691408753395081,0.6765548586845398,0.7152235507965088,0.05568490922451019,sear_steak_depth_121_cam00_0030
12,"[240, 144, 336, 240]",0.9910293221473694,1.0,0.9928234577178956,sear_steak,cam00,cam00_0011,11,/leonardo_work/EUHPC_D21_034/proj_adags/repo/adags/refine-logs/depth_occlusion_support/r031_da3_depth_full/depth_npz/sear_steak/cam00_0011.npz,/leonardo_work/EUHPC_D21_034/proj_adags/data/n3v/sear_steak/motion_priors/masks/cam00_0011.png,/leonardo_work/EUHPC_D21_034/proj_adags/data/n3v/sear_steak/flow/cam00_0011.npz,1,0.19156332314014435,0.47552597522735596,0.2656400799751282,0.4545350968837738,0.3766559660434723,0.03225260600447655,0.04909083619713783,0.7874345183372498,0.6769254207611084,0.7157779335975647,0.048069629818201065,sear_steak_depth_122_cam00_0011
63,"[416, 256, 512, 352]",0.990940272808075,1.0,0.9927522182464601,sear_steak,cam00,cam00_0111,111,/leonardo_work/EUHPC_D21_034/proj_adags/repo/adags/refine-logs/depth_occlusion_support/r031_da3_depth_full/depth_npz/sear_steak/cam00_0111.npz,/leonardo_work/EUHPC_D21_034/proj_adags/data/n3v/sear_steak/motion_priors/masks/cam00_0111.png,/leonardo_work/EUHPC_D21_034/proj_adags/data/n3v/sear_steak/flow/cam00_0111.npz,2,0.18664056062698364,0.3630608022212982,0.2650463283061981,0.47503817081451416,0.3825436532497406,0.034799784421920776,0.04557788744568825,0.8726264238357544,0.6791516542434692,0.734900712966919,0.049613106995821,sear_steak_depth_123_cam00_0111
63,"[416, 272, 512, 368]",0.990940272808075,1.0,0.9927522182464601,sear_steak,cam00,cam00_0111,111,/leonardo_work/EUHPC_D21_034/proj_adags/repo/adags/refine-logs/depth_occlusion_support/r031_da3_depth_full/depth_npz/sear_steak/cam00_0111.npz,/leonardo_work/EUHPC_D21_034/proj_adags/data/n3v/sear_steak/motion_priors/masks/cam00_0111.png,/leonardo_work/EUHPC_D21_034/proj_adags/data/n3v/sear_steak/flow/cam00_0111.npz,3,0.18664056062698364,0.3630608022212982,0.2650463283061981,0.47503817081451416,0.3825436532497406,0.034799784421920776,0.04557788744568825,0.8726264238357544,0.6791516542434692,0.734900712966919,0.049613106995821,sear_steak_depth_124_cam00_0111
83,"[192, 240, 288, 336]",0.990794837474823,1.0,0.9926358699798585,sear_steak,cam00,cam00_0205,205,/leonardo_work/EUHPC_D21_034/proj_adags/repo/adags/refine-logs/depth_occlusion_support/r031_da3_depth_full/depth_npz/sear_steak/cam00_0205.npz,/leonardo_work/EUHPC_D21_034/proj_adags/data/n3v/sear_steak/motion_priors/masks/cam00_0205.png,/leonardo_work/EUHPC_D21_034/proj_adags/data/n3v/sear_steak/flow/cam00_0205.npz,0,0.15677912533283234,0.4532203674316406,0.2915663719177246,0.4572674036026001,0.3773862421512604,0.02819112315773964,0.046905454248189926,0.6468639969825745,0.6830117702484131,0.7278135418891907,0.04246758297085762,sear_steak_depth_125_cam00_0205
128,"[384, 192, 480, 288]",0.9905748963356018,1.0,0.9924599170684816,sear_steak,cam00,cam00_0094,94,/leonardo_work/EUHPC_D21_034/proj_adags/repo/adags/refine-logs/depth_occlusion_support/r031_da3_depth_full/depth_npz/sear_steak/cam00_0094.npz,/leonardo_work/EUHPC_D21_034/proj_adags/data/n3v/sear_steak/motion_priors/masks/cam00_0094.png,/leonardo_work/EUHPC_D21_034/proj_adags/data/n3v/sear_steak/flow/cam00_0094.npz,3,0.19454896450042725,0.3272625803947449,0.3176807463169098,0.4834439158439636,0.3823246359825134,0.03656793013215065,0.0444808192551136,0.7368585467338562,0.6784893274307251,0.7342296838760376,0.04521608725190163,sear_steak_depth_126_cam00_0094
132,"[256, 176, 352, 272]",0.9905372262001038,1.0,0.992429780960083,sear_steak,cam00,cam00_0204,204,/leonardo_work/EUHPC_D21_034/proj_adags/repo/adags/refine-logs/depth_occlusion_support/r031_da3_depth_full/depth_npz/sear_steak/cam00_0204.npz,/leonardo_work/EUHPC_D21_034/proj_adags/data/n3v/sear_steak/motion_priors/masks/cam00_0204.png,/leonardo_work/EUHPC_D21_034/proj_adags/data/n3v/sear_steak/flow/cam00_0204.npz,2,0.1839064657688141,0.34711968898773193,0.2843501567840576,0.47629544138908386,0.37719106674194336,0.02962956391274929,0.04500892758369446,0.6835982799530029,0.6830205321311951,0.7277785539627075,0.04656407982110977,sear_steak_depth_127_cam00_0204
37,"[192, 224, 288, 320]",0.9904935956001282,1.0,0.9923948764801025,sear_steak,cam00,cam00_0231,231,/leonardo_work/EUHPC_D21_034/proj_adags/repo/adags/refine-logs/depth_occlusion_support/r031_da3_depth_full/depth_npz/sear_steak/cam00_0231.npz,/leonardo_work/EUHPC_D21_034/proj_adags/data/n3v/sear_steak/motion_priors/masks/cam00_0231.png,/leonardo_work/EUHPC_D21_034/proj_adags/data/n3v/sear_steak/flow/cam00_0231.npz,0,0.18926623463630676,0.4696192443370819,0.2714674472808838,0.4622328281402588,0.3704589605331421,0.023175543174147606,0.045204415917396545,0.668032169342041,0.6826325058937073,0.7201865911483765,0.034776441752910614,sear_steak_depth_128_cam00_0231
45,"[208, 336, 304, 432]",0.9904168248176575,1.0,0.992333459854126,sear_steak,cam00,cam00_0010,10,/leonardo_work/EUHPC_D21_034/proj_adags/repo/adags/refine-logs/depth_occlusion_support/r031_da3_depth_full/depth_npz/sear_steak/cam00_0010.npz,/leonardo_work/EUHPC_D21_034/proj_adags/data/n3v/sear_steak/motion_priors/masks/cam00_0010.png,/leonardo_work/EUHPC_D21_034/proj_adags/data/n3v/sear_steak/flow/cam00_0010.npz,2,0.19023653864860535,0.5254767537117004,0.2665225565433502,0.4647044241428375,0.37584102153778076,0.03178868442773819,0.046068064868450165,0.8087280988693237,0.677304744720459,0.714838445186615,0.04952266067266464,sear_steak_depth_129_cam00_0010
32,"[400, 192, 496, 288]",0.9901518821716309,1.0,0.9921215057373047,sear_steak,cam00,cam00_0113,113,/leonardo_work/EUHPC_D21_034/proj_adags/repo/adags/refine-logs/depth_occlusion_support/r031_da3_depth_full/depth_npz/sear_steak/cam00_0113.npz,/leonardo_work/EUHPC_D21_034/proj_adags/data/n3v/sear_steak/motion_priors/masks/cam00_0113.png,/leonardo_work/EUHPC_D21_034/proj_adags/data/n3v/sear_steak/flow/cam00_0113.npz,1,0.16151566803455353,0.4807679057121277,0.2721076011657715,0.5000009536743164,0.38016626238822937,0.033005379140377045,0.03634034842252731,0.8903049826622009,0.679469645023346,0.7353267073631287,0.048381827771663666,sear_steak_depth_130_cam00_0113
136,"[256, 176, 352, 272]",0.9901301264762878,1.0,0.9921041011810303,sear_steak,cam00,cam00_0169,169,/leonardo_work/EUHPC_D21_034/proj_adags/repo/adags/refine-logs/depth_occlusion_support/r031_da3_depth_full/depth_npz/sear_steak/cam00_0169.npz,/leonardo_work/EUHPC_D21_034/proj_adags/data/n3v/sear_steak/motion_priors/masks/cam00_0169.png,/leonardo_work/EUHPC_D21_034/proj_adags/data/n3v/sear_steak/flow/cam00_0169.npz,2,0.18382714688777924,0.5248932838439941,0.2777723968029022,0.46861082315444946,0.3828716278076172,0.03625865280628204,0.04768448695540428,0.7956216335296631,0.6804033517837524,0.7403393983840942,0.0481746681034565,sear_steak_depth_131_cam00_0169
110,"[400, 368, 496, 464]",0.9899824261665344,1.0,0.9919859409332277,sear_steak,cam00,cam00_0172,172,/leonardo_work/EUHPC_D21_034/proj_adags/repo/adags/refine-logs/depth_occlusion_support/r031_da3_depth_full/depth_npz/sear_steak/cam00_0172.npz,/leonardo_work/EUHPC_D21_034/proj_adags/data/n3v/sear_steak/motion_priors/masks/cam00_0172.png,/leonardo_work/EUHPC_D21_034/proj_adags/data/n3v/sear_steak/flow/cam00_0172.npz,1,0.19239495694637299,0.4659374952316284,0.3001766502857208,0.4876866340637207,0.37904852628707886,0.03559340909123421,0.03965780884027481,0.7439311146736145,0.680178701877594,0.7400621771812439,0.05140167847275734,sear_steak_depth_132_cam00_0172
58,"[0, 400, 96, 496]",0.9899779558181763,1.0,0.9919823646545411,sear_steak,cam00,cam00_0113,113,/leonardo_work/EUHPC_D21_034/proj_adags/repo/adags/refine-logs/depth_occlusion_support/r031_da3_depth_full/depth_npz/sear_steak/cam00_0113.npz,/leonardo_work/EUHPC_D21_034/proj_adags/data/n3v/sear_steak/motion_priors/masks/cam00_0113.png,/leonardo_work/EUHPC_D21_034/proj_adags/data/n3v/sear_steak/flow/cam00_0113.npz,2,0.16151566803455353,0.4807679057121277,0.2721076011657715,0.5000009536743164,0.38016626238822937,0.033005379140377045,0.03634034842252731,0.8903049826622009,0.679469645023346,0.7353267073631287,0.048381827771663666,sear_steak_depth_133_cam00_0113
58,"[16, 400, 112, 496]",0.9899779558181763,1.0,0.9919823646545411,sear_steak,cam00,cam00_0113,113,/leonardo_work/EUHPC_D21_034/proj_adags/repo/adags/refine-logs/depth_occlusion_support/r031_da3_depth_full/depth_npz/sear_steak/cam00_0113.npz,/leonardo_work/EUHPC_D21_034/proj_adags/data/n3v/sear_steak/motion_priors/masks/cam00_0113.png,/leonardo_work/EUHPC_D21_034/proj_adags/data/n3v/sear_steak/flow/cam00_0113.npz,3,0.16151566803455353,0.4807679057121277,0.2721076011657715,0.5000009536743164,0.38016626238822937,0.033005379140377045,0.03634034842252731,0.8903049826622009,0.679469645023346,0.7353267073631287,0.048381827771663666,sear_steak_depth_134_cam00_0113
16,"[208, 208, 304, 304]",0.989863932132721,1.0,0.9918911457061768,sear_steak,cam00,cam00_0204,204,/leonardo_work/EUHPC_D21_034/proj_adags/repo/adags/refine-logs/depth_occlusion_support/r031_da3_depth_full/depth_npz/sear_steak/cam00_0204.npz,/leonardo_work/EUHPC_D21_034/proj_adags/data/n3v/sear_steak/motion_priors/masks/cam00_0204.png,/leonardo_work/EUHPC_D21_034/proj_adags/data/n3v/sear_steak/flow/cam00_0204.npz,3,0.1839064657688141,0.34711968898773193,0.2843501567840576,0.47629544138908386,0.37719106674194336,0.02962956391274929,0.04500892758369446,0.6835982799530029,0.6830205321311951,0.7277785539627075,0.04656407982110977,sear_steak_depth_135_cam00_0204
95,"[192, 256, 288, 352]",0.9897428154945374,1.0,0.99179425239563,sear_steak,cam00,cam00_0099,99,/leonardo_work/EUHPC_D21_034/proj_adags/repo/adags/refine-logs/depth_occlusion_support/r031_da3_depth_full/depth_npz/sear_steak/cam00_0099.npz,/leonardo_work/EUHPC_D21_034/proj_adags/data/n3v/sear_steak/motion_priors/masks/cam00_0099.png,/leonardo_work/EUHPC_D21_034/proj_adags/data/n3v/sear_steak/flow/cam00_0099.npz,0,0.18581409752368927,0.3172278106212616,0.28197839856147766,0.4643559455871582,0.38218140602111816,0.030960051342844963,0.06161665543913841,0.6592031121253967,0.6796184778213501,0.734961986541748,0.0410408116877079,sear_steak_depth_136_cam00_0099
94,"[384, 224, 480, 320]",0.9896607995033264,1.0,0.9917286396026612,sear_steak,cam00,cam00_0103,103,/leonardo_work/EUHPC_D21_034/proj_adags/repo/adags/refine-logs/depth_occlusion_support/r031_da3_depth_full/depth_npz/sear_steak/cam00_0103.npz,/leonardo_work/EUHPC_D21_034/proj_adags/data/n3v/sear_steak/motion_priors/masks/cam00_0103.png,/leonardo_work/EUHPC_D21_034/proj_adags/data/n3v/sear_steak/flow/cam00_0103.npz,1,0.18844439089298248,0.3510977625846863,0.2557174563407898,0.4741654396057129,0.38052913546562195,0.03126057609915733,0.05657481774687767,0.5170278549194336,0.6785855889320374,0.7328525185585022,0.041157521307468414,sear_steak_depth_137_cam00_0103
56,"[208, 208, 304, 304]",0.9894571304321289,1.0,0.9915657043457031,sear_steak,cam00,cam00_0232,232,/leonardo_work/EUHPC_D21_034/proj_adags/repo/adags/refine-logs/depth_occlusion_support/r031_da3_depth_full/depth_npz/sear_steak/cam00_0232.npz,/leonardo_work/EUHPC_D21_034/proj_adags/data/n3v/sear_steak/motion_priors/masks/cam00_0232.png,/leonardo_work/EUHPC_D21_034/proj_adags/data/n3v/sear_steak/flow/cam00_0232.npz,0,0.19581648707389832,0.27992957830429077,0.2671085298061371,0.4896447956562042,0.37123462557792664,0.021357795223593712,0.04351213201880455,0.8156431317329407,0.6826149821281433,0.7205309271812439,0.034268759191036224,sear_steak_depth_138_cam00_0232
69,"[192, 384, 288, 480]",0.9893317818641663,1.0,0.9914654254913331,sear_steak,cam00,cam00_0185,185,/leonardo_work/EUHPC_D21_034/proj_adags/repo/adags/refine-logs/depth_occlusion_support/r031_da3_depth_full/depth_npz/sear_steak/cam00_0185.npz,/leonardo_work/EUHPC_D21_034/proj_adags/data/n3v/sear_steak/motion_priors/masks/cam00_0185.png,/leonardo_work/EUHPC_D21_034/proj_adags/data/n3v/sear_steak/flow/cam00_0185.npz,3,0.19640491902828217,0.4893178343772888,0.26796799898147583,0.5030598640441895,0.37632283568382263,0.027286626398563385,0.044159866869449615,0.8101957440376282,0.681328296661377,0.7358723282814026,0.03447591885924339,sear_steak_depth_139_cam00_0185
25,"[416, 368, 512, 464]",0.9893269538879395,1.0,0.9914615631103516,sear_steak,cam00,cam00_0014,14,/leonardo_work/EUHPC_D21_034/proj_adags/repo/adags/refine-logs/depth_occlusion_support/r031_da3_depth_full/depth_npz/sear_steak/cam00_0014.npz,/leonardo_work/EUHPC_D21_034/proj_adags/data/n3v/sear_steak/motion_priors/masks/cam00_0014.png,/leonardo_work/EUHPC_D21_034/proj_adags/data/n3v/sear_steak/flow/cam00_0014.npz,1,0.1880730539560318,0.46919551491737366,0.2557431757450104,0.47746312618255615,0.37313997745513916,0.0312810018658638,0.040223848074674606,0.8078235983848572,0.6758312582969666,0.7151564359664917,0.04563915729522705,sear_steak_depth_140_cam00_0014
79,"[400, 224, 496, 320]",0.9891952276229858,1.0,0.9913561820983887,sear_steak,cam00,cam00_0287,287,/leonardo_work/EUHPC_D21_034/proj_adags/repo/adags/refine-logs/depth_occlusion_support/r031_da3_depth_full/depth_npz/sear_steak/cam00_0287.npz,/leonardo_work/EUHPC_D21_034/proj_adags/data/n3v/sear_steak/motion_priors/masks/cam00_0287.png,/leonardo_work/EUHPC_D21_034/proj_adags/data/n3v/sear_steak/flow/cam00_0287.npz,0,0.16524283587932587,0.3384094536304474,0.27014392614364624,0.5055518746376038,0.36977145075798035,0.028477061539888382,0.04871736466884613,0.26504966616630554,0.6832568645477295,0.6911026835441589,0.034645143896341324,sear_steak_depth_141_cam00_0287
42,"[400, 192, 496, 288]",0.9890589714050293,1.0,0.9912471771240234,sear_steak,cam00,cam00_0026,26,/leonardo_work/EUHPC_D21_034/proj_adags/repo/adags/refine-logs/depth_occlusion_support/r031_da3_depth_full/depth_npz/sear_steak/cam00_0026.npz,/leonardo_work/EUHPC_D21_034/proj_adags/data/n3v/sear_steak/motion_priors/masks/cam00_0026.png,/leonardo_work/EUHPC_D21_034/proj_adags/data/n3v/sear_steak/flow/cam00_0026.npz,0,0.193208247423172,0.37254008650779724,0.2895132303237915,0.4718610346317291,0.37209922075271606,0.026942333206534386,0.03716898337006569,0.8174433708190918,0.6771063208580017,0.7151243686676025,0.05320483818650246,sear_steak_depth_142_cam00_0026
50,"[208, 352, 304, 448]",0.988875150680542,1.0,0.9911001205444336,sear_steak,cam00,cam00_0010,10,/leonardo_work/EUHPC_D21_034/proj_adags/repo/adags/refine-logs/depth_occlusion_support/r031_da3_depth_full/depth_npz/sear_steak/cam00_0010.npz,/leonardo_work/EUHPC_D21_034/proj_adags/data/n3v/sear_steak/motion_priors/masks/cam00_0010.png,/leonardo_work/EUHPC_D21_034/proj_adags/data/n3v/sear_steak/flow/cam00_0010.npz,3,0.19023653864860535,0.5254767537117004,0.2665225565433502,0.4647044241428375,0.37584102153778076,0.03178868442773819,0.046068064868450165,0.8087280988693237,0.677304744720459,0.714838445186615,0.04952266067266464,sear_steak_depth_143_cam00_0010
18,"[240, 160, 336, 256]",0.9887383580207825,1.0,0.990990686416626,sear_steak,cam00,cam00_0011,11,/leonardo_work/EUHPC_D21_034/proj_adags/repo/adags/refine-logs/depth_occlusion_support/r031_da3_depth_full/depth_npz/sear_steak/cam00_0011.npz,/leonardo_work/EUHPC_D21_034/proj_adags/data/n3v/sear_steak/motion_priors/masks/cam00_0011.png,/leonardo_work/EUHPC_D21_034/proj_adags/data/n3v/sear_steak/flow/cam00_0011.npz,2,0.19156332314014435,0.47552597522735596,0.2656400799751282,0.4545350968837738,0.3766559660434723,0.03225260600447655,0.04909083619713783,0.7874345183372498,0.6769254207611084,0.7157779335975647,0.048069629818201065,sear_steak_depth_144_cam00_0011
29,"[240, 208, 336, 304]",0.9886689186096191,1.0,0.9909351348876954,sear_steak,cam00,cam00_0206,206,/leonardo_work/EUHPC_D21_034/proj_adags/repo/adags/refine-logs/depth_occlusion_support/r031_da3_depth_full/depth_npz/sear_steak/cam00_0206.npz,/leonardo_work/EUHPC_D21_034/proj_adags/data/n3v/sear_steak/motion_priors/masks/cam00_0206.png,/leonardo_work/EUHPC_D21_034/proj_adags/data/n3v/sear_steak/flow/cam00_0206.npz,2,0.18040934205055237,0.22139200568199158,0.26675060391426086,0.4255681335926056,0.37593063712120056,0.025095410645008087,0.04552828520536423,0.45825308561325073,0.6836420297622681,0.7268186211585999,0.04359382763504982,sear_steak_depth_145_cam00_0206
82,"[400, 224, 496, 320]",0.9885469079017639,1.0,0.9908375263214111,sear_steak,cam00,cam00_0033,33,/leonardo_work/EUHPC_D21_034/proj_adags/repo/adags/refine-logs/depth_occlusion_support/r031_da3_depth_full/depth_npz/sear_steak/cam00_0033.npz,/leonardo_work/EUHPC_D21_034/proj_adags/data/n3v/sear_steak/motion_priors/masks/cam00_0033.png,/leonardo_work/EUHPC_D21_034/proj_adags/data/n3v/sear_steak/flow/cam00_0033.npz,0,0.19137488305568695,0.6119263768196106,0.285346120595932,0.49982950091362,0.3763231635093689,0.03254729509353638,0.04412485659122467,0.680785596370697,0.6777686476707458,0.7145495414733887,0.054745398461818695,sear_steak_depth_146_cam00_0033
33,"[384, 128, 480, 224]",0.9885243773460388,1.0,0.9908195018768311,sear_steak,cam00,cam00_0174,174,/leonardo_work/EUHPC_D21_034/proj_adags/repo/adags/refine-logs/depth_occlusion_support/r031_da3_depth_full/depth_npz/sear_steak/cam00_0174.npz,/leonardo_work/EUHPC_D21_034/proj_adags/data/n3v/sear_steak/motion_priors/masks/cam00_0174.png,/leonardo_work/EUHPC_D21_034/proj_adags/data/n3v/sear_steak/flow/cam00_0174.npz,0,0.19350700080394745,0.5482926368713379,0.25006189942359924,0.4972320795059204,0.3774832785129547,0.02894681505858898,0.04448957368731499,0.6359370946884155,0.6793325543403625,0.7388805150985718,0.044046077877283096,sear_steak_depth_147_cam00_0174
42,"[400, 240, 496, 336]",0.9883835911750793,1.0,0.9907068729400634,sear_steak,cam00,cam00_0287,287,/leonardo_work/EUHPC_D21_034/proj_adags/repo/adags/refine-logs/depth_occlusion_support/r031_da3_depth_full/depth_npz/sear_steak/cam00_0287.npz,/leonardo_work/EUHPC_D21_034/proj_adags/data/n3v/sear_steak/motion_priors/masks/cam00_0287.png,/leonardo_work/EUHPC_D21_034/proj_adags/data/n3v/sear_steak/flow/cam00_0287.npz,1,0.16524283587932587,0.3384094536304474,0.27014392614364624,0.5055518746376038,0.36977145075798035,0.028477061539888382,0.04871736466884613,0.26504966616630554,0.6832568645477295,0.6911026835441589,0.034645143896341324,sear_steak_depth_148_cam00_0287
66,"[416, 368, 512, 464]",0.9883002042770386,1.0,0.9906401634216309,sear_steak,cam00,cam00_0172,172,/leonardo_work/EUHPC_D21_034/proj_adags/repo/adags/refine-logs/depth_occlusion_support/r031_da3_depth_full/depth_npz/sear_steak/cam00_0172.npz,/leonardo_work/EUHPC_D21_034/proj_adags/data/n3v/sear_steak/motion_priors/masks/cam00_0172.png,/leonardo_work/EUHPC_D21_034/proj_adags/data/n3v/sear_steak/flow/cam00_0172.npz,2,0.19239495694637299,0.4659374952316284,0.3001766502857208,0.4876866340637207,0.37904852628707886,0.03559340909123421,0.03965780884027481,0.7439311146736145,0.680178701877594,0.7400621771812439,0.05140167847275734,sear_steak_depth_149_cam00_0172
30,"[224, 192, 320, 288]",0.9882891774177551,1.0,0.9906313419342041,sear_steak,cam00,cam00_0032,32,/leonardo_work/EUHPC_D21_034/proj_adags/repo/adags/refine-logs/depth_occlusion_support/r031_da3_depth_full/depth_npz/sear_steak/cam00_0032.npz,/leonardo_work/EUHPC_D21_034/proj_adags/data/n3v/sear_steak/motion_priors/masks/cam00_0032.png,/leonardo_work/EUHPC_D21_034/proj_adags/data/n3v/sear_steak/flow/cam00_0032.npz,0,0.19144997000694275,0.3276047110557556,0.2776096761226654,0.5027502179145813,0.3760506808757782,0.03587350994348526,0.04677123948931694,0.592970609664917,0.6776139736175537,0.7140535712242126,0.059781402349472046,sear_steak_depth_150_cam00_0032
13,"[256, 176, 352, 272]",0.9882097840309143,1.0,0.9905678272247316,sear_steak,cam00,cam00_0287,287,/leonardo_work/EUHPC_D21_034/proj_adags/repo/adags/refine-logs/depth_occlusion_support/r031_da3_depth_full/depth_npz/sear_steak/cam00_0287.npz,/leonardo_work/EUHPC_D21_034/proj_adags/data/n3v/sear_steak/motion_priors/masks/cam00_0287.png,/leonardo_work/EUHPC_D21_034/proj_adags/data/n3v/sear_steak/flow/cam00_0287.npz,2,0.16524283587932587,0.3384094536304474,0.27014392614364624,0.5055518746376038,0.36977145075798035,0.028477061539888382,0.04871736466884613,0.26504966616630554,0.6832568645477295,0.6911026835441589,0.034645143896341324,sear_steak_depth_151_cam00_0287
29,"[192, 224, 288, 320]",0.9881699085235596,1.0,0.9905359268188476,sear_steak,cam00,cam00_0241,241,/leonardo_work/EUHPC_D21_034/proj_adags/repo/adags/refine-logs/depth_occlusion_support/r031_da3_depth_full/depth_npz/sear_steak/cam00_0241.npz,/leonardo_work/EUHPC_D21_034/proj_adags/data/n3v/sear_steak/motion_priors/masks/cam00_0241.png,/leonardo_work/EUHPC_D21_034/proj_adags/data/n3v/sear_steak/flow/cam00_0241.npz,0,0.19392113387584686,0.3396883010864258,0.27977171540260315,0.5062869787216187,0.3685194253921509,0.013369046151638031,0.04212912544608116,0.7976669669151306,0.6817600727081299,0.7190866470336914,0.02450602874159813,sear_steak_depth_152_cam00_0241
15,"[192, 352, 288, 448]",0.9881383180618286,1.0,0.9905106544494628,sear_steak,cam00,cam00_0174,174,/leonardo_work/EUHPC_D21_034/proj_adags/repo/adags/refine-logs/depth_occlusion_support/r031_da3_depth_full/depth_npz/sear_steak/cam00_0174.npz,/leonardo_work/EUHPC_D21_034/proj_adags/data/n3v/sear_steak/motion_priors/masks/cam00_0174.png,/leonardo_work/EUHPC_D21_034/proj_adags/data/n3v/sear_steak/flow/cam00_0174.npz,1,0.19350700080394745,0.5482926368713379,0.25006189942359924,0.4972320795059204,0.3774832785129547,0.02894681505858898,0.04448957368731499,0.6359370946884155,0.6793325543403625,0.7388805150985718,0.044046077877283096,sear_steak_depth_153_cam00_0174
15,"[192, 368, 288, 464]",0.9881383180618286,1.0,0.9905106544494628,sear_steak,cam00,cam00_0174,174,/leonardo_work/EUHPC_D21_034/proj_adags/repo/adags/refine-logs/depth_occlusion_support/r031_da3_depth_full/depth_npz/sear_steak/cam00_0174.npz,/leonardo_work/EUHPC_D21_034/proj_adags/data/n3v/sear_steak/motion_priors/masks/cam00_0174.png,/leonardo_work/EUHPC_D21_034/proj_adags/data/n3v/sear_steak/flow/cam00_0174.npz,2,0.19350700080394745,0.5482926368713379,0.25006189942359924,0.4972320795059204,0.3774832785129547,0.02894681505858898,0.04448957368731499,0.6359370946884155,0.6793325543403625,0.7388805150985718,0.044046077877283096,sear_steak_depth_154_cam00_0174
15,"[192, 384, 288, 480]",0.9881383180618286,1.0,0.9905106544494628,sear_steak,cam00,cam00_0174,174,/leonardo_work/EUHPC_D21_034/proj_adags/repo/adags/refine-logs/depth_occlusion_support/r031_da3_depth_full/depth_npz/sear_steak/cam00_0174.npz,/leonardo_work/EUHPC_D21_034/proj_adags/data/n3v/sear_steak/motion_priors/masks/cam00_0174.png,/leonardo_work/EUHPC_D21_034/proj_adags/data/n3v/sear_steak/flow/cam00_0174.npz,3,0.19350700080394745,0.5482926368713379,0.25006189942359924,0.4972320795059204,0.3774832785129547,0.02894681505858898,0.04448957368731499,0.6359370946884155,0.6793325543403625,0.7388805150985718,0.044046077877283096,sear_steak_depth_155_cam00_0174
50,"[416, 256, 512, 352]",0.9881197214126587,1.0,0.990495777130127,sear_steak,cam00,cam00_0110,110,/leonardo_work/EUHPC_D21_034/proj_adags/repo/adags/refine-logs/depth_occlusion_support/r031_da3_depth_full/depth_npz/sear_steak/cam00_0110.npz,/leonardo_work/EUHPC_D21_034/proj_adags/data/n3v/sear_steak/motion_priors/masks/cam00_0110.png,/leonardo_work/EUHPC_D21_034/proj_adags/data/n3v/sear_steak/flow/cam00_0110.npz,2,0.18719135224819183,0.37212905287742615,0.2586103081703186,0.4779492914676666,0.37762555480003357,0.0319053940474987,0.03889336436986923,0.8330532312393188,0.6789240837097168,0.7326074242591858,0.049184203147888184,sear_steak_depth_156_cam00_0110
48,"[416, 368, 512, 464]",0.9877922534942627,1.0,0.9902338027954103,sear_steak,cam00,cam00_0103,103,/leonardo_work/EUHPC_D21_034/proj_adags/repo/adags/refine-logs/depth_occlusion_support/r031_da3_depth_full/depth_npz/sear_steak/cam00_0103.npz,/leonardo_work/EUHPC_D21_034/proj_adags/data/n3v/sear_steak/motion_priors/masks/cam00_0103.png,/leonardo_work/EUHPC_D21_034/proj_adags/data/n3v/sear_steak/flow/cam00_0103.npz,2,0.18844439089298248,0.3510977625846863,0.2557174563407898,0.4741654396057129,0.38052913546562195,0.03126057609915733,0.05657481774687767,0.5170278549194336,0.6785855889320374,0.7328525185585022,0.041157521307468414,sear_steak_depth_157_cam00_0103
28,"[400, 240, 496, 336]",0.9877461791038513,1.0,0.990196943283081,sear_steak,cam00,cam00_0283,283,/leonardo_work/EUHPC_D21_034/proj_adags/repo/adags/refine-logs/depth_occlusion_support/r031_da3_depth_full/depth_npz/sear_steak/cam00_0283.npz,/leonardo_work/EUHPC_D21_034/proj_adags/data/n3v/sear_steak/motion_priors/masks/cam00_0283.png,/leonardo_work/EUHPC_D21_034/proj_adags/data/n3v/sear_steak/flow/cam00_0283.npz,0,0.16199001669883728,0.5014272928237915,0.28207331895828247,0.4901222586631775,0.3695523142814636,0.029687918722629547,0.0501120425760746,0.5679131150245667,0.6841205358505249,0.6909567713737488,0.03093087300658226,sear_steak_depth_158_cam00_0283
50,"[0, 400, 96, 496]",0.9874610900878906,1.0,0.9899688720703126,sear_steak,cam00,cam00_0114,114,/leonardo_work/EUHPC_D21_034/proj_adags/repo/adags/refine-logs/depth_occlusion_support/r031_da3_depth_full/depth_npz/sear_steak/cam00_0114.npz,/leonardo_work/EUHPC_D21_034/proj_adags/data/n3v/sear_steak/motion_priors/masks/cam00_0114.png,/leonardo_work/EUHPC_D21_034/proj_adags/data/n3v/sear_steak/flow/cam00_0114.npz,0,0.18474963307380676,0.4006904363632202,0.26111987233161926,0.4785482883453369,0.37573671340942383,0.027056125923991203,0.0327194407582283,0.8675845861434937,0.6801465749740601,0.7334885597229004,0.04670704901218414,sear_steak_depth_159_cam00_0114
50,"[16, 400, 112, 496]",0.9874610900878906,1.0,0.9899688720703126,sear_steak,cam00,cam00_0114,114,/leonardo_work/EUHPC_D21_034/proj_adags/repo/adags/refine-logs/depth_occlusion_support/r031_da3_depth_full/depth_npz/sear_steak/cam00_0114.npz,/leonardo_work/EUHPC_D21_034/proj_adags/data/n3v/sear_steak/motion_priors/masks/cam00_0114.png,/leonardo_work/EUHPC_D21_034/proj_adags/data/n3v/sear_steak/flow/cam00_0114.npz,1,0.18474963307380676,0.4006904363632202,0.26111987233161926,0.4785482883453369,0.37573671340942383,0.027056125923991203,0.0327194407582283,0.8675845861434937,0.6801465749740601,0.7334885597229004,0.04670704901218414,sear_steak_depth_160_cam00_0114
50,"[32, 400, 128, 496]",0.9874610900878906,1.0,0.9899688720703126,sear_steak,cam00,cam00_0114,114,/leonardo_work/EUHPC_D21_034/proj_adags/repo/adags/refine-logs/depth_occlusion_support/r031_da3_depth_full/depth_npz/sear_steak/cam00_0114.npz,/leonardo_work/EUHPC_D21_034/proj_adags/data/n3v/sear_steak/motion_priors/masks/cam00_0114.png,/leonardo_work/EUHPC_D21_034/proj_adags/data/n3v/sear_steak/flow/cam00_0114.npz,2,0.18474963307380676,0.4006904363632202,0.26111987233161926,0.4785482883453369,0.37573671340942383,0.027056125923991203,0.0327194407582283,0.8675845861434937,0.6801465749740601,0.7334885597229004,0.04670704901218414,sear_steak_depth_161_cam00_0114
12,"[256, 160, 352, 256]",0.9872272610664368,1.0,0.9897818088531494,sear_steak,cam00,cam00_0287,287,/leonardo_work/EUHPC_D21_034/proj_adags/repo/adags/refine-logs/depth_occlusion_support/r031_da3_depth_full/depth_npz/sear_steak/cam00_0287.npz,/leonardo_work/EUHPC_D21_034/proj_adags/data/n3v/sear_steak/motion_priors/masks/cam00_0287.png,/leonardo_work/EUHPC_D21_034/proj_adags/data/n3v/sear_steak/flow/cam00_0287.npz,3,0.16524283587932587,0.3384094536304474,0.27014392614364624,0.5055518746376038,0.36977145075798035,0.028477061539888382,0.04871736466884613,0.26504966616630554,0.6832568645477295,0.6911026835441589,0.034645143896341324,sear_steak_depth_162_cam00_0287
14,"[400, 144, 496, 240]",0.9872193336486816,1.0,0.9897754669189454,sear_steak,cam00,cam00_0030,30,/leonardo_work/EUHPC_D21_034/proj_adags/repo/adags/refine-logs/depth_occlusion_support/r031_da3_depth_full/depth_npz/sear_steak/cam00_0030.npz,/leonardo_work/EUHPC_D21_034/proj_adags/data/n3v/sear_steak/motion_priors/masks/cam00_0030.png,/leonardo_work/EUHPC_D21_034/proj_adags/data/n3v/sear_steak/flow/cam00_0030.npz,2,0.1902131736278534,0.28925445675849915,0.2650502324104309,0.5154457688331604,0.374563068151474,0.03199292719364166,0.04785371571779251,0.6691408753395081,0.6765548586845398,0.7152235507965088,0.05568490922451019,sear_steak_depth_163_cam00_0030
34,"[224, 192, 320, 288]",0.9871816039085388,1.0,0.9897452831268312,sear_steak,cam00,cam00_0098,98,/leonardo_work/EUHPC_D21_034/proj_adags/repo/adags/refine-logs/depth_occlusion_support/r031_da3_depth_full/depth_npz/sear_steak/cam00_0098.npz,/leonardo_work/EUHPC_D21_034/proj_adags/data/n3v/sear_steak/motion_priors/masks/cam00_0098.png,/leonardo_work/EUHPC_D21_034/proj_adags/data/n3v/sear_steak/flow/cam00_0098.npz,2,0.18455514311790466,0.3941946029663086,0.27882200479507446,0.4784069061279297,0.3797178268432617,0.025617683306336403,0.06157580763101578,0.6688432693481445,0.6790115833282471,0.7350553870201111,0.04028220474720001,sear_steak_depth_164_cam00_0098
34,"[240, 192, 336, 288]",0.9871816039085388,1.0,0.9897452831268312,sear_steak,cam00,cam00_0098,98,/leonardo_work/EUHPC_D21_034/proj_adags/repo/adags/refine-logs/depth_occlusion_support/r031_da3_depth_full/depth_npz/sear_steak/cam00_0098.npz,/leonardo_work/EUHPC_D21_034/proj_adags/data/n3v/sear_steak/motion_priors/masks/cam00_0098.png,/leonardo_work/EUHPC_D21_034/proj_adags/data/n3v/sear_steak/flow/cam00_0098.npz,3,0.18455514311790466,0.3941946029663086,0.27882200479507446,0.4784069061279297,0.3797178268432617,0.025617683306336403,0.06157580763101578,0.6688432693481445,0.6790115833282471,0.7350553870201111,0.04028220474720001,sear_steak_depth_165_cam00_0098
157,"[256, 240, 352, 336]",0.9871328473091125,1.0,0.98970627784729,sear_steak,cam00,cam00_0177,177,/leonardo_work/EUHPC_D21_034/proj_adags/repo/adags/refine-logs/depth_occlusion_support/r031_da3_depth_full/depth_npz/sear_steak/cam00_0177.npz,/leonardo_work/EUHPC_D21_034/proj_adags/data/n3v/sear_steak/motion_priors/masks/cam00_0177.png,/leonardo_work/EUHPC_D21_034/proj_adags/data/n3v/sear_steak/flow/cam00_0177.npz,3,0.1975751370191574,0.5099273324012756,0.2843206524848938,0.5041215419769287,0.375851571559906,0.024269692599773407,0.03829522803425789,0.8362189531326294,0.6796184778213501,0.7358285784721375,0.043634675443172455,sear_steak_depth_166_cam00_0177
53,"[256, 160, 352, 256]",0.9870302677154541,1.0,0.9896242141723632,sear_steak,cam00,cam00_0083,83,/leonardo_work/EUHPC_D21_034/proj_adags/repo/adags/refine-logs/depth_occlusion_support/r031_da3_depth_full/depth_npz/sear_steak/cam00_0083.npz,/leonardo_work/EUHPC_D21_034/proj_adags/data/n3v/sear_steak/motion_priors/masks/cam00_0083.png,/leonardo_work/EUHPC_D21_034/proj_adags/data/n3v/sear_steak/flow/cam00_0083.npz,0,0.1939554363489151,0.32834428548812866,0.2790670394897461,0.44273248314857483,0.3765551745891571,0.020888041704893112,0.05375920608639717,0.7633077502250671,0.6764293909072876,0.7333047389984131,0.048664845526218414,sear_steak_depth_167_cam00_0083
26,"[416, 240, 512, 336]",0.9869269132614136,1.0,0.9895415306091309,sear_steak,cam00,cam00_0013,13,/leonardo_work/EUHPC_D21_034/proj_adags/repo/adags/refine-logs/depth_occlusion_support/r031_da3_depth_full/depth_npz/sear_steak/cam00_0013.npz,/leonardo_work/EUHPC_D21_034/proj_adags/data/n3v/sear_steak/motion_priors/masks/cam00_0013.png,/leonardo_work/EUHPC_D21_034/proj_adags/data/n3v/sear_steak/flow/cam00_0013.npz,0,0.19441284239292145,0.43294891715049744,0.2833098769187927,0.5027494430541992,0.3750375807285309,0.03191414847970009,0.045554544776678085,0.80082106590271,0.6758604645729065,0.7147742509841919,0.04847811162471771,sear_steak_depth_168_cam00_0013
26,"[256, 144, 352, 240]",0.9868866801261902,1.0,0.9895093441009521,sear_steak,cam00,cam00_0205,205,/leonardo_work/EUHPC_D21_034/proj_adags/repo/adags/refine-logs/depth_occlusion_support/r031_da3_depth_full/depth_npz/sear_steak/cam00_0205.npz,/leonardo_work/EUHPC_D21_034/proj_adags/data/n3v/sear_steak/motion_priors/masks/cam00_0205.png,/leonardo_work/EUHPC_D21_034/proj_adags/data/n3v/sear_steak/flow/cam00_0205.npz,1,0.15677912533283234,0.4532203674316406,0.2915663719177246,0.4572674036026001,0.3773862421512604,0.02819112315773964,0.046905454248189926,0.6468639969825745,0.6830117702484131,0.7278135418891907,0.04246758297085762,sear_steak_depth_169_cam00_0205
98,"[192, 272, 288, 368]",0.9867558479309082,1.0,0.9894046783447266,sear_steak,cam00,cam00_0099,99,/leonardo_work/EUHPC_D21_034/proj_adags/repo/adags/refine-logs/depth_occlusion_support/r031_da3_depth_full/depth_npz/sear_steak/cam00_0099.npz,/leonardo_work/EUHPC_D21_034/proj_adags/data/n3v/sear_steak/motion_priors/masks/cam00_0099.png,/leonardo_work/EUHPC_D21_034/proj_adags/data/n3v/sear_steak/flow/cam00_0099.npz,1,0.18581409752368927,0.3172278106212616,0.28197839856147766,0.4643559455871582,0.38218140602111816,0.030960051342844963,0.06161665543913841,0.6592031121253967,0.6796184778213501,0.734961986541748,0.0410408116877079,sear_steak_depth_170_cam00_0099
53,"[400, 144, 496, 240]",0.9867161512374878,1.0,0.9893729209899902,sear_steak,cam00,cam00_0213,213,/leonardo_work/EUHPC_D21_034/proj_adags/repo/adags/refine-logs/depth_occlusion_support/r031_da3_depth_full/depth_npz/sear_steak/cam00_0213.npz,/leonardo_work/EUHPC_D21_034/proj_adags/data/n3v/sear_steak/motion_priors/masks/cam00_0213.png,/leonardo_work/EUHPC_D21_034/proj_adags/data/n3v/sear_steak/flow/cam00_0213.npz,0,0.19336794316768646,0.353741854429245,0.3078169822692871,0.46216800808906555,0.37065330147743225,0.01791195385158062,0.04083073511719704,0.7241517901420593,0.6831547617912292,0.7247120141983032,0.037691257894039154,sear_steak_depth_171_cam00_0213
29,"[224, 192, 320, 288]",0.9866063594818115,1.0,0.9892850875854493,sear_steak,cam00,cam00_0087,87,/leonardo_work/EUHPC_D21_034/proj_adags/repo/adags/refine-logs/depth_occlusion_support/r031_da3_depth_full/depth_npz/sear_steak/cam00_0087.npz,/leonardo_work/EUHPC_D21_034/proj_adags/data/n3v/sear_steak/motion_priors/masks/cam00_0087.png,/leonardo_work/EUHPC_D21_034/proj_adags/data/n3v/sear_steak/flow/cam00_0087.npz,0,0.18795515596866608,0.37748631834983826,0.25682052969932556,0.4695989787578583,0.3816888630390167,0.030770398676395416,0.05643768236041069,0.7192529439926147,0.6768437027931213,0.7335994243621826,0.048615243285894394,sear_steak_depth_172_cam00_0087
100,"[208, 224, 304, 320]",0.9865153431892395,1.0,0.9892122745513916,sear_steak,cam00,cam00_0172,172,/leonardo_work/EUHPC_D21_034/proj_adags/repo/adags/refine-logs/depth_occlusion_support/r031_da3_depth_full/depth_npz/sear_steak/cam00_0172.npz,/leonardo_work/EUHPC_D21_034/proj_adags/data/n3v/sear_steak/motion_priors/masks/cam00_0172.png,/leonardo_work/EUHPC_D21_034/proj_adags/data/n3v/sear_steak/flow/cam00_0172.npz,3,0.19239495694637299,0.4659374952316284,0.3001766502857208,0.4876866340637207,0.37904852628707886,0.03559340909123421,0.03965780884027481,0.7439311146736145,0.680178701877594,0.7400621771812439,0.05140167847275734,sear_steak_depth_173_cam00_0172
50,"[400, 160, 496, 256]",0.9863507151603699,1.0,0.989080572128296,sear_steak,cam00,cam00_0283,283,/leonardo_work/EUHPC_D21_034/proj_adags/repo/adags/refine-logs/depth_occlusion_support/r031_da3_depth_full/depth_npz/sear_steak/cam00_0283.npz,/leonardo_work/EUHPC_D21_034/proj_adags/data/n3v/sear_steak/motion_priors/masks/cam00_0283.png,/leonardo_work/EUHPC_D21_034/proj_adags/data/n3v/sear_steak/flow/cam00_0283.npz,1,0.16199001669883728,0.5014272928237915,0.28207331895828247,0.4901222586631775,0.3695523142814636,0.029687918722629547,0.0501120425760746,0.5679131150245667,0.6841205358505249,0.6909567713737488,0.03093087300658226,sear_steak_depth_174_cam00_0283
50,"[400, 176, 496, 272]",0.9863507151603699,1.0,0.989080572128296,sear_steak,cam00,cam00_0283,283,/leonardo_work/EUHPC_D21_034/proj_adags/repo/adags/refine-logs/depth_occlusion_support/r031_da3_depth_full/depth_npz/sear_steak/cam00_0283.npz,/leonardo_work/EUHPC_D21_034/proj_adags/data/n3v/sear_steak/motion_priors/masks/cam00_0283.png,/leonardo_work/EUHPC_D21_034/proj_adags/data/n3v/sear_steak/flow/cam00_0283.npz,2,0.16199001669883728,0.5014272928237915,0.28207331895828247,0.4901222586631775,0.3695523142814636,0.029687918722629547,0.0501120425760746,0.5679131150245667,0.6841205358505249,0.6909567713737488,0.03093087300658226,sear_steak_depth_175_cam00_0283
50,"[400, 192, 496, 288]",0.9863507151603699,1.0,0.989080572128296,sear_steak,cam00,cam00_0283,283,/leonardo_work/EUHPC_D21_034/proj_adags/repo/adags/refine-logs/depth_occlusion_support/r031_da3_depth_full/depth_npz/sear_steak/cam00_0283.npz,/leonardo_work/EUHPC_D21_034/proj_adags/data/n3v/sear_steak/motion_priors/masks/cam00_0283.png,/leonardo_work/EUHPC_D21_034/proj_adags/data/n3v/sear_steak/flow/cam00_0283.npz,3,0.16199001669883728,0.5014272928237915,0.28207331895828247,0.4901222586631775,0.3695523142814636,0.029687918722629547,0.0501120425760746,0.5679131150245667,0.6841205358505249,0.6909567713737488,0.03093087300658226,sear_steak_depth_176_cam00_0283
49,"[192, 240, 288, 336]",0.9862946271896362,1.0,0.9890357017517091,sear_steak,cam00,cam00_0104,104,/leonardo_work/EUHPC_D21_034/proj_adags/repo/adags/refine-logs/depth_occlusion_support/r031_da3_depth_full/depth_npz/sear_steak/cam00_0104.npz,/leonardo_work/EUHPC_D21_034/proj_adags/data/n3v/sear_steak/motion_priors/masks/cam00_0104.png,/leonardo_work/EUHPC_D21_034/proj_adags/data/n3v/sear_steak/flow/cam00_0104.npz,0,0.1837971955537796,0.3622855842113495,0.2848978340625763,0.4612327814102173,0.3814557194709778,0.03267859295010567,0.05391676351428032,0.3254437744617462,0.6787139773368835,0.7318021059036255,0.04215538501739502,sear_steak_depth_177_cam00_0104
29,"[416, 224, 512, 320]",0.9860946536064148,1.0,0.9888757228851319,sear_steak,cam00,cam00_0024,24,/leonardo_work/EUHPC_D21_034/proj_adags/repo/adags/refine-logs/depth_occlusion_support/r031_da3_depth_full/depth_npz/sear_steak/cam00_0024.npz,/leonardo_work/EUHPC_D21_034/proj_adags/data/n3v/sear_steak/motion_priors/masks/cam00_0024.png,/leonardo_work/EUHPC_D21_034/proj_adags/data/n3v/sear_steak/flow/cam00_0024.npz,0,0.1872754991054535,0.4400050938129425,0.2630583643913269,0.4843829274177551,0.37033867835998535,0.02698318287730217,0.038435280323028564,0.7810242176055908,0.6766190528869629,0.7143161296844482,0.05006827414035797,sear_steak_depth_178_cam00_0024
141,"[256, 192, 352, 288]",0.9860521554946899,1.0,0.9888417243957519,sear_steak,cam00,cam00_0169,169,/leonardo_work/EUHPC_D21_034/proj_adags/repo/adags/refine-logs/depth_occlusion_support/r031_da3_depth_full/depth_npz/sear_steak/cam00_0169.npz,/leonardo_work/EUHPC_D21_034/proj_adags/data/n3v/sear_steak/motion_priors/masks/cam00_0169.png,/leonardo_work/EUHPC_D21_034/proj_adags/data/n3v/sear_steak/flow/cam00_0169.npz,3,0.18382714688777924,0.5248932838439941,0.2777723968029022,0.46861082315444946,0.3828716278076172,0.03625865280628204,0.04768448695540428,0.7956216335296631,0.6804033517837524,0.7403393983840942,0.0481746681034565,sear_steak_depth_179_cam00_0169
54,"[208, 208, 304, 304]",0.9859429001808167,1.0,0.9887543201446534,sear_steak,cam00,cam00_0231,231,/leonardo_work/EUHPC_D21_034/proj_adags/repo/adags/refine-logs/depth_occlusion_support/r031_da3_depth_full/depth_npz/sear_steak/cam00_0231.npz,/leonardo_work/EUHPC_D21_034/proj_adags/data/n3v/sear_steak/motion_priors/masks/cam00_0231.png,/leonardo_work/EUHPC_D21_034/proj_adags/data/n3v/sear_steak/flow/cam00_0231.npz,1,0.18926623463630676,0.4696192443370819,0.2714674472808838,0.4622328281402588,0.3704589605331421,0.023175543174147606,0.045204415917396545,0.668032169342041,0.6826325058937073,0.7201865911483765,0.034776441752910614,sear_steak_depth_180_cam00_0231
78,"[192, 240, 288, 336]",0.9859156608581543,1.0,0.9887325286865234,sear_steak,cam00,cam00_0226,226,/leonardo_work/EUHPC_D21_034/proj_adags/repo/adags/refine-logs/depth_occlusion_support/r031_da3_depth_full/depth_npz/sear_steak/cam00_0226.npz,/leonardo_work/EUHPC_D21_034/proj_adags/data/n3v/sear_steak/motion_priors/masks/cam00_0226.png,/leonardo_work/EUHPC_D21_034/proj_adags/data/n3v/sear_steak/flow/cam00_0226.npz,1,0.18891359865665436,0.2747664153575897,0.2611825168132782,0.4721491038799286,0.36958032846450806,0.016721520572900772,0.04201825335621834,0.7660971283912659,0.6831576824188232,0.7214003801345825,0.03285949304699898,sear_steak_depth_181_cam00_0226
98,"[384, 192, 480, 288]",0.9858492016792297,1.0,0.9886793613433837,sear_steak,cam00,cam00_0103,103,/leonardo_work/EUHPC_D21_034/proj_adags/repo/adags/refine-logs/depth_occlusion_support/r031_da3_depth_full/depth_npz/sear_steak/cam00_0103.npz,/leonardo_work/EUHPC_D21_034/proj_adags/data/n3v/sear_steak/motion_priors/masks/cam00_0103.png,/leonardo_work/EUHPC_D21_034/proj_adags/data/n3v/sear_steak/flow/cam00_0103.npz,3,0.18844439089298248,0.3510977625846863,0.2557174563407898,0.4741654396057129,0.38052913546562195,0.03126057609915733,0.05657481774687767,0.5170278549194336,0.6785855889320374,0.7328525185585022,0.041157521307468414,sear_steak_depth_182_cam00_0103
42,"[192, 240, 288, 336]",0.9857697486877441,1.0,0.9886157989501954,sear_steak,cam00,cam00_0099,99,/leonardo_work/EUHPC_D21_034/proj_adags/repo/adags/refine-logs/depth_occlusion_support/r031_da3_depth_full/depth_npz/sear_steak/cam00_0099.npz,/leonardo_work/EUHPC_D21_034/proj_adags/data/n3v/sear_steak/motion_priors/masks/cam00_0099.png,/leonardo_work/EUHPC_D21_034/proj_adags/data/n3v/sear_steak/flow/cam00_0099.npz,2,0.18581409752368927,0.3172278106212616,0.28197839856147766,0.4643559455871582,0.38218140602111816,0.030960051342844963,0.06161665543913841,0.6592031121253967,0.6796184778213501,0.734961986541748,0.0410408116877079,sear_steak_depth_183_cam00_0099
87,"[400, 368, 496, 464]",0.9857637286186218,1.0,0.9886109828948975,sear_steak,cam00,cam00_0173,173,/leonardo_work/EUHPC_D21_034/proj_adags/repo/adags/refine-logs/depth_occlusion_support/r031_da3_depth_full/depth_npz/sear_steak/cam00_0173.npz,/leonardo_work/EUHPC_D21_034/proj_adags/data/n3v/sear_steak/motion_priors/masks/cam00_0173.png,/leonardo_work/EUHPC_D21_034/proj_adags/data/n3v/sear_steak/flow/cam00_0173.npz,0,0.193030446767807,0.30346056818962097,0.3096516728401184,0.46840646862983704,0.3823532462120056,0.032912012189626694,0.05203482508659363,0.6397097706794739,0.679029107093811,0.7399717569351196,0.04874070733785629,sear_steak_depth_184_cam00_0173
21,"[384, 128, 480, 224]",0.9857140779495239,1.0,0.9885712623596192,sear_steak,cam00,cam00_0089,89,/leonardo_work/EUHPC_D21_034/proj_adags/repo/adags/refine-logs/depth_occlusion_support/r031_da3_depth_full/depth_npz/sear_steak/cam00_0089.npz,/leonardo_work/EUHPC_D21_034/proj_adags/data/n3v/sear_steak/motion_priors/masks/cam00_0089.png,/leonardo_work/EUHPC_D21_034/proj_adags/data/n3v/sear_steak/flow/cam00_0089.npz,1,0.18702121078968048,0.33913350105285645,0.2621091902256012,0.46210992336273193,0.3797813057899475,0.03721858561038971,0.04025886207818985,0.7063244581222534,0.6781654357910156,0.7334097623825073,0.045359056442976,sear_steak_depth_185_cam00_0089
34,"[240, 192, 336, 288]",0.9856652617454529,1.0,0.9885322093963624,sear_steak,cam00,cam00_0032,32,/leonardo_work/EUHPC_D21_034/proj_adags/repo/adags/refine-logs/depth_occlusion_support/r031_da3_depth_full/depth_npz/sear_steak/cam00_0032.npz,/leonardo_work/EUHPC_D21_034/proj_adags/data/n3v/sear_steak/motion_priors/masks/cam00_0032.png,/leonardo_work/EUHPC_D21_034/proj_adags/data/n3v/sear_steak/flow/cam00_0032.npz,1,0.19144997000694275,0.3276047110557556,0.2776096761226654,0.5027502179145813,0.3760506808757782,0.03587350994348526,0.04677123948931694,0.592970609664917,0.6776139736175537,0.7140535712242126,0.059781402349472046,sear_steak_depth_186_cam00_0032
50,"[416, 224, 512, 320]",0.9855825304985046,1.0,0.9884660243988037,sear_steak,cam00,cam00_0088,88,/leonardo_work/EUHPC_D21_034/proj_adags/repo/adags/refine-logs/depth_occlusion_support/r031_da3_depth_full/depth_npz/sear_steak/cam00_0088.npz,/leonardo_work/EUHPC_D21_034/proj_adags/data/n3v/sear_steak/motion_priors/masks/cam00_0088.png,/leonardo_work/EUHPC_D21_034/proj_adags/data/n3v/sear_steak/flow/cam00_0088.npz,3,0.1868228167295456,0.31690773367881775,0.2578025460243225,0.4681386947631836,0.3799409866333008,0.035958126187324524,0.04600679129362106,0.6346504092216492,0.6769516468048096,0.7319538593292236,0.04951682314276695,sear_steak_depth_187_cam00_0088
84,"[400, 160, 496, 256]",0.9854835271835327,1.0,0.9883868217468261,sear_steak,cam00,cam00_0033,33,/leonardo_work/EUHPC_D21_034/proj_adags/repo/adags/refine-logs/depth_occlusion_support/r031_da3_depth_full/depth_npz/sear_steak/cam00_0033.npz,/leonardo_work/EUHPC_D21_034/proj_adags/data/n3v/sear_steak/motion_priors/masks/cam00_0033.png,/leonardo_work/EUHPC_D21_034/proj_adags/data/n3v/sear_steak/flow/cam00_0033.npz,1,0.19137488305568695,0.6119263768196106,0.285346120595932,0.49982950091362,0.3763231635093689,0.03254729509353638,0.04412485659122467,0.680785596370697,0.6777686476707458,0.7145495414733887,0.054745398461818695,sear_steak_depth_188_cam00_0033
84,"[400, 176, 496, 272]",0.9854835271835327,1.0,0.9883868217468261,sear_steak,cam00,cam00_0033,33,/leonardo_work/EUHPC_D21_034/proj_adags/repo/adags/refine-logs/depth_occlusion_support/r031_da3_depth_full/depth_npz/sear_steak/cam00_0033.npz,/leonardo_work/EUHPC_D21_034/proj_adags/data/n3v/sear_steak/motion_priors/masks/cam00_0033.png,/leonardo_work/EUHPC_D21_034/proj_adags/data/n3v/sear_steak/flow/cam00_0033.npz,2,0.19137488305568695,0.6119263768196106,0.285346120595932,0.49982950091362,0.3763231635093689,0.03254729509353638,0.04412485659122467,0.680785596370697,0.6777686476707458,0.7145495414733887,0.054745398461818695,sear_steak_depth_189_cam00_0033
84,"[400, 192, 496, 288]",0.9854835271835327,1.0,0.9883868217468261,sear_steak,cam00,cam00_0033,33,/leonardo_work/EUHPC_D21_034/proj_adags/repo/adags/refine-logs/depth_occlusion_support/r031_da3_depth_full/depth_npz/sear_steak/cam00_0033.npz,/leonardo_work/EUHPC_D21_034/proj_adags/data/n3v/sear_steak/motion_priors/masks/cam00_0033.png,/leonardo_work/EUHPC_D21_034/proj_adags/data/n3v/sear_steak/flow/cam00_0033.npz,3,0.19137488305568695,0.6119263768196106,0.285346120595932,0.49982950091362,0.3763231635093689,0.03254729509353638,0.04412485659122467,0.680785596370697,0.6777686476707458,0.7145495414733887,0.054745398461818695,sear_steak_depth_190_cam00_0033
24,"[400, 192, 496, 288]",0.985083281993866,1.0,0.9880666255950927,sear_steak,cam00,cam00_0014,14,/leonardo_work/EUHPC_D21_034/proj_adags/repo/adags/refine-logs/depth_occlusion_support/r031_da3_depth_full/depth_npz/sear_steak/cam00_0014.npz,/leonardo_work/EUHPC_D21_034/proj_adags/data/n3v/sear_steak/motion_priors/masks/cam00_0014.png,/leonardo_work/EUHPC_D21_034/proj_adags/data/n3v/sear_steak/flow/cam00_0014.npz,2,0.1880730539560318,0.46919551491737366,0.2557431757450104,0.47746312618255615,0.37313997745513916,0.0312810018658638,0.040223848074674606,0.8078235983848572,0.6758312582969666,0.7151564359664917,0.04563915729522705,sear_steak_depth_191_cam00_0014
30,"[224, 192, 320, 288]",0.9849511384963989,1.0,0.9879609107971192,sear_steak,cam00,cam00_0089,89,/leonardo_work/EUHPC_D21_034/proj_adags/repo/adags/refine-logs/depth_occlusion_support/r031_da3_depth_full/depth_npz/sear_steak/cam00_0089.npz,/leonardo_work/EUHPC_D21_034/proj_adags/data/n3v/sear_steak/motion_priors/masks/cam00_0089.png,/leonardo_work/EUHPC_D21_034/proj_adags/data/n3v/sear_steak/flow/cam00_0089.npz,2,0.18702121078968048,0.33913350105285645,0.2621091902256012,0.46210992336273193,0.3797813057899475,0.03721858561038971,0.04025886207818985,0.7063244581222534,0.6781654357910156,0.7334097623825073,0.045359056442976,sear_steak_depth_192_cam00_0089
36,"[400, 144, 496, 240]",0.9849451780319214,1.0,0.9879561424255372,sear_steak,cam00,cam00_0032,32,/leonardo_work/EUHPC_D21_034/proj_adags/repo/adags/refine-logs/depth_occlusion_support/r031_da3_depth_full/depth_npz/sear_steak/cam00_0032.npz,/leonardo_work/EUHPC_D21_034/proj_adags/data/n3v/sear_steak/motion_priors/masks/cam00_0032.png,/leonardo_work/EUHPC_D21_034/proj_adags/data/n3v/sear_steak/flow/cam00_0032.npz,2,0.19144997000694275,0.3276047110557556,0.2776096761226654,0.5027502179145813,0.3760506808757782,0.03587350994348526,0.04677123948931694,0.592970609664917,0.6776139736175537,0.7140535712242126,0.059781402349472046,sear_steak_depth_193_cam00_0032
117,"[400, 192, 496, 288]",0.984900712966919,1.0,0.9879205703735352,sear_steak,cam00,cam00_0034,34,/leonardo_work/EUHPC_D21_034/proj_adags/repo/adags/refine-logs/depth_occlusion_support/r031_da3_depth_full/depth_npz/sear_steak/cam00_0034.npz,/leonardo_work/EUHPC_D21_034/proj_adags/data/n3v/sear_steak/motion_priors/masks/cam00_0034.png,/leonardo_work/EUHPC_D21_034/proj_adags/data/n3v/sear_steak/flow/cam00_0034.npz,1,0.18707172572612762,0.457705557346344,0.2968357801437378,0.46852245926856995,0.3759802579879761,0.03131309524178505,0.04384183511137962,0.6753790378570557,0.6775118708610535,0.7139310240745544,0.05661274865269661,sear_steak_depth_194_cam00_0034
161,"[256, 208, 352, 304]",0.9844477772712708,1.0,0.9875582218170167,sear_steak,cam00,cam00_0170,170,/leonardo_work/EUHPC_D21_034/proj_adags/repo/adags/refine-logs/depth_occlusion_support/r031_da3_depth_full/depth_npz/sear_steak/cam00_0170.npz,/leonardo_work/EUHPC_D21_034/proj_adags/data/n3v/sear_steak/motion_priors/masks/cam00_0170.png,/leonardo_work/EUHPC_D21_034/proj_adags/data/n3v/sear_steak/flow/cam00_0170.npz,0,0.18945623934268951,0.5919117331504822,0.30119484663009644,0.48333123326301575,0.38502076268196106,0.038572411984205246,0.05738302692770958,0.6352747678756714,0.6799539923667908,0.740213930606842,0.04880489781498909,sear_steak_depth_195_cam00_0170
48,"[256, 144, 352, 240]",0.9844428896903992,1.0,0.9875543117523193,sear_steak,cam00,cam00_0201,201,/leonardo_work/EUHPC_D21_034/proj_adags/repo/adags/refine-logs/depth_occlusion_support/r031_da3_depth_full/depth_npz/sear_steak/cam00_0201.npz,/leonardo_work/EUHPC_D21_034/proj_adags/data/n3v/sear_steak/motion_priors/masks/cam00_0201.png,/leonardo_work/EUHPC_D21_034/proj_adags/data/n3v/sear_steak/flow/cam00_0201.npz,2,0.18509861826896667,0.34203073382377625,0.2530679404735565,0.44307130575180054,0.37765252590179443,0.025109998881816864,0.05332738161087036,0.7404502630233765,0.6827900409698486,0.7300047874450684,0.042263343930244446,sear_steak_depth_196_cam00_0201
120,"[208, 400, 304, 496]",0.98426753282547,1.0,0.9874140262603761,sear_steak,cam00,cam00_0203,203,/leonardo_work/EUHPC_D21_034/proj_adags/repo/adags/refine-logs/depth_occlusion_support/r031_da3_depth_full/depth_npz/sear_steak/cam00_0203.npz,/leonardo_work/EUHPC_D21_034/proj_adags/data/n3v/sear_steak/motion_priors/masks/cam00_0203.png,/leonardo_work/EUHPC_D21_034/proj_adags/data/n3v/sear_steak/flow/cam00_0203.npz,0,0.19365042448043823,0.5208505988121033,0.2532593011856079,0.5079843997955322,0.37731945514678955,0.028981829062104225,0.04500601068139076,0.7354872226715088,0.6835253238677979,0.7277610301971436,0.045116882771253586,sear_steak_depth_197_cam00_0203
97,"[400, 160, 496, 256]",0.9840806722640991,1.0,0.9872645378112794,sear_steak,cam00,cam00_0034,34,/leonardo_work/EUHPC_D21_034/proj_adags/repo/adags/refine-logs/depth_occlusion_support/r031_da3_depth_full/depth_npz/sear_steak/cam00_0034.npz,/leonardo_work/EUHPC_D21_034/proj_adags/data/n3v/sear_steak/motion_priors/masks/cam00_0034.png,/leonardo_work/EUHPC_D21_034/proj_adags/data/n3v/sear_steak/flow/cam00_0034.npz,2,0.18707172572612762,0.457705557346344,0.2968357801437378,0.46852245926856995,0.3759802579879761,0.03131309524178505,0.04384183511137962,0.6753790378570557,0.6775118708610535,0.7139310240745544,0.05661274865269661,sear_steak_depth_198_cam00_0034
97,"[400, 176, 496, 272]",0.9840806722640991,1.0,0.9872645378112794,sear_steak,cam00,cam00_0034,34,/leonardo_work/EUHPC_D21_034/proj_adags/repo/adags/refine-logs/depth_occlusion_support/r031_da3_depth_full/depth_npz/sear_steak/cam00_0034.npz,/leonardo_work/EUHPC_D21_034/proj_adags/data/n3v/sear_steak/motion_priors/masks/cam00_0034.png,/leonardo_work/EUHPC_D21_034/proj_adags/data/n3v/sear_steak/flow/cam00_0034.npz,3,0.18707172572612762,0.457705557346344,0.2968357801437378,0.46852245926856995,0.3759802579879761,0.03131309524178505,0.04384183511137962,0.6753790378570557,0.6775118708610535,0.7139310240745544,0.05661274865269661,sear_steak_depth_199_cam00_0034
19,"[256, 128, 352, 224]",0.9839748740196228,1.0,0.9871798992156984,sear_steak,cam00,cam00_0019,19,/leonardo_work/EUHPC_D21_034/proj_adags/repo/adags/refine-logs/depth_occlusion_support/r031_da3_depth_full/depth_npz/sear_steak/cam00_0019.npz,/leonardo_work/EUHPC_D21_034/proj_adags/data/n3v/sear_steak/motion_priors/masks/cam00_0019.png,/leonardo_work/EUHPC_D21_034/proj_adags/data/n3v/sear_steak/flow/cam00_0019.npz,0,0.1945791244506836,0.41570016741752625,0.29152947664260864,0.44500043988227844,0.3665623366832733,0.019271617755293846,0.034586790949106216,0.7300252318382263,0.6758779287338257,0.7152585983276367,0.04639485105872154,sear_steak_depth_200_cam00_0019
50,"[400, 144, 496, 240]",0.9839510321617126,1.0,0.9871608257293703,sear_steak,cam00,cam00_0080,80,/leonardo_work/EUHPC_D21_034/proj_adags/repo/adags/refine-logs/depth_occlusion_support/r031_da3_depth_full/depth_npz/sear_steak/cam00_0080.npz,/leonardo_work/EUHPC_D21_034/proj_adags/data/n3v/sear_steak/motion_priors/masks/cam00_0080.png,/leonardo_work/EUHPC_D21_034/proj_adags/data/n3v/sear_steak/flow/cam00_0080.npz,0,0.188179150223732,0.4699660539627075,0.2792632579803467,0.46619749069213867,0.367820680141449,0.015300584957003593,0.03169240057468414,0.897791862487793,0.6757787466049194,0.7322485446929932,0.03711354732513428,sear_steak_depth_201_cam00_0080
13,"[256, 128, 352, 224]",0.983852744102478,1.0,0.9870821952819824,sear_steak,cam00,cam00_0109,109,/leonardo_work/EUHPC_D21_034/proj_adags/repo/adags/refine-logs/depth_occlusion_support/r031_da3_depth_full/depth_npz/sear_steak/cam00_0109.npz,/leonardo_work/EUHPC_D21_034/proj_adags/data/n3v/sear_steak/motion_priors/masks/cam00_0109.png,/leonardo_work/EUHPC_D21_034/proj_adags/data/n3v/sear_steak/flow/cam00_0109.npz,0,0.19054913520812988,0.3856498897075653,0.24116793274879456,0.4832378029823303,0.3748951256275177,0.027598824352025986,0.038922540843486786,0.768510103225708,0.6788598895072937,0.7325490713119507,0.05042131990194321,sear_steak_depth_202_cam00_0109
155,"[256, 176, 352, 272]",0.9838457703590393,1.0,0.9870766162872315,sear_steak,cam00,cam00_0170,170,/leonardo_work/EUHPC_D21_034/proj_adags/repo/adags/refine-logs/depth_occlusion_support/r031_da3_depth_full/depth_npz/sear_steak/cam00_0170.npz,/leonardo_work/EUHPC_D21_034/proj_adags/data/n3v/sear_steak/motion_priors/masks/cam00_0170.png,/leonardo_work/EUHPC_D21_034/proj_adags/data/n3v/sear_steak/flow/cam00_0170.npz,1,0.18945623934268951,0.5919117331504822,0.30119484663009644,0.48333123326301575,0.38502076268196106,0.038572411984205246,0.05738302692770958,0.6352747678756714,0.6799539923667908,0.740213930606842,0.04880489781498909,sear_steak_depth_203_cam00_0170
155,"[256, 192, 352, 288]",0.9838457703590393,1.0,0.9870766162872315,sear_steak,cam00,cam00_0170,170,/leonardo_work/EUHPC_D21_034/proj_adags/repo/adags/refine-logs/depth_occlusion_support/r031_da3_depth_full/depth_npz/sear_steak/cam00_0170.npz,/leonardo_work/EUHPC_D21_034/proj_adags/data/n3v/sear_steak/motion_priors/masks/cam00_0170.png,/leonardo_work/EUHPC_D21_034/proj_adags/data/n3v/sear_steak/flow/cam00_0170.npz,2,0.18945623934268951,0.5919117331504822,0.30119484663009644,0.48333123326301575,0.38502076268196106,0.038572411984205246,0.05738302692770958,0.6352747678756714,0.6799539923667908,0.740213930606842,0.04880489781498909,sear_steak_depth_204_cam00_0170
19,"[432, 288, 528, 384]",0.9836624264717102,1.0,0.9869299411773682,sear_steak,cam00,cam00_0212,212,/leonardo_work/EUHPC_D21_034/proj_adags/repo/adags/refine-logs/depth_occlusion_support/r031_da3_depth_full/depth_npz/sear_steak/cam00_0212.npz,/leonardo_work/EUHPC_D21_034/proj_adags/data/n3v/sear_steak/motion_priors/masks/cam00_0212.png,/leonardo_work/EUHPC_D21_034/proj_adags/data/n3v/sear_steak/flow/cam00_0212.npz,0,0.19238713383674622,0.48269233107566833,0.2995033860206604,0.47121119499206543,0.3691399097442627,0.020211126655340195,0.028506238013505936,0.8937974572181702,0.6829447150230408,0.7248228788375854,0.03664379194378853,sear_steak_depth_205_cam00_0212
51,"[256, 144, 352, 240]",0.98358154296875,1.0,0.986865234375,sear_steak,cam00,cam00_0170,170,/leonardo_work/EUHPC_D21_034/proj_adags/repo/adags/refine-logs/depth_occlusion_support/r031_da3_depth_full/depth_npz/sear_steak/cam00_0170.npz,/leonardo_work/EUHPC_D21_034/proj_adags/data/n3v/sear_steak/motion_priors/masks/cam00_0170.png,/leonardo_work/EUHPC_D21_034/proj_adags/data/n3v/sear_steak/flow/cam00_0170.npz,3,0.18945623934268951,0.5919117331504822,0.30119484663009644,0.48333123326301575,0.38502076268196106,0.038572411984205246,0.05738302692770958,0.6352747678756714,0.6799539923667908,0.740213930606842,0.04880489781498909,sear_steak_depth_206_cam00_0170
163,"[192, 256, 288, 352]",0.9832995533943176,1.0,0.9866396427154542,sear_steak,cam00,cam00_0205,205,/leonardo_work/EUHPC_D21_034/proj_adags/repo/adags/refine-logs/depth_occlusion_support/r031_da3_depth_full/depth_npz/sear_steak/cam00_0205.npz,/leonardo_work/EUHPC_D21_034/proj_adags/data/n3v/sear_steak/motion_priors/masks/cam00_0205.png,/leonardo_work/EUHPC_D21_034/proj_adags/data/n3v/sear_steak/flow/cam00_0205.npz,2,0.15677912533283234,0.4532203674316406,0.2915663719177246,0.4572674036026001,0.3773862421512604,0.02819112315773964,0.046905454248189926,0.6468639969825745,0.6830117702484131,0.7278135418891907,0.04246758297085762,sear_steak_depth_207_cam00_0205
163,"[192, 272, 288, 368]",0.9832995533943176,1.0,0.9866396427154542,sear_steak,cam00,cam00_0205,205,/leonardo_work/EUHPC_D21_034/proj_adags/repo/adags/refine-logs/depth_occlusion_support/r031_da3_depth_full/depth_npz/sear_steak/cam00_0205.npz,/leonardo_work/EUHPC_D21_034/proj_adags/data/n3v/sear_steak/motion_priors/masks/cam00_0205.png,/leonardo_work/EUHPC_D21_034/proj_adags/data/n3v/sear_steak/flow/cam00_0205.npz,3,0.15677912533283234,0.4532203674316406,0.2915663719177246,0.4572674036026001,0.3773862421512604,0.02819112315773964,0.046905454248189926,0.6468639969825745,0.6830117702484131,0.7278135418891907,0.04246758297085762,sear_steak_depth_208_cam00_0205
20,"[224, 192, 320, 288]",0.9832963943481445,1.0,0.9866371154785156,sear_steak,cam00,cam00_0203,203,/leonardo_work/EUHPC_D21_034/proj_adags/repo/adags/refine-logs/depth_occlusion_support/r031_da3_depth_full/depth_npz/sear_steak/cam00_0203.npz,/leonardo_work/EUHPC_D21_034/proj_adags/data/n3v/sear_steak/motion_priors/masks/cam00_0203.png,/leonardo_work/EUHPC_D21_034/proj_adags/data/n3v/sear_steak/flow/cam00_0203.npz,1,0.19365042448043823,0.5208505988121033,0.2532593011856079,0.5079843997955322,0.37731945514678955,0.028981829062104225,0.04500601068139076,0.7354872226715088,0.6835253238677979,0.7277610301971436,0.045116882771253586,sear_steak_depth_209_cam00_0203
20,"[240, 192, 336, 288]",0.9832963943481445,1.0,0.9866371154785156,sear_steak,cam00,cam00_0203,203,/leonardo_work/EUHPC_D21_034/proj_adags/repo/adags/refine-logs/depth_occlusion_support/r031_da3_depth_full/depth_npz/sear_steak/cam00_0203.npz,/leonardo_work/EUHPC_D21_034/proj_adags/data/n3v/sear_steak/motion_priors/masks/cam00_0203.png,/leonardo_work/EUHPC_D21_034/proj_adags/data/n3v/sear_steak/flow/cam00_0203.npz,2,0.19365042448043823,0.5208505988121033,0.2532593011856079,0.5079843997955322,0.37731945514678955,0.028981829062104225,0.04500601068139076,0.7354872226715088,0.6835253238677979,0.7277610301971436,0.045116882771253586,sear_steak_depth_210_cam00_0203
25,"[208, 208, 304, 304]",0.9832245111465454,1.0,0.9865796089172363,sear_steak,cam00,cam00_0208,208,/leonardo_work/EUHPC_D21_034/proj_adags/repo/adags/refine-logs/depth_occlusion_support/r031_da3_depth_full/depth_npz/sear_steak/cam00_0208.npz,/leonardo_work/EUHPC_D21_034/proj_adags/data/n3v/sear_steak/motion_priors/masks/cam00_0208.png,/leonardo_work/EUHPC_D21_034/proj_adags/data/n3v/sear_steak/flow/cam00_0208.npz,1,0.19032616913318634,0.26677992939949036,0.2573195695877075,0.4712105691432953,0.3735945522785187,0.024934934452176094,0.03659127280116081,0.38561907410621643,0.6830730438232422,0.7276151776313782,0.04095911607146263,sear_steak_depth_211_cam00_0208
50,"[208, 208, 304, 304]",0.9831617474555969,1.0,0.9865293979644776,sear_steak,cam00,cam00_0280,280,/leonardo_work/EUHPC_D21_034/proj_adags/repo/adags/refine-logs/depth_occlusion_support/r031_da3_depth_full/depth_npz/sear_steak/cam00_0280.npz,/leonardo_work/EUHPC_D21_034/proj_adags/data/n3v/sear_steak/motion_priors/masks/cam00_0280.png,/leonardo_work/EUHPC_D21_034/proj_adags/data/n3v/sear_steak/flow/cam00_0280.npz,3,0.1892474889755249,0.27953773736953735,0.24814093112945557,0.470450222492218,0.366916686296463,0.026315022259950638,0.04470256716012955,0.47294095158576965,0.6852409243583679,0.6931275725364685,0.03195791319012642,sear_steak_depth_212_cam00_0280
14,"[432, 368, 528, 464]",0.9830447435379028,1.0,0.9864357948303224,sear_steak,cam00,cam00_0211,211,/leonardo_work/EUHPC_D21_034/proj_adags/repo/adags/refine-logs/depth_occlusion_support/r031_da3_depth_full/depth_npz/sear_steak/cam00_0211.npz,/leonardo_work/EUHPC_D21_034/proj_adags/data/n3v/sear_steak/motion_priors/masks/cam00_0211.png,/leonardo_work/EUHPC_D21_034/proj_adags/data/n3v/sear_steak/flow/cam00_0211.npz,0,0.19038055837154388,0.49337732791900635,0.27588799595832825,0.454733669757843,0.3723786473274231,0.021512435749173164,0.03298787400126457,0.8831273317337036,0.6824807524681091,0.7265239357948303,0.03693264722824097,sear_steak_depth_213_cam00_0211
136,"[256, 176, 352, 272]",0.9828816652297974,1.0,0.986305332183838,sear_steak,cam00,cam00_0201,201,/leonardo_work/EUHPC_D21_034/proj_adags/repo/adags/refine-logs/depth_occlusion_support/r031_da3_depth_full/depth_npz/sear_steak/cam00_0201.npz,/leonardo_work/EUHPC_D21_034/proj_adags/data/n3v/sear_steak/motion_priors/masks/cam00_0201.png,/leonardo_work/EUHPC_D21_034/proj_adags/data/n3v/sear_steak/flow/cam00_0201.npz,3,0.18509861826896667,0.34203073382377625,0.2530679404735565,0.44307130575180054,0.37765252590179443,0.025109998881816864,0.05332738161087036,0.7404502630233765,0.6827900409698486,0.7300047874450684,0.042263343930244446,sear_steak_depth_214_cam00_0201
158,"[224, 336, 320, 432]",0.9828637838363647,1.0,0.9862910270690919,sear_steak,cam00,cam00_0031,31,/leonardo_work/EUHPC_D21_034/proj_adags/repo/adags/refine-logs/depth_occlusion_support/r031_da3_depth_full/depth_npz/sear_steak/cam00_0031.npz,/leonardo_work/EUHPC_D21_034/proj_adags/data/n3v/sear_steak/motion_priors/masks/cam00_0031.png,/leonardo_work/EUHPC_D21_034/proj_adags/data/n3v/sear_steak/flow/cam00_0031.npz,1,0.19329942762851715,0.40694546699523926,0.27174270153045654,0.5069100260734558,0.3784565031528473,0.03409077599644661,0.05326610803604126,0.599847674369812,0.6777365207672119,0.715349018573761,0.05777692049741745,sear_steak_depth_215_cam00_0031
55,"[208, 400, 304, 496]",0.982630729675293,1.0,0.9861045837402345,sear_steak,cam00,cam00_0007,7,/leonardo_work/EUHPC_D21_034/proj_adags/repo/adags/refine-logs/depth_occlusion_support/r031_da3_depth_full/depth_npz/sear_steak/cam00_0007.npz,/leonardo_work/EUHPC_D21_034/proj_adags/data/n3v/sear_steak/motion_priors/masks/cam00_0007.png,/leonardo_work/EUHPC_D21_034/proj_adags/data/n3v/sear_steak/flow/cam00_0007.npz,0,0.18790680170059204,0.4144793152809143,0.26559895277023315,0.4492577314376831,0.3707776367664337,0.027835160493850708,0.03796260803937912,0.8263249397277832,0.6772201061248779,0.7134379148483276,0.0472964309155941,sear_steak_depth_216_cam00_0007
55,"[208, 411, 304, 507]",0.982630729675293,1.0,0.9861045837402345,sear_steak,cam00,cam00_0007,7,/leonardo_work/EUHPC_D21_034/proj_adags/repo/adags/refine-logs/depth_occlusion_support/r031_da3_depth_full/depth_npz/sear_steak/cam00_0007.npz,/leonardo_work/EUHPC_D21_034/proj_adags/data/n3v/sear_steak/motion_priors/masks/cam00_0007.png,/leonardo_work/EUHPC_D21_034/proj_adags/data/n3v/sear_steak/flow/cam00_0007.npz,1,0.18790680170059204,0.4144793152809143,0.26559895277023315,0.4492577314376831,0.3707776367664337,0.027835160493850708,0.03796260803937912,0.8263249397277832,0.6772201061248779,0.7134379148483276,0.0472964309155941,sear_steak_depth_217_cam00_0007
99,"[0, 400, 96, 496]",0.9825764894485474,1.0,0.986061191558838,sear_steak,cam00,cam00_0110,110,/leonardo_work/EUHPC_D21_034/proj_adags/repo/adags/refine-logs/depth_occlusion_support/r031_da3_depth_full/depth_npz/sear_steak/cam00_0110.npz,/leonardo_work/EUHPC_D21_034/proj_adags/data/n3v/sear_steak/motion_priors/masks/cam00_0110.png,/leonardo_work/EUHPC_D21_034/proj_adags/data/n3v/sear_steak/flow/cam00_0110.npz,3,0.18719135224819183,0.37212905287742615,0.2586103081703186,0.4779492914676666,0.37762555480003357,0.0319053940474987,0.03889336436986923,0.8330532312393188,0.6789240837097168,0.7326074242591858,0.049184203147888184,sear_steak_depth_218_cam00_0110
154,"[224, 400, 320, 496]",0.9825387001037598,1.0,0.986030960083008,sear_steak,cam00,cam00_0292,292,/leonardo_work/EUHPC_D21_034/proj_adags/repo/adags/refine-logs/depth_occlusion_support/r031_da3_depth_full/depth_npz/sear_steak/cam00_0292.npz,/leonardo_work/EUHPC_D21_034/proj_adags/data/n3v/sear_steak/motion_priors/masks/cam00_0292.png,/leonardo_work/EUHPC_D21_034/proj_adags/data/n3v/sear_steak/flow/cam00_0292.npz,0,0.1654047816991806,0.329397588968277,0.29414957761764526,0.4714842438697815,0.3633686304092407,0.020567091181874275,0.04114001616835594,0.43840667605400085,0.6836887001991272,0.690026044845581,0.029752109199762344,sear_steak_depth_219_cam00_0292
84,"[192, 240, 288, 336]",0.9824265837669373,1.0,0.9859412670135499,sear_steak,cam00,cam00_0213,213,/leonardo_work/EUHPC_D21_034/proj_adags/repo/adags/refine-logs/depth_occlusion_support/r031_da3_depth_full/depth_npz/sear_steak/cam00_0213.npz,/leonardo_work/EUHPC_D21_034/proj_adags/data/n3v/sear_steak/motion_priors/masks/cam00_0213.png,/leonardo_work/EUHPC_D21_034/proj_adags/data/n3v/sear_steak/flow/cam00_0213.npz,1,0.19336794316768646,0.353741854429245,0.3078169822692871,0.46216800808906555,0.37065330147743225,0.01791195385158062,0.04083073511719704,0.7241517901420593,0.6831547617912292,0.7247120141983032,0.037691257894039154,sear_steak_depth_220_cam00_0213
29,"[224, 192, 320, 288]",0.9822497367858887,1.0,0.9857997894287109,sear_steak,cam00,cam00_0228,228,/leonardo_work/EUHPC_D21_034/proj_adags/repo/adags/refine-logs/depth_occlusion_support/r031_da3_depth_full/depth_npz/sear_steak/cam00_0228.npz,/leonardo_work/EUHPC_D21_034/proj_adags/data/n3v/sear_steak/motion_priors/masks/cam00_0228.png,/leonardo_work/EUHPC_D21_034/proj_adags/data/n3v/sear_steak/flow/cam00_0228.npz,0,0.19496729969978333,0.6275126934051514,0.2647480070590973,0.48451900482177734,0.3672977387905121,0.0217721126973629,0.03887585550546646,0.6146785020828247,0.6825332641601562,0.7203500270843506,0.03364728018641472,sear_steak_depth_221_cam00_0228
11,"[416, 208, 512, 304]",0.982145369052887,1.0,0.9857162952423095,sear_steak,cam00,cam00_0085,85,/leonardo_work/EUHPC_D21_034/proj_adags/repo/adags/refine-logs/depth_occlusion_support/r031_da3_depth_full/depth_npz/sear_steak/cam00_0085.npz,/leonardo_work/EUHPC_D21_034/proj_adags/data/n3v/sear_steak/motion_priors/masks/cam00_0085.png,/leonardo_work/EUHPC_D21_034/proj_adags/data/n3v/sear_steak/flow/cam00_0085.npz,0,0.19570258259773254,0.5403156876564026,0.2901262044906616,0.44566261768341064,0.3766270577907562,0.027735957875847816,0.044778428971767426,0.7266027331352234,0.6769545674324036,0.7343084216117859,0.046424027532339096,sear_steak_depth_222_cam00_0085
38,"[256, 160, 352, 256]",0.9820855855941772,1.0,0.9856684684753418,sear_steak,cam00,cam00_0118,118,/leonardo_work/EUHPC_D21_034/proj_adags/repo/adags/refine-logs/depth_occlusion_support/r031_da3_depth_full/depth_npz/sear_steak/cam00_0118.npz,/leonardo_work/EUHPC_D21_034/proj_adags/data/n3v/sear_steak/motion_priors/masks/cam00_0118.png,/leonardo_work/EUHPC_D21_034/proj_adags/data/n3v/sear_steak/flow/cam00_0118.npz,1,0.18695607781410217,0.38249340653419495,0.2767775356769562,0.4709681570529938,0.3660789132118225,0.005546608008444309,0.03442047908902168,0.9057047367095947,0.6799394488334656,0.7363712787628174,0.04357340559363365,sear_steak_depth_223_cam00_0118
38,"[256, 176, 352, 272]",0.9820855855941772,1.0,0.9856684684753418,sear_steak,cam00,cam00_0118,118,/leonardo_work/EUHPC_D21_034/proj_adags/repo/adags/refine-logs/depth_occlusion_support/r031_da3_depth_full/depth_npz/sear_steak/cam00_0118.npz,/leonardo_work/EUHPC_D21_034/proj_adags/data/n3v/sear_steak/motion_priors/masks/cam00_0118.png,/leonardo_work/EUHPC_D21_034/proj_adags/data/n3v/sear_steak/flow/cam00_0118.npz,2,0.18695607781410217,0.38249340653419495,0.2767775356769562,0.4709681570529938,0.3660789132118225,0.005546608008444309,0.03442047908902168,0.9057047367095947,0.6799394488334656,0.7363712787628174,0.04357340559363365,sear_steak_depth_224_cam00_0118
91,"[256, 160, 352, 256]",0.9820024967193604,1.0,0.9856019973754884,sear_steak,cam00,cam00_0029,29,/leonardo_work/EUHPC_D21_034/proj_adags/repo/adags/refine-logs/depth_occlusion_support/r031_da3_depth_full/depth_npz/sear_steak/cam00_0029.npz,/leonardo_work/EUHPC_D21_034/proj_adags/data/n3v/sear_steak/motion_priors/masks/cam00_0029.png,/leonardo_work/EUHPC_D21_034/proj_adags/data/n3v/sear_steak/flow/cam00_0029.npz,0,0.1924293488264084,0.40844571590423584,0.2781572639942169,0.46639013290405273,0.3726668357849121,0.027193259447813034,0.04063524678349495,0.3286357820034027,0.6767591238021851,0.7145145535469055,0.0572429783642292,sear_steak_depth_225_cam00_0029
61,"[256, 160, 352, 256]",0.9819769263267517,1.0,0.9855815410614015,sear_steak,cam00,cam00_0030,30,/leonardo_work/EUHPC_D21_034/proj_adags/repo/adags/refine-logs/depth_occlusion_support/r031_da3_depth_full/depth_npz/sear_steak/cam00_0030.npz,/leonardo_work/EUHPC_D21_034/proj_adags/data/n3v/sear_steak/motion_priors/masks/cam00_0030.png,/leonardo_work/EUHPC_D21_034/proj_adags/data/n3v/sear_steak/flow/cam00_0030.npz,3,0.1902131736278534,0.28925445675849915,0.2650502324104309,0.5154457688331604,0.374563068151474,0.03199292719364166,0.04785371571779251,0.6691408753395081,0.6765548586845398,0.7152235507965088,0.05568490922451019,sear_steak_depth_226_cam00_0030
31,"[400, 192, 496, 288]",0.9819396734237671,1.0,0.9855517387390138,sear_steak,cam00,cam00_0107,107,/leonardo_work/EUHPC_D21_034/proj_adags/repo/adags/refine-logs/depth_occlusion_support/r031_da3_depth_full/depth_npz/sear_steak/cam00_0107.npz,/leonardo_work/EUHPC_D21_034/proj_adags/data/n3v/sear_steak/motion_priors/masks/cam00_0107.png,/leonardo_work/EUHPC_D21_034/proj_adags/data/n3v/sear_steak/flow/cam00_0107.npz,0,0.19048167765140533,0.45040956139564514,0.24946659803390503,0.48103049397468567,0.3815244734287262,0.03212130814790726,0.05416477099061012,0.7727524638175964,0.6782471537590027,0.7331121563911438,0.04689669981598854,sear_steak_depth_227_cam00_0107
55,"[384, 144, 480, 240]",0.9818116426467896,1.0,0.9854493141174316,sear_steak,cam00,cam00_0013,13,/leonardo_work/EUHPC_D21_034/proj_adags/repo/adags/refine-logs/depth_occlusion_support/r031_da3_depth_full/depth_npz/sear_steak/cam00_0013.npz,/leonardo_work/EUHPC_D21_034/proj_adags/data/n3v/sear_steak/motion_priors/masks/cam00_0013.png,/leonardo_work/EUHPC_D21_034/proj_adags/data/n3v/sear_steak/flow/cam00_0013.npz,1,0.19441284239292145,0.43294891715049744,0.2833098769187927,0.5027494430541992,0.3750375807285309,0.03191414847970009,0.045554544776678085,0.80082106590271,0.6758604645729065,0.7147742509841919,0.04847811162471771,sear_steak_depth_228_cam00_0013
45,"[192, 224, 288, 320]",0.9817924499511719,1.0,0.9854339599609376,sear_steak,cam00,cam00_0232,232,/leonardo_work/EUHPC_D21_034/proj_adags/repo/adags/refine-logs/depth_occlusion_support/r031_da3_depth_full/depth_npz/sear_steak/cam00_0232.npz,/leonardo_work/EUHPC_D21_034/proj_adags/data/n3v/sear_steak/motion_priors/masks/cam00_0232.png,/leonardo_work/EUHPC_D21_034/proj_adags/data/n3v/sear_steak/flow/cam00_0232.npz,1,0.19581648707389832,0.27992957830429077,0.2671085298061371,0.4896447956562042,0.37123462557792664,0.021357795223593712,0.04351213201880455,0.8156431317329407,0.6826149821281433,0.7205309271812439,0.034268759191036224,sear_steak_depth_229_cam00_0232
55,"[256, 144, 352, 240]",0.9811974167823792,1.0,0.9849579334259033,sear_steak,cam00,cam00_0200,200,/leonardo_work/EUHPC_D21_034/proj_adags/repo/adags/refine-logs/depth_occlusion_support/r031_da3_depth_full/depth_npz/sear_steak/cam00_0200.npz,/leonardo_work/EUHPC_D21_034/proj_adags/data/n3v/sear_steak/motion_priors/masks/cam00_0200.png,/leonardo_work/EUHPC_D21_034/proj_adags/data/n3v/sear_steak/flow/cam00_0200.npz,0,0.18579429388046265,0.583288848400116,0.2786162793636322,0.45471179485321045,0.37560415267944336,0.022163089364767075,0.04916961491107941,0.7281578779220581,0.6818097233772278,0.7314023971557617,0.04283521696925163,sear_steak_depth_230_cam00_0200
105,"[256, 160, 352, 256]",0.9811582565307617,1.0,0.9849266052246095,sear_steak,cam00,cam00_0203,203,/leonardo_work/EUHPC_D21_034/proj_adags/repo/adags/refine-logs/depth_occlusion_support/r031_da3_depth_full/depth_npz/sear_steak/cam00_0203.npz,/leonardo_work/EUHPC_D21_034/proj_adags/data/n3v/sear_steak/motion_priors/masks/cam00_0203.png,/leonardo_work/EUHPC_D21_034/proj_adags/data/n3v/sear_steak/flow/cam00_0203.npz,3,0.19365042448043823,0.5208505988121033,0.2532593011856079,0.5079843997955322,0.37731945514678955,0.028981829062104225,0.04500601068139076,0.7354872226715088,0.6835253238677979,0.7277610301971436,0.045116882771253586,sear_steak_depth_231_cam00_0203
44,"[400, 240, 496, 336]",0.981134831905365,1.0,0.984907865524292,sear_steak,cam00,cam00_0235,235,/leonardo_work/EUHPC_D21_034/proj_adags/repo/adags/refine-logs/depth_occlusion_support/r031_da3_depth_full/depth_npz/sear_steak/cam00_0235.npz,/leonardo_work/EUHPC_D21_034/proj_adags/data/n3v/sear_steak/motion_priors/masks/cam00_0235.png,/leonardo_work/EUHPC_D21_034/proj_adags/data/n3v/sear_steak/flow/cam00_0235.npz,0,0.1940186619758606,0.40899261832237244,0.27012136578559875,0.48559701442718506,0.36875346302986145,0.016030017286539078,0.03459262475371361,0.8916850686073303,0.6823932528495789,0.7209540009498596,0.02441849559545517,sear_steak_depth_232_cam00_0235
41,"[256, 144, 352, 240]",0.9810675382614136,1.0,0.9848540306091309,sear_steak,cam00,cam00_0115,115,/leonardo_work/EUHPC_D21_034/proj_adags/repo/adags/refine-logs/depth_occlusion_support/r031_da3_depth_full/depth_npz/sear_steak/cam00_0115.npz,/leonardo_work/EUHPC_D21_034/proj_adags/data/n3v/sear_steak/motion_priors/masks/cam00_0115.png,/leonardo_work/EUHPC_D21_034/proj_adags/data/n3v/sear_steak/flow/cam00_0115.npz,0,0.1841588020324707,0.34784621000289917,0.26360705494880676,0.482514351606369,0.37340807914733887,0.018685152754187584,0.038140587508678436,0.8848371505737305,0.6792742013931274,0.7345972657203674,0.04154558107256889,sear_steak_depth_233_cam00_0115
80,"[400, 160, 496, 256]",0.980941891670227,1.0,0.9847535133361818,sear_steak,cam00,cam00_0235,235,/leonardo_work/EUHPC_D21_034/proj_adags/repo/adags/refine-logs/depth_occlusion_support/r031_da3_depth_full/depth_npz/sear_steak/cam00_0235.npz,/leonardo_work/EUHPC_D21_034/proj_adags/data/n3v/sear_steak/motion_priors/masks/cam00_0235.png,/leonardo_work/EUHPC_D21_034/proj_adags/data/n3v/sear_steak/flow/cam00_0235.npz,1,0.1940186619758606,0.40899261832237244,0.27012136578559875,0.48559701442718506,0.36875346302986145,0.016030017286539078,0.03459262475371361,0.8916850686073303,0.6823932528495789,0.7209540009498596,0.02441849559545517,sear_steak_depth_234_cam00_0235
80,"[400, 176, 496, 272]",0.980941891670227,1.0,0.9847535133361818,sear_steak,cam00,cam00_0235,235,/leonardo_work/EUHPC_D21_034/proj_adags/repo/adags/refine-logs/depth_occlusion_support/r031_da3_depth_full/depth_npz/sear_steak/cam00_0235.npz,/leonardo_work/EUHPC_D21_034/proj_adags/data/n3v/sear_steak/motion_priors/masks/cam00_0235.png,/leonardo_work/EUHPC_D21_034/proj_adags/data/n3v/sear_steak/flow/cam00_0235.npz,2,0.1940186619758606,0.40899261832237244,0.27012136578559875,0.48559701442718506,0.36875346302986145,0.016030017286539078,0.03459262475371361,0.8916850686073303,0.6823932528495789,0.7209540009498596,0.02441849559545517,sear_steak_depth_235_cam00_0235
80,"[400, 192, 496, 288]",0.980941891670227,1.0,0.9847535133361818,sear_steak,cam00,cam00_0235,235,/leonardo_work/EUHPC_D21_034/proj_adags/repo/adags/refine-logs/depth_occlusion_support/r031_da3_depth_full/depth_npz/sear_steak/cam00_0235.npz,/leonardo_work/EUHPC_D21_034/proj_adags/data/n3v/sear_steak/motion_priors/masks/cam00_0235.png,/leonardo_work/EUHPC_D21_034/proj_adags/data/n3v/sear_steak/flow/cam00_0235.npz,3,0.1940186619758606,0.40899261832237244,0.27012136578559875,0.48559701442718506,0.36875346302986145,0.016030017286539078,0.03459262475371361,0.8916850686073303,0.6823932528495789,0.7209540009498596,0.02441849559545517,sear_steak_depth_236_cam00_0235
23,"[192, 224, 288, 320]",0.9808938503265381,1.0,0.9847150802612306,sear_steak,cam00,cam00_0249,249,/leonardo_work/EUHPC_D21_034/proj_adags/repo/adags/refine-logs/depth_occlusion_support/r031_da3_depth_full/depth_npz/sear_steak/cam00_0249.npz,/leonardo_work/EUHPC_D21_034/proj_adags/data/n3v/sear_steak/motion_priors/masks/cam00_0249.png,/leonardo_work/EUHPC_D21_034/proj_adags/data/n3v/sear_steak/flow/cam00_0249.npz,0,0.1947980672121048,0.4651614725589752,0.2604731619358063,0.4760745167732239,0.36720457673072815,0.013710420578718185,0.03925224393606186,0.9015878438949585,0.6826003789901733,0.7133153676986694,0.027654260396957397,sear_steak_depth_237_cam00_0249
131,"[256, 160, 352, 256]",0.9807851314544678,1.0,0.9846281051635744,sear_steak,cam00,cam00_0027,27,/leonardo_work/EUHPC_D21_034/proj_adags/repo/adags/refine-logs/depth_occlusion_support/r031_da3_depth_full/depth_npz/sear_steak/cam00_0027.npz,/leonardo_work/EUHPC_D21_034/proj_adags/data/n3v/sear_steak/motion_priors/masks/cam00_0027.png,/leonardo_work/EUHPC_D21_034/proj_adags/data/n3v/sear_steak/flow/cam00_0027.npz,0,0.19593746960163116,0.4243242144584656,0.28571683168411255,0.4626004099845886,0.3728054165840149,0.025547659024596214,0.041507650166749954,0.8333771228790283,0.6766132116317749,0.714745044708252,0.0504271574318409,sear_steak_depth_238_cam00_0027
23,"[304, 128, 400, 224]",0.9807584285736084,1.0,0.9846067428588867,sear_steak,cam00,cam00_0291,291,/leonardo_work/EUHPC_D21_034/proj_adags/repo/adags/refine-logs/depth_occlusion_support/r031_da3_depth_full/depth_npz/sear_steak/cam00_0291.npz,/leonardo_work/EUHPC_D21_034/proj_adags/data/n3v/sear_steak/motion_priors/masks/cam00_0291.png,/leonardo_work/EUHPC_D21_034/proj_adags/data/n3v/sear_steak/flow/cam00_0291.npz,0,0.16428729891777039,0.42379030585289,0.2793634235858917,0.49478843808174133,0.3657916486263275,0.022819578647613525,0.04451875016093254,0.36170828342437744,0.6834523677825928,0.6902477741241455,0.030172262340784073,sear_steak_depth_239_cam00_0291
23,"[320, 128, 416, 224]",0.9807584285736084,1.0,0.9846067428588867,sear_steak,cam00,cam00_0291,291,/leonardo_work/EUHPC_D21_034/proj_adags/repo/adags/refine-logs/depth_occlusion_support/r031_da3_depth_full/depth_npz/sear_steak/cam00_0291.npz,/leonardo_work/EUHPC_D21_034/proj_adags/data/n3v/sear_steak/motion_priors/masks/cam00_0291.png,/leonardo_work/EUHPC_D21_034/proj_adags/data/n3v/sear_steak/flow/cam00_0291.npz,1,0.16428729891777039,0.42379030585289,0.2793634235858917,0.49478843808174133,0.3657916486263275,0.022819578647613525,0.04451875016093254,0.36170828342437744,0.6834523677825928,0.6902477741241455,0.030172262340784073,sear_steak_depth_240_cam00_0291
23,"[336, 128, 432, 224]",0.9807584285736084,1.0,0.9846067428588867,sear_steak,cam00,cam00_0291,291,/leonardo_work/EUHPC_D21_034/proj_adags/repo/adags/refine-logs/depth_occlusion_support/r031_da3_depth_full/depth_npz/sear_steak/cam00_0291.npz,/leonardo_work/EUHPC_D21_034/proj_adags/data/n3v/sear_steak/motion_priors/masks/cam00_0291.png,/leonardo_work/EUHPC_D21_034/proj_adags/data/n3v/sear_steak/flow/cam00_0291.npz,2,0.16428729891777039,0.42379030585289,0.2793634235858917,0.49478843808174133,0.3657916486263275,0.022819578647613525,0.04451875016093254,0.36170828342437744,0.6834523677825928,0.6902477741241455,0.030172262340784073,sear_steak_depth_241_cam00_0291
23,"[352, 128, 448, 224]",0.9807584285736084,1.0,0.9846067428588867,sear_steak,cam00,cam00_0291,291,/leonardo_work/EUHPC_D21_034/proj_adags/repo/adags/refine-logs/depth_occlusion_support/r031_da3_depth_full/depth_npz/sear_steak/cam00_0291.npz,/leonardo_work/EUHPC_D21_034/proj_adags/data/n3v/sear_steak/motion_priors/masks/cam00_0291.png,/leonardo_work/EUHPC_D21_034/proj_adags/data/n3v/sear_steak/flow/cam00_0291.npz,3,0.16428729891777039,0.42379030585289,0.2793634235858917,0.49478843808174133,0.3657916486263275,0.022819578647613525,0.04451875016093254,0.36170828342437744,0.6834523677825928,0.6902477741241455,0.030172262340784073,sear_steak_depth_242_cam00_0291
9,"[192, 224, 288, 320]",0.980607271194458,1.0,0.9844858169555664,sear_steak,cam00,cam00_0206,206,/leonardo_work/EUHPC_D21_034/proj_adags/repo/adags/refine-logs/depth_occlusion_support/r031_da3_depth_full/depth_npz/sear_steak/cam00_0206.npz,/leonardo_work/EUHPC_D21_034/proj_adags/data/n3v/sear_steak/motion_priors/masks/cam00_0206.png,/leonardo_work/EUHPC_D21_034/proj_adags/data/n3v/sear_steak/flow/cam00_0206.npz,3,0.18040934205055237,0.22139200568199158,0.26675060391426086,0.4255681335926056,0.37593063712120056,0.025095410645008087,0.04552828520536423,0.45825308561325073,0.6836420297622681,0.7268186211585999,0.04359382763504982,sear_steak_depth_243_cam00_0206
25,"[400, 192, 496, 288]",0.9805505275726318,1.0,0.9844404220581056,sear_steak,cam00,cam00_0017,17,/leonardo_work/EUHPC_D21_034/proj_adags/repo/adags/refine-logs/depth_occlusion_support/r031_da3_depth_full/depth_npz/sear_steak/cam00_0017.npz,/leonardo_work/EUHPC_D21_034/proj_adags/data/n3v/sear_steak/motion_priors/masks/cam00_0017.png,/leonardo_work/EUHPC_D21_034/proj_adags/data/n3v/sear_steak/flow/cam00_0017.npz,0,0.1930854320526123,0.3475296199321747,0.27604061365127563,0.49373796582221985,0.37121421098709106,0.021360713988542557,0.04726433381438255,0.7345651984214783,0.6758021116256714,0.7141644358634949,0.04310073330998421,sear_steak_depth_244_cam00_0017
35,"[208, 208, 304, 304]",0.9805504679679871,1.0,0.9844403743743897,sear_steak,cam00,cam00_0250,250,/leonardo_work/EUHPC_D21_034/proj_adags/repo/adags/refine-logs/depth_occlusion_support/r031_da3_depth_full/depth_npz/sear_steak/cam00_0250.npz,/leonardo_work/EUHPC_D21_034/proj_adags/data/n3v/sear_steak/motion_priors/masks/cam00_0250.png,/leonardo_work/EUHPC_D21_034/proj_adags/data/n3v/sear_steak/flow/cam00_0250.npz,0,0.16406571865081787,0.32043856382369995,0.2542262673377991,0.5013849139213562,0.36746451258659363,0.016800299286842346,0.0396636426448822,0.8622509837150574,0.6821802258491516,0.7131257057189941,0.029031429439783096,sear_steak_depth_245_cam00_0250
28,"[384, 128, 480, 224]",0.9803398847579956,1.0,0.9842719078063966,sear_steak,cam00,cam00_0021,21,/leonardo_work/EUHPC_D21_034/proj_adags/repo/adags/refine-logs/depth_occlusion_support/r031_da3_depth_full/depth_npz/sear_steak/cam00_0021.npz,/leonardo_work/EUHPC_D21_034/proj_adags/data/n3v/sear_steak/motion_priors/masks/cam00_0021.png,/leonardo_work/EUHPC_D21_034/proj_adags/data/n3v/sear_steak/flow/cam00_0021.npz,1,0.18681080639362335,0.3527402877807617,0.27028608322143555,0.4453514814376831,0.3711787462234497,0.022355658933520317,0.041338421404361725,0.8053989410400391,0.6770829558372498,0.7143161296844482,0.04531529173254967,sear_steak_depth_246_cam00_0021
44,"[400, 144, 496, 240]",0.9802587628364563,1.0,0.9842070102691651,sear_steak,cam00,cam00_0289,289,/leonardo_work/EUHPC_D21_034/proj_adags/repo/adags/refine-logs/depth_occlusion_support/r031_da3_depth_full/depth_npz/sear_steak/cam00_0289.npz,/leonardo_work/EUHPC_D21_034/proj_adags/data/n3v/sear_steak/motion_priors/masks/cam00_0289.png,/leonardo_work/EUHPC_D21_034/proj_adags/data/n3v/sear_steak/flow/cam00_0289.npz,0,0.16597284376621246,0.46609559655189514,0.272370308637619,0.49926236271858215,0.3662501573562622,0.024716105312108994,0.04205910116434097,0.383384108543396,0.6839017271995544,0.6907817125320435,0.03194916248321533,sear_steak_depth_247_cam00_0289
65,"[384, 368, 480, 464]",0.980228066444397,1.0,0.9841824531555177,sear_steak,cam00,cam00_0187,187,/leonardo_work/EUHPC_D21_034/proj_adags/repo/adags/refine-logs/depth_occlusion_support/r031_da3_depth_full/depth_npz/sear_steak/cam00_0187.npz,/leonardo_work/EUHPC_D21_034/proj_adags/data/n3v/sear_steak/motion_priors/masks/cam00_0187.png,/leonardo_work/EUHPC_D21_034/proj_adags/data/n3v/sear_steak/flow/cam00_0187.npz,0,0.18710026144981384,0.3775039315223694,0.26651832461357117,0.4613620340824127,0.3735889792442322,0.022405261173844337,0.03080541081726551,0.886873722076416,0.6815850138664246,0.7355455756187439,0.03581807389855385,sear_steak_depth_248_cam00_0187
65,"[400, 368, 496, 464]",0.980228066444397,1.0,0.9841824531555177,sear_steak,cam00,cam00_0187,187,/leonardo_work/EUHPC_D21_034/proj_adags/repo/adags/refine-logs/depth_occlusion_support/r031_da3_depth_full/depth_npz/sear_steak/cam00_0187.npz,/leonardo_work/EUHPC_D21_034/proj_adags/data/n3v/sear_steak/motion_priors/masks/cam00_0187.png,/leonardo_work/EUHPC_D21_034/proj_adags/data/n3v/sear_steak/flow/cam00_0187.npz,1,0.18710026144981384,0.3775039315223694,0.26651832461357117,0.4613620340824127,0.3735889792442322,0.022405261173844337,0.03080541081726551,0.886873722076416,0.6815850138664246,0.7355455756187439,0.03581807389855385,sear_steak_depth_249_cam00_0187
18,"[320, 288, 416, 384]",0.98012775182724,1.0,0.984102201461792,sear_steak,cam00,cam00_0277,277,/leonardo_work/EUHPC_D21_034/proj_adags/repo/adags/refine-logs/depth_occlusion_support/r031_da3_depth_full/depth_npz/sear_steak/cam00_0277.npz,/leonardo_work/EUHPC_D21_034/proj_adags/data/n3v/sear_steak/motion_priors/masks/cam00_0277.png,/leonardo_work/EUHPC_D21_034/proj_adags/data/n3v/sear_steak/flow/cam00_0277.npz,0,0.1956087350845337,0.30722543597221375,0.2948128283023834,0.4974117875099182,0.36926019191741943,0.022125158458948135,0.05351995304226875,0.5816614627838135,0.6858624219894409,0.6961765885353088,0.031596116721630096,sear_steak_depth_250_cam00_0277
103,"[256, 160, 352, 256]",0.9801145195960999,1.0,0.98409161567688,sear_steak,cam00,cam00_0115,115,/leonardo_work/EUHPC_D21_034/proj_adags/repo/adags/refine-logs/depth_occlusion_support/r031_da3_depth_full/depth_npz/sear_steak/cam00_0115.npz,/leonardo_work/EUHPC_D21_034/proj_adags/data/n3v/sear_steak/motion_priors/masks/cam00_0115.png,/leonardo_work/EUHPC_D21_034/proj_adags/data/n3v/sear_steak/flow/cam00_0115.npz,1,0.1841588020324707,0.34784621000289917,0.26360705494880676,0.482514351606369,0.37340807914733887,0.018685152754187584,0.038140587508678436,0.8848371505737305,0.6792742013931274,0.7345972657203674,0.04154558107256889,sear_steak_depth_251_cam00_0115
39,"[272, 128, 368, 224]",0.9800211787223816,1.0,0.9840169429779053,sear_steak,cam00,cam00_0036,36,/leonardo_work/EUHPC_D21_034/proj_adags/repo/adags/refine-logs/depth_occlusion_support/r031_da3_depth_full/depth_npz/sear_steak/cam00_0036.npz,/leonardo_work/EUHPC_D21_034/proj_adags/data/n3v/sear_steak/motion_priors/masks/cam00_0036.png,/leonardo_work/EUHPC_D21_034/proj_adags/data/n3v/sear_steak/flow/cam00_0036.npz,0,0.18936124444007874,0.28201648592948914,0.2845103442668915,0.4455820620059967,0.37305912375450134,0.025535987690091133,0.044903889298439026,0.4945555031299591,0.6780079007148743,0.7154569625854492,0.05095818266272545,sear_steak_depth_252_cam00_0036
115,"[400, 208, 496, 304]",0.98000168800354,1.0,0.984001350402832,sear_steak,cam00,cam00_0026,26,/leonardo_work/EUHPC_D21_034/proj_adags/repo/adags/refine-logs/depth_occlusion_support/r031_da3_depth_full/depth_npz/sear_steak/cam00_0026.npz,/leonardo_work/EUHPC_D21_034/proj_adags/data/n3v/sear_steak/motion_priors/masks/cam00_0026.png,/leonardo_work/EUHPC_D21_034/proj_adags/data/n3v/sear_steak/flow/cam00_0026.npz,1,0.193208247423172,0.37254008650779724,0.2895132303237915,0.4718610346317291,0.37209922075271606,0.026942333206534386,0.03716898337006569,0.8174433708190918,0.6771063208580017,0.7151243686676025,0.05320483818650246,sear_steak_depth_253_cam00_0026
64,"[416, 368, 512, 464]",0.9799191355705261,1.0,0.9839353084564209,sear_steak,cam00,cam00_0187,187,/leonardo_work/EUHPC_D21_034/proj_adags/repo/adags/refine-logs/depth_occlusion_support/r031_da3_depth_full/depth_npz/sear_steak/cam00_0187.npz,/leonardo_work/EUHPC_D21_034/proj_adags/data/n3v/sear_steak/motion_priors/masks/cam00_0187.png,/leonardo_work/EUHPC_D21_034/proj_adags/data/n3v/sear_steak/flow/cam00_0187.npz,2,0.18710026144981384,0.3775039315223694,0.26651832461357117,0.4613620340824127,0.3735889792442322,0.022405261173844337,0.03080541081726551,0.886873722076416,0.6815850138664246,0.7355455756187439,0.03581807389855385,sear_steak_depth_254_cam00_0187
18,"[192, 224, 288, 320]",0.9798998236656189,1.0,0.9839198589324951,sear_steak,cam00,cam00_0250,250,/leonardo_work/EUHPC_D21_034/proj_adags/repo/adags/refine-logs/depth_occlusion_support/r031_da3_depth_full/depth_npz/sear_steak/cam00_0250.npz,/leonardo_work/EUHPC_D21_034/proj_adags/data/n3v/sear_steak/motion_priors/masks/cam00_0250.png,/leonardo_work/EUHPC_D21_034/proj_adags/data/n3v/sear_steak/flow/cam00_0250.npz,1,0.16406571865081787,0.32043856382369995,0.2542262673377991,0.5013849139213562,0.36746451258659363,0.016800299286842346,0.0396636426448822,0.8622509837150574,0.6821802258491516,0.7131257057189941,0.029031429439783096,sear_steak_depth_255_cam00_0250
47,"[400, 144, 496, 240]",0.9798720479011536,1.0,0.9838976383209228,sear_steak,cam00,cam00_0290,290,/leonardo_work/EUHPC_D21_034/proj_adags/repo/adags/refine-logs/depth_occlusion_support/r031_da3_depth_full/depth_npz/sear_steak/cam00_0290.npz,/leonardo_work/EUHPC_D21_034/proj_adags/data/n3v/sear_steak/motion_priors/masks/cam00_0290.png,/leonardo_work/EUHPC_D21_034/proj_adags/data/n3v/sear_steak/flow/cam00_0290.npz,0,0.16226688027381897,0.4518485963344574,0.2863852381706238,0.5090646147727966,0.3657778799533844,0.022113488987088203,0.045029353350400925,0.3463551700115204,0.6832773089408875,0.6908050775527954,0.03054865077137947,sear_steak_depth_256_cam00_0290
21,"[256, 144, 352, 240]",0.9797604084014893,1.0,0.9838083267211915,sear_steak,cam00,cam00_0083,83,/leonardo_work/EUHPC_D21_034/proj_adags/repo/adags/refine-logs/depth_occlusion_support/r031_da3_depth_full/depth_npz/sear_steak/cam00_0083.npz,/leonardo_work/EUHPC_D21_034/proj_adags/data/n3v/sear_steak/motion_priors/masks/cam00_0083.png,/leonardo_work/EUHPC_D21_034/proj_adags/data/n3v/sear_steak/flow/cam00_0083.npz,1,0.1939554363489151,0.32834428548812866,0.2790670394897461,0.44273248314857483,0.3765551745891571,0.020888041704893112,0.05375920608639717,0.7633077502250671,0.6764293909072876,0.7333047389984131,0.048664845526218414,sear_steak_depth_257_cam00_0083
31,"[416, 224, 512, 320]",0.9796699285507202,1.0,0.9837359428405763,sear_steak,cam00,cam00_0116,116,/leonardo_work/EUHPC_D21_034/proj_adags/repo/adags/refine-logs/depth_occlusion_support/r031_da3_depth_full/depth_npz/sear_steak/cam00_0116.npz,/leonardo_work/EUHPC_D21_034/proj_adags/data/n3v/sear_steak/motion_priors/masks/cam00_0116.png,/leonardo_work/EUHPC_D21_034/proj_adags/data/n3v/sear_steak/flow/cam00_0116.npz,0,0.18594986200332642,0.2936076521873474,0.2824613153934479,0.49348849058151245,0.3678845465183258,0.016362639144062996,0.025185858830809593,0.8869875073432922,0.6790640950202942,0.7358052134513855,0.044580020010471344,sear_steak_depth_258_cam00_0116
79,"[384, 160, 480, 256]",0.979551374912262,1.0,0.9836410999298095,sear_steak,cam00,cam00_0013,13,/leonardo_work/EUHPC_D21_034/proj_adags/repo/adags/refine-logs/depth_occlusion_support/r031_da3_depth_full/depth_npz/sear_steak/cam00_0013.npz,/leonardo_work/EUHPC_D21_034/proj_adags/data/n3v/sear_steak/motion_priors/masks/cam00_0013.png,/leonardo_work/EUHPC_D21_034/proj_adags/data/n3v/sear_steak/flow/cam00_0013.npz,2,0.19441284239292145,0.43294891715049744,0.2833098769187927,0.5027494430541992,0.3750375807285309,0.03191414847970009,0.045554544776678085,0.80082106590271,0.6758604645729065,0.7147742509841919,0.04847811162471771,sear_steak_depth_259_cam00_0013
79,"[384, 176, 480, 272]",0.979551374912262,1.0,0.9836410999298095,sear_steak,cam00,cam00_0013,13,/leonardo_work/EUHPC_D21_034/proj_adags/repo/adags/refine-logs/depth_occlusion_support/r031_da3_depth_full/depth_npz/sear_steak/cam00_0013.npz,/leonardo_work/EUHPC_D21_034/proj_adags/data/n3v/sear_steak/motion_priors/masks/cam00_0013.png,/leonardo_work/EUHPC_D21_034/proj_adags/data/n3v/sear_steak/flow/cam00_0013.npz,3,0.19441284239292145,0.43294891715049744,0.2833098769187927,0.5027494430541992,0.3750375807285309,0.03191414847970009,0.045554544776678085,0.80082106590271,0.6758604645729065,0.7147742509841919,0.04847811162471771,sear_steak_depth_260_cam00_0013
26,"[192, 368, 288, 464]",0.9794105887413025,1.0,0.9835284709930421,sear_steak,cam00,cam00_0289,289,/leonardo_work/EUHPC_D21_034/proj_adags/repo/adags/refine-logs/depth_occlusion_support/r031_da3_depth_full/depth_npz/sear_steak/cam00_0289.npz,/leonardo_work/EUHPC_D21_034/proj_adags/data/n3v/sear_steak/motion_priors/masks/cam00_0289.png,/leonardo_work/EUHPC_D21_034/proj_adags/data/n3v/sear_steak/flow/cam00_0289.npz,1,0.16597284376621246,0.46609559655189514,0.272370308637619,0.49926236271858215,0.3662501573562622,0.024716105312108994,0.04205910116434097,0.383384108543396,0.6839017271995544,0.6907817125320435,0.03194916248321533,sear_steak_depth_261_cam00_0289
96,"[400, 192, 496, 288]",0.9791883826255798,1.0,0.9833507061004638,sear_steak,cam00,cam00_0210,210,/leonardo_work/EUHPC_D21_034/proj_adags/repo/adags/refine-logs/depth_occlusion_support/r031_da3_depth_full/depth_npz/sear_steak/cam00_0210.npz,/leonardo_work/EUHPC_D21_034/proj_adags/data/n3v/sear_steak/motion_priors/masks/cam00_0210.png,/leonardo_work/EUHPC_D21_034/proj_adags/data/n3v/sear_steak/flow/cam00_0210.npz,3,0.18842646479606628,0.24363583326339722,0.28634002804756165,0.46629050374031067,0.3730871081352234,0.021066023036837578,0.039517756551504135,0.886885404586792,0.6824691295623779,0.7264597415924072,0.04187236726284027,sear_steak_depth_262_cam00_0210
76,"[192, 384, 288, 480]",0.9790685772895813,1.0,0.983254861831665,sear_steak,cam00,cam00_0184,184,/leonardo_work/EUHPC_D21_034/proj_adags/repo/adags/refine-logs/depth_occlusion_support/r031_da3_depth_full/depth_npz/sear_steak/cam00_0184.npz,/leonardo_work/EUHPC_D21_034/proj_adags/data/n3v/sear_steak/motion_priors/masks/cam00_0184.png,/leonardo_work/EUHPC_D21_034/proj_adags/data/n3v/sear_steak/flow/cam00_0184.npz,0,0.19429409503936768,0.33510586619377136,0.26271355152130127,0.4908120632171631,0.373105525970459,0.015933731570839882,0.047281842678785324,0.6117870807647705,0.6808059811592102,0.7359540462493896,0.03319503366947174,sear_steak_depth_263_cam00_0184
40,"[512, 384, 608, 480]",0.9790099859237671,1.0,0.9832079887390137,sear_steak,cam00,cam00_0097,97,/leonardo_work/EUHPC_D21_034/proj_adags/repo/adags/refine-logs/depth_occlusion_support/r031_da3_depth_full/depth_npz/sear_steak/cam00_0097.npz,/leonardo_work/EUHPC_D21_034/proj_adags/data/n3v/sear_steak/motion_priors/masks/cam00_0097.png,/leonardo_work/EUHPC_D21_034/proj_adags/data/n3v/sear_steak/flow/cam00_0097.npz,0,0.19494828581809998,0.5314400792121887,0.26896244287490845,0.5069765448570251,0.377387672662735,0.024847403168678284,0.054138511419296265,0.7896665334701538,0.677789032459259,0.7340896129608154,0.04597178101539612,sear_steak_depth_264_cam00_0097
40,"[512, 400, 608, 496]",0.9790099859237671,1.0,0.9832079887390137,sear_steak,cam00,cam00_0097,97,/leonardo_work/EUHPC_D21_034/proj_adags/repo/adags/refine-logs/depth_occlusion_support/r031_da3_depth_full/depth_npz/sear_steak/cam00_0097.npz,/leonardo_work/EUHPC_D21_034/proj_adags/data/n3v/sear_steak/motion_priors/masks/cam00_0097.png,/leonardo_work/EUHPC_D21_034/proj_adags/data/n3v/sear_steak/flow/cam00_0097.npz,1,0.19494828581809998,0.5314400792121887,0.26896244287490845,0.5069765448570251,0.377387672662735,0.024847403168678284,0.054138511419296265,0.7896665334701538,0.677789032459259,0.7340896129608154,0.04597178101539612,sear_steak_depth_265_cam00_0097
37,"[400, 192, 496, 288]",0.9787582159042358,1.0,0.9830065727233888,sear_steak,cam00,cam00_0025,25,/leonardo_work/EUHPC_D21_034/proj_adags/repo/adags/refine-logs/depth_occlusion_support/r031_da3_depth_full/depth_npz/sear_steak/cam00_0025.npz,/leonardo_work/EUHPC_D21_034/proj_adags/data/n3v/sear_steak/motion_priors/masks/cam00_0025.png,/leonardo_work/EUHPC_D21_034/proj_adags/data/n3v/sear_steak/flow/cam00_0025.npz,1,0.18930584192276,0.477932333946228,0.2698187232017517,0.4910469055175781,0.37539026141166687,0.029133550822734833,0.04978817328810692,0.7975882291793823,0.6760267615318298,0.7137792706489563,0.052755504846572876,sear_steak_depth_266_cam00_0025
9,"[224, 192, 320, 288]",0.978339433670044,1.0,0.9826715469360352,sear_steak,cam00,cam00_0099,99,/leonardo_work/EUHPC_D21_034/proj_adags/repo/adags/refine-logs/depth_occlusion_support/r031_da3_depth_full/depth_npz/sear_steak/cam00_0099.npz,/leonardo_work/EUHPC_D21_034/proj_adags/data/n3v/sear_steak/motion_priors/masks/cam00_0099.png,/leonardo_work/EUHPC_D21_034/proj_adags/data/n3v/sear_steak/flow/cam00_0099.npz,3,0.18581409752368927,0.3172278106212616,0.28197839856147766,0.4643559455871582,0.38218140602111816,0.030960051342844963,0.06161665543913841,0.6592031121253967,0.6796184778213501,0.734961986541748,0.0410408116877079,sear_steak_depth_267_cam00_0099
85,"[208, 224, 304, 320]",0.9782834053039551,1.0,0.9826267242431641,sear_steak,cam00,cam00_0173,173,/leonardo_work/EUHPC_D21_034/proj_adags/repo/adags/refine-logs/depth_occlusion_support/r031_da3_depth_full/depth_npz/sear_steak/cam00_0173.npz,/leonardo_work/EUHPC_D21_034/proj_adags/data/n3v/sear_steak/motion_priors/masks/cam00_0173.png,/leonardo_work/EUHPC_D21_034/proj_adags/data/n3v/sear_steak/flow/cam00_0173.npz,1,0.193030446767807,0.30346056818962097,0.3096516728401184,0.46840646862983704,0.3823532462120056,0.032912012189626694,0.05203482508659363,0.6397097706794739,0.679029107093811,0.7399717569351196,0.04874070733785629,sear_steak_depth_268_cam00_0173
25,"[400, 192, 496, 288]",0.9782431721687317,1.0,0.9825945377349854,sear_steak,cam00,cam00_0019,19,/leonardo_work/EUHPC_D21_034/proj_adags/repo/adags/refine-logs/depth_occlusion_support/r031_da3_depth_full/depth_npz/sear_steak/cam00_0019.npz,/leonardo_work/EUHPC_D21_034/proj_adags/data/n3v/sear_steak/motion_priors/masks/cam00_0019.png,/leonardo_work/EUHPC_D21_034/proj_adags/data/n3v/sear_steak/flow/cam00_0019.npz,1,0.1945791244506836,0.41570016741752625,0.29152947664260864,0.44500043988227844,0.3665623366832733,0.019271617755293846,0.034586790949106216,0.7300252318382263,0.6758779287338257,0.7152585983276367,0.04639485105872154,sear_steak_depth_269_cam00_0019
217,"[240, 336, 336, 432]",0.9782318472862244,1.0,0.9825854778289795,sear_steak,cam00,cam00_0031,31,/leonardo_work/EUHPC_D21_034/proj_adags/repo/adags/refine-logs/depth_occlusion_support/r031_da3_depth_full/depth_npz/sear_steak/cam00_0031.npz,/leonardo_work/EUHPC_D21_034/proj_adags/data/n3v/sear_steak/motion_priors/masks/cam00_0031.png,/leonardo_work/EUHPC_D21_034/proj_adags/data/n3v/sear_steak/flow/cam00_0031.npz,2,0.19329942762851715,0.40694546699523926,0.27174270153045654,0.5069100260734558,0.3784565031528473,0.03409077599644661,0.05326610803604126,0.599847674369812,0.6777365207672119,0.715349018573761,0.05777692049741745,sear_steak_depth_270_cam00_0031
36,"[384, 128, 480, 224]",0.9779857993125916,1.0,0.9823886394500734,sear_steak,cam00,cam00_0087,87,/leonardo_work/EUHPC_D21_034/proj_adags/repo/adags/refine-logs/depth_occlusion_support/r031_da3_depth_full/depth_npz/sear_steak/cam00_0087.npz,/leonardo_work/EUHPC_D21_034/proj_adags/data/n3v/sear_steak/motion_priors/masks/cam00_0087.png,/leonardo_work/EUHPC_D21_034/proj_adags/data/n3v/sear_steak/flow/cam00_0087.npz,1,0.18795515596866608,0.37748631834983826,0.25682052969932556,0.4695989787578583,0.3816888630390167,0.030770398676395416,0.05643768236041069,0.7192529439926147,0.6768437027931213,0.7335994243621826,0.048615243285894394,sear_steak_depth_271_cam00_0087
46,"[400, 160, 496, 256]",0.9779844880104065,1.0,0.9823875904083252,sear_steak,cam00,cam00_0031,31,/leonardo_work/EUHPC_D21_034/proj_adags/repo/adags/refine-logs/depth_occlusion_support/r031_da3_depth_full/depth_npz/sear_steak/cam00_0031.npz,/leonardo_work/EUHPC_D21_034/proj_adags/data/n3v/sear_steak/motion_priors/masks/cam00_0031.png,/leonardo_work/EUHPC_D21_034/proj_adags/data/n3v/sear_steak/flow/cam00_0031.npz,3,0.19329942762851715,0.40694546699523926,0.27174270153045654,0.5069100260734558,0.3784565031528473,0.03409077599644661,0.05326610803604126,0.599847674369812,0.6777365207672119,0.715349018573761,0.05777692049741745,sear_steak_depth_272_cam00_0031
81,"[272, 128, 368, 224]",0.9778482913970947,1.0,0.9822786331176758,sear_steak,cam00,cam00_0173,173,/leonardo_work/EUHPC_D21_034/proj_adags/repo/adags/refine-logs/depth_occlusion_support/r031_da3_depth_full/depth_npz/sear_steak/cam00_0173.npz,/leonardo_work/EUHPC_D21_034/proj_adags/data/n3v/sear_steak/motion_priors/masks/cam00_0173.png,/leonardo_work/EUHPC_D21_034/proj_adags/data/n3v/sear_steak/flow/cam00_0173.npz,2,0.193030446767807,0.30346056818962097,0.3096516728401184,0.46840646862983704,0.3823532462120056,0.032912012189626694,0.05203482508659363,0.6397097706794739,0.679029107093811,0.7399717569351196,0.04874070733785629,sear_steak_depth_273_cam00_0173
358,"[304, 256, 400, 352]",0.9777961373329163,1.0,0.982236909866333,sear_steak,cam00,cam00_0173,173,/leonardo_work/EUHPC_D21_034/proj_adags/repo/adags/refine-logs/depth_occlusion_support/r031_da3_depth_full/depth_npz/sear_steak/cam00_0173.npz,/leonardo_work/EUHPC_D21_034/proj_adags/data/n3v/sear_steak/motion_priors/masks/cam00_0173.png,/leonardo_work/EUHPC_D21_034/proj_adags/data/n3v/sear_steak/flow/cam00_0173.npz,3,0.193030446767807,0.30346056818962097,0.3096516728401184,0.46840646862983704,0.3823532462120056,0.032912012189626694,0.05203482508659363,0.6397097706794739,0.679029107093811,0.7399717569351196,0.04874070733785629,sear_steak_depth_274_cam00_0173
122,"[256, 160, 352, 256]",0.9776797294616699,1.0,0.9821437835693361,sear_steak,cam00,cam00_0114,114,/leonardo_work/EUHPC_D21_034/proj_adags/repo/adags/refine-logs/depth_occlusion_support/r031_da3_depth_full/depth_npz/sear_steak/cam00_0114.npz,/leonardo_work/EUHPC_D21_034/proj_adags/data/n3v/sear_steak/motion_priors/masks/cam00_0114.png,/leonardo_work/EUHPC_D21_034/proj_adags/data/n3v/sear_steak/flow/cam00_0114.npz,3,0.18474963307380676,0.4006904363632202,0.26111987233161926,0.4785482883453369,0.37573671340942383,0.027056125923991203,0.0327194407582283,0.8675845861434937,0.6801465749740601,0.7334885597229004,0.04670704901218414,sear_steak_depth_275_cam00_0114
125,"[400, 160, 496, 256]",0.9776553511619568,1.0,0.9821242809295654,sear_steak,cam00,cam00_0213,213,/leonardo_work/EUHPC_D21_034/proj_adags/repo/adags/refine-logs/depth_occlusion_support/r031_da3_depth_full/depth_npz/sear_steak/cam00_0213.npz,/leonardo_work/EUHPC_D21_034/proj_adags/data/n3v/sear_steak/motion_priors/masks/cam00_0213.png,/leonardo_work/EUHPC_D21_034/proj_adags/data/n3v/sear_steak/flow/cam00_0213.npz,2,0.19336794316768646,0.353741854429245,0.3078169822692871,0.46216800808906555,0.37065330147743225,0.01791195385158062,0.04083073511719704,0.7241517901420593,0.6831547617912292,0.7247120141983032,0.037691257894039154,sear_steak_depth_276_cam00_0213
106,"[416, 240, 512, 336]",0.9776336550712585,1.0,0.9821069240570068,sear_steak,cam00,cam00_0025,25,/leonardo_work/EUHPC_D21_034/proj_adags/repo/adags/refine-logs/depth_occlusion_support/r031_da3_depth_full/depth_npz/sear_steak/cam00_0025.npz,/leonardo_work/EUHPC_D21_034/proj_adags/data/n3v/sear_steak/motion_priors/masks/cam00_0025.png,/leonardo_work/EUHPC_D21_034/proj_adags/data/n3v/sear_steak/flow/cam00_0025.npz,2,0.18930584192276,0.477932333946228,0.2698187232017517,0.4910469055175781,0.37539026141166687,0.029133550822734833,0.04978817328810692,0.7975882291793823,0.6760267615318298,0.7137792706489563,0.052755504846572876,sear_steak_depth_277_cam00_0025
44,"[384, 128, 480, 224]",0.9775995016098022,1.0,0.9820796012878419,sear_steak,cam00,cam00_0085,85,/leonardo_work/EUHPC_D21_034/proj_adags/repo/adags/refine-logs/depth_occlusion_support/r031_da3_depth_full/depth_npz/sear_steak/cam00_0085.npz,/leonardo_work/EUHPC_D21_034/proj_adags/data/n3v/sear_steak/motion_priors/masks/cam00_0085.png,/leonardo_work/EUHPC_D21_034/proj_adags/data/n3v/sear_steak/flow/cam00_0085.npz,1,0.19570258259773254,0.5403156876564026,0.2901262044906616,0.44566261768341064,0.3766270577907562,0.027735957875847816,0.044778428971767426,0.7266027331352234,0.6769545674324036,0.7343084216117859,0.046424027532339096,sear_steak_depth_278_cam00_0085
14,"[384, 144, 480, 240]",0.9775977730751038,1.0,0.9820782184600831,sear_steak,cam00,cam00_0097,97,/leonardo_work/EUHPC_D21_034/proj_adags/repo/adags/refine-logs/depth_occlusion_support/r031_da3_depth_full/depth_npz/sear_steak/cam00_0097.npz,/leonardo_work/EUHPC_D21_034/proj_adags/data/n3v/sear_steak/motion_priors/masks/cam00_0097.png,/leonardo_work/EUHPC_D21_034/proj_adags/data/n3v/sear_steak/flow/cam00_0097.npz,2,0.19494828581809998,0.5314400792121887,0.26896244287490845,0.5069765448570251,0.377387672662735,0.024847403168678284,0.054138511419296265,0.7896665334701538,0.677789032459259,0.7340896129608154,0.04597178101539612,sear_steak_depth_279_cam00_0097
12,"[256, 128, 352, 224]",0.9774697422981262,1.0,0.981975793838501,sear_steak,cam00,cam00_0021,21,/leonardo_work/EUHPC_D21_034/proj_adags/repo/adags/refine-logs/depth_occlusion_support/r031_da3_depth_full/depth_npz/sear_steak/cam00_0021.npz,/leonardo_work/EUHPC_D21_034/proj_adags/data/n3v/sear_steak/motion_priors/masks/cam00_0021.png,/leonardo_work/EUHPC_D21_034/proj_adags/data/n3v/sear_steak/flow/cam00_0021.npz,2,0.18681080639362335,0.3527402877807617,0.27028608322143555,0.4453514814376831,0.3711787462234497,0.022355658933520317,0.041338421404361725,0.8053989410400391,0.6770829558372498,0.7143161296844482,0.04531529173254967,sear_steak_depth_280_cam00_0021
31,"[384, 144, 480, 240]",0.9774401187896729,1.0,0.9819520950317384,sear_steak,cam00,cam00_0101,101,/leonardo_work/EUHPC_D21_034/proj_adags/repo/adags/refine-logs/depth_occlusion_support/r031_da3_depth_full/depth_npz/sear_steak/cam00_0101.npz,/leonardo_work/EUHPC_D21_034/proj_adags/data/n3v/sear_steak/motion_priors/masks/cam00_0101.png,/leonardo_work/EUHPC_D21_034/proj_adags/data/n3v/sear_steak/flow/cam00_0101.npz,0,0.1678018867969513,0.3802768588066101,0.28803783655166626,0.45494675636291504,0.37910568714141846,0.03168072924017906,0.05007411167025566,0.5413063168525696,0.6794258952140808,0.7340341806411743,0.04169146716594696,sear_steak_depth_281_cam00_0101
48,"[416, 224, 512, 320]",0.9772842526435852,1.0,0.9818274021148683,sear_steak,cam00,cam00_0089,89,/leonardo_work/EUHPC_D21_034/proj_adags/repo/adags/refine-logs/depth_occlusion_support/r031_da3_depth_full/depth_npz/sear_steak/cam00_0089.npz,/leonardo_work/EUHPC_D21_034/proj_adags/data/n3v/sear_steak/motion_priors/masks/cam00_0089.png,/leonardo_work/EUHPC_D21_034/proj_adags/data/n3v/sear_steak/flow/cam00_0089.npz,3,0.18702121078968048,0.33913350105285645,0.2621091902256012,0.46210992336273193,0.3797813057899475,0.03721858561038971,0.04025886207818985,0.7063244581222534,0.6781654357910156,0.7334097623825073,0.045359056442976,sear_steak_depth_282_cam00_0089
39,"[416, 368, 512, 464]",0.977187991142273,1.0,0.9817503929138185,sear_steak,cam00,cam00_0022,22,/leonardo_work/EUHPC_D21_034/proj_adags/repo/adags/refine-logs/depth_occlusion_support/r031_da3_depth_full/depth_npz/sear_steak/cam00_0022.npz,/leonardo_work/EUHPC_D21_034/proj_adags/data/n3v/sear_steak/motion_priors/masks/cam00_0022.png,/leonardo_work/EUHPC_D21_034/proj_adags/data/n3v/sear_steak/flow/cam00_0022.npz,0,0.1935908943414688,0.41957888007164,0.2859272062778473,0.4384361505508423,0.3715569078922272,0.023651132360100746,0.04078405350446701,0.6494491100311279,0.6764585971832275,0.7145583033561707,0.047068845480680466,sear_steak_depth_283_cam00_0022
115,"[208, 224, 304, 320]",0.9768490195274353,1.0,0.9814792156219483,sear_steak,cam00,cam00_0140,140,/leonardo_work/EUHPC_D21_034/proj_adags/repo/adags/refine-logs/depth_occlusion_support/r031_da3_depth_full/depth_npz/sear_steak/cam00_0140.npz,/leonardo_work/EUHPC_D21_034/proj_adags/data/n3v/sear_steak/motion_priors/masks/cam00_0140.png,/leonardo_work/EUHPC_D21_034/proj_adags/data/n3v/sear_steak/flow/cam00_0140.npz,0,0.19148388504981995,0.3014880120754242,0.2926391065120697,0.4907025694847107,0.3733113706111908,0.017030799761414528,0.046318989247083664,0.6303817629814148,0.6801086664199829,0.7418186664581299,0.02784682996571064,sear_steak_depth_284_cam00_0140
16,"[256, 128, 352, 224]",0.9768180847167969,1.0,0.9814544677734376,sear_steak,cam00,cam00_0020,20,/leonardo_work/EUHPC_D21_034/proj_adags/repo/adags/refine-logs/depth_occlusion_support/r031_da3_depth_full/depth_npz/sear_steak/cam00_0020.npz,/leonardo_work/EUHPC_D21_034/proj_adags/data/n3v/sear_steak/motion_priors/masks/cam00_0020.png,/leonardo_work/EUHPC_D21_034/proj_adags/data/n3v/sear_steak/flow/cam00_0020.npz,0,0.1852051466703415,0.34820473194122314,0.2642774283885956,0.45968952775001526,0.36814650893211365,0.02025781013071537,0.035389166325330734,0.8730611801147461,0.6773426532745361,0.7153898477554321,0.04517523944377899,sear_steak_depth_285_cam00_0020
38,"[416, 224, 512, 320]",0.9768022298812866,1.0,0.9814417839050293,sear_steak,cam00,cam00_0090,90,/leonardo_work/EUHPC_D21_034/proj_adags/repo/adags/refine-logs/depth_occlusion_support/r031_da3_depth_full/depth_npz/sear_steak/cam00_0090.npz,/leonardo_work/EUHPC_D21_034/proj_adags/data/n3v/sear_steak/motion_priors/masks/cam00_0090.png,/leonardo_work/EUHPC_D21_034/proj_adags/data/n3v/sear_steak/flow/cam00_0090.npz,0,0.1951419562101364,0.2879156470298767,0.259513258934021,0.4758409857749939,0.3810616433620453,0.03517908975481987,0.04743647947907448,0.7158975601196289,0.6780428886413574,0.7345185279846191,0.0461731031537056,sear_steak_depth_286_cam00_0090
134,"[416, 352, 512, 448]",0.9767544865608215,1.0,0.9814035892486572,sear_steak,cam00,cam00_0032,32,/leonardo_work/EUHPC_D21_034/proj_adags/repo/adags/refine-logs/depth_occlusion_support/r031_da3_depth_full/depth_npz/sear_steak/cam00_0032.npz,/leonardo_work/EUHPC_D21_034/proj_adags/data/n3v/sear_steak/motion_priors/masks/cam00_0032.png,/leonardo_work/EUHPC_D21_034/proj_adags/data/n3v/sear_steak/flow/cam00_0032.npz,3,0.19144997000694275,0.3276047110557556,0.2776096761226654,0.5027502179145813,0.3760506808757782,0.03587350994348526,0.04677123948931694,0.592970609664917,0.6776139736175537,0.7140535712242126,0.059781402349472046,sear_steak_depth_287_cam00_0032
204,"[224, 400, 320, 496]",0.9767230749130249,1.0,0.98137845993042,sear_steak,cam00,cam00_0011,11,/leonardo_work/EUHPC_D21_034/proj_adags/repo/adags/refine-logs/depth_occlusion_support/r031_da3_depth_full/depth_npz/sear_steak/cam00_0011.npz,/leonardo_work/EUHPC_D21_034/proj_adags/data/n3v/sear_steak/motion_priors/masks/cam00_0011.png,/leonardo_work/EUHPC_D21_034/proj_adags/data/n3v/sear_steak/flow/cam00_0011.npz,3,0.19156332314014435,0.47552597522735596,0.2656400799751282,0.4545350968837738,0.3766559660434723,0.03225260600447655,0.04909083619713783,0.7874345183372498,0.6769254207611084,0.7157779335975647,0.048069629818201065,sear_steak_depth_288_cam00_0011
33,"[400, 144, 496, 240]",0.9767007827758789,1.0,0.9813606262207031,sear_steak,cam00,cam00_0082,82,/leonardo_work/EUHPC_D21_034/proj_adags/repo/adags/refine-logs/depth_occlusion_support/r031_da3_depth_full/depth_npz/sear_steak/cam00_0082.npz,/leonardo_work/EUHPC_D21_034/proj_adags/data/n3v/sear_steak/motion_priors/masks/cam00_0082.png,/leonardo_work/EUHPC_D21_034/proj_adags/data/n3v/sear_steak/flow/cam00_0082.npz,0,0.19244544208049774,0.2223142385482788,0.2812158763408661,0.43788695335388184,0.37290510535240173,0.018790191039443016,0.04349754378199577,0.5532807111740112,0.676055908203125,0.7321872711181641,0.04312990978360176,sear_steak_depth_289_cam00_0082
44,"[272, 128, 368, 224]",0.9766992926597595,1.0,0.9813594341278076,sear_steak,cam00,cam00_0207,207,/leonardo_work/EUHPC_D21_034/proj_adags/repo/adags/refine-logs/depth_occlusion_support/r031_da3_depth_full/depth_npz/sear_steak/cam00_0207.npz,/leonardo_work/EUHPC_D21_034/proj_adags/data/n3v/sear_steak/motion_priors/masks/cam00_0207.png,/leonardo_work/EUHPC_D21_034/proj_adags/data/n3v/sear_steak/flow/cam00_0207.npz,0,0.1809336394071579,0.3721666932106018,0.2773835062980652,0.4006127119064331,0.37349796295166016,0.023546094074845314,0.03745492175221443,0.8181348443031311,0.6831752061843872,0.7267019152641296,0.04443121701478958,sear_steak_depth_290_cam00_0207
100,"[288, 128, 384, 224]",0.9766687154769897,1.0,0.9813349723815918,sear_steak,cam00,cam00_0207,207,/leonardo_work/EUHPC_D21_034/proj_adags/repo/adags/refine-logs/depth_occlusion_support/r031_da3_depth_full/depth_npz/sear_steak/cam00_0207.npz,/leonardo_work/EUHPC_D21_034/proj_adags/data/n3v/sear_steak/motion_priors/masks/cam00_0207.png,/leonardo_work/EUHPC_D21_034/proj_adags/data/n3v/sear_steak/flow/cam00_0207.npz,1,0.1809336394071579,0.3721666932106018,0.2773835062980652,0.4006127119064331,0.37349796295166016,0.023546094074845314,0.03745492175221443,0.8181348443031311,0.6831752061843872,0.7267019152641296,0.04443121701478958,sear_steak_depth_291_cam00_0207
25,"[416, 224, 512, 320]",0.9766587615013123,1.0,0.9813270092010498,sear_steak,cam00,cam00_0023,23,/leonardo_work/EUHPC_D21_034/proj_adags/repo/adags/refine-logs/depth_occlusion_support/r031_da3_depth_full/depth_npz/sear_steak/cam00_0023.npz,/leonardo_work/EUHPC_D21_034/proj_adags/data/n3v/sear_steak/motion_priors/masks/cam00_0023.png,/leonardo_work/EUHPC_D21_034/proj_adags/data/n3v/sear_steak/flow/cam00_0023.npz,0,0.1957581788301468,0.30874985456466675,0.2819468080997467,0.4381859302520752,0.3760809004306793,0.025378430262207985,0.0541151687502861,0.6229327917098999,0.6769049763679504,0.7147654891014099,0.04839057847857475,sear_steak_depth_292_cam00_0023
20,"[256, 128, 352, 224]",0.9766525030136108,1.0,0.9813220024108886,sear_steak,cam00,cam00_0108,108,/leonardo_work/EUHPC_D21_034/proj_adags/repo/adags/refine-logs/depth_occlusion_support/r031_da3_depth_full/depth_npz/sear_steak/cam00_0108.npz,/leonardo_work/EUHPC_D21_034/proj_adags/data/n3v/sear_steak/motion_priors/masks/cam00_0108.png,/leonardo_work/EUHPC_D21_034/proj_adags/data/n3v/sear_steak/flow/cam00_0108.npz,0,0.18984518945217133,0.6322229504585266,0.24251040816307068,0.4779391586780548,0.3775719702243805,0.03067411296069622,0.043252453207969666,0.7518994212150574,0.679034948348999,0.7315394878387451,0.048212599009275436,sear_steak_depth_293_cam00_0108
38,"[384, 128, 480, 224]",0.9764671325683594,1.0,0.9811737060546875,sear_steak,cam00,cam00_0023,23,/leonardo_work/EUHPC_D21_034/proj_adags/repo/adags/refine-logs/depth_occlusion_support/r031_da3_depth_full/depth_npz/sear_steak/cam00_0023.npz,/leonardo_work/EUHPC_D21_034/proj_adags/data/n3v/sear_steak/motion_priors/masks/cam00_0023.png,/leonardo_work/EUHPC_D21_034/proj_adags/data/n3v/sear_steak/flow/cam00_0023.npz,1,0.1957581788301468,0.30874985456466675,0.2819468080997467,0.4381859302520752,0.3760809004306793,0.025378430262207985,0.0541151687502861,0.6229327917098999,0.6769049763679504,0.7147654891014099,0.04839057847857475,sear_steak_depth_294_cam00_0023
56,"[208, 208, 304, 304]",0.9763546586036682,1.0,0.9810837268829347,sear_steak,cam00,cam00_0234,234,/leonardo_work/EUHPC_D21_034/proj_adags/repo/adags/refine-logs/depth_occlusion_support/r031_da3_depth_full/depth_npz/sear_steak/cam00_0234.npz,/leonardo_work/EUHPC_D21_034/proj_adags/data/n3v/sear_steak/motion_priors/masks/cam00_0234.png,/leonardo_work/EUHPC_D21_034/proj_adags/data/n3v/sear_steak/flow/cam00_0234.npz,0,0.19273361563682556,0.31687822937965393,0.26655471324920654,0.4762612581253052,0.36917898058891296,0.015662383288145065,0.03696182370185852,0.4761533737182617,0.6825945377349854,0.7214762568473816,0.024786129593849182,sear_steak_depth_295_cam00_0234
129,"[400, 176, 496, 272]",0.9762677550315857,1.0,0.9810142040252685,sear_steak,cam00,cam00_0213,213,/leonardo_work/EUHPC_D21_034/proj_adags/repo/adags/refine-logs/depth_occlusion_support/r031_da3_depth_full/depth_npz/sear_steak/cam00_0213.npz,/leonardo_work/EUHPC_D21_034/proj_adags/data/n3v/sear_steak/motion_priors/masks/cam00_0213.png,/leonardo_work/EUHPC_D21_034/proj_adags/data/n3v/sear_steak/flow/cam00_0213.npz,3,0.19336794316768646,0.353741854429245,0.3078169822692871,0.46216800808906555,0.37065330147743225,0.01791195385158062,0.04083073511719704,0.7241517901420593,0.6831547617912292,0.7247120141983032,0.037691257894039154,sear_steak_depth_296_cam00_0213
84,"[400, 160, 496, 256]",0.9762455224990845,1.0,0.9809964179992676,sear_steak,cam00,cam00_0080,80,/leonardo_work/EUHPC_D21_034/proj_adags/repo/adags/refine-logs/depth_occlusion_support/r031_da3_depth_full/depth_npz/sear_steak/cam00_0080.npz,/leonardo_work/EUHPC_D21_034/proj_adags/data/n3v/sear_steak/motion_priors/masks/cam00_0080.png,/leonardo_work/EUHPC_D21_034/proj_adags/data/n3v/sear_steak/flow/cam00_0080.npz,1,0.188179150223732,0.4699660539627075,0.2792632579803467,0.46619749069213867,0.367820680141449,0.015300584957003593,0.03169240057468414,0.897791862487793,0.6757787466049194,0.7322485446929932,0.03711354732513428,sear_steak_depth_297_cam00_0080
84,"[400, 176, 496, 272]",0.9762455224990845,1.0,0.9809964179992676,sear_steak,cam00,cam00_0080,80,/leonardo_work/EUHPC_D21_034/proj_adags/repo/adags/refine-logs/depth_occlusion_support/r031_da3_depth_full/depth_npz/sear_steak/cam00_0080.npz,/leonardo_work/EUHPC_D21_034/proj_adags/data/n3v/sear_steak/motion_priors/masks/cam00_0080.png,/leonardo_work/EUHPC_D21_034/proj_adags/data/n3v/sear_steak/flow/cam00_0080.npz,2,0.188179150223732,0.4699660539627075,0.2792632579803467,0.46619749069213867,0.367820680141449,0.015300584957003593,0.03169240057468414,0.897791862487793,0.6757787466049194,0.7322485446929932,0.03711354732513428,sear_steak_depth_298_cam00_0080
84,"[400, 192, 496, 288]",0.9762455224990845,1.0,0.9809964179992676,sear_steak,cam00,cam00_0080,80,/leonardo_work/EUHPC_D21_034/proj_adags/repo/adags/refine-logs/depth_occlusion_support/r031_da3_depth_full/depth_npz/sear_steak/cam00_0080.npz,/leonardo_work/EUHPC_D21_034/proj_adags/data/n3v/sear_steak/motion_priors/masks/cam00_0080.png,/leonardo_work/EUHPC_D21_034/proj_adags/data/n3v/sear_steak/flow/cam00_0080.npz,3,0.188179150223732,0.4699660539627075,0.2792632579803467,0.46619749069213867,0.367820680141449,0.015300584957003593,0.03169240057468414,0.897791862487793,0.6757787466049194,0.7322485446929932,0.03711354732513428,sear_steak_depth_299_cam00_0080
104,"[256, 176, 352, 272]",0.9761266112327576,1.0,0.9809012889862061,sear_steak,cam00,cam00_0116,116,/leonardo_work/EUHPC_D21_034/proj_adags/repo/adags/refine-logs/depth_occlusion_support/r031_da3_depth_full/depth_npz/sear_steak/cam00_0116.npz,/leonardo_work/EUHPC_D21_034/proj_adags/data/n3v/sear_steak/motion_priors/masks/cam00_0116.png,/leonardo_work/EUHPC_D21_034/proj_adags/data/n3v/sear_steak/flow/cam00_0116.npz,1,0.18594986200332642,0.2936076521873474,0.2824613153934479,0.49348849058151245,0.3678845465183258,0.016362639144062996,0.025185858830809593,0.8869875073432922,0.6790640950202942,0.7358052134513855,0.044580020010471344,sear_steak_depth_300_cam00_0116
36,"[400, 192, 496, 288]",0.9757041931152344,1.0,0.9805633544921875,sear_steak,cam00,cam00_0023,23,/leonardo_work/EUHPC_D21_034/proj_adags/repo/adags/refine-logs/depth_occlusion_support/r031_da3_depth_full/depth_npz/sear_steak/cam00_0023.npz,/leonardo_work/EUHPC_D21_034/proj_adags/data/n3v/sear_steak/motion_priors/masks/cam00_0023.png,/leonardo_work/EUHPC_D21_034/proj_adags/data/n3v/sear_steak/flow/cam00_0023.npz,2,0.1957581788301468,0.30874985456466675,0.2819468080997467,0.4381859302520752,0.3760809004306793,0.025378430262207985,0.0541151687502861,0.6229327917098999,0.6769049763679504,0.7147654891014099,0.04839057847857475,sear_steak_depth_301_cam00_0023
13,"[384, 128, 480, 224]",0.9756710529327393,1.0,0.9805368423461915,sear_steak,cam00,cam00_0106,106,/leonardo_work/EUHPC_D21_034/proj_adags/repo/adags/refine-logs/depth_occlusion_support/r031_da3_depth_full/depth_npz/sear_steak/cam00_0106.npz,/leonardo_work/EUHPC_D21_034/proj_adags/data/n3v/sear_steak/motion_priors/masks/cam00_0106.png,/leonardo_work/EUHPC_D21_034/proj_adags/data/n3v/sear_steak/flow/cam00_0106.npz,0,0.1900932341814041,0.3207952380180359,0.2468702495098114,0.4834716320037842,0.3782748579978943,0.03247435390949249,0.043415848165750504,0.6584065556526184,0.6798840165138245,0.7320122122764587,0.04674205929040909,sear_steak_depth_302_cam00_0106
51,"[400, 160, 496, 256]",0.975556492805481,1.0,0.9804451942443848,sear_steak,cam00,cam00_0082,82,/leonardo_work/EUHPC_D21_034/proj_adags/repo/adags/refine-logs/depth_occlusion_support/r031_da3_depth_full/depth_npz/sear_steak/cam00_0082.npz,/leonardo_work/EUHPC_D21_034/proj_adags/data/n3v/sear_steak/motion_priors/masks/cam00_0082.png,/leonardo_work/EUHPC_D21_034/proj_adags/data/n3v/sear_steak/flow/cam00_0082.npz,1,0.19244544208049774,0.2223142385482788,0.2812158763408661,0.43788695335388184,0.37290510535240173,0.018790191039443016,0.04349754378199577,0.5532807111740112,0.676055908203125,0.7321872711181641,0.04312990978360176,sear_steak_depth_303_cam00_0082
187,"[384, 384, 480, 480]",0.9754983186721802,1.0,0.9803986549377441,sear_steak,cam00,cam00_0025,25,/leonardo_work/EUHPC_D21_034/proj_adags/repo/adags/refine-logs/depth_occlusion_support/r031_da3_depth_full/depth_npz/sear_steak/cam00_0025.npz,/leonardo_work/EUHPC_D21_034/proj_adags/data/n3v/sear_steak/motion_priors/masks/cam00_0025.png,/leonardo_work/EUHPC_D21_034/proj_adags/data/n3v/sear_steak/flow/cam00_0025.npz,3,0.18930584192276,0.477932333946228,0.2698187232017517,0.4910469055175781,0.37539026141166687,0.029133550822734833,0.04978817328810692,0.7975882291793823,0.6760267615318298,0.7137792706489563,0.052755504846572876,sear_steak_depth_304_cam00_0025
171,"[256, 176, 352, 272]",0.9754737019538879,1.0,0.9803789615631104,sear_steak,cam00,cam00_0029,29,/leonardo_work/EUHPC_D21_034/proj_adags/repo/adags/refine-logs/depth_occlusion_support/r031_da3_depth_full/depth_npz/sear_steak/cam00_0029.npz,/leonardo_work/EUHPC_D21_034/proj_adags/data/n3v/sear_steak/motion_priors/masks/cam00_0029.png,/leonardo_work/EUHPC_D21_034/proj_adags/data/n3v/sear_steak/flow/cam00_0029.npz,1,0.1924293488264084,0.40844571590423584,0.2781572639942169,0.46639013290405273,0.3726668357849121,0.027193259447813034,0.04063524678349495,0.3286357820034027,0.6767591238021851,0.7145145535469055,0.0572429783642292,sear_steak_depth_305_cam00_0029
70,"[208, 400, 304, 496]",0.9753262400627136,1.0,0.980260992050171,sear_steak,cam00,cam00_0102,102,/leonardo_work/EUHPC_D21_034/proj_adags/repo/adags/refine-logs/depth_occlusion_support/r031_da3_depth_full/depth_npz/sear_steak/cam00_0102.npz,/leonardo_work/EUHPC_D21_034/proj_adags/data/n3v/sear_steak/motion_priors/masks/cam00_0102.png,/leonardo_work/EUHPC_D21_034/proj_adags/data/n3v/sear_steak/flow/cam00_0102.npz,0,0.188701331615448,0.5070066452026367,0.25286686420440674,0.4700135588645935,0.37898755073547363,0.03018101677298546,0.05204066261649132,0.5229712724685669,0.6790757775306702,0.7336052656173706,0.043885599821805954,sear_steak_depth_306_cam00_0102
55,"[208, 400, 304, 496]",0.9752991199493408,1.0,0.9802392959594728,sear_steak,cam00,cam00_0006,6,/leonardo_work/EUHPC_D21_034/proj_adags/repo/adags/refine-logs/depth_occlusion_support/r031_da3_depth_full/depth_npz/sear_steak/cam00_0006.npz,/leonardo_work/EUHPC_D21_034/proj_adags/data/n3v/sear_steak/motion_priors/masks/cam00_0006.png,/leonardo_work/EUHPC_D21_034/proj_adags/data/n3v/sear_steak/flow/cam00_0006.npz,0,0.18794137239456177,0.3453119397163391,0.27452269196510315,0.45441827178001404,0.3728799819946289,0.02681395411491394,0.04486887529492378,0.8566985130310059,0.678337574005127,0.7139543294906616,0.04485137015581131,sear_steak_depth_307_cam00_0006
55,"[208, 411, 304, 507]",0.9752991199493408,1.0,0.9802392959594728,sear_steak,cam00,cam00_0006,6,/leonardo_work/EUHPC_D21_034/proj_adags/repo/adags/refine-logs/depth_occlusion_support/r031_da3_depth_full/depth_npz/sear_steak/cam00_0006.npz,/leonardo_work/EUHPC_D21_034/proj_adags/data/n3v/sear_steak/motion_priors/masks/cam00_0006.png,/leonardo_work/EUHPC_D21_034/proj_adags/data/n3v/sear_steak/flow/cam00_0006.npz,1,0.18794137239456177,0.3453119397163391,0.27452269196510315,0.45441827178001404,0.3728799819946289,0.02681395411491394,0.04486887529492378,0.8566985130310059,0.678337574005127,0.7139543294906616,0.04485137015581131,sear_steak_depth_308_cam00_0006
17,"[224, 208, 320, 304]",0.9752678871154785,1.0,0.9802143096923828,sear_steak,cam00,cam00_0187,187,/leonardo_work/EUHPC_D21_034/proj_adags/repo/adags/refine-logs/depth_occlusion_support/r031_da3_depth_full/depth_npz/sear_steak/cam00_0187.npz,/leonardo_work/EUHPC_D21_034/proj_adags/data/n3v/sear_steak/motion_priors/masks/cam00_0187.png,/leonardo_work/EUHPC_D21_034/proj_adags/data/n3v/sear_steak/flow/cam00_0187.npz,3,0.18710026144981384,0.3775039315223694,0.26651832461357117,0.4613620340824127,0.3735889792442322,0.022405261173844337,0.03080541081726551,0.886873722076416,0.6815850138664246,0.7355455756187439,0.03581807389855385,sear_steak_depth_309_cam00_0187
99,"[400, 160, 496, 256]",0.975229799747467,1.0,0.9801838397979736,sear_steak,cam00,cam00_0289,289,/leonardo_work/EUHPC_D21_034/proj_adags/repo/adags/refine-logs/depth_occlusion_support/r031_da3_depth_full/depth_npz/sear_steak/cam00_0289.npz,/leonardo_work/EUHPC_D21_034/proj_adags/data/n3v/sear_steak/motion_priors/masks/cam00_0289.png,/leonardo_work/EUHPC_D21_034/proj_adags/data/n3v/sear_steak/flow/cam00_0289.npz,2,0.16597284376621246,0.46609559655189514,0.272370308637619,0.49926236271858215,0.3662501573562622,0.024716105312108994,0.04205910116434097,0.383384108543396,0.6839017271995544,0.6907817125320435,0.03194916248321533,sear_steak_depth_310_cam00_0289
86,"[192, 368, 288, 464]",0.9750195145606995,1.0,0.9800156116485597,sear_steak,cam00,cam00_0184,184,/leonardo_work/EUHPC_D21_034/proj_adags/repo/adags/refine-logs/depth_occlusion_support/r031_da3_depth_full/depth_npz/sear_steak/cam00_0184.npz,/leonardo_work/EUHPC_D21_034/proj_adags/data/n3v/sear_steak/motion_priors/masks/cam00_0184.png,/leonardo_work/EUHPC_D21_034/proj_adags/data/n3v/sear_steak/flow/cam00_0184.npz,1,0.19429409503936768,0.33510586619377136,0.26271355152130127,0.4908120632171631,0.373105525970459,0.015933731570839882,0.047281842678785324,0.6117870807647705,0.6808059811592102,0.7359540462493896,0.03319503366947174,sear_steak_depth_311_cam00_0184
358,"[208, 368, 304, 464]",0.9748402833938599,1.0,0.9798722267150879,sear_steak,cam00,cam00_0105,105,/leonardo_work/EUHPC_D21_034/proj_adags/repo/adags/refine-logs/depth_occlusion_support/r031_da3_depth_full/depth_npz/sear_steak/cam00_0105.npz,/leonardo_work/EUHPC_D21_034/proj_adags/data/n3v/sear_steak/motion_priors/masks/cam00_0105.png,/leonardo_work/EUHPC_D21_034/proj_adags/data/n3v/sear_steak/flow/cam00_0105.npz,0,0.1847275048494339,0.4481232762336731,0.26852869987487793,0.4585888981819153,0.3806777000427246,0.03205711767077446,0.051442526280879974,0.5571204423904419,0.6786177158355713,0.7331063151359558,0.04456543177366257,sear_steak_depth_312_cam00_0105
204,"[256, 176, 352, 272]",0.9746223092079163,1.0,0.9796978473663331,sear_steak,cam00,cam00_0028,28,/leonardo_work/EUHPC_D21_034/proj_adags/repo/adags/refine-logs/depth_occlusion_support/r031_da3_depth_full/depth_npz/sear_steak/cam00_0028.npz,/leonardo_work/EUHPC_D21_034/proj_adags/data/n3v/sear_steak/motion_priors/masks/cam00_0028.png,/leonardo_work/EUHPC_D21_034/proj_adags/data/n3v/sear_steak/flow/cam00_0028.npz,0,0.1914295256137848,0.39864957332611084,0.3087818920612335,0.4722931683063507,0.3710686266422272,0.022276880219578743,0.039599452167749405,0.828463613986969,0.6769020557403564,0.7154102921485901,0.054281480610370636,sear_steak_depth_313_cam00_0028
25,"[400, 144, 496, 240]",0.9745374917984009,1.0,0.9796299934387207,sear_steak,cam00,cam00_0208,208,/leonardo_work/EUHPC_D21_034/proj_adags/repo/adags/refine-logs/depth_occlusion_support/r031_da3_depth_full/depth_npz/sear_steak/cam00_0208.npz,/leonardo_work/EUHPC_D21_034/proj_adags/data/n3v/sear_steak/motion_priors/masks/cam00_0208.png,/leonardo_work/EUHPC_D21_034/proj_adags/data/n3v/sear_steak/flow/cam00_0208.npz,2,0.19032616913318634,0.26677992939949036,0.2573195695877075,0.4712105691432953,0.3735945522785187,0.024934934452176094,0.03659127280116081,0.38561907410621643,0.6830730438232422,0.7276151776313782,0.04095911607146263,sear_steak_depth_314_cam00_0208
41,"[384, 160, 480, 256]",0.974349856376648,1.0,0.9794798851013184,sear_steak,cam00,cam00_0101,101,/leonardo_work/EUHPC_D21_034/proj_adags/repo/adags/refine-logs/depth_occlusion_support/r031_da3_depth_full/depth_npz/sear_steak/cam00_0101.npz,/leonardo_work/EUHPC_D21_034/proj_adags/data/n3v/sear_steak/motion_priors/masks/cam00_0101.png,/leonardo_work/EUHPC_D21_034/proj_adags/data/n3v/sear_steak/flow/cam00_0101.npz,1,0.1678018867969513,0.3802768588066101,0.28803783655166626,0.45494675636291504,0.37910568714141846,0.03168072924017906,0.05007411167025566,0.5413063168525696,0.6794258952140808,0.7340341806411743,0.04169146716594696,sear_steak_depth_315_cam00_0101
41,"[384, 176, 480, 272]",0.974349856376648,1.0,0.9794798851013184,sear_steak,cam00,cam00_0101,101,/leonardo_work/EUHPC_D21_034/proj_adags/repo/adags/refine-logs/depth_occlusion_support/r031_da3_depth_full/depth_npz/sear_steak/cam00_0101.npz,/leonardo_work/EUHPC_D21_034/proj_adags/data/n3v/sear_steak/motion_priors/masks/cam00_0101.png,/leonardo_work/EUHPC_D21_034/proj_adags/data/n3v/sear_steak/flow/cam00_0101.npz,2,0.1678018867969513,0.3802768588066101,0.28803783655166626,0.45494675636291504,0.37910568714141846,0.03168072924017906,0.05007411167025566,0.5413063168525696,0.6794258952140808,0.7340341806411743,0.04169146716594696,sear_steak_depth_316_cam00_0101
41,"[384, 192, 480, 288]",0.974349856376648,1.0,0.9794798851013184,sear_steak,cam00,cam00_0101,101,/leonardo_work/EUHPC_D21_034/proj_adags/repo/adags/refine-logs/depth_occlusion_support/r031_da3_depth_full/depth_npz/sear_steak/cam00_0101.npz,/leonardo_work/EUHPC_D21_034/proj_adags/data/n3v/sear_steak/motion_priors/masks/cam00_0101.png,/leonardo_work/EUHPC_D21_034/proj_adags/data/n3v/sear_steak/flow/cam00_0101.npz,3,0.1678018867969513,0.3802768588066101,0.28803783655166626,0.45494675636291504,0.37910568714141846,0.03168072924017906,0.05007411167025566,0.5413063168525696,0.6794258952140808,0.7340341806411743,0.04169146716594696,sear_steak_depth_317_cam00_0101
78,"[240, 160, 336, 256]",0.9742439389228821,1.0,0.9793951511383057,sear_steak,cam00,cam00_0009,9,/leonardo_work/EUHPC_D21_034/proj_adags/repo/adags/refine-logs/depth_occlusion_support/r031_da3_depth_full/depth_npz/sear_steak/cam00_0009.npz,/leonardo_work/EUHPC_D21_034/proj_adags/data/n3v/sear_steak/motion_priors/masks/cam00_0009.png,/leonardo_work/EUHPC_D21_034/proj_adags/data/n3v/sear_steak/flow/cam00_0009.npz,0,0.19652330875396729,0.33928123116493225,0.2664721608161926,0.43489524722099304,0.3752376437187195,0.029647070914506912,0.048212599009275436,0.81929612159729,0.6768874526023865,0.7145233154296875,0.04804044961929321,sear_steak_depth_318_cam00_0009
43,"[192, 224, 288, 320]",0.9740918278694153,1.0,0.9792734622955324,sear_steak,cam00,cam00_0234,234,/leonardo_work/EUHPC_D21_034/proj_adags/repo/adags/refine-logs/depth_occlusion_support/r031_da3_depth_full/depth_npz/sear_steak/cam00_0234.npz,/leonardo_work/EUHPC_D21_034/proj_adags/data/n3v/sear_steak/motion_priors/masks/cam00_0234.png,/leonardo_work/EUHPC_D21_034/proj_adags/data/n3v/sear_steak/flow/cam00_0234.npz,1,0.19273361563682556,0.31687822937965393,0.26655471324920654,0.4762612581253052,0.36917898058891296,0.015662383288145065,0.03696182370185852,0.4761533737182617,0.6825945377349854,0.7214762568473816,0.024786129593849182,sear_steak_depth_319_cam00_0234
13,"[208, 208, 304, 304]",0.9739924073219299,1.0,0.979193925857544,sear_steak,cam00,cam00_0216,216,/leonardo_work/EUHPC_D21_034/proj_adags/repo/adags/refine-logs/depth_occlusion_support/r031_da3_depth_full/depth_npz/sear_steak/cam00_0216.npz,/leonardo_work/EUHPC_D21_034/proj_adags/data/n3v/sear_steak/motion_priors/masks/cam00_0216.png,/leonardo_work/EUHPC_D21_034/proj_adags/data/n3v/sear_steak/flow/cam00_0216.npz,0,0.1908402144908905,0.22218731045722961,0.28568094968795776,0.5006492733955383,0.3656012713909149,0.01544938888400793,0.029046017676591873,0.8661928176879883,0.6819730997085571,0.7230343222618103,0.0279343631118536,sear_steak_depth_320_cam00_0216
148,"[256, 160, 352, 256]",0.9738019108772278,1.0,0.9790415287017822,sear_steak,cam00,cam00_0086,86,/leonardo_work/EUHPC_D21_034/proj_adags/repo/adags/refine-logs/depth_occlusion_support/r031_da3_depth_full/depth_npz/sear_steak/cam00_0086.npz,/leonardo_work/EUHPC_D21_034/proj_adags/data/n3v/sear_steak/motion_priors/masks/cam00_0086.png,/leonardo_work/EUHPC_D21_034/proj_adags/data/n3v/sear_steak/flow/cam00_0086.npz,0,0.18844380974769592,0.49817636609077454,0.2467859834432602,0.4777679741382599,0.3774168789386749,0.03230220824480057,0.04131216183304787,0.7096448540687561,0.6765606999397278,0.7326920032501221,0.04999533295631409,sear_steak_depth_321_cam00_0086
53,"[416, 224, 512, 320]",0.9736019968986511,1.0,0.9788815975189209,sear_steak,cam00,cam00_0029,29,/leonardo_work/EUHPC_D21_034/proj_adags/repo/adags/refine-logs/depth_occlusion_support/r031_da3_depth_full/depth_npz/sear_steak/cam00_0029.npz,/leonardo_work/EUHPC_D21_034/proj_adags/data/n3v/sear_steak/motion_priors/masks/cam00_0029.png,/leonardo_work/EUHPC_D21_034/proj_adags/data/n3v/sear_steak/flow/cam00_0029.npz,2,0.1924293488264084,0.40844571590423584,0.2781572639942169,0.46639013290405273,0.3726668357849121,0.027193259447813034,0.04063524678349495,0.3286357820034027,0.6767591238021851,0.7145145535469055,0.0572429783642292,sear_steak_depth_322_cam00_0029
976,"[304, 336, 400, 432]",0.9736015796661377,1.0,0.9788812637329103,sear_steak,cam00,cam00_0231,231,/leonardo_work/EUHPC_D21_034/proj_adags/repo/adags/refine-logs/depth_occlusion_support/r031_da3_depth_full/depth_npz/sear_steak/cam00_0231.npz,/leonardo_work/EUHPC_D21_034/proj_adags/data/n3v/sear_steak/motion_priors/masks/cam00_0231.png,/leonardo_work/EUHPC_D21_034/proj_adags/data/n3v/sear_steak/flow/cam00_0231.npz,2,0.18926623463630676,0.4696192443370819,0.2714674472808838,0.4622328281402588,0.3704589605331421,0.023175543174147606,0.045204415917396545,0.668032169342041,0.6826325058937073,0.7201865911483765,0.034776441752910614,sear_steak_depth_323_cam00_0231
129,"[416, 352, 512, 448]",0.9735895395278931,1.0,0.9788716316223145,sear_steak,cam00,cam00_0006,6,/leonardo_work/EUHPC_D21_034/proj_adags/repo/adags/refine-logs/depth_occlusion_support/r031_da3_depth_full/depth_npz/sear_steak/cam00_0006.npz,/leonardo_work/EUHPC_D21_034/proj_adags/data/n3v/sear_steak/motion_priors/masks/cam00_0006.png,/leonardo_work/EUHPC_D21_034/proj_adags/data/n3v/sear_steak/flow/cam00_0006.npz,2,0.18794137239456177,0.3453119397163391,0.27452269196510315,0.45441827178001404,0.3728799819946289,0.02681395411491394,0.04486887529492378,0.8566985130310059,0.678337574005127,0.7139543294906616,0.04485137015581131,sear_steak_depth_324_cam00_0006
28,"[272, 128, 368, 224]",0.9735720753669739,1.0,0.9788576602935792,sear_steak,cam00,cam00_0190,190,/leonardo_work/EUHPC_D21_034/proj_adags/repo/adags/refine-logs/depth_occlusion_support/r031_da3_depth_full/depth_npz/sear_steak/cam00_0190.npz,/leonardo_work/EUHPC_D21_034/proj_adags/data/n3v/sear_steak/motion_priors/masks/cam00_0190.png,/leonardo_work/EUHPC_D21_034/proj_adags/data/n3v/sear_steak/flow/cam00_0190.npz,0,0.1893555074930191,0.3204026520252228,0.2765263319015503,0.4761219322681427,0.37040427327156067,0.009748141281306744,0.04032888635993004,0.8841397762298584,0.6825507879257202,0.733234703540802,0.033060818910598755,sear_steak_depth_325_cam00_0190
43,"[336, 272, 432, 368]",0.9733914136886597,1.0,0.9787131309509278,sear_steak,cam00,cam00_0290,290,/leonardo_work/EUHPC_D21_034/proj_adags/repo/adags/refine-logs/depth_occlusion_support/r031_da3_depth_full/depth_npz/sear_steak/cam00_0290.npz,/leonardo_work/EUHPC_D21_034/proj_adags/data/n3v/sear_steak/motion_priors/masks/cam00_0290.png,/leonardo_work/EUHPC_D21_034/proj_adags/data/n3v/sear_steak/flow/cam00_0290.npz,1,0.16226688027381897,0.4518485963344574,0.2863852381706238,0.5090646147727966,0.3657778799533844,0.022113488987088203,0.045029353350400925,0.3463551700115204,0.6832773089408875,0.6908050775527954,0.03054865077137947,sear_steak_depth_326_cam00_0290
43,"[352, 272, 448, 368]",0.9733914136886597,1.0,0.9787131309509278,sear_steak,cam00,cam00_0290,290,/leonardo_work/EUHPC_D21_034/proj_adags/repo/adags/refine-logs/depth_occlusion_support/r031_da3_depth_full/depth_npz/sear_steak/cam00_0290.npz,/leonardo_work/EUHPC_D21_034/proj_adags/data/n3v/sear_steak/motion_priors/masks/cam00_0290.png,/leonardo_work/EUHPC_D21_034/proj_adags/data/n3v/sear_steak/flow/cam00_0290.npz,2,0.16226688027381897,0.4518485963344574,0.2863852381706238,0.5090646147727966,0.3657778799533844,0.022113488987088203,0.045029353350400925,0.3463551700115204,0.6832773089408875,0.6908050775527954,0.03054865077137947,sear_steak_depth_327_cam00_0290
43,"[368, 272, 464, 368]",0.9733914136886597,1.0,0.9787131309509278,sear_steak,cam00,cam00_0290,290,/leonardo_work/EUHPC_D21_034/proj_adags/repo/adags/refine-logs/depth_occlusion_support/r031_da3_depth_full/depth_npz/sear_steak/cam00_0290.npz,/leonardo_work/EUHPC_D21_034/proj_adags/data/n3v/sear_steak/motion_priors/masks/cam00_0290.png,/leonardo_work/EUHPC_D21_034/proj_adags/data/n3v/sear_steak/flow/cam00_0290.npz,3,0.16226688027381897,0.4518485963344574,0.2863852381706238,0.5090646147727966,0.3657778799533844,0.022113488987088203,0.045029353350400925,0.3463551700115204,0.6832773089408875,0.6908050775527954,0.03054865077137947,sear_steak_depth_328_cam00_0290
89,"[256, 160, 352, 256]",0.9733602404594421,1.0,0.9786881923675537,sear_steak,cam00,cam00_0116,116,/leonardo_work/EUHPC_D21_034/proj_adags/repo/adags/refine-logs/depth_occlusion_support/r031_da3_depth_full/depth_npz/sear_steak/cam00_0116.npz,/leonardo_work/EUHPC_D21_034/proj_adags/data/n3v/sear_steak/motion_priors/masks/cam00_0116.png,/leonardo_work/EUHPC_D21_034/proj_adags/data/n3v/sear_steak/flow/cam00_0116.npz,2,0.18594986200332642,0.2936076521873474,0.2824613153934479,0.49348849058151245,0.3678845465183258,0.016362639144062996,0.025185858830809593,0.8869875073432922,0.6790640950202942,0.7358052134513855,0.044580020010471344,sear_steak_depth_329_cam00_0116
33,"[256, 128, 352, 224]",0.9732797741889954,1.0,0.9786238193511962,sear_steak,cam00,cam00_0106,106,/leonardo_work/EUHPC_D21_034/proj_adags/repo/adags/refine-logs/depth_occlusion_support/r031_da3_depth_full/depth_npz/sear_steak/cam00_0106.npz,/leonardo_work/EUHPC_D21_034/proj_adags/data/n3v/sear_steak/motion_priors/masks/cam00_0106.png,/leonardo_work/EUHPC_D21_034/proj_adags/data/n3v/sear_steak/flow/cam00_0106.npz,1,0.1900932341814041,0.3207952380180359,0.2468702495098114,0.4834716320037842,0.3782748579978943,0.03247435390949249,0.043415848165750504,0.6584065556526184,0.6798840165138245,0.7320122122764587,0.04674205929040909,sear_steak_depth_330_cam00_0106
106,"[256, 192, 352, 288]",0.973093569278717,1.0,0.9784748554229736,sear_steak,cam00,cam00_0116,116,/leonardo_work/EUHPC_D21_034/proj_adags/repo/adags/refine-logs/depth_occlusion_support/r031_da3_depth_full/depth_npz/sear_steak/cam00_0116.npz,/leonardo_work/EUHPC_D21_034/proj_adags/data/n3v/sear_steak/motion_priors/masks/cam00_0116.png,/leonardo_work/EUHPC_D21_034/proj_adags/data/n3v/sear_steak/flow/cam00_0116.npz,3,0.18594986200332642,0.2936076521873474,0.2824613153934479,0.49348849058151245,0.3678845465183258,0.016362639144062996,0.025185858830809593,0.8869875073432922,0.6790640950202942,0.7358052134513855,0.044580020010471344,sear_steak_depth_331_cam00_0116
30,"[272, 128, 368, 224]",0.9730567336082458,1.0,0.9784453868865968,sear_steak,cam00,cam00_0211,211,/leonardo_work/EUHPC_D21_034/proj_adags/repo/adags/refine-logs/depth_occlusion_support/r031_da3_depth_full/depth_npz/sear_steak/cam00_0211.npz,/leonardo_work/EUHPC_D21_034/proj_adags/data/n3v/sear_steak/motion_priors/masks/cam00_0211.png,/leonardo_work/EUHPC_D21_034/proj_adags/data/n3v/sear_steak/flow/cam00_0211.npz,1,0.19038055837154388,0.49337732791900635,0.27588799595832825,0.454733669757843,0.3723786473274231,0.021512435749173164,0.03298787400126457,0.8831273317337036,0.6824807524681091,0.7265239357948303,0.03693264722824097,sear_steak_depth_332_cam00_0211
23,"[384, 128, 480, 224]",0.9728624820709229,1.0,0.9782899856567384,sear_steak,cam00,cam00_0108,108,/leonardo_work/EUHPC_D21_034/proj_adags/repo/adags/refine-logs/depth_occlusion_support/r031_da3_depth_full/depth_npz/sear_steak/cam00_0108.npz,/leonardo_work/EUHPC_D21_034/proj_adags/data/n3v/sear_steak/motion_priors/masks/cam00_0108.png,/leonardo_work/EUHPC_D21_034/proj_adags/data/n3v/sear_steak/flow/cam00_0108.npz,1,0.18984518945217133,0.6322229504585266,0.24251040816307068,0.4779391586780548,0.3775719702243805,0.03067411296069622,0.043252453207969666,0.7518994212150574,0.679034948348999,0.7315394878387451,0.048212599009275436,sear_steak_depth_333_cam00_0108
116,"[416, 240, 512, 336]",0.9728243350982666,1.0,0.9782594680786134,sear_steak,cam00,cam00_0090,90,/leonardo_work/EUHPC_D21_034/proj_adags/repo/adags/refine-logs/depth_occlusion_support/r031_da3_depth_full/depth_npz/sear_steak/cam00_0090.npz,/leonardo_work/EUHPC_D21_034/proj_adags/data/n3v/sear_steak/motion_priors/masks/cam00_0090.png,/leonardo_work/EUHPC_D21_034/proj_adags/data/n3v/sear_steak/flow/cam00_0090.npz,1,0.1951419562101364,0.2879156470298767,0.259513258934021,0.4758409857749939,0.3810616433620453,0.03517908975481987,0.04743647947907448,0.7158975601196289,0.6780428886413574,0.7345185279846191,0.0461731031537056,sear_steak_depth_334_cam00_0090
791,"[304, 320, 400, 416]",0.9727712273597717,1.0,0.9782169818878175,sear_steak,cam00,cam00_0231,231,/leonardo_work/EUHPC_D21_034/proj_adags/repo/adags/refine-logs/depth_occlusion_support/r031_da3_depth_full/depth_npz/sear_steak/cam00_0231.npz,/leonardo_work/EUHPC_D21_034/proj_adags/data/n3v/sear_steak/motion_priors/masks/cam00_0231.png,/leonardo_work/EUHPC_D21_034/proj_adags/data/n3v/sear_steak/flow/cam00_0231.npz,3,0.18926623463630676,0.4696192443370819,0.2714674472808838,0.4622328281402588,0.3704589605331421,0.023175543174147606,0.045204415917396545,0.668032169342041,0.6826325058937073,0.7201865911483765,0.034776441752910614,sear_steak_depth_335_cam00_0231
8,"[240, 128, 336, 224]",0.9726840853691101,1.0,0.9781472682952881,sear_steak,cam00,cam00_0005,5,/leonardo_work/EUHPC_D21_034/proj_adags/repo/adags/refine-logs/depth_occlusion_support/r031_da3_depth_full/depth_npz/sear_steak/cam00_0005.npz,/leonardo_work/EUHPC_D21_034/proj_adags/data/n3v/sear_steak/motion_priors/masks/cam00_0005.png,/leonardo_work/EUHPC_D21_034/proj_adags/data/n3v/sear_steak/flow/cam00_0005.npz,0,0.187332883477211,0.38716551661491394,0.2732713222503662,0.5041726231575012,0.3728563189506531,0.026828542351722717,0.04292275011539459,0.7103976011276245,0.6783084273338318,0.7143686413764954,0.04023551940917969,sear_steak_depth_336_cam00_0005
130,"[400, 160, 496, 256]",0.9726325869560242,1.0,0.9781060695648194,sear_steak,cam00,cam00_0037,37,/leonardo_work/EUHPC_D21_034/proj_adags/repo/adags/refine-logs/depth_occlusion_support/r031_da3_depth_full/depth_npz/sear_steak/cam00_0037.npz,/leonardo_work/EUHPC_D21_034/proj_adags/data/n3v/sear_steak/motion_priors/masks/cam00_0037.png,/leonardo_work/EUHPC_D21_034/proj_adags/data/n3v/sear_steak/flow/cam00_0037.npz,0,0.18939919769763947,0.4447329342365265,0.276616632938385,0.44631364941596985,0.37076109647750854,0.02375617064535618,0.04082198441028595,0.4512447118759155,0.6777511239051819,0.7166619896888733,0.051956046372652054,sear_steak_depth_337_cam00_0037
48,"[384, 128, 480, 224]",0.9726262092590332,1.0,0.9781009674072265,sear_steak,cam00,cam00_0083,83,/leonardo_work/EUHPC_D21_034/proj_adags/repo/adags/refine-logs/depth_occlusion_support/r031_da3_depth_full/depth_npz/sear_steak/cam00_0083.npz,/leonardo_work/EUHPC_D21_034/proj_adags/data/n3v/sear_steak/motion_priors/masks/cam00_0083.png,/leonardo_work/EUHPC_D21_034/proj_adags/data/n3v/sear_steak/flow/cam00_0083.npz,2,0.1939554363489151,0.32834428548812866,0.2790670394897461,0.44273248314857483,0.3765551745891571,0.020888041704893112,0.05375920608639717,0.7633077502250671,0.6764293909072876,0.7333047389984131,0.048664845526218414,sear_steak_depth_338_cam00_0083
84,"[240, 176, 336, 272]",0.972442090511322,1.0,0.9779536724090576,sear_steak,cam00,cam00_0009,9,/leonardo_work/EUHPC_D21_034/proj_adags/repo/adags/refine-logs/depth_occlusion_support/r031_da3_depth_full/depth_npz/sear_steak/cam00_0009.npz,/leonardo_work/EUHPC_D21_034/proj_adags/data/n3v/sear_steak/motion_priors/masks/cam00_0009.png,/leonardo_work/EUHPC_D21_034/proj_adags/data/n3v/sear_steak/flow/cam00_0009.npz,1,0.19652330875396729,0.33928123116493225,0.2664721608161926,0.43489524722099304,0.3752376437187195,0.029647070914506912,0.048212599009275436,0.81929612159729,0.6768874526023865,0.7145233154296875,0.04804044961929321,sear_steak_depth_339_cam00_0009
18,"[304, 304, 400, 400]",0.9723982214927673,1.0,0.9779185771942138,sear_steak,cam00,cam00_0109,109,/leonardo_work/EUHPC_D21_034/proj_adags/repo/adags/refine-logs/depth_occlusion_support/r031_da3_depth_full/depth_npz/sear_steak/cam00_0109.npz,/leonardo_work/EUHPC_D21_034/proj_adags/data/n3v/sear_steak/motion_priors/masks/cam00_0109.png,/leonardo_work/EUHPC_D21_034/proj_adags/data/n3v/sear_steak/flow/cam00_0109.npz,1,0.19054913520812988,0.3856498897075653,0.24116793274879456,0.4832378029823303,0.3748951256275177,0.027598824352025986,0.038922540843486786,0.768510103225708,0.6788598895072937,0.7325490713119507,0.05042131990194321,sear_steak_depth_340_cam00_0109
101,"[400, 176, 496, 272]",0.9722504019737244,1.0,0.9778003215789794,sear_steak,cam00,cam00_0289,289,/leonardo_work/EUHPC_D21_034/proj_adags/repo/adags/refine-logs/depth_occlusion_support/r031_da3_depth_full/depth_npz/sear_steak/cam00_0289.npz,/leonardo_work/EUHPC_D21_034/proj_adags/data/n3v/sear_steak/motion_priors/masks/cam00_0289.png,/leonardo_work/EUHPC_D21_034/proj_adags/data/n3v/sear_steak/flow/cam00_0289.npz,3,0.16597284376621246,0.46609559655189514,0.272370308637619,0.49926236271858215,0.3662501573562622,0.024716105312108994,0.04205910116434097,0.383384108543396,0.6839017271995544,0.6907817125320435,0.03194916248321533,sear_steak_depth_341_cam00_0289
54,"[192, 240, 288, 336]",0.9722376465797424,1.0,0.977790117263794,sear_steak,cam00,cam00_0100,100,/leonardo_work/EUHPC_D21_034/proj_adags/repo/adags/refine-logs/depth_occlusion_support/r031_da3_depth_full/depth_npz/sear_steak/cam00_0100.npz,/leonardo_work/EUHPC_D21_034/proj_adags/data/n3v/sear_steak/motion_priors/masks/cam00_0100.png,/leonardo_work/EUHPC_D21_034/proj_adags/data/n3v/sear_steak/flow/cam00_0100.npz,0,0.16621939837932587,0.5163527727127075,0.28967687487602234,0.4625867009162903,0.3796265423297882,0.03389820456504822,0.050497181713581085,0.4540311396121979,0.6782559156417847,0.7363216876983643,0.04141136631369591,sear_steak_depth_342_cam00_0100
70,"[416, 224, 512, 320]",0.9722312092781067,1.0,0.9777849674224854,sear_steak,cam00,cam00_0087,87,/leonardo_work/EUHPC_D21_034/proj_adags/repo/adags/refine-logs/depth_occlusion_support/r031_da3_depth_full/depth_npz/sear_steak/cam00_0087.npz,/leonardo_work/EUHPC_D21_034/proj_adags/data/n3v/sear_steak/motion_priors/masks/cam00_0087.png,/leonardo_work/EUHPC_D21_034/proj_adags/data/n3v/sear_steak/flow/cam00_0087.npz,2,0.18795515596866608,0.37748631834983826,0.25682052969932556,0.4695989787578583,0.3816888630390167,0.030770398676395416,0.05643768236041069,0.7192529439926147,0.6768437027931213,0.7335994243621826,0.048615243285894394,sear_steak_depth_343_cam00_0087
30,"[256, 144, 352, 240]",0.972212553024292,1.0,0.9777700424194335,sear_steak,cam00,cam00_0168,168,/leonardo_work/EUHPC_D21_034/proj_adags/repo/adags/refine-logs/depth_occlusion_support/r031_da3_depth_full/depth_npz/sear_steak/cam00_0168.npz,/leonardo_work/EUHPC_D21_034/proj_adags/data/n3v/sear_steak/motion_priors/masks/cam00_0168.png,/leonardo_work/EUHPC_D21_034/proj_adags/data/n3v/sear_steak/flow/cam00_0168.npz,0,0.18398980796337128,0.383574515581131,0.2715962827205658,0.47973188757896423,0.37876826524734497,0.03128683567047119,0.042365461587905884,0.8385064601898193,0.6796680688858032,0.739636242389679,0.04505269601941109,sear_steak_depth_344_cam00_0168
57,"[256, 144, 352, 240]",0.9721702933311462,1.0,0.977736234664917,sear_steak,cam00,cam00_0027,27,/leonardo_work/EUHPC_D21_034/proj_adags/repo/adags/refine-logs/depth_occlusion_support/r031_da3_depth_full/depth_npz/sear_steak/cam00_0027.npz,/leonardo_work/EUHPC_D21_034/proj_adags/data/n3v/sear_steak/motion_priors/masks/cam00_0027.png,/leonardo_work/EUHPC_D21_034/proj_adags/data/n3v/sear_steak/flow/cam00_0027.npz,1,0.19593746960163116,0.4243242144584656,0.28571683168411255,0.4626004099845886,0.3728054165840149,0.025547659024596214,0.041507650166749954,0.8333771228790283,0.6766132116317749,0.714745044708252,0.0504271574318409,sear_steak_depth_345_cam00_0027
186,"[304, 304, 400, 400]",0.9720827341079712,1.0,0.977666187286377,sear_steak,cam00,cam00_0107,107,/leonardo_work/EUHPC_D21_034/proj_adags/repo/adags/refine-logs/depth_occlusion_support/r031_da3_depth_full/depth_npz/sear_steak/cam00_0107.npz,/leonardo_work/EUHPC_D21_034/proj_adags/data/n3v/sear_steak/motion_priors/masks/cam00_0107.png,/leonardo_work/EUHPC_D21_034/proj_adags/data/n3v/sear_steak/flow/cam00_0107.npz,1,0.19048167765140533,0.45040956139564514,0.24946659803390503,0.48103049397468567,0.3815244734287262,0.03212130814790726,0.05416477099061012,0.7727524638175964,0.6782471537590027,0.7331121563911438,0.04689669981598854,sear_steak_depth_346_cam00_0107
118,"[256, 160, 352, 256]",0.9719642996788025,1.0,0.977571439743042,sear_steak,cam00,cam00_0028,28,/leonardo_work/EUHPC_D21_034/proj_adags/repo/adags/refine-logs/depth_occlusion_support/r031_da3_depth_full/depth_npz/sear_steak/cam00_0028.npz,/leonardo_work/EUHPC_D21_034/proj_adags/data/n3v/sear_steak/motion_priors/masks/cam00_0028.png,/leonardo_work/EUHPC_D21_034/proj_adags/data/n3v/sear_steak/flow/cam00_0028.npz,1,0.1914295256137848,0.39864957332611084,0.3087818920612335,0.4722931683063507,0.3710686266422272,0.022276880219578743,0.039599452167749405,0.828463613986969,0.6769020557403564,0.7154102921485901,0.054281480610370636,sear_steak_depth_347_cam00_0028
15,"[432, 368, 528, 464]",0.9717913269996643,1.0,0.9774330615997315,sear_steak,cam00,cam00_0167,167,/leonardo_work/EUHPC_D21_034/proj_adags/repo/adags/refine-logs/depth_occlusion_support/r031_da3_depth_full/depth_npz/sear_steak/cam00_0167.npz,/leonardo_work/EUHPC_D21_034/proj_adags/data/n3v/sear_steak/motion_priors/masks/cam00_0167.png,/leonardo_work/EUHPC_D21_034/proj_adags/data/n3v/sear_steak/flow/cam00_0167.npz,0,0.19060537219047546,0.5561489462852478,0.31182512640953064,0.485661119222641,0.3759603798389435,0.025754816830158234,0.03743741288781166,0.79678875207901,0.6790991425514221,0.7394815683364868,0.03936311602592468,sear_steak_depth_348_cam00_0167
120,"[192, 224, 288, 320]",0.9717418551445007,1.0,0.9773934841156007,sear_steak,cam00,cam00_0294,294,/leonardo_work/EUHPC_D21_034/proj_adags/repo/adags/refine-logs/depth_occlusion_support/r031_da3_depth_full/depth_npz/sear_steak/cam00_0294.npz,/leonardo_work/EUHPC_D21_034/proj_adags/data/n3v/sear_steak/motion_priors/masks/cam00_0294.png,/leonardo_work/EUHPC_D21_034/proj_adags/data/n3v/sear_steak/flow/cam00_0294.npz,0,0.1644953340291977,0.2815752923488617,0.28922411799430847,0.4522905647754669,0.3648626506328583,0.01990184746682644,0.04546992853283882,0.41550248861312866,0.6839863061904907,0.6902827620506287,0.026749763637781143,sear_steak_depth_349_cam00_0294
74,"[256, 160, 352, 256]",0.9716513156890869,1.0,0.9773210525512697,sear_steak,cam00,cam00_0117,117,/leonardo_work/EUHPC_D21_034/proj_adags/repo/adags/refine-logs/depth_occlusion_support/r031_da3_depth_full/depth_npz/sear_steak/cam00_0117.npz,/leonardo_work/EUHPC_D21_034/proj_adags/data/n3v/sear_steak/motion_priors/masks/cam00_0117.png,/leonardo_work/EUHPC_D21_034/proj_adags/data/n3v/sear_steak/flow/cam00_0117.npz,0,0.18659819662570953,0.536309003829956,0.251212477684021,0.48434704542160034,0.36890196800231934,0.012061902321875095,0.034236662089824677,0.88563072681427,0.679026186466217,0.7358810901641846,0.042820628732442856,sear_steak_depth_350_cam00_0117
74,"[256, 176, 352, 272]",0.9716513156890869,1.0,0.9773210525512697,sear_steak,cam00,cam00_0117,117,/leonardo_work/EUHPC_D21_034/proj_adags/repo/adags/refine-logs/depth_occlusion_support/r031_da3_depth_full/depth_npz/sear_steak/cam00_0117.npz,/leonardo_work/EUHPC_D21_034/proj_adags/data/n3v/sear_steak/motion_priors/masks/cam00_0117.png,/leonardo_work/EUHPC_D21_034/proj_adags/data/n3v/sear_steak/flow/cam00_0117.npz,1,0.18659819662570953,0.536309003829956,0.251212477684021,0.48434704542160034,0.36890196800231934,0.012061902321875095,0.034236662089824677,0.88563072681427,0.679026186466217,0.7358810901641846,0.042820628732442856,sear_steak_depth_351_cam00_0117
148,"[416, 352, 512, 448]",0.9716325998306274,1.0,0.9773060798645019,sear_steak,cam00,cam00_0086,86,/leonardo_work/EUHPC_D21_034/proj_adags/repo/adags/refine-logs/depth_occlusion_support/r031_da3_depth_full/depth_npz/sear_steak/cam00_0086.npz,/leonardo_work/EUHPC_D21_034/proj_adags/data/n3v/sear_steak/motion_priors/masks/cam00_0086.png,/leonardo_work/EUHPC_D21_034/proj_adags/data/n3v/sear_steak/flow/cam00_0086.npz,1,0.18844380974769592,0.49817636609077454,0.2467859834432602,0.4777679741382599,0.3774168789386749,0.03230220824480057,0.04131216183304787,0.7096448540687561,0.6765606999397278,0.7326920032501221,0.04999533295631409,sear_steak_depth_352_cam00_0086
235,"[256, 176, 352, 272]",0.9715409874916077,1.0,0.9772327899932862,sear_steak,cam00,cam00_0027,27,/leonardo_work/EUHPC_D21_034/proj_adags/repo/adags/refine-logs/depth_occlusion_support/r031_da3_depth_full/depth_npz/sear_steak/cam00_0027.npz,/leonardo_work/EUHPC_D21_034/proj_adags/data/n3v/sear_steak/motion_priors/masks/cam00_0027.png,/leonardo_work/EUHPC_D21_034/proj_adags/data/n3v/sear_steak/flow/cam00_0027.npz,2,0.19593746960163116,0.4243242144584656,0.28571683168411255,0.4626004099845886,0.3728054165840149,0.025547659024596214,0.041507650166749954,0.8333771228790283,0.6766132116317749,0.714745044708252,0.0504271574318409,sear_steak_depth_353_cam00_0027
34,"[224, 192, 320, 288]",0.9715175628662109,1.0,0.9772140502929687,sear_steak,cam00,cam00_0097,97,/leonardo_work/EUHPC_D21_034/proj_adags/repo/adags/refine-logs/depth_occlusion_support/r031_da3_depth_full/depth_npz/sear_steak/cam00_0097.npz,/leonardo_work/EUHPC_D21_034/proj_adags/data/n3v/sear_steak/motion_priors/masks/cam00_0097.png,/leonardo_work/EUHPC_D21_034/proj_adags/data/n3v/sear_steak/flow/cam00_0097.npz,3,0.19494828581809998,0.5314400792121887,0.26896244287490845,0.5069765448570251,0.377387672662735,0.024847403168678284,0.054138511419296265,0.7896665334701538,0.677789032459259,0.7340896129608154,0.04597178101539612,sear_steak_depth_354_cam00_0097
46,"[240, 144, 336, 240]",0.9714058041572571,1.0,0.9771246433258056,sear_steak,cam00,cam00_0009,9,/leonardo_work/EUHPC_D21_034/proj_adags/repo/adags/refine-logs/depth_occlusion_support/r031_da3_depth_full/depth_npz/sear_steak/cam00_0009.npz,/leonardo_work/EUHPC_D21_034/proj_adags/data/n3v/sear_steak/motion_priors/masks/cam00_0009.png,/leonardo_work/EUHPC_D21_034/proj_adags/data/n3v/sear_steak/flow/cam00_0009.npz,2,0.19652330875396729,0.33928123116493225,0.2664721608161926,0.43489524722099304,0.3752376437187195,0.029647070914506912,0.048212599009275436,0.81929612159729,0.6768874526023865,0.7145233154296875,0.04804044961929321,sear_steak_depth_355_cam00_0009
118,"[192, 256, 288, 352]",0.9713914394378662,1.0,0.9771131515502931,sear_steak,cam00,cam00_0100,100,/leonardo_work/EUHPC_D21_034/proj_adags/repo/adags/refine-logs/depth_occlusion_support/r031_da3_depth_full/depth_npz/sear_steak/cam00_0100.npz,/leonardo_work/EUHPC_D21_034/proj_adags/data/n3v/sear_steak/motion_priors/masks/cam00_0100.png,/leonardo_work/EUHPC_D21_034/proj_adags/data/n3v/sear_steak/flow/cam00_0100.npz,1,0.16621939837932587,0.5163527727127075,0.28967687487602234,0.4625867009162903,0.3796265423297882,0.03389820456504822,0.050497181713581085,0.4540311396121979,0.6782559156417847,0.7363216876983643,0.04141136631369591,sear_steak_depth_356_cam00_0100
79,"[256, 176, 352, 272]",0.9713912010192871,1.0,0.9771129608154296,sear_steak,cam00,cam00_0207,207,/leonardo_work/EUHPC_D21_034/proj_adags/repo/adags/refine-logs/depth_occlusion_support/r031_da3_depth_full/depth_npz/sear_steak/cam00_0207.npz,/leonardo_work/EUHPC_D21_034/proj_adags/data/n3v/sear_steak/motion_priors/masks/cam00_0207.png,/leonardo_work/EUHPC_D21_034/proj_adags/data/n3v/sear_steak/flow/cam00_0207.npz,2,0.1809336394071579,0.3721666932106018,0.2773835062980652,0.4006127119064331,0.37349796295166016,0.023546094074845314,0.03745492175221443,0.8181348443031311,0.6831752061843872,0.7267019152641296,0.04443121701478958,sear_steak_depth_357_cam00_0207
66,"[400, 144, 496, 240]",0.9712312817573547,1.0,0.9769850254058838,sear_steak,cam00,cam00_0037,37,/leonardo_work/EUHPC_D21_034/proj_adags/repo/adags/refine-logs/depth_occlusion_support/r031_da3_depth_full/depth_npz/sear_steak/cam00_0037.npz,/leonardo_work/EUHPC_D21_034/proj_adags/data/n3v/sear_steak/motion_priors/masks/cam00_0037.png,/leonardo_work/EUHPC_D21_034/proj_adags/data/n3v/sear_steak/flow/cam00_0037.npz,1,0.18939919769763947,0.4447329342365265,0.276616632938385,0.44631364941596985,0.37076109647750854,0.02375617064535618,0.04082198441028595,0.4512447118759155,0.6777511239051819,0.7166619896888733,0.051956046372652054,sear_steak_depth_358_cam00_0037
298,"[256, 176, 352, 272]",0.97115159034729,1.0,0.976921272277832,sear_steak,cam00,cam00_0087,87,/leonardo_work/EUHPC_D21_034/proj_adags/repo/adags/refine-logs/depth_occlusion_support/r031_da3_depth_full/depth_npz/sear_steak/cam00_0087.npz,/leonardo_work/EUHPC_D21_034/proj_adags/data/n3v/sear_steak/motion_priors/masks/cam00_0087.png,/leonardo_work/EUHPC_D21_034/proj_adags/data/n3v/sear_steak/flow/cam00_0087.npz,3,0.18795515596866608,0.37748631834983826,0.25682052969932556,0.4695989787578583,0.3816888630390167,0.030770398676395416,0.05643768236041069,0.7192529439926147,0.6768437027931213,0.7335994243621826,0.048615243285894394,sear_steak_depth_359_cam00_0087
488,"[224, 384, 320, 480]",0.9710825085639954,1.0,0.9768660068511963,sear_steak,cam00,cam00_0292,292,/leonardo_work/EUHPC_D21_034/proj_adags/repo/adags/refine-logs/depth_occlusion_support/r031_da3_depth_full/depth_npz/sear_steak/cam00_0292.npz,/leonardo_work/EUHPC_D21_034/proj_adags/data/n3v/sear_steak/motion_priors/masks/cam00_0292.png,/leonardo_work/EUHPC_D21_034/proj_adags/data/n3v/sear_steak/flow/cam00_0292.npz,1,0.1654047816991806,0.329397588968277,0.29414957761764526,0.4714842438697815,0.3633686304092407,0.020567091181874275,0.04114001616835594,0.43840667605400085,0.6836887001991272,0.690026044845581,0.029752109199762344,sear_steak_depth_360_cam00_0292
